corpus,sentence_id,pair_a,pair_b,gold_label,predicted_label,stage,endpoint_visibility,application_status,reason_code,proposal_count,pattern_keys,trigger_lemmas,realization_channels,assertion_statuses,projection_modes,proposal_refs,event_refs,projection_plan_refs
hprd50,HPRD50.d0.s0,0,1,negative,negative,pair_not_proposed,same_event_no_pair,not_generated,pair_not_proposed,0,,,,,,,stanza_craft+coref_0ee2a7ad_0,HPRD50.d0.s0:stanza_craft+coref_0ee2a7ad_0:projection-plan
hprd50,HPRD50.d0.s0,0,2,negative,negative,pair_not_proposed,same_event_no_pair,not_generated,pair_not_proposed,0,,,,,,,stanza_craft+coref_0ee2a7ad_0,HPRD50.d0.s0:stanza_craft+coref_0ee2a7ad_0:projection-plan
hprd50,HPRD50.d0.s0,1,2,negative,negative,pair_not_proposed,same_event_no_pair,not_generated,pair_not_proposed,0,,,,,,,stanza_craft+coref_0ee2a7ad_0,HPRD50.d0.s0:stanza_craft+coref_0ee2a7ad_0:projection-plan
hprd50,HPRD50.d1.s0,0,1,positive,positive,emitted,pair_candidate_exists,applied,emitted,1,structural|AB|contact|_|verbal,contact,clause,asserted,directed,stanza_craft+coref_906f1534_0:rel:0,stanza_craft+coref_906f1534_0|stanza_craft+coref_906f1534_1,HPRD50.d1.s0:stanza_craft+coref_906f1534_0:projection-plan|HPRD50.d1.s0:stanza_craft+coref_906f1534_1:projection-plan
hprd50,HPRD50.d1.s2,0,1,positive,positive,emitted,pair_candidate_exists,applied,emitted,1,structural|AB|bind|_|verbal,bind,clause,asserted,directed,stanza_craft+coref_5b3dad8d_0:rel:0,stanza_craft+coref_5b3dad8d_0,HPRD50.d1.s2:stanza_craft+coref_5b3dad8d_0:projection-plan
hprd50,HPRD50.d1.s3,0,1,positive,negative,argument_not_bound,separate_events,not_generated,argument_not_bound,0,,,,,,,stanza_craft+coref_28739dcb_0|stanza_craft+coref_28739dcb_1|stanza_craft+coref_28739dcb_2,HPRD50.d1.s3:stanza_craft+coref_28739dcb_0:projection-plan|HPRD50.d1.s3:stanza_craft+coref_28739dcb_1:projection-plan|HPRD50.d1.s3:stanza_craft+coref_28739dcb_2:projection-plan
hprd50,HPRD50.d10.s0,0,1,positive,negative,argument_not_bound,separate_events,not_generated,argument_not_bound,0,,,,,,,stanza_craft+coref_3e060198_0|stanza_craft+coref_3e060198_1|stanza_craft+coref_3e060198_2,HPRD50.d10.s0:stanza_craft+coref_3e060198_0:projection-plan|HPRD50.d10.s0:stanza_craft+coref_3e060198_1:projection-plan|HPRD50.d10.s0:stanza_craft+coref_3e060198_2:projection-plan
hprd50,HPRD50.d10.s0,0,2,positive,negative,argument_not_bound,separate_events,not_generated,argument_not_bound,0,,,,,,,stanza_craft+coref_3e060198_0|stanza_craft+coref_3e060198_1|stanza_craft+coref_3e060198_2,HPRD50.d10.s0:stanza_craft+coref_3e060198_0:projection-plan|HPRD50.d10.s0:stanza_craft+coref_3e060198_1:projection-plan|HPRD50.d10.s0:stanza_craft+coref_3e060198_2:projection-plan
hprd50,HPRD50.d10.s0,1,2,negative,negative,relational_review_only,pair_candidate_exists,review_only,relational_review_only,2,relational|RELATIONAL|is-a|_|verbal,,appositive,asserted,relational,stanza_craft+coref_3e060198_1:rel:0|stanza_craft+coref_3e060198_2:rel:0,stanza_craft+coref_3e060198_1|stanza_craft+coref_3e060198_2,HPRD50.d10.s0:stanza_craft+coref_3e060198_1:projection-plan|HPRD50.d10.s0:stanza_craft+coref_3e060198_2:projection-plan
hprd50,HPRD50.d10.s1,1,2,negative,negative,relational_review_only,pair_candidate_exists,review_only,relational_review_only,1,relational|RELATIONAL|is-a|_|verbal,,appositive,asserted,relational,stanza_craft+coref_6b7ade58_1:rel:0,stanza_craft+coref_6b7ade58_1,HPRD50.d10.s1:stanza_craft+coref_6b7ade58_1:projection-plan
hprd50,HPRD50.d10.s2,0,1,positive,positive,emitted,pair_candidate_exists,applied,emitted,1,structural|AB|support|_|verbal,support,clause,asserted,directed,stanza_craft+coref_b046a2f9_1:rel:0,stanza_craft+coref_b046a2f9_0|stanza_craft+coref_b046a2f9_1,HPRD50.d10.s2:stanza_craft+coref_b046a2f9_0:projection-plan|HPRD50.d10.s2:stanza_craft+coref_b046a2f9_1:projection-plan
hprd50,HPRD50.d10.s3,0,1,positive,positive,emitted,pair_candidate_exists,applied,emitted,1,structural|AB|bind|_|verbal,bind,clause,asserted,directed,stanza_craft+coref_9687edcd_0:rel:0,stanza_craft+coref_9687edcd_0|stanza_craft+coref_9687edcd_1,HPRD50.d10.s3:stanza_craft+coref_9687edcd_0:projection-plan|HPRD50.d10.s3:stanza_craft+coref_9687edcd_1:projection-plan
hprd50,HPRD50.d10.s4,0,1,positive,negative,pair_not_proposed,same_event_no_pair,not_generated,pair_not_proposed,0,,,,,,,stanza_craft+coref_341c2f83_0,HPRD50.d10.s4:stanza_craft+coref_341c2f83_0:projection-plan
hprd50,HPRD50.d11.s0,0,1,positive,positive,emitted,pair_candidate_exists,applied,emitted,1,structural|AA|interact|between|nominalized,interact,event_nominal,asserted,undirected,stanza_craft+coref_afa6f590_1:rel:0,stanza_craft+coref_afa6f590_0|stanza_craft+coref_afa6f590_1|stanza_craft+coref_afa6f590_2,HPRD50.d11.s0:stanza_craft+coref_afa6f590_0:projection-plan|HPRD50.d11.s0:stanza_craft+coref_afa6f590_1:projection-plan|HPRD50.d11.s0:stanza_craft+coref_afa6f590_2:projection-plan
hprd50,HPRD50.d11.s0,0,2,positive,positive,emitted,pair_candidate_exists,applied,emitted,1,structural|AB|activate|_|verbal,activate,clause,asserted,directed,stanza_craft+coref_afa6f590_0:rel:0,stanza_craft+coref_afa6f590_0|stanza_craft+coref_afa6f590_1,HPRD50.d11.s0:stanza_craft+coref_afa6f590_0:projection-plan|HPRD50.d11.s0:stanza_craft+coref_afa6f590_1:projection-plan
hprd50,HPRD50.d11.s0,1,2,positive,positive,emitted,pair_candidate_exists,applied,emitted,1,structural|AB|activate|_|verbal,activate,clause,asserted,directed,stanza_craft+coref_afa6f590_0:rel:1,stanza_craft+coref_afa6f590_0|stanza_craft+coref_afa6f590_1|stanza_craft+coref_afa6f590_2,HPRD50.d11.s0:stanza_craft+coref_afa6f590_0:projection-plan|HPRD50.d11.s0:stanza_craft+coref_afa6f590_1:projection-plan|HPRD50.d11.s0:stanza_craft+coref_afa6f590_2:projection-plan
hprd50,HPRD50.d11.s1,0,1,positive,positive,emitted,pair_candidate_exists,applied,emitted,1,structural|AB|provide|_|verbal,provide,clause,asserted,directed,stanza_craft+coref_b63a4bd6_1:rel:0,stanza_craft+coref_b63a4bd6_1|stanza_craft+coref_b63a4bd6_2|stanza_craft+coref_b63a4bd6_3|stanza_craft+coref_b63a4bd6_4,HPRD50.d11.s1:stanza_craft+coref_b63a4bd6_1:projection-plan|HPRD50.d11.s1:stanza_craft+coref_b63a4bd6_2:projection-plan|HPRD50.d11.s1:stanza_craft+coref_b63a4bd6_3:projection-plan|HPRD50.d11.s1:stanza_craft+coref_b63a4bd6_4:projection-plan
hprd50,HPRD50.d12.s0,0,1,positive,negative,argument_not_bound,separate_events,not_generated,argument_not_bound,0,,,,,,,stanza_craft+coref_d28c8b99_0|stanza_craft+coref_d28c8b99_1|stanza_craft+coref_d28c8b99_2,HPRD50.d12.s0:stanza_craft+coref_d28c8b99_0:projection-plan|HPRD50.d12.s0:stanza_craft+coref_d28c8b99_1:projection-plan|HPRD50.d12.s0:stanza_craft+coref_d28c8b99_2:projection-plan
hprd50,HPRD50.d12.s1,0,1,positive,positive,emitted,pair_candidate_exists,applied,emitted,1,structural|AB|associate|with|nominalized,associate,clause,asserted,directed,stanza_craft+coref_6c2e98ae_0:rel:0,stanza_craft+coref_6c2e98ae_0,HPRD50.d12.s1:stanza_craft+coref_6c2e98ae_0:projection-plan
hprd50,HPRD50.d12.s1,1,2,positive,negative,argument_not_bound,separate_events,not_generated,argument_not_bound,0,,,,,,,stanza_craft+coref_6c2e98ae_0|stanza_craft+coref_6c2e98ae_3,HPRD50.d12.s1:stanza_craft+coref_6c2e98ae_0:projection-plan|HPRD50.d12.s1:stanza_craft+coref_6c2e98ae_3:projection-plan
hprd50,HPRD50.d13.s0,0,1,positive,positive,emitted,pair_candidate_exists,applied,emitted,1,structural|AA|colocalization|between|nominalized,colocalization,clause,asserted,undirected,stanza_craft+coref_6a30c3fe_0:rel:0,stanza_craft+coref_6a30c3fe_0,HPRD50.d13.s0:stanza_craft+coref_6a30c3fe_0:projection-plan
hprd50,HPRD50.d13.s1,0,1,positive,positive,emitted,pair_candidate_exists,applied,emitted,1,structural|AB|result|in|verbal,result,clause,asserted,directed,stanza_craft+coref_936b9c3e_0:rel:0,stanza_craft+coref_936b9c3e_0|stanza_craft+coref_936b9c3e_1,HPRD50.d13.s1:stanza_craft+coref_936b9c3e_0:projection-plan|HPRD50.d13.s1:stanza_craft+coref_936b9c3e_1:projection-plan
hprd50,HPRD50.d13.s1,2,3,negative,negative,pair_not_proposed,same_event_no_pair,not_generated,pair_not_proposed,0,,,,,,,stanza_craft+coref_936b9c3e_2,HPRD50.d13.s1:stanza_craft+coref_936b9c3e_2:projection-plan
hprd50,HPRD50.d13.s2,0,1,positive,negative,relational_review_only,pair_candidate_exists,review_only,relational_review_only,1,relational|RELATIONAL|adapter|_|nominalized,adapter,clause,asserted,relational,stanza_craft+coref_006fa872_2:rel:0,stanza_craft+coref_006fa872_2,HPRD50.d13.s2:stanza_craft+coref_006fa872_2:projection-plan
hprd50,HPRD50.d14.s1,0,1,positive,positive,emitted,pair_candidate_exists,applied,emitted,1,structural|AA|interact|_|verbal,interact,clause,asserted,undirected,stanza_craft+coref_fb7abc52_0:rel:0,stanza_craft+coref_fb7abc52_0,HPRD50.d14.s1:stanza_craft+coref_fb7abc52_0:projection-plan
hprd50,HPRD50.d15.s0,0,1,positive,positive,emitted,pair_candidate_exists,applied,emitted,1,structural|AB|associate|with|nominalized,associate,event_nominal,asserted,directed,stanza_craft+coref_543f269c_1:rel:0,stanza_craft+coref_543f269c_1,HPRD50.d15.s0:stanza_craft+coref_543f269c_1:projection-plan
hprd50,HPRD50.d15.s1,0,1,positive,negative,argument_not_bound,separate_events,not_generated,argument_not_bound,0,,,,,,,stanza_craft+coref_f2f51704_0|stanza_craft+coref_f2f51704_1|stanza_craft+coref_f2f51704_2,HPRD50.d15.s1:stanza_craft+coref_f2f51704_0:projection-plan|HPRD50.d15.s1:stanza_craft+coref_f2f51704_1:projection-plan|HPRD50.d15.s1:stanza_craft+coref_f2f51704_2:projection-plan
hprd50,HPRD50.d15.s2,0,1,positive,negative,pair_not_proposed,same_event_no_pair,not_generated,pair_not_proposed,0,,,,,,,stanza_craft+coref_f599cdf0_0,HPRD50.d15.s2:stanza_craft+coref_f599cdf0_0:projection-plan
hprd50,HPRD50.d15.s2,0,2,negative,positive,emitted_gold_disagreement,pair_candidate_exists,applied,emitted_gold_disagreement,1,structural|AB|coprecipitate|_|passive,coprecipitate,clause,asserted,directed,stanza_craft+coref_f599cdf0_0:rel:0,stanza_craft+coref_f599cdf0_0,HPRD50.d15.s2:stanza_craft+coref_f599cdf0_0:projection-plan
hprd50,HPRD50.d15.s2,1,2,negative,positive,emitted_gold_disagreement,pair_candidate_exists,applied,emitted_gold_disagreement,1,structural|AB|coprecipitate|with|passive,coprecipitate,clause,asserted,directed,stanza_craft+coref_f599cdf0_0:rel:1,stanza_craft+coref_f599cdf0_0,HPRD50.d15.s2:stanza_craft+coref_f599cdf0_0:projection-plan
hprd50,HPRD50.d15.s3,0,1,positive,positive,emitted,pair_candidate_exists,applied,emitted,1,structural|AB|immunoprecipitate|_|passive,immunoprecipitate,clause,asserted,directed,stanza_craft+coref_9862b416_0:rel:0,stanza_craft+coref_9862b416_0,HPRD50.d15.s3:stanza_craft+coref_9862b416_0:projection-plan
hprd50,HPRD50.d15.s4,0,1,positive,positive,emitted,pair_candidate_exists,applied,emitted,1,structural|AB|associate|with|passive,associate,clause,asserted,directed,stanza_craft+coref_63266574_0:rel:0,stanza_craft+coref_63266574_0,HPRD50.d15.s4:stanza_craft+coref_63266574_0:projection-plan
hprd50,HPRD50.d16.s0,0,1,negative,negative,pair_not_proposed,same_event_no_pair,not_generated,pair_not_proposed,0,,,,,,,stanza_craft+coref_a1c19ce6_1,HPRD50.d16.s0:stanza_craft+coref_a1c19ce6_1:projection-plan
hprd50,HPRD50.d16.s0,0,2,positive,negative,relational_review_only,pair_candidate_exists,review_only,relational_review_only,1,relational|RELATIONAL|inhibitor|_|nominalized,inhibitor,clause,asserted,relational,stanza_craft+coref_a1c19ce6_1:rel:0,stanza_craft+coref_a1c19ce6_1,HPRD50.d16.s0:stanza_craft+coref_a1c19ce6_1:projection-plan
hprd50,HPRD50.d16.s0,1,2,positive,negative,relational_review_only,pair_candidate_exists,review_only,relational_review_only,1,relational|RELATIONAL|inhibitor|_|nominalized,inhibitor,clause,asserted,relational,stanza_craft+coref_a1c19ce6_1:rel:1,stanza_craft+coref_a1c19ce6_1,HPRD50.d16.s0:stanza_craft+coref_a1c19ce6_1:projection-plan
hprd50,HPRD50.d16.s1,0,1,negative,negative,relational_review_only,pair_candidate_exists,review_only,relational_review_only,1,relational|RELATIONAL|is-a|_|verbal,,appositive,asserted,relational,stanza_craft+coref_9db4b2d4_2:rel:0,stanza_craft+coref_9db4b2d4_0|stanza_craft+coref_9db4b2d4_2,HPRD50.d16.s1:stanza_craft+coref_9db4b2d4_0:projection-plan|HPRD50.d16.s1:stanza_craft+coref_9db4b2d4_2:projection-plan
hprd50,HPRD50.d16.s1,0,2,negative,negative,pair_not_proposed,same_event_no_pair,not_generated,pair_not_proposed,0,,,,,,,stanza_craft+coref_9db4b2d4_0|stanza_craft+coref_9db4b2d4_2|stanza_craft+coref_9db4b2d4_3,HPRD50.d16.s1:stanza_craft+coref_9db4b2d4_0:projection-plan|HPRD50.d16.s1:stanza_craft+coref_9db4b2d4_2:projection-plan|HPRD50.d16.s1:stanza_craft+coref_9db4b2d4_3:projection-plan
hprd50,HPRD50.d16.s1,0,4,negative,negative,pair_not_proposed,same_event_no_pair,not_generated,pair_not_proposed,0,,,,,,,stanza_craft+coref_9db4b2d4_0|stanza_craft+coref_9db4b2d4_2|stanza_craft+coref_9db4b2d4_4,HPRD50.d16.s1:stanza_craft+coref_9db4b2d4_0:projection-plan|HPRD50.d16.s1:stanza_craft+coref_9db4b2d4_2:projection-plan|HPRD50.d16.s1:stanza_craft+coref_9db4b2d4_4:projection-plan
hprd50,HPRD50.d16.s1,2,3,negative,negative,relational_review_only,pair_candidate_exists,review_only,relational_review_only,1,relational|RELATIONAL|is-a|_|verbal,,appositive,asserted,relational,stanza_craft+coref_9db4b2d4_3:rel:0,stanza_craft+coref_9db4b2d4_0|stanza_craft+coref_9db4b2d4_3,HPRD50.d16.s1:stanza_craft+coref_9db4b2d4_0:projection-plan|HPRD50.d16.s1:stanza_craft+coref_9db4b2d4_3:projection-plan
hprd50,HPRD50.d16.s1,2,4,negative,negative,pair_not_proposed,same_event_no_pair,not_generated,pair_not_proposed,0,,,,,,,stanza_craft+coref_9db4b2d4_0|stanza_craft+coref_9db4b2d4_3|stanza_craft+coref_9db4b2d4_4,HPRD50.d16.s1:stanza_craft+coref_9db4b2d4_0:projection-plan|HPRD50.d16.s1:stanza_craft+coref_9db4b2d4_3:projection-plan|HPRD50.d16.s1:stanza_craft+coref_9db4b2d4_4:projection-plan
hprd50,HPRD50.d16.s1,4,5,negative,negative,relational_review_only,pair_candidate_exists,review_only,relational_review_only,1,relational|RELATIONAL|is-a|_|verbal,,appositive,asserted,relational,stanza_craft+coref_9db4b2d4_4:rel:0,stanza_craft+coref_9db4b2d4_0|stanza_craft+coref_9db4b2d4_4,HPRD50.d16.s1:stanza_craft+coref_9db4b2d4_0:projection-plan|HPRD50.d16.s1:stanza_craft+coref_9db4b2d4_4:projection-plan
hprd50,HPRD50.d16.s2,0,1,positive,negative,pair_not_proposed,same_event_no_pair,not_generated,pair_not_proposed,0,,,,,,,stanza_craft+coref_558ded17_0,HPRD50.d16.s2:stanza_craft+coref_558ded17_0:projection-plan
hprd50,HPRD50.d16.s3,0,1,negative,negative,pair_not_proposed,same_event_no_pair,not_generated,pair_not_proposed,0,,,,,,,stanza_craft+coref_42f9109e_0|stanza_craft+coref_42f9109e_1,HPRD50.d16.s3:stanza_craft+coref_42f9109e_0:projection-plan|HPRD50.d16.s3:stanza_craft+coref_42f9109e_1:projection-plan
hprd50,HPRD50.d16.s3,0,2,positive,negative,argument_not_bound,one_endpoint,not_generated,argument_not_bound,0,,,,,,,stanza_craft+coref_42f9109e_0|stanza_craft+coref_42f9109e_1,HPRD50.d16.s3:stanza_craft+coref_42f9109e_0:projection-plan|HPRD50.d16.s3:stanza_craft+coref_42f9109e_1:projection-plan
hprd50,HPRD50.d16.s3,1,2,positive,negative,argument_not_bound,one_endpoint,not_generated,argument_not_bound,0,,,,,,,stanza_craft+coref_42f9109e_0|stanza_craft+coref_42f9109e_1,HPRD50.d16.s3:stanza_craft+coref_42f9109e_0:projection-plan|HPRD50.d16.s3:stanza_craft+coref_42f9109e_1:projection-plan
hprd50,HPRD50.d16.s4,0,1,negative,negative,pair_not_proposed,same_event_no_pair,not_generated,pair_not_proposed,0,,,,,,,stanza_craft+coref_0bfb4e82_0,HPRD50.d16.s4:stanza_craft+coref_0bfb4e82_0:projection-plan
hprd50,HPRD50.d16.s4,0,2,positive,positive,emitted,pair_candidate_exists,applied,emitted,1,structural|AB|interact|with|verbal,interact,clause,asserted,directed,stanza_craft+coref_0bfb4e82_0:rel:0,stanza_craft+coref_0bfb4e82_0,HPRD50.d16.s4:stanza_craft+coref_0bfb4e82_0:projection-plan
hprd50,HPRD50.d16.s4,1,2,positive,positive,emitted,pair_candidate_exists,applied,emitted,1,structural|AB|interact|with|verbal,interact,clause,asserted,directed,stanza_craft+coref_0bfb4e82_0:rel:1,stanza_craft+coref_0bfb4e82_0,HPRD50.d16.s4:stanza_craft+coref_0bfb4e82_0:projection-plan
hprd50,HPRD50.d16.s5,0,1,negative,negative,pair_not_proposed,same_event_no_pair,not_generated,pair_not_proposed,0,,,,,,,stanza_craft+coref_de29c3a9_1|stanza_craft+coref_de29c3a9_2,HPRD50.d16.s5:stanza_craft+coref_de29c3a9_1:projection-plan|HPRD50.d16.s5:stanza_craft+coref_de29c3a9_2:projection-plan
hprd50,HPRD50.d16.s5,0,2,negative,negative,pair_not_proposed,same_event_no_pair,not_generated,pair_not_proposed,0,,,,,,,stanza_craft+coref_de29c3a9_1|stanza_craft+coref_de29c3a9_2,HPRD50.d16.s5:stanza_craft+coref_de29c3a9_1:projection-plan|HPRD50.d16.s5:stanza_craft+coref_de29c3a9_2:projection-plan
hprd50,HPRD50.d16.s5,0,3,positive,positive,emitted,pair_candidate_exists,applied,emitted,1,structural|AB|interact|with|verbal,interact,clause,asserted,directed,stanza_craft+coref_de29c3a9_1:rel:0,stanza_craft+coref_de29c3a9_1|stanza_craft+coref_de29c3a9_2,HPRD50.d16.s5:stanza_craft+coref_de29c3a9_1:projection-plan|HPRD50.d16.s5:stanza_craft+coref_de29c3a9_2:projection-plan
hprd50,HPRD50.d16.s5,0,4,positive,positive,emitted,pair_candidate_exists,applied,emitted,1,structural|AB|result|in|verbal,result,clause,asserted,directed,stanza_craft+coref_de29c3a9_2:rel:0,stanza_craft+coref_de29c3a9_1|stanza_craft+coref_de29c3a9_2,HPRD50.d16.s5:stanza_craft+coref_de29c3a9_1:projection-plan|HPRD50.d16.s5:stanza_craft+coref_de29c3a9_2:projection-plan
hprd50,HPRD50.d16.s5,1,2,negative,negative,pair_not_proposed,same_event_no_pair,not_generated,pair_not_proposed,0,,,,,,,stanza_craft+coref_de29c3a9_1|stanza_craft+coref_de29c3a9_2,HPRD50.d16.s5:stanza_craft+coref_de29c3a9_1:projection-plan|HPRD50.d16.s5:stanza_craft+coref_de29c3a9_2:projection-plan
hprd50,HPRD50.d16.s5,1,3,positive,positive,emitted,pair_candidate_exists,applied,emitted,1,structural|AB|interact|with|verbal,interact,clause,asserted,directed,stanza_craft+coref_de29c3a9_1:rel:1,stanza_craft+coref_de29c3a9_1|stanza_craft+coref_de29c3a9_2,HPRD50.d16.s5:stanza_craft+coref_de29c3a9_1:projection-plan|HPRD50.d16.s5:stanza_craft+coref_de29c3a9_2:projection-plan
hprd50,HPRD50.d16.s5,1,4,positive,positive,emitted,pair_candidate_exists,applied,emitted,1,structural|AB|result|in|verbal,result,clause,asserted,directed,stanza_craft+coref_de29c3a9_2:rel:1,stanza_craft+coref_de29c3a9_1|stanza_craft+coref_de29c3a9_2,HPRD50.d16.s5:stanza_craft+coref_de29c3a9_1:projection-plan|HPRD50.d16.s5:stanza_craft+coref_de29c3a9_2:projection-plan
hprd50,HPRD50.d16.s5,2,3,positive,positive,emitted,pair_candidate_exists,applied,emitted,1,structural|AB|interact|with|verbal,interact,clause,asserted,directed,stanza_craft+coref_de29c3a9_1:rel:2,stanza_craft+coref_de29c3a9_1|stanza_craft+coref_de29c3a9_2,HPRD50.d16.s5:stanza_craft+coref_de29c3a9_1:projection-plan|HPRD50.d16.s5:stanza_craft+coref_de29c3a9_2:projection-plan
hprd50,HPRD50.d16.s5,2,4,positive,positive,emitted,pair_candidate_exists,applied,emitted,1,structural|AB|result|in|verbal,result,clause,asserted,directed,stanza_craft+coref_de29c3a9_2:rel:2,stanza_craft+coref_de29c3a9_1|stanza_craft+coref_de29c3a9_2,HPRD50.d16.s5:stanza_craft+coref_de29c3a9_1:projection-plan|HPRD50.d16.s5:stanza_craft+coref_de29c3a9_2:projection-plan
hprd50,HPRD50.d16.s6,0,1,positive,positive,emitted,pair_candidate_exists,applied,emitted,1,structural|AB|inhibit|of|nominalized,inhibit,event_nominal,asserted,directed,stanza_craft+coref_d8838bb8_2:rel:0,stanza_craft+coref_d8838bb8_0|stanza_craft+coref_d8838bb8_2,HPRD50.d16.s6:stanza_craft+coref_d8838bb8_0:projection-plan|HPRD50.d16.s6:stanza_craft+coref_d8838bb8_2:projection-plan
hprd50,HPRD50.d16.s6,0,2,positive,positive,emitted,pair_candidate_exists,applied,emitted,1,structural|AB|inhibit|of|nominalized,inhibit,event_nominal,asserted,directed,stanza_craft+coref_d8838bb8_2:rel:1,stanza_craft+coref_d8838bb8_0|stanza_craft+coref_d8838bb8_2,HPRD50.d16.s6:stanza_craft+coref_d8838bb8_0:projection-plan|HPRD50.d16.s6:stanza_craft+coref_d8838bb8_2:projection-plan
hprd50,HPRD50.d16.s6,1,2,negative,negative,pair_not_proposed,same_event_no_pair,not_generated,pair_not_proposed,0,,,,,,,stanza_craft+coref_d8838bb8_0|stanza_craft+coref_d8838bb8_2,HPRD50.d16.s6:stanza_craft+coref_d8838bb8_0:projection-plan|HPRD50.d16.s6:stanza_craft+coref_d8838bb8_2:projection-plan
hprd50,HPRD50.d17.s0,0,1,negative,positive,emitted_gold_disagreement,pair_candidate_exists,applied,emitted_gold_disagreement,1,structural|AB|contain|_|verbal,contain,clause,asserted,directed,stanza_craft+coref_22e39d03_0:rel:0,stanza_craft+coref_22e39d03_0|stanza_craft+coref_22e39d03_1,HPRD50.d17.s0:stanza_craft+coref_22e39d03_0:projection-plan|HPRD50.d17.s0:stanza_craft+coref_22e39d03_1:projection-plan
hprd50,HPRD50.d18.s0,0,1,negative,negative,relational_review_only,pair_candidate_exists,review_only,relational_review_only,1,relational|RELATIONAL|is-a|_|verbal,,appositive,asserted,relational,stanza_craft+coref_216dd70c_1:rel:0,stanza_craft+coref_216dd70c_0|stanza_craft+coref_216dd70c_1,HPRD50.d18.s0:stanza_craft+coref_216dd70c_0:projection-plan|HPRD50.d18.s0:stanza_craft+coref_216dd70c_1:projection-plan
hprd50,HPRD50.d18.s0,0,2,positive,positive,emitted,pair_candidate_exists,applied,emitted,1,structural|AB|interact|with|verbal,interact,clause,asserted,directed,stanza_craft+coref_216dd70c_0:rel:0,stanza_craft+coref_216dd70c_0|stanza_craft+coref_216dd70c_1,HPRD50.d18.s0:stanza_craft+coref_216dd70c_0:projection-plan|HPRD50.d18.s0:stanza_craft+coref_216dd70c_1:projection-plan
hprd50,HPRD50.d18.s0,1,2,positive,positive,emitted,separate_events,applied,emitted,0,,,,,,,stanza_craft+coref_216dd70c_0|stanza_craft+coref_216dd70c_1,HPRD50.d18.s0:stanza_craft+coref_216dd70c_0:projection-plan|HPRD50.d18.s0:stanza_craft+coref_216dd70c_1:projection-plan
hprd50,HPRD50.d18.s1,0,1,negative,negative,pair_not_proposed,same_event_no_pair,not_generated,pair_not_proposed,0,,,,,,,stanza_craft+coref_e4592207_0|stanza_craft+coref_e4592207_1|stanza_craft+coref_e4592207_2,HPRD50.d18.s1:stanza_craft+coref_e4592207_0:projection-plan|HPRD50.d18.s1:stanza_craft+coref_e4592207_1:projection-plan|HPRD50.d18.s1:stanza_craft+coref_e4592207_2:projection-plan
hprd50,HPRD50.d18.s1,0,2,negative,negative,relational_review_only,pair_candidate_exists,review_only,relational_review_only,1,relational|RELATIONAL|is-a|_|verbal,,appositive,asserted,relational,stanza_craft+coref_e4592207_2:rel:0,stanza_craft+coref_e4592207_0|stanza_craft+coref_e4592207_1|stanza_craft+coref_e4592207_2|stanza_craft+coref_e4592207_3,HPRD50.d18.s1:stanza_craft+coref_e4592207_0:projection-plan|HPRD50.d18.s1:stanza_craft+coref_e4592207_1:projection-plan|HPRD50.d18.s1:stanza_craft+coref_e4592207_2:projection-plan|HPRD50.d18.s1:stanza_craft+coref_e4592207_3:projection-plan
hprd50,HPRD50.d18.s1,1,2,negative,negative,relational_review_only,pair_candidate_exists,review_only,relational_review_only,1,relational|RELATIONAL|is-a|_|verbal,,appositive,asserted,relational,stanza_craft+coref_e4592207_2:rel:1,stanza_craft+coref_e4592207_0|stanza_craft+coref_e4592207_1|stanza_craft+coref_e4592207_2|stanza_craft+coref_e4592207_3,HPRD50.d18.s1:stanza_craft+coref_e4592207_0:projection-plan|HPRD50.d18.s1:stanza_craft+coref_e4592207_1:projection-plan|HPRD50.d18.s1:stanza_craft+coref_e4592207_2:projection-plan|HPRD50.d18.s1:stanza_craft+coref_e4592207_3:projection-plan
hprd50,HPRD50.d18.s2,0,1,positive,positive,emitted,pair_candidate_exists,applied,emitted,1,structural|AB|interact|with|verbal,interact,clause,asserted,directed,stanza_craft+coref_a70650ab_0:rel:0,stanza_craft+coref_a70650ab_0,HPRD50.d18.s2:stanza_craft+coref_a70650ab_0:projection-plan
hprd50,HPRD50.d19.s0,0,3,positive,negative,event_not_found,neither_endpoint,not_generated,event_not_found,0,,,,,,,,
hprd50,HPRD50.d19.s0,1,3,positive,negative,event_not_found,neither_endpoint,not_generated,event_not_found,0,,,,,,,,
hprd50,HPRD50.d19.s0,2,3,positive,negative,argument_not_bound,one_endpoint,not_generated,argument_not_bound,0,,,,,,,stanza_craft+coref_09466b8f_0,HPRD50.d19.s0:stanza_craft+coref_09466b8f_0:projection-plan
hprd50,HPRD50.d19.s2,0,1,positive,negative,argument_not_bound,one_endpoint,not_generated,argument_not_bound,0,,,,,,,stanza_craft+coref_556cd80c_0,HPRD50.d19.s2:stanza_craft+coref_556cd80c_0:projection-plan
hprd50,HPRD50.d19.s2,2,3,positive,positive,emitted,same_event_no_pair,applied,emitted,0,,,,,,,stanza_craft+coref_556cd80c_1,HPRD50.d19.s2:stanza_craft+coref_556cd80c_1:projection-plan
hprd50,HPRD50.d2.s0,0,1,negative,negative,pair_not_proposed,same_event_no_pair,not_generated,pair_not_proposed,0,,,,,,,stanza_craft+coref_2eff612b_2,HPRD50.d2.s0:stanza_craft+coref_2eff612b_2:projection-plan
hprd50,HPRD50.d2.s0,0,2,negative,negative,pair_not_proposed,same_event_no_pair,not_generated,pair_not_proposed,0,,,,,,,stanza_craft+coref_2eff612b_2,HPRD50.d2.s0:stanza_craft+coref_2eff612b_2:projection-plan
hprd50,HPRD50.d2.s0,1,2,negative,negative,pair_not_proposed,same_event_no_pair,not_generated,pair_not_proposed,0,,,,,,,stanza_craft+coref_2eff612b_2,HPRD50.d2.s0:stanza_craft+coref_2eff612b_2:projection-plan
hprd50,HPRD50.d2.s2,0,1,negative,negative,pair_not_proposed,same_event_no_pair,not_generated,pair_not_proposed,0,,,,,,,stanza_craft+coref_64b7d7ac_1,HPRD50.d2.s2:stanza_craft+coref_64b7d7ac_1:projection-plan
hprd50,HPRD50.d2.s3,0,1,negative,negative,pair_not_proposed,same_event_no_pair,not_generated,pair_not_proposed,0,,,,,,,stanza_craft+coref_d971671c_0|stanza_craft+coref_d971671c_1,HPRD50.d2.s3:stanza_craft+coref_d971671c_0:projection-plan|HPRD50.d2.s3:stanza_craft+coref_d971671c_1:projection-plan
hprd50,HPRD50.d2.s3,0,2,negative,positive,emitted_gold_disagreement,pair_candidate_exists,applied,emitted_gold_disagreement,1,structural|AB|produce|_|verbal,produce,clause,asserted,directed,stanza_craft+coref_d971671c_1:rel:0,stanza_craft+coref_d971671c_0|stanza_craft+coref_d971671c_1|stanza_craft+coref_d971671c_2,HPRD50.d2.s3:stanza_craft+coref_d971671c_0:projection-plan|HPRD50.d2.s3:stanza_craft+coref_d971671c_1:projection-plan|HPRD50.d2.s3:stanza_craft+coref_d971671c_2:projection-plan
hprd50,HPRD50.d2.s3,1,2,negative,positive,emitted_gold_disagreement,pair_candidate_exists,applied,emitted_gold_disagreement,1,structural|AB|produce|_|verbal,produce,clause,asserted,directed,stanza_craft+coref_d971671c_1:rel:1,stanza_craft+coref_d971671c_0|stanza_craft+coref_d971671c_1|stanza_craft+coref_d971671c_2,HPRD50.d2.s3:stanza_craft+coref_d971671c_0:projection-plan|HPRD50.d2.s3:stanza_craft+coref_d971671c_1:projection-plan|HPRD50.d2.s3:stanza_craft+coref_d971671c_2:projection-plan
hprd50,HPRD50.d20.s0,0,1,positive,positive,emitted,same_event_no_pair,applied,emitted,0,,,,,,,stanza_craft+coref_8f3a3e3e_0,HPRD50.d20.s0:stanza_craft+coref_8f3a3e3e_0:projection-plan
hprd50,HPRD50.d20.s0,0,2,positive,negative,argument_not_bound,separate_events,not_generated,argument_not_bound,0,,,,,,,stanza_craft+coref_8f3a3e3e_0|stanza_craft+coref_8f3a3e3e_1,HPRD50.d20.s0:stanza_craft+coref_8f3a3e3e_0:projection-plan|HPRD50.d20.s0:stanza_craft+coref_8f3a3e3e_1:projection-plan
hprd50,HPRD50.d20.s0,1,2,positive,negative,argument_not_bound,separate_events,not_generated,argument_not_bound,0,,,,,,,stanza_craft+coref_8f3a3e3e_0|stanza_craft+coref_8f3a3e3e_1,HPRD50.d20.s0:stanza_craft+coref_8f3a3e3e_0:projection-plan|HPRD50.d20.s0:stanza_craft+coref_8f3a3e3e_1:projection-plan
hprd50,HPRD50.d20.s2,0,1,negative,positive,emitted_gold_disagreement,pair_candidate_exists,applied,emitted_gold_disagreement,1,structural|AB|alleviate|in|verbal,alleviate,clause,asserted,directed,stanza_craft+coref_d9b1d99c_0:rel:0,stanza_craft+coref_d9b1d99c_0|stanza_craft+coref_d9b1d99c_1,HPRD50.d20.s2:stanza_craft+coref_d9b1d99c_0:projection-plan|HPRD50.d20.s2:stanza_craft+coref_d9b1d99c_1:projection-plan
hprd50,HPRD50.d20.s3,0,1,negative,negative,pair_not_proposed,same_event_no_pair,not_generated,pair_not_proposed,0,,,,,,,stanza_craft+coref_3560382a_0,HPRD50.d20.s3:stanza_craft+coref_3560382a_0:projection-plan
hprd50,HPRD50.d20.s3,0,2,positive,positive,emitted,pair_candidate_exists,applied,emitted,1,structural|AB|interact|with|verbal,interact,clause,asserted,directed,stanza_craft+coref_3560382a_0:rel:0,stanza_craft+coref_3560382a_0,HPRD50.d20.s3:stanza_craft+coref_3560382a_0:projection-plan
hprd50,HPRD50.d20.s3,1,2,positive,positive,emitted,pair_candidate_exists,applied,emitted,1,structural|AB|interact|with|verbal,interact,clause,asserted,directed,stanza_craft+coref_3560382a_0:rel:1,stanza_craft+coref_3560382a_0,HPRD50.d20.s3:stanza_craft+coref_3560382a_0:projection-plan
hprd50,HPRD50.d21.s0,0,1,positive,positive,emitted,pair_candidate_exists,applied,emitted,1,structural|AA|cross-talk|between|nominalized,cross-talk,event_nominal,asserted,undirected,stanza_craft+coref_c01ea1b4_2:rel:0,stanza_craft+coref_c01ea1b4_1|stanza_craft+coref_c01ea1b4_2|stanza_craft+coref_c01ea1b4_3,HPRD50.d21.s0:stanza_craft+coref_c01ea1b4_1:projection-plan|HPRD50.d21.s0:stanza_craft+coref_c01ea1b4_2:projection-plan|HPRD50.d21.s0:stanza_craft+coref_c01ea1b4_3:projection-plan
hprd50,HPRD50.d21.s0,0,2,positive,positive,emitted,pair_candidate_exists,applied,emitted,1,structural|AA|cross-talk|between|nominalized,cross-talk,event_nominal,asserted,undirected,stanza_craft+coref_c01ea1b4_2:rel:1,stanza_craft+coref_c01ea1b4_1|stanza_craft+coref_c01ea1b4_2|stanza_craft+coref_c01ea1b4_3,HPRD50.d21.s0:stanza_craft+coref_c01ea1b4_1:projection-plan|HPRD50.d21.s0:stanza_craft+coref_c01ea1b4_2:projection-plan|HPRD50.d21.s0:stanza_craft+coref_c01ea1b4_3:projection-plan
hprd50,HPRD50.d21.s0,1,2,negative,positive,emitted_gold_disagreement,pair_candidate_exists,applied,emitted_gold_disagreement,2,relational|RELATIONAL|is-a|_|verbal|structural|AA|cross-talk|between|nominalized,cross-talk,appositive|event_nominal,asserted,relational|undirected,stanza_craft+coref_c01ea1b4_2:rel:2|stanza_craft+coref_c01ea1b4_3:rel:0,stanza_craft+coref_c01ea1b4_1|stanza_craft+coref_c01ea1b4_2|stanza_craft+coref_c01ea1b4_3,HPRD50.d21.s0:stanza_craft+coref_c01ea1b4_1:projection-plan|HPRD50.d21.s0:stanza_craft+coref_c01ea1b4_2:projection-plan|HPRD50.d21.s0:stanza_craft+coref_c01ea1b4_3:projection-plan
hprd50,HPRD50.d21.s1,0,1,negative,negative,relational_review_only,pair_candidate_exists,review_only,relational_review_only,1,relational|RELATIONAL|identity|_|verbal,,appositive,asserted,relational,stanza_craft+coref_aab0644c_1:rel:0,stanza_craft+coref_aab0644c_0|stanza_craft+coref_aab0644c_1,HPRD50.d21.s1:stanza_craft+coref_aab0644c_0:projection-plan|HPRD50.d21.s1:stanza_craft+coref_aab0644c_1:projection-plan
hprd50,HPRD50.d21.s1,0,2,negative,negative,assertion_suppressed,pair_candidate_exists,blocked_assertion,assertion_suppressed,1,structural|AB|affect|in|passive,affect,clause,negated,directed,stanza_craft+coref_aab0644c_0:rel:1,stanza_craft+coref_aab0644c_0|stanza_craft+coref_aab0644c_1,HPRD50.d21.s1:stanza_craft+coref_aab0644c_0:projection-plan|HPRD50.d21.s1:stanza_craft+coref_aab0644c_1:projection-plan
hprd50,HPRD50.d21.s1,1,2,negative,negative,assertion_suppressed,pair_candidate_exists,blocked_assertion,assertion_suppressed,1,structural|AB|affect|_|passive,affect,clause,negated,directed,stanza_craft+coref_aab0644c_0:rel:0,stanza_craft+coref_aab0644c_0|stanza_craft+coref_aab0644c_1,HPRD50.d21.s1:stanza_craft+coref_aab0644c_0:projection-plan|HPRD50.d21.s1:stanza_craft+coref_aab0644c_1:projection-plan
hprd50,HPRD50.d21.s2,0,1,negative,negative,pair_not_proposed,same_event_no_pair,not_generated,pair_not_proposed,0,,,,,,,stanza_craft+coref_631d0f94_0|stanza_craft+coref_631d0f94_1,HPRD50.d21.s2:stanza_craft+coref_631d0f94_0:projection-plan|HPRD50.d21.s2:stanza_craft+coref_631d0f94_1:projection-plan
hprd50,HPRD50.d22.s0,0,1,negative,negative,relational_review_only,pair_candidate_exists,review_only,relational_review_only,1,relational|RELATIONAL|identity|_|verbal,,appositive,asserted,relational,stanza_craft+coref_228cc69b_2:rel:0,stanza_craft+coref_228cc69b_0|stanza_craft+coref_228cc69b_1|stanza_craft+coref_228cc69b_2,HPRD50.d22.s0:stanza_craft+coref_228cc69b_0:projection-plan|HPRD50.d22.s0:stanza_craft+coref_228cc69b_1:projection-plan|HPRD50.d22.s0:stanza_craft+coref_228cc69b_2:projection-plan
hprd50,HPRD50.d22.s0,0,2,positive,positive,emitted,pair_candidate_exists,applied,emitted,1,structural|AB|interact|with|verbal,interact,clause,asserted,directed,stanza_craft+coref_228cc69b_0:rel:0,stanza_craft+coref_228cc69b_0|stanza_craft+coref_228cc69b_2,HPRD50.d22.s0:stanza_craft+coref_228cc69b_0:projection-plan|HPRD50.d22.s0:stanza_craft+coref_228cc69b_2:projection-plan
hprd50,HPRD50.d22.s0,0,3,positive,positive,emitted,pair_candidate_exists,applied,emitted,1,structural|AB|interact|with|verbal,interact,clause,asserted,directed,stanza_craft+coref_228cc69b_0:rel:1,stanza_craft+coref_228cc69b_0|stanza_craft+coref_228cc69b_2,HPRD50.d22.s0:stanza_craft+coref_228cc69b_0:projection-plan|HPRD50.d22.s0:stanza_craft+coref_228cc69b_2:projection-plan
hprd50,HPRD50.d22.s0,1,2,positive,negative,argument_not_bound,separate_events,not_generated,argument_not_bound,0,,,,,,,stanza_craft+coref_228cc69b_0|stanza_craft+coref_228cc69b_1|stanza_craft+coref_228cc69b_2,HPRD50.d22.s0:stanza_craft+coref_228cc69b_0:projection-plan|HPRD50.d22.s0:stanza_craft+coref_228cc69b_1:projection-plan|HPRD50.d22.s0:stanza_craft+coref_228cc69b_2:projection-plan
hprd50,HPRD50.d22.s0,1,3,positive,negative,argument_not_bound,separate_events,not_generated,argument_not_bound,0,,,,,,,stanza_craft+coref_228cc69b_0|stanza_craft+coref_228cc69b_1|stanza_craft+coref_228cc69b_2,HPRD50.d22.s0:stanza_craft+coref_228cc69b_0:projection-plan|HPRD50.d22.s0:stanza_craft+coref_228cc69b_1:projection-plan|HPRD50.d22.s0:stanza_craft+coref_228cc69b_2:projection-plan
hprd50,HPRD50.d22.s0,2,3,negative,negative,pair_not_proposed,same_event_no_pair,not_generated,pair_not_proposed,0,,,,,,,stanza_craft+coref_228cc69b_0,HPRD50.d22.s0:stanza_craft+coref_228cc69b_0:projection-plan
hprd50,HPRD50.d22.s1,0,1,negative,negative,pair_not_proposed,same_event_no_pair,not_generated,pair_not_proposed,0,,,,,,,stanza_craft+coref_6010fd95_0|stanza_craft+coref_6010fd95_1,HPRD50.d22.s1:stanza_craft+coref_6010fd95_0:projection-plan|HPRD50.d22.s1:stanza_craft+coref_6010fd95_1:projection-plan
hprd50,HPRD50.d22.s1,0,2,positive,positive,emitted,pair_candidate_exists,applied,emitted,1,structural|AB|interact|with|verbal,interact,clause,asserted,directed,stanza_craft+coref_6010fd95_1:rel:0,stanza_craft+coref_6010fd95_0|stanza_craft+coref_6010fd95_1,HPRD50.d22.s1:stanza_craft+coref_6010fd95_0:projection-plan|HPRD50.d22.s1:stanza_craft+coref_6010fd95_1:projection-plan
hprd50,HPRD50.d22.s1,0,3,positive,positive,emitted,pair_candidate_exists,applied,emitted,1,structural|AB|interact|with|verbal,interact,clause,asserted,directed,stanza_craft+coref_6010fd95_1:rel:1,stanza_craft+coref_6010fd95_0|stanza_craft+coref_6010fd95_1,HPRD50.d22.s1:stanza_craft+coref_6010fd95_0:projection-plan|HPRD50.d22.s1:stanza_craft+coref_6010fd95_1:projection-plan
hprd50,HPRD50.d22.s1,0,4,positive,positive,emitted,pair_candidate_exists,applied,emitted,1,structural|AB|interact|with|verbal,interact,clause,asserted,directed,stanza_craft+coref_6010fd95_1:rel:2,stanza_craft+coref_6010fd95_0|stanza_craft+coref_6010fd95_1,HPRD50.d22.s1:stanza_craft+coref_6010fd95_0:projection-plan|HPRD50.d22.s1:stanza_craft+coref_6010fd95_1:projection-plan
hprd50,HPRD50.d22.s1,1,2,positive,positive,emitted,pair_candidate_exists,applied,emitted,1,structural|AB|interact|with|verbal,interact,clause,asserted,directed,stanza_craft+coref_6010fd95_1:rel:3,stanza_craft+coref_6010fd95_0|stanza_craft+coref_6010fd95_1,HPRD50.d22.s1:stanza_craft+coref_6010fd95_0:projection-plan|HPRD50.d22.s1:stanza_craft+coref_6010fd95_1:projection-plan
hprd50,HPRD50.d22.s1,1,3,positive,positive,emitted,pair_candidate_exists,applied,emitted,1,structural|AB|interact|with|verbal,interact,clause,asserted,directed,stanza_craft+coref_6010fd95_1:rel:4,stanza_craft+coref_6010fd95_0|stanza_craft+coref_6010fd95_1,HPRD50.d22.s1:stanza_craft+coref_6010fd95_0:projection-plan|HPRD50.d22.s1:stanza_craft+coref_6010fd95_1:projection-plan
hprd50,HPRD50.d22.s1,1,4,positive,positive,emitted,pair_candidate_exists,applied,emitted,1,structural|AB|interact|with|verbal,interact,clause,asserted,directed,stanza_craft+coref_6010fd95_1:rel:5,stanza_craft+coref_6010fd95_0|stanza_craft+coref_6010fd95_1,HPRD50.d22.s1:stanza_craft+coref_6010fd95_0:projection-plan|HPRD50.d22.s1:stanza_craft+coref_6010fd95_1:projection-plan
hprd50,HPRD50.d22.s1,2,3,negative,negative,pair_not_proposed,same_event_no_pair,not_generated,pair_not_proposed,0,,,,,,,stanza_craft+coref_6010fd95_1,HPRD50.d22.s1:stanza_craft+coref_6010fd95_1:projection-plan
hprd50,HPRD50.d22.s1,2,4,negative,negative,pair_not_proposed,same_event_no_pair,not_generated,pair_not_proposed,0,,,,,,,stanza_craft+coref_6010fd95_1,HPRD50.d22.s1:stanza_craft+coref_6010fd95_1:projection-plan
hprd50,HPRD50.d22.s1,3,4,negative,negative,pair_not_proposed,same_event_no_pair,not_generated,pair_not_proposed,0,,,,,,,stanza_craft+coref_6010fd95_1,HPRD50.d22.s1:stanza_craft+coref_6010fd95_1:projection-plan
hprd50,HPRD50.d22.s2,0,1,positive,positive,emitted,pair_candidate_exists,applied,emitted,1,structural|AB|interact|with|verbal,interact,clause,asserted,directed,stanza_craft+coref_1a1dfe3b_1:rel:0,stanza_craft+coref_1a1dfe3b_0|stanza_craft+coref_1a1dfe3b_1,HPRD50.d22.s2:stanza_craft+coref_1a1dfe3b_0:projection-plan|HPRD50.d22.s2:stanza_craft+coref_1a1dfe3b_1:projection-plan
hprd50,HPRD50.d22.s3,0,1,negative,negative,pair_not_proposed,same_event_no_pair,not_generated,pair_not_proposed,0,,,,,,,stanza_craft+coref_e27c0d99_1|stanza_craft+coref_e27c0d99_2|stanza_craft+coref_e27c0d99_3,HPRD50.d22.s3:stanza_craft+coref_e27c0d99_1:projection-plan|HPRD50.d22.s3:stanza_craft+coref_e27c0d99_2:projection-plan|HPRD50.d22.s3:stanza_craft+coref_e27c0d99_3:projection-plan
hprd50,HPRD50.d22.s3,0,2,positive,positive,emitted,pair_candidate_exists,applied,emitted,1,structural|AB|regulate|_|verbal,regulate,clause,asserted,directed,stanza_craft+coref_e27c0d99_1:rel:0,stanza_craft+coref_e27c0d99_1|stanza_craft+coref_e27c0d99_2|stanza_craft+coref_e27c0d99_3,HPRD50.d22.s3:stanza_craft+coref_e27c0d99_1:projection-plan|HPRD50.d22.s3:stanza_craft+coref_e27c0d99_2:projection-plan|HPRD50.d22.s3:stanza_craft+coref_e27c0d99_3:projection-plan
hprd50,HPRD50.d22.s3,0,3,positive,positive,emitted,pair_candidate_exists,applied,emitted,1,structural|AB|regulate|_|verbal,regulate,clause,asserted,directed,stanza_craft+coref_e27c0d99_3:rel:0,stanza_craft+coref_e27c0d99_1|stanza_craft+coref_e27c0d99_2|stanza_craft+coref_e27c0d99_3,HPRD50.d22.s3:stanza_craft+coref_e27c0d99_1:projection-plan|HPRD50.d22.s3:stanza_craft+coref_e27c0d99_2:projection-plan|HPRD50.d22.s3:stanza_craft+coref_e27c0d99_3:projection-plan
hprd50,HPRD50.d22.s3,1,2,positive,positive,emitted,pair_candidate_exists,applied,emitted,1,structural|AB|regulate|_|verbal,regulate,clause,asserted,directed,stanza_craft+coref_e27c0d99_1:rel:1,stanza_craft+coref_e27c0d99_1|stanza_craft+coref_e27c0d99_2|stanza_craft+coref_e27c0d99_3,HPRD50.d22.s3:stanza_craft+coref_e27c0d99_1:projection-plan|HPRD50.d22.s3:stanza_craft+coref_e27c0d99_2:projection-plan|HPRD50.d22.s3:stanza_craft+coref_e27c0d99_3:projection-plan
hprd50,HPRD50.d22.s3,1,3,positive,positive,emitted,pair_candidate_exists,applied,emitted,1,structural|AB|regulate|_|verbal,regulate,clause,asserted,directed,stanza_craft+coref_e27c0d99_3:rel:1,stanza_craft+coref_e27c0d99_1|stanza_craft+coref_e27c0d99_2|stanza_craft+coref_e27c0d99_3,HPRD50.d22.s3:stanza_craft+coref_e27c0d99_1:projection-plan|HPRD50.d22.s3:stanza_craft+coref_e27c0d99_2:projection-plan|HPRD50.d22.s3:stanza_craft+coref_e27c0d99_3:projection-plan
hprd50,HPRD50.d22.s4,0,1,negative,negative,relational_review_only,pair_candidate_exists,review_only,relational_review_only,1,relational|RELATIONAL|is-a|_|verbal,,appositive,asserted,relational,stanza_craft+coref_25fc7db1_1:rel:0,stanza_craft+coref_25fc7db1_0|stanza_craft+coref_25fc7db1_1,HPRD50.d22.s4:stanza_craft+coref_25fc7db1_0:projection-plan|HPRD50.d22.s4:stanza_craft+coref_25fc7db1_1:projection-plan
hprd50,HPRD50.d22.s5,1,2,negative,negative,pair_not_proposed,same_event_no_pair,not_generated,pair_not_proposed,0,,,,,,,stanza_craft+coref_a6b95aca_0|stanza_craft+coref_a6b95aca_1,HPRD50.d22.s5:stanza_craft+coref_a6b95aca_0:projection-plan|HPRD50.d22.s5:stanza_craft+coref_a6b95aca_1:projection-plan
hprd50,HPRD50.d22.s6,0,1,positive,positive,emitted,pair_candidate_exists,applied,emitted,1,structural|AB|interact|with|verbal,interact,clause,asserted,directed,stanza_craft+coref_6949b786_1:rel:0,stanza_craft+coref_6949b786_1,HPRD50.d22.s6:stanza_craft+coref_6949b786_1:projection-plan
hprd50,HPRD50.d22.s6,0,2,positive,negative,argument_not_bound,separate_events,not_generated,argument_not_bound,0,,,,,,,stanza_craft+coref_6949b786_0|stanza_craft+coref_6949b786_1|stanza_craft+coref_6949b786_2,HPRD50.d22.s6:stanza_craft+coref_6949b786_0:projection-plan|HPRD50.d22.s6:stanza_craft+coref_6949b786_1:projection-plan|HPRD50.d22.s6:stanza_craft+coref_6949b786_2:projection-plan
hprd50,HPRD50.d22.s7,0,1,positive,positive,emitted,pair_candidate_exists,applied,emitted,1,structural|AB|lead|to|verbal,lead,clause,asserted,directed,stanza_craft+coref_000591d5_0:rel:0,stanza_craft+coref_000591d5_0,HPRD50.d22.s7:stanza_craft+coref_000591d5_0:projection-plan
hprd50,HPRD50.d22.s7,0,2,positive,positive,emitted,pair_candidate_exists,applied,emitted,1,structural|AB|lead|to|verbal,lead,clause,asserted,directed,stanza_craft+coref_000591d5_0:rel:1,stanza_craft+coref_000591d5_0,HPRD50.d22.s7:stanza_craft+coref_000591d5_0:projection-plan
hprd50,HPRD50.d22.s7,1,2,negative,negative,pair_not_proposed,same_event_no_pair,not_generated,pair_not_proposed,0,,,,,,,stanza_craft+coref_000591d5_0,HPRD50.d22.s7:stanza_craft+coref_000591d5_0:projection-plan
hprd50,HPRD50.d23.s0,0,1,positive,positive,emitted,pair_candidate_exists,applied,emitted,1,structural|AB|phosphorylate|_|nominalized,phosphorylate,event_nominal,asserted,directed,stanza_craft+coref_cd7217b3_1:rel:0,stanza_craft+coref_cd7217b3_0|stanza_craft+coref_cd7217b3_1,HPRD50.d23.s0:stanza_craft+coref_cd7217b3_0:projection-plan|HPRD50.d23.s0:stanza_craft+coref_cd7217b3_1:projection-plan
hprd50,HPRD50.d23.s1,0,1,positive,positive,emitted,pair_candidate_exists,applied,emitted,1,structural|AA|interact|between|nominalized,interact,clause,asserted,undirected,stanza_craft+coref_8410cd31_0:rel:0,stanza_craft+coref_8410cd31_0,HPRD50.d23.s1:stanza_craft+coref_8410cd31_0:projection-plan
hprd50,HPRD50.d23.s1,2,3,positive,positive,emitted,pair_candidate_exists,applied,emitted,1,structural|AB|phosphorylate|_|verbal,phosphorylate,clause,asserted,directed,stanza_craft+coref_8410cd31_2:rel:0,stanza_craft+coref_8410cd31_2,HPRD50.d23.s1:stanza_craft+coref_8410cd31_2:projection-plan
hprd50,HPRD50.d23.s1,4,5,positive,positive,emitted,pair_candidate_exists,applied,emitted,1,relational|RELATIONAL|substrate|_|verbal,substrate,clause,asserted,relational,stanza_craft+coref_8410cd31_4:rel:0,stanza_craft+coref_8410cd31_4,HPRD50.d23.s1:stanza_craft+coref_8410cd31_4:projection-plan
hprd50,HPRD50.d23.s2,1,2,negative,negative,pair_not_proposed,same_event_no_pair,not_generated,pair_not_proposed,0,,,,,,,stanza_craft+coref_b01d6d78_2,HPRD50.d23.s2:stanza_craft+coref_b01d6d78_2:projection-plan
hprd50,HPRD50.d23.s2,1,3,negative,negative,pair_not_proposed,same_event_no_pair,not_generated,pair_not_proposed,0,,,,,,,stanza_craft+coref_b01d6d78_2,HPRD50.d23.s2:stanza_craft+coref_b01d6d78_2:projection-plan
hprd50,HPRD50.d23.s2,2,3,negative,negative,pair_not_proposed,same_event_no_pair,not_generated,pair_not_proposed,0,,,,,,,stanza_craft+coref_b01d6d78_2,HPRD50.d23.s2:stanza_craft+coref_b01d6d78_2:projection-plan
hprd50,HPRD50.d23.s3,0,1,positive,positive,emitted,pair_candidate_exists,applied,emitted,1,structural|AB|phosphorylate|_|nominalized,phosphorylate,event_nominal,asserted,directed,stanza_craft+coref_87025644_2:rel:0,stanza_craft+coref_87025644_1|stanza_craft+coref_87025644_2,HPRD50.d23.s3:stanza_craft+coref_87025644_1:projection-plan|HPRD50.d23.s3:stanza_craft+coref_87025644_2:projection-plan
hprd50,HPRD50.d24.s0,0,1,positive,positive,emitted,pair_candidate_exists,applied,emitted,1,structural|AB|lead|to|verbal,lead,clause,asserted,directed,stanza_craft+coref_b3cc216a_0:rel:0,stanza_craft+coref_b3cc216a_0,HPRD50.d24.s0:stanza_craft+coref_b3cc216a_0:projection-plan
hprd50,HPRD50.d24.s1,0,1,negative,negative,relational_review_only,pair_candidate_exists,review_only,relational_review_only,1,relational|RELATIONAL|is-a|_|verbal,,appositive,asserted,relational,stanza_craft+coref_8946183b_1:rel:0,stanza_craft+coref_8946183b_0|stanza_craft+coref_8946183b_1,HPRD50.d24.s1:stanza_craft+coref_8946183b_0:projection-plan|HPRD50.d24.s1:stanza_craft+coref_8946183b_1:projection-plan
hprd50,HPRD50.d24.s1,0,2,positive,negative,argument_not_bound,one_endpoint,not_generated,argument_not_bound,0,,,,,,,stanza_craft+coref_8946183b_0|stanza_craft+coref_8946183b_1,HPRD50.d24.s1:stanza_craft+coref_8946183b_0:projection-plan|HPRD50.d24.s1:stanza_craft+coref_8946183b_1:projection-plan
hprd50,HPRD50.d24.s1,0,3,negative,positive,emitted_gold_disagreement,pair_candidate_exists,applied,emitted_gold_disagreement,1,structural|AB|mediate|_|verbal,mediate,clause,asserted,directed,stanza_craft+coref_8946183b_0:rel:0,stanza_craft+coref_8946183b_0|stanza_craft+coref_8946183b_1,HPRD50.d24.s1:stanza_craft+coref_8946183b_0:projection-plan|HPRD50.d24.s1:stanza_craft+coref_8946183b_1:projection-plan
hprd50,HPRD50.d24.s1,1,2,positive,negative,argument_not_bound,one_endpoint,not_generated,argument_not_bound,0,,,,,,,stanza_craft+coref_8946183b_0|stanza_craft+coref_8946183b_1,HPRD50.d24.s1:stanza_craft+coref_8946183b_0:projection-plan|HPRD50.d24.s1:stanza_craft+coref_8946183b_1:projection-plan
hprd50,HPRD50.d24.s1,1,3,negative,positive,emitted_gold_disagreement,pair_candidate_exists,applied,emitted_gold_disagreement,1,structural|AB|mediate|_|verbal,mediate,clause,asserted,directed,stanza_craft+coref_8946183b_0:rel:1,stanza_craft+coref_8946183b_0|stanza_craft+coref_8946183b_1,HPRD50.d24.s1:stanza_craft+coref_8946183b_0:projection-plan|HPRD50.d24.s1:stanza_craft+coref_8946183b_1:projection-plan
hprd50,HPRD50.d24.s1,2,3,positive,negative,argument_not_bound,one_endpoint,not_generated,argument_not_bound,0,,,,,,,stanza_craft+coref_8946183b_0,HPRD50.d24.s1:stanza_craft+coref_8946183b_0:projection-plan
hprd50,HPRD50.d25.s0,0,1,positive,negative,argument_not_bound,one_endpoint,not_generated,argument_not_bound,0,,,,,,,stanza_craft+coref_63296685_0,HPRD50.d25.s0:stanza_craft+coref_63296685_0:projection-plan
hprd50,HPRD50.d25.s0,0,2,negative,negative,pair_not_proposed,same_event_no_pair,not_generated,pair_not_proposed,0,,,,,,,stanza_craft+coref_63296685_0|stanza_craft+coref_63296685_1,HPRD50.d25.s0:stanza_craft+coref_63296685_0:projection-plan|HPRD50.d25.s0:stanza_craft+coref_63296685_1:projection-plan
hprd50,HPRD50.d25.s1,0,1,negative,negative,pair_not_proposed,same_event_no_pair,not_generated,pair_not_proposed,0,,,,,,,stanza_craft+coref_0ae29020_0|stanza_craft+coref_0ae29020_1|stanza_craft+coref_0ae29020_2,HPRD50.d25.s1:stanza_craft+coref_0ae29020_0:projection-plan|HPRD50.d25.s1:stanza_craft+coref_0ae29020_1:projection-plan|HPRD50.d25.s1:stanza_craft+coref_0ae29020_2:projection-plan
hprd50,HPRD50.d25.s1,0,2,negative,negative,pair_not_proposed,same_event_no_pair,not_generated,pair_not_proposed,0,,,,,,,stanza_craft+coref_0ae29020_0|stanza_craft+coref_0ae29020_1|stanza_craft+coref_0ae29020_2,HPRD50.d25.s1:stanza_craft+coref_0ae29020_0:projection-plan|HPRD50.d25.s1:stanza_craft+coref_0ae29020_1:projection-plan|HPRD50.d25.s1:stanza_craft+coref_0ae29020_2:projection-plan
hprd50,HPRD50.d25.s1,1,2,negative,negative,relational_review_only,pair_candidate_exists,review_only,relational_review_only,1,relational|RELATIONAL|is-a|_|verbal,,appositive,asserted,relational,stanza_craft+coref_0ae29020_2:rel:0,stanza_craft+coref_0ae29020_0|stanza_craft+coref_0ae29020_1|stanza_craft+coref_0ae29020_2,HPRD50.d25.s1:stanza_craft+coref_0ae29020_0:projection-plan|HPRD50.d25.s1:stanza_craft+coref_0ae29020_1:projection-plan|HPRD50.d25.s1:stanza_craft+coref_0ae29020_2:projection-plan
hprd50,HPRD50.d25.s2,0,1,negative,positive,emitted_gold_disagreement,separate_events,applied,emitted_gold_disagreement,0,,,,,,,stanza_craft+coref_2a9b0e0e_0|stanza_craft+coref_2a9b0e0e_1|stanza_craft+coref_2a9b0e0e_2,HPRD50.d25.s2:stanza_craft+coref_2a9b0e0e_0:projection-plan|HPRD50.d25.s2:stanza_craft+coref_2a9b0e0e_1:projection-plan|HPRD50.d25.s2:stanza_craft+coref_2a9b0e0e_2:projection-plan
hprd50,HPRD50.d25.s2,0,2,negative,positive,emitted_gold_disagreement,pair_candidate_exists,applied,emitted_gold_disagreement,1,structural|AB|assess|_|passive,assess,clause,asserted,directed,stanza_craft+coref_2a9b0e0e_0:rel:0,stanza_craft+coref_2a9b0e0e_0|stanza_craft+coref_2a9b0e0e_1|stanza_craft+coref_2a9b0e0e_2,HPRD50.d25.s2:stanza_craft+coref_2a9b0e0e_0:projection-plan|HPRD50.d25.s2:stanza_craft+coref_2a9b0e0e_1:projection-plan|HPRD50.d25.s2:stanza_craft+coref_2a9b0e0e_2:projection-plan
hprd50,HPRD50.d25.s2,1,2,negative,negative,relational_review_only,pair_candidate_exists,review_only,relational_review_only,1,relational|RELATIONAL|is-a|_|verbal,,appositive,asserted,relational,stanza_craft+coref_2a9b0e0e_2:rel:0,stanza_craft+coref_2a9b0e0e_0|stanza_craft+coref_2a9b0e0e_2,HPRD50.d25.s2:stanza_craft+coref_2a9b0e0e_0:projection-plan|HPRD50.d25.s2:stanza_craft+coref_2a9b0e0e_2:projection-plan
hprd50,HPRD50.d26.s0,0,1,positive,negative,argument_not_bound,separate_events,not_generated,argument_not_bound,0,,,,,,,stanza_craft+coref_4b8e6623_0|stanza_craft+coref_4b8e6623_1|stanza_craft+coref_4b8e6623_2,HPRD50.d26.s0:stanza_craft+coref_4b8e6623_0:projection-plan|HPRD50.d26.s0:stanza_craft+coref_4b8e6623_1:projection-plan|HPRD50.d26.s0:stanza_craft+coref_4b8e6623_2:projection-plan
hprd50,HPRD50.d26.s1,0,1,positive,positive,emitted,pair_candidate_exists,applied,emitted,1,structural|AB|bind|to|verbal,bind,clause,asserted,directed,stanza_craft+coref_3c33167d_0:rel:0,stanza_craft+coref_3c33167d_0|stanza_craft+coref_3c33167d_1|stanza_craft+coref_3c33167d_2,HPRD50.d26.s1:stanza_craft+coref_3c33167d_0:projection-plan|HPRD50.d26.s1:stanza_craft+coref_3c33167d_1:projection-plan|HPRD50.d26.s1:stanza_craft+coref_3c33167d_2:projection-plan
hprd50,HPRD50.d26.s1,0,2,positive,positive,emitted,separate_events,applied,emitted,0,,,,,,,stanza_craft+coref_3c33167d_0|stanza_craft+coref_3c33167d_2,HPRD50.d26.s1:stanza_craft+coref_3c33167d_0:projection-plan|HPRD50.d26.s1:stanza_craft+coref_3c33167d_2:projection-plan
hprd50,HPRD50.d26.s1,1,2,negative,negative,relational_review_only,pair_candidate_exists,review_only,relational_review_only,1,relational|RELATIONAL|is-a|_|verbal,,appositive,asserted,relational,stanza_craft+coref_3c33167d_2:rel:0,stanza_craft+coref_3c33167d_0|stanza_craft+coref_3c33167d_1|stanza_craft+coref_3c33167d_2,HPRD50.d26.s1:stanza_craft+coref_3c33167d_0:projection-plan|HPRD50.d26.s1:stanza_craft+coref_3c33167d_1:projection-plan|HPRD50.d26.s1:stanza_craft+coref_3c33167d_2:projection-plan
hprd50,HPRD50.d26.s2,0,1,positive,positive,emitted,pair_candidate_exists,applied,emitted,1,structural|AB|associate|with|verbal,associate,clause,asserted,directed,stanza_craft+coref_bd5006b7_0:rel:0,stanza_craft+coref_bd5006b7_0,HPRD50.d26.s2:stanza_craft+coref_bd5006b7_0:projection-plan
hprd50,HPRD50.d26.s2,0,2,positive,positive,emitted,pair_candidate_exists,applied,emitted,1,structural|AB|associate|with|verbal,associate,clause,asserted,directed,stanza_craft+coref_bd5006b7_0:rel:1,stanza_craft+coref_bd5006b7_0,HPRD50.d26.s2:stanza_craft+coref_bd5006b7_0:projection-plan
hprd50,HPRD50.d26.s2,0,3,positive,positive,emitted,pair_candidate_exists,applied,emitted,1,structural|AB|associate|with|verbal,associate,clause,asserted,directed,stanza_craft+coref_bd5006b7_0:rel:2,stanza_craft+coref_bd5006b7_0,HPRD50.d26.s2:stanza_craft+coref_bd5006b7_0:projection-plan
hprd50,HPRD50.d26.s2,1,2,negative,negative,pair_not_proposed,same_event_no_pair,not_generated,pair_not_proposed,0,,,,,,,stanza_craft+coref_bd5006b7_0,HPRD50.d26.s2:stanza_craft+coref_bd5006b7_0:projection-plan
hprd50,HPRD50.d26.s2,1,3,negative,negative,pair_not_proposed,same_event_no_pair,not_generated,pair_not_proposed,0,,,,,,,stanza_craft+coref_bd5006b7_0,HPRD50.d26.s2:stanza_craft+coref_bd5006b7_0:projection-plan
hprd50,HPRD50.d26.s2,2,3,negative,negative,pair_not_proposed,same_event_no_pair,not_generated,pair_not_proposed,0,,,,,,,stanza_craft+coref_bd5006b7_0,HPRD50.d26.s2:stanza_craft+coref_bd5006b7_0:projection-plan
hprd50,HPRD50.d26.s3,0,1,positive,positive,emitted,pair_candidate_exists,applied,emitted,1,structural|AB|promote|_|verbal,promote,clause,asserted,directed,stanza_craft+coref_0d681c1b_0:rel:0,stanza_craft+coref_0d681c1b_0,HPRD50.d26.s3:stanza_craft+coref_0d681c1b_0:projection-plan
hprd50,HPRD50.d26.s3,1,2,positive,negative,argument_not_bound,separate_events,not_generated,argument_not_bound,0,,,,,,,stanza_craft+coref_0d681c1b_0|stanza_craft+coref_0d681c1b_2,HPRD50.d26.s3:stanza_craft+coref_0d681c1b_0:projection-plan|HPRD50.d26.s3:stanza_craft+coref_0d681c1b_2:projection-plan
hprd50,HPRD50.d26.s4,0,1,positive,positive,emitted,pair_candidate_exists,applied,emitted,1,structural|AB|cause|_|verbal,cause,clause,asserted,directed,stanza_craft+coref_7dc01e51_0:rel:0,stanza_craft+coref_7dc01e51_0,HPRD50.d26.s4:stanza_craft+coref_7dc01e51_0:projection-plan
hprd50,HPRD50.d26.s5,0,1,negative,negative,proposal_not_applied,pair_candidate_exists,not_applied_reason_unobserved,proposal_not_applied,1,structural|NESTED|disrupt|_|nested,disrupt,clause,asserted,nested_review,stanza_craft+coref_67c69e88_1:rel:0,stanza_craft+coref_67c69e88_0|stanza_craft+coref_67c69e88_1,HPRD50.d26.s5:stanza_craft+coref_67c69e88_0:projection-plan|HPRD50.d26.s5:stanza_craft+coref_67c69e88_1:projection-plan
hprd50,HPRD50.d26.s5,0,2,positive,negative,proposal_not_applied,pair_candidate_exists,not_applied_reason_unobserved,proposal_not_applied,1,structural|NESTED|disrupt|_|nested,disrupt,clause,asserted,nested_review,stanza_craft+coref_67c69e88_1:rel:1,stanza_craft+coref_67c69e88_0|stanza_craft+coref_67c69e88_1,HPRD50.d26.s5:stanza_craft+coref_67c69e88_0:projection-plan|HPRD50.d26.s5:stanza_craft+coref_67c69e88_1:projection-plan
hprd50,HPRD50.d26.s5,1,2,positive,positive,emitted,pair_candidate_exists,applied,emitted,1,structural|AB|bind|to|nominalized,bind,clause,asserted,directed,stanza_craft+coref_67c69e88_0:rel:0,stanza_craft+coref_67c69e88_0,HPRD50.d26.s5:stanza_craft+coref_67c69e88_0:projection-plan
hprd50,HPRD50.d26.s6,0,1,positive,positive,emitted,pair_candidate_exists,applied,emitted,1,structural|AB|coimmunoprecipitate|with|verbal,coimmunoprecipitate,clause,asserted,directed,stanza_craft+coref_a61d8e30_1:rel:0,stanza_craft+coref_a61d8e30_0|stanza_craft+coref_a61d8e30_1|stanza_craft+coref_a61d8e30_2,HPRD50.d26.s6:stanza_craft+coref_a61d8e30_0:projection-plan|HPRD50.d26.s6:stanza_craft+coref_a61d8e30_1:projection-plan|HPRD50.d26.s6:stanza_craft+coref_a61d8e30_2:projection-plan
hprd50,HPRD50.d26.s6,0,3,negative,negative,assertion_suppressed,pair_candidate_exists,blocked_assertion,assertion_suppressed,1,structural|AB|promote|_|verbal,promote,clause,negated,directed,stanza_craft+coref_a61d8e30_2:rel:0,stanza_craft+coref_a61d8e30_0|stanza_craft+coref_a61d8e30_1|stanza_craft+coref_a61d8e30_2,HPRD50.d26.s6:stanza_craft+coref_a61d8e30_0:projection-plan|HPRD50.d26.s6:stanza_craft+coref_a61d8e30_1:projection-plan|HPRD50.d26.s6:stanza_craft+coref_a61d8e30_2:projection-plan
hprd50,HPRD50.d26.s7,0,1,positive,positive,emitted,pair_candidate_exists,applied,emitted,1,structural|AB|degrade|_|verbal,degrade,clause,asserted,directed,stanza_craft+coref_31176d23_0:rel:0,stanza_craft+coref_31176d23_0|stanza_craft+coref_31176d23_1|stanza_craft+coref_31176d23_2,HPRD50.d26.s7:stanza_craft+coref_31176d23_0:projection-plan|HPRD50.d26.s7:stanza_craft+coref_31176d23_1:projection-plan|HPRD50.d26.s7:stanza_craft+coref_31176d23_2:projection-plan
hprd50,HPRD50.d26.s7,0,2,positive,negative,pair_not_proposed,same_event_no_pair,not_generated,pair_not_proposed,0,,,,,,,stanza_craft+coref_31176d23_0|stanza_craft+coref_31176d23_1|stanza_craft+coref_31176d23_2,HPRD50.d26.s7:stanza_craft+coref_31176d23_0:projection-plan|HPRD50.d26.s7:stanza_craft+coref_31176d23_1:projection-plan|HPRD50.d26.s7:stanza_craft+coref_31176d23_2:projection-plan
hprd50,HPRD50.d26.s7,0,3,negative,positive,emitted_gold_disagreement,pair_candidate_exists,applied,emitted_gold_disagreement,1,structural|AB|suggest|_|verbal,suggest,clause,asserted,directed,stanza_craft+coref_31176d23_2:rel:0,stanza_craft+coref_31176d23_0|stanza_craft+coref_31176d23_1|stanza_craft+coref_31176d23_2,HPRD50.d26.s7:stanza_craft+coref_31176d23_0:projection-plan|HPRD50.d26.s7:stanza_craft+coref_31176d23_1:projection-plan|HPRD50.d26.s7:stanza_craft+coref_31176d23_2:projection-plan
hprd50,HPRD50.d26.s7,0,4,negative,negative,pair_not_proposed,same_event_no_pair,not_generated,pair_not_proposed,0,,,,,,,stanza_craft+coref_31176d23_0|stanza_craft+coref_31176d23_1|stanza_craft+coref_31176d23_2,HPRD50.d26.s7:stanza_craft+coref_31176d23_0:projection-plan|HPRD50.d26.s7:stanza_craft+coref_31176d23_1:projection-plan|HPRD50.d26.s7:stanza_craft+coref_31176d23_2:projection-plan
hprd50,HPRD50.d26.s7,3,4,positive,negative,pair_not_proposed,same_event_no_pair,not_generated,pair_not_proposed,0,,,,,,,stanza_craft+coref_31176d23_2,HPRD50.d26.s7:stanza_craft+coref_31176d23_2:projection-plan
hprd50,HPRD50.d27.s0,0,1,negative,negative,pair_not_proposed,same_event_no_pair,not_generated,pair_not_proposed,0,,,,,,,stanza_craft+coref_3f8c96eb_0,HPRD50.d27.s0:stanza_craft+coref_3f8c96eb_0:projection-plan
hprd50,HPRD50.d27.s0,0,2,positive,positive,emitted,pair_candidate_exists,applied,emitted,1,structural|AB|interact|with|verbal,interact,clause,asserted,directed,stanza_craft+coref_3f8c96eb_0:rel:0,stanza_craft+coref_3f8c96eb_0,HPRD50.d27.s0:stanza_craft+coref_3f8c96eb_0:projection-plan
hprd50,HPRD50.d27.s0,0,3,positive,positive,emitted,pair_candidate_exists,applied,emitted,1,structural|AB|interact|with|verbal,interact,clause,asserted,directed,stanza_craft+coref_3f8c96eb_0:rel:2,stanza_craft+coref_3f8c96eb_0,HPRD50.d27.s0:stanza_craft+coref_3f8c96eb_0:projection-plan
hprd50,HPRD50.d27.s0,1,2,positive,positive,emitted,pair_candidate_exists,applied,emitted,1,structural|AB|interact|with|verbal,interact,clause,asserted,directed,stanza_craft+coref_3f8c96eb_0:rel:1,stanza_craft+coref_3f8c96eb_0,HPRD50.d27.s0:stanza_craft+coref_3f8c96eb_0:projection-plan
hprd50,HPRD50.d27.s0,1,3,positive,positive,emitted,pair_candidate_exists,applied,emitted,1,structural|AB|interact|with|verbal,interact,clause,asserted,directed,stanza_craft+coref_3f8c96eb_0:rel:3,stanza_craft+coref_3f8c96eb_0,HPRD50.d27.s0:stanza_craft+coref_3f8c96eb_0:projection-plan
hprd50,HPRD50.d27.s0,2,3,negative,negative,pair_not_proposed,same_event_no_pair,not_generated,pair_not_proposed,0,,,,,,,stanza_craft+coref_3f8c96eb_0,HPRD50.d27.s0:stanza_craft+coref_3f8c96eb_0:projection-plan
hprd50,HPRD50.d27.s1,0,1,negative,negative,pair_not_proposed,same_event_no_pair,not_generated,pair_not_proposed,0,,,,,,,stanza_craft+coref_e84026d5_1|stanza_craft+coref_e84026d5_2,HPRD50.d27.s1:stanza_craft+coref_e84026d5_1:projection-plan|HPRD50.d27.s1:stanza_craft+coref_e84026d5_2:projection-plan
hprd50,HPRD50.d28.s0,0,1,positive,positive,emitted,pair_candidate_exists,applied,emitted,1,structural|AB|regulate|_|verbal,regulate,clause,asserted,directed,stanza_craft+coref_dd6d5eb4_2:rel:0,stanza_craft+coref_dd6d5eb4_0|stanza_craft+coref_dd6d5eb4_1|stanza_craft+coref_dd6d5eb4_2|stanza_craft+coref_dd6d5eb4_3,HPRD50.d28.s0:stanza_craft+coref_dd6d5eb4_0:projection-plan|HPRD50.d28.s0:stanza_craft+coref_dd6d5eb4_1:projection-plan|HPRD50.d28.s0:stanza_craft+coref_dd6d5eb4_2:projection-plan|HPRD50.d28.s0:stanza_craft+coref_dd6d5eb4_3:projection-plan
hprd50,HPRD50.d28.s0,0,2,positive,positive,emitted,pair_candidate_exists,applied,emitted,1,structural|AB|regulate|_|verbal,regulate,clause,asserted,directed,stanza_craft+coref_dd6d5eb4_2:rel:1,stanza_craft+coref_dd6d5eb4_0|stanza_craft+coref_dd6d5eb4_1|stanza_craft+coref_dd6d5eb4_2|stanza_craft+coref_dd6d5eb4_3,HPRD50.d28.s0:stanza_craft+coref_dd6d5eb4_0:projection-plan|HPRD50.d28.s0:stanza_craft+coref_dd6d5eb4_1:projection-plan|HPRD50.d28.s0:stanza_craft+coref_dd6d5eb4_2:projection-plan|HPRD50.d28.s0:stanza_craft+coref_dd6d5eb4_3:projection-plan
hprd50,HPRD50.d28.s0,1,2,negative,negative,pair_not_proposed,same_event_no_pair,not_generated,pair_not_proposed,0,,,,,,,stanza_craft+coref_dd6d5eb4_2|stanza_craft+coref_dd6d5eb4_3,HPRD50.d28.s0:stanza_craft+coref_dd6d5eb4_2:projection-plan|HPRD50.d28.s0:stanza_craft+coref_dd6d5eb4_3:projection-plan
hprd50,HPRD50.d28.s1,0,1,positive,positive,emitted,pair_candidate_exists,applied,emitted,1,structural|AB|require|_|verbal,require,clause,asserted,directed,stanza_craft+coref_71a91490_0:rel:0,stanza_craft+coref_71a91490_0,HPRD50.d28.s1:stanza_craft+coref_71a91490_0:projection-plan
hprd50,HPRD50.d28.s3,0,1,negative,negative,pair_not_proposed,same_event_no_pair,not_generated,pair_not_proposed,0,,,,,,,stanza_craft+coref_fee259ba_0|stanza_craft+coref_fee259ba_1,HPRD50.d28.s3:stanza_craft+coref_fee259ba_0:projection-plan|HPRD50.d28.s3:stanza_craft+coref_fee259ba_1:projection-plan
hprd50,HPRD50.d29.s0,0,1,positive,positive,emitted,pair_candidate_exists,applied,emitted,1,structural|AB|modify|of|nominalized,modify,event_nominal,asserted,directed,stanza_craft+coref_aa2a2ffb_2:rel:0,stanza_craft+coref_aa2a2ffb_0|stanza_craft+coref_aa2a2ffb_2,HPRD50.d29.s0:stanza_craft+coref_aa2a2ffb_0:projection-plan|HPRD50.d29.s0:stanza_craft+coref_aa2a2ffb_2:projection-plan
hprd50,HPRD50.d29.s1,0,1,positive,positive,emitted,pair_candidate_exists,applied,emitted,1,structural|AB|interact|with|verbal,interact,clause,asserted,directed,stanza_craft+coref_2d0de879_0:rel:0,stanza_craft+coref_2d0de879_0|stanza_craft+coref_2d0de879_1,HPRD50.d29.s1:stanza_craft+coref_2d0de879_0:projection-plan|HPRD50.d29.s1:stanza_craft+coref_2d0de879_1:projection-plan
hprd50,HPRD50.d29.s1,0,2,positive,positive,emitted,pair_candidate_exists,applied,emitted,1,structural|AB|interact|with|verbal,interact,clause,asserted,directed,stanza_craft+coref_2d0de879_0:rel:1,stanza_craft+coref_2d0de879_0|stanza_craft+coref_2d0de879_1,HPRD50.d29.s1:stanza_craft+coref_2d0de879_0:projection-plan|HPRD50.d29.s1:stanza_craft+coref_2d0de879_1:projection-plan
hprd50,HPRD50.d29.s1,0,3,positive,positive,emitted,pair_candidate_exists,applied,emitted,1,structural|AB|interact|with|verbal,interact,clause,asserted,directed,stanza_craft+coref_2d0de879_0:rel:2,stanza_craft+coref_2d0de879_0|stanza_craft+coref_2d0de879_1,HPRD50.d29.s1:stanza_craft+coref_2d0de879_0:projection-plan|HPRD50.d29.s1:stanza_craft+coref_2d0de879_1:projection-plan
hprd50,HPRD50.d29.s1,1,2,negative,negative,pair_not_proposed,same_event_no_pair,not_generated,pair_not_proposed,0,,,,,,,stanza_craft+coref_2d0de879_0|stanza_craft+coref_2d0de879_1,HPRD50.d29.s1:stanza_craft+coref_2d0de879_0:projection-plan|HPRD50.d29.s1:stanza_craft+coref_2d0de879_1:projection-plan
hprd50,HPRD50.d29.s1,1,3,negative,negative,pair_not_proposed,same_event_no_pair,not_generated,pair_not_proposed,0,,,,,,,stanza_craft+coref_2d0de879_0|stanza_craft+coref_2d0de879_1,HPRD50.d29.s1:stanza_craft+coref_2d0de879_0:projection-plan|HPRD50.d29.s1:stanza_craft+coref_2d0de879_1:projection-plan
hprd50,HPRD50.d29.s1,1,4,positive,negative,argument_not_bound,separate_events,not_generated,argument_not_bound,0,,,,,,,stanza_craft+coref_2d0de879_0|stanza_craft+coref_2d0de879_1|stanza_craft+coref_2d0de879_2|stanza_craft+coref_2d0de879_3,HPRD50.d29.s1:stanza_craft+coref_2d0de879_0:projection-plan|HPRD50.d29.s1:stanza_craft+coref_2d0de879_1:projection-plan|HPRD50.d29.s1:stanza_craft+coref_2d0de879_2:projection-plan|HPRD50.d29.s1:stanza_craft+coref_2d0de879_3:projection-plan
hprd50,HPRD50.d29.s1,2,3,negative,negative,pair_not_proposed,same_event_no_pair,not_generated,pair_not_proposed,0,,,,,,,stanza_craft+coref_2d0de879_0|stanza_craft+coref_2d0de879_1,HPRD50.d29.s1:stanza_craft+coref_2d0de879_0:projection-plan|HPRD50.d29.s1:stanza_craft+coref_2d0de879_1:projection-plan
hprd50,HPRD50.d29.s1,2,4,positive,negative,argument_not_bound,separate_events,not_generated,argument_not_bound,0,,,,,,,stanza_craft+coref_2d0de879_0|stanza_craft+coref_2d0de879_1|stanza_craft+coref_2d0de879_2|stanza_craft+coref_2d0de879_3,HPRD50.d29.s1:stanza_craft+coref_2d0de879_0:projection-plan|HPRD50.d29.s1:stanza_craft+coref_2d0de879_1:projection-plan|HPRD50.d29.s1:stanza_craft+coref_2d0de879_2:projection-plan|HPRD50.d29.s1:stanza_craft+coref_2d0de879_3:projection-plan
hprd50,HPRD50.d29.s1,3,4,positive,negative,argument_not_bound,separate_events,not_generated,argument_not_bound,0,,,,,,,stanza_craft+coref_2d0de879_0|stanza_craft+coref_2d0de879_1|stanza_craft+coref_2d0de879_2|stanza_craft+coref_2d0de879_3,HPRD50.d29.s1:stanza_craft+coref_2d0de879_0:projection-plan|HPRD50.d29.s1:stanza_craft+coref_2d0de879_1:projection-plan|HPRD50.d29.s1:stanza_craft+coref_2d0de879_2:projection-plan|HPRD50.d29.s1:stanza_craft+coref_2d0de879_3:projection-plan
hprd50,HPRD50.d29.s2,0,1,positive,positive,emitted,pair_candidate_exists,applied,emitted,1,structural|AB|modify|_|passive,modify,clause,asserted,directed,stanza_craft+coref_8cbb21ff_0:rel:0,stanza_craft+coref_8cbb21ff_0,HPRD50.d29.s2:stanza_craft+coref_8cbb21ff_0:projection-plan
hprd50,HPRD50.d29.s3,0,1,positive,positive,emitted,pair_candidate_exists,applied,emitted,1,structural|AB|interact|with|verbal,interact,clause,asserted,directed,stanza_craft+coref_4576df7f_1:rel:0,stanza_craft+coref_4576df7f_0|stanza_craft+coref_4576df7f_1,HPRD50.d29.s3:stanza_craft+coref_4576df7f_0:projection-plan|HPRD50.d29.s3:stanza_craft+coref_4576df7f_1:projection-plan
hprd50,HPRD50.d3.s0,0,1,positive,positive,emitted,pair_candidate_exists,applied,emitted,1,structural|AB|activate|_|verbal,activate,clause,asserted,directed,stanza_craft+coref_490c73e3_0:rel:0,stanza_craft+coref_490c73e3_0|stanza_craft+coref_490c73e3_1,HPRD50.d3.s0:stanza_craft+coref_490c73e3_0:projection-plan|HPRD50.d3.s0:stanza_craft+coref_490c73e3_1:projection-plan
hprd50,HPRD50.d3.s2,0,1,positive,positive,emitted,pair_candidate_exists,applied,emitted,1,structural|AB|promote|with|verbal,promote,clause,asserted,directed,stanza_craft+coref_c13b1068_0:rel:0,stanza_craft+coref_c13b1068_0|stanza_craft+coref_c13b1068_1,HPRD50.d3.s2:stanza_craft+coref_c13b1068_0:projection-plan|HPRD50.d3.s2:stanza_craft+coref_c13b1068_1:projection-plan
hprd50,HPRD50.d3.s2,1,2,negative,negative,relational_review_only,pair_candidate_exists,review_only,relational_review_only,1,relational|RELATIONAL|identity|_|verbal,,appositive,asserted,relational,stanza_craft+coref_c13b1068_1:rel:0,stanza_craft+coref_c13b1068_0|stanza_craft+coref_c13b1068_1,HPRD50.d3.s2:stanza_craft+coref_c13b1068_0:projection-plan|HPRD50.d3.s2:stanza_craft+coref_c13b1068_1:projection-plan
hprd50,HPRD50.d30.s0,0,1,positive,positive,emitted,pair_candidate_exists,applied,emitted,1,structural|AB|associate|with|passive,associate,clause,asserted,directed,stanza_craft+coref_3b8f579d_0:rel:0,stanza_craft+coref_3b8f579d_0|stanza_craft+coref_3b8f579d_1|stanza_craft+coref_3b8f579d_2,HPRD50.d30.s0:stanza_craft+coref_3b8f579d_0:projection-plan|HPRD50.d30.s0:stanza_craft+coref_3b8f579d_1:projection-plan|HPRD50.d30.s0:stanza_craft+coref_3b8f579d_2:projection-plan
hprd50,HPRD50.d30.s0,0,2,positive,positive,emitted,pair_candidate_exists,applied,emitted,1,structural|AB|activate|during|passive,activate,clause,asserted,directed,stanza_craft+coref_3b8f579d_1:rel:0,stanza_craft+coref_3b8f579d_0|stanza_craft+coref_3b8f579d_1|stanza_craft+coref_3b8f579d_2,HPRD50.d30.s0:stanza_craft+coref_3b8f579d_0:projection-plan|HPRD50.d30.s0:stanza_craft+coref_3b8f579d_1:projection-plan|HPRD50.d30.s0:stanza_craft+coref_3b8f579d_2:projection-plan
hprd50,HPRD50.d31.s0,0,1,positive,positive,emitted,pair_candidate_exists,applied,emitted,1,structural|AB|interact|_|nominalized,interact,event_nominal,asserted,directed,stanza_craft+coref_0c2c6c7b_1:rel:0,stanza_craft+coref_0c2c6c7b_0|stanza_craft+coref_0c2c6c7b_1,HPRD50.d31.s0:stanza_craft+coref_0c2c6c7b_0:projection-plan|HPRD50.d31.s0:stanza_craft+coref_0c2c6c7b_1:projection-plan
hprd50,HPRD50.d31.s1,0,1,positive,positive,emitted,pair_candidate_exists,applied,emitted,1,structural|AB|associate|with|verbal,associate,clause,asserted,directed,stanza_craft+coref_ba091cf5_0:rel:0,stanza_craft+coref_ba091cf5_0,HPRD50.d31.s1:stanza_craft+coref_ba091cf5_0:projection-plan
hprd50,HPRD50.d32.s0,0,1,negative,positive,emitted_gold_disagreement,pair_candidate_exists,applied,emitted_gold_disagreement,1,structural|AA|bind|of|nominalized,bind,event_nominal,asserted,undirected,stanza_craft+coref_041ee1e0_0:rel:0,stanza_craft+coref_041ee1e0_0,HPRD50.d32.s0:stanza_craft+coref_041ee1e0_0:projection-plan
hprd50,HPRD50.d32.s0,0,2,negative,positive,emitted_gold_disagreement,pair_candidate_exists,applied,emitted_gold_disagreement,1,structural|AA|bind|of|nominalized,bind,event_nominal,asserted,undirected,stanza_craft+coref_041ee1e0_0:rel:1,stanza_craft+coref_041ee1e0_0,HPRD50.d32.s0:stanza_craft+coref_041ee1e0_0:projection-plan
hprd50,HPRD50.d32.s0,0,3,negative,positive,emitted_gold_disagreement,pair_candidate_exists,applied,emitted_gold_disagreement,1,structural|AA|bind|of|nominalized,bind,event_nominal,asserted,undirected,stanza_craft+coref_041ee1e0_0:rel:2,stanza_craft+coref_041ee1e0_0,HPRD50.d32.s0:stanza_craft+coref_041ee1e0_0:projection-plan
hprd50,HPRD50.d32.s0,1,2,negative,positive,emitted_gold_disagreement,pair_candidate_exists,applied,emitted_gold_disagreement,1,structural|AA|bind|of|nominalized,bind,event_nominal,asserted,undirected,stanza_craft+coref_041ee1e0_0:rel:3,stanza_craft+coref_041ee1e0_0,HPRD50.d32.s0:stanza_craft+coref_041ee1e0_0:projection-plan
hprd50,HPRD50.d32.s0,1,3,negative,positive,emitted_gold_disagreement,pair_candidate_exists,applied,emitted_gold_disagreement,1,structural|AA|bind|of|nominalized,bind,event_nominal,asserted,undirected,stanza_craft+coref_041ee1e0_0:rel:4,stanza_craft+coref_041ee1e0_0,HPRD50.d32.s0:stanza_craft+coref_041ee1e0_0:projection-plan
hprd50,HPRD50.d32.s0,2,3,negative,positive,emitted_gold_disagreement,pair_candidate_exists,applied,emitted_gold_disagreement,1,structural|AA|bind|of|nominalized,bind,event_nominal,asserted,undirected,stanza_craft+coref_041ee1e0_0:rel:5,stanza_craft+coref_041ee1e0_0,HPRD50.d32.s0:stanza_craft+coref_041ee1e0_0:projection-plan
hprd50,HPRD50.d32.s1,0,1,negative,negative,relational_review_only,pair_candidate_exists,review_only,relational_review_only,1,relational|RELATIONAL|identity|_|verbal,,appositive,asserted,relational,stanza_craft+coref_fea59234_1:rel:0,stanza_craft+coref_fea59234_0|stanza_craft+coref_fea59234_1,HPRD50.d32.s1:stanza_craft+coref_fea59234_0:projection-plan|HPRD50.d32.s1:stanza_craft+coref_fea59234_1:projection-plan
hprd50,HPRD50.d32.s1,0,2,positive,negative,argument_not_bound,one_endpoint,not_generated,argument_not_bound,0,,,,,,,stanza_craft+coref_fea59234_0|stanza_craft+coref_fea59234_1,HPRD50.d32.s1:stanza_craft+coref_fea59234_0:projection-plan|HPRD50.d32.s1:stanza_craft+coref_fea59234_1:projection-plan
hprd50,HPRD50.d32.s1,0,3,positive,positive,emitted,pair_candidate_exists,applied,emitted,1,structural|AB|immunolocalization|to|nominalized,immunolocalization,event_nominal,asserted,directed,stanza_craft+coref_fea59234_0:rel:0,stanza_craft+coref_fea59234_0|stanza_craft+coref_fea59234_1,HPRD50.d32.s1:stanza_craft+coref_fea59234_0:projection-plan|HPRD50.d32.s1:stanza_craft+coref_fea59234_1:projection-plan
hprd50,HPRD50.d32.s1,1,2,positive,negative,argument_not_bound,one_endpoint,not_generated,argument_not_bound,0,,,,,,,stanza_craft+coref_fea59234_1,HPRD50.d32.s1:stanza_craft+coref_fea59234_1:projection-plan
hprd50,HPRD50.d32.s1,1,3,positive,negative,proposal_not_applied,pair_candidate_exists,not_applied_reason_unobserved,proposal_not_applied,1,structural|AB|immunolocalization|to|nominalized,immunolocalization,event_nominal,asserted,directed,stanza_craft+coref_fea59234_0:rel:1,stanza_craft+coref_fea59234_0|stanza_craft+coref_fea59234_1,HPRD50.d32.s1:stanza_craft+coref_fea59234_0:projection-plan|HPRD50.d32.s1:stanza_craft+coref_fea59234_1:projection-plan
hprd50,HPRD50.d32.s3,2,3,negative,negative,assertion_suppressed,pair_candidate_exists,blocked_assertion,assertion_suppressed,1,relational|RELATIONAL|interact|_|nominalized,interact,clause,uncertain,relational,stanza_craft+coref_713f5664_2:rel:0,stanza_craft+coref_713f5664_2,HPRD50.d32.s3:stanza_craft+coref_713f5664_2:projection-plan
hprd50,HPRD50.d32.s5,0,1,negative,negative,pair_not_proposed,same_event_no_pair,not_generated,pair_not_proposed,0,,,,,,,stanza_craft+coref_c7ac2d7c_0|stanza_craft+coref_c7ac2d7c_3,HPRD50.d32.s5:stanza_craft+coref_c7ac2d7c_0:projection-plan|HPRD50.d32.s5:stanza_craft+coref_c7ac2d7c_3:projection-plan
hprd50,HPRD50.d32.s6,0,1,negative,positive,emitted_gold_disagreement,pair_candidate_exists,applied,emitted_gold_disagreement,1,structural|AB|characterize|_|nominalized,characterize,event_nominal,asserted,directed,stanza_craft+coref_63d6977e_3:rel:0,stanza_craft+coref_63d6977e_0|stanza_craft+coref_63d6977e_3,HPRD50.d32.s6:stanza_craft+coref_63d6977e_0:projection-plan|HPRD50.d32.s6:stanza_craft+coref_63d6977e_3:projection-plan
hprd50,HPRD50.d32.s6,1,2,positive,negative,argument_not_bound,one_endpoint,not_generated,argument_not_bound,0,,,,,,,stanza_craft+coref_63d6977e_0|stanza_craft+coref_63d6977e_3,HPRD50.d32.s6:stanza_craft+coref_63d6977e_0:projection-plan|HPRD50.d32.s6:stanza_craft+coref_63d6977e_3:projection-plan
hprd50,HPRD50.d32.s6,1,3,positive,negative,argument_not_bound,separate_events,not_generated,argument_not_bound,0,,,,,,,stanza_craft+coref_63d6977e_0|stanza_craft+coref_63d6977e_1|stanza_craft+coref_63d6977e_2|stanza_craft+coref_63d6977e_3,HPRD50.d32.s6:stanza_craft+coref_63d6977e_0:projection-plan|HPRD50.d32.s6:stanza_craft+coref_63d6977e_1:projection-plan|HPRD50.d32.s6:stanza_craft+coref_63d6977e_2:projection-plan|HPRD50.d32.s6:stanza_craft+coref_63d6977e_3:projection-plan
hprd50,HPRD50.d32.s6,1,4,positive,negative,argument_not_bound,separate_events,not_generated,argument_not_bound,0,,,,,,,stanza_craft+coref_63d6977e_0|stanza_craft+coref_63d6977e_1|stanza_craft+coref_63d6977e_2|stanza_craft+coref_63d6977e_3,HPRD50.d32.s6:stanza_craft+coref_63d6977e_0:projection-plan|HPRD50.d32.s6:stanza_craft+coref_63d6977e_1:projection-plan|HPRD50.d32.s6:stanza_craft+coref_63d6977e_2:projection-plan|HPRD50.d32.s6:stanza_craft+coref_63d6977e_3:projection-plan
hprd50,HPRD50.d32.s6,3,4,negative,positive,emitted_gold_disagreement,pair_candidate_exists,applied,emitted_gold_disagreement,2,structural|AB|bind|by|nominalized,bind,clause,asserted,directed,stanza_craft+coref_63d6977e_1:rel:0|stanza_craft+coref_63d6977e_2:rel:0,stanza_craft+coref_63d6977e_1|stanza_craft+coref_63d6977e_2,HPRD50.d32.s6:stanza_craft+coref_63d6977e_1:projection-plan|HPRD50.d32.s6:stanza_craft+coref_63d6977e_2:projection-plan
hprd50,HPRD50.d32.s6,3,5,negative,negative,proposal_not_applied,pair_candidate_exists,not_applied_reason_unobserved,proposal_not_applied,1,structural|AB|bind|_|nominalized,bind,clause,asserted,directed,stanza_craft+coref_63d6977e_1:rel:1,stanza_craft+coref_63d6977e_1|stanza_craft+coref_63d6977e_2,HPRD50.d32.s6:stanza_craft+coref_63d6977e_1:projection-plan|HPRD50.d32.s6:stanza_craft+coref_63d6977e_2:projection-plan
hprd50,HPRD50.d32.s6,3,6,negative,negative,proposal_not_applied,pair_candidate_exists,not_applied_reason_unobserved,proposal_not_applied,1,structural|AB|bind|_|nominalized,bind,clause,asserted,directed,stanza_craft+coref_63d6977e_1:rel:2,stanza_craft+coref_63d6977e_1|stanza_craft+coref_63d6977e_2,HPRD50.d32.s6:stanza_craft+coref_63d6977e_1:projection-plan|HPRD50.d32.s6:stanza_craft+coref_63d6977e_2:projection-plan
hprd50,HPRD50.d32.s6,4,5,negative,negative,proposal_not_applied,pair_candidate_exists,not_applied_reason_unobserved,proposal_not_applied,1,structural|AB|bind|_|nominalized,bind,clause,asserted,directed,stanza_craft+coref_63d6977e_1:rel:3,stanza_craft+coref_63d6977e_1|stanza_craft+coref_63d6977e_2,HPRD50.d32.s6:stanza_craft+coref_63d6977e_1:projection-plan|HPRD50.d32.s6:stanza_craft+coref_63d6977e_2:projection-plan
hprd50,HPRD50.d32.s6,4,6,negative,negative,proposal_not_applied,pair_candidate_exists,not_applied_reason_unobserved,proposal_not_applied,1,structural|AB|bind|_|nominalized,bind,clause,asserted,directed,stanza_craft+coref_63d6977e_1:rel:4,stanza_craft+coref_63d6977e_1|stanza_craft+coref_63d6977e_2,HPRD50.d32.s6:stanza_craft+coref_63d6977e_1:projection-plan|HPRD50.d32.s6:stanza_craft+coref_63d6977e_2:projection-plan
hprd50,HPRD50.d32.s6,5,6,negative,negative,proposal_not_applied,pair_candidate_exists,not_applied_reason_unobserved,proposal_not_applied,1,structural|AB|bind|_|nominalized,bind,clause,asserted,directed,stanza_craft+coref_63d6977e_1:rel:5,stanza_craft+coref_63d6977e_1,HPRD50.d32.s6:stanza_craft+coref_63d6977e_1:projection-plan
hprd50,HPRD50.d33.s0,0,1,positive,negative,argument_not_bound,separate_events,not_generated,argument_not_bound,0,,,,,,,stanza_craft+coref_9f6ba6ab_0|stanza_craft+coref_9f6ba6ab_1|stanza_craft+coref_9f6ba6ab_2|stanza_craft+coref_9f6ba6ab_3,HPRD50.d33.s0:stanza_craft+coref_9f6ba6ab_0:projection-plan|HPRD50.d33.s0:stanza_craft+coref_9f6ba6ab_1:projection-plan|HPRD50.d33.s0:stanza_craft+coref_9f6ba6ab_2:projection-plan|HPRD50.d33.s0:stanza_craft+coref_9f6ba6ab_3:projection-plan
hprd50,HPRD50.d33.s0,0,2,positive,negative,argument_not_bound,one_endpoint,not_generated,argument_not_bound,0,,,,,,,stanza_craft+coref_9f6ba6ab_0|stanza_craft+coref_9f6ba6ab_1|stanza_craft+coref_9f6ba6ab_2,HPRD50.d33.s0:stanza_craft+coref_9f6ba6ab_0:projection-plan|HPRD50.d33.s0:stanza_craft+coref_9f6ba6ab_1:projection-plan|HPRD50.d33.s0:stanza_craft+coref_9f6ba6ab_2:projection-plan
hprd50,HPRD50.d33.s1,0,1,negative,negative,pair_not_proposed,same_event_no_pair,not_generated,pair_not_proposed,0,,,,,,,stanza_craft+coref_729d841d_0,HPRD50.d33.s1:stanza_craft+coref_729d841d_0:projection-plan
hprd50,HPRD50.d33.s1,0,2,positive,negative,argument_not_bound,separate_events,not_generated,argument_not_bound,0,,,,,,,stanza_craft+coref_729d841d_0|stanza_craft+coref_729d841d_1,HPRD50.d33.s1:stanza_craft+coref_729d841d_0:projection-plan|HPRD50.d33.s1:stanza_craft+coref_729d841d_1:projection-plan
hprd50,HPRD50.d33.s1,1,2,positive,negative,argument_not_bound,separate_events,not_generated,argument_not_bound,0,,,,,,,stanza_craft+coref_729d841d_0|stanza_craft+coref_729d841d_1,HPRD50.d33.s1:stanza_craft+coref_729d841d_0:projection-plan|HPRD50.d33.s1:stanza_craft+coref_729d841d_1:projection-plan
hprd50,HPRD50.d34.s0,0,1,negative,negative,relational_review_only,pair_candidate_exists,review_only,relational_review_only,1,relational|RELATIONAL|is-a|_|verbal,,clause,asserted,relational,stanza_craft+coref_ebb979b9_0:rel:0,stanza_craft+coref_ebb979b9_0,HPRD50.d34.s0:stanza_craft+coref_ebb979b9_0:projection-plan
hprd50,HPRD50.d34.s1,1,2,negative,positive,emitted_gold_disagreement,pair_candidate_exists,applied,emitted_gold_disagreement,1,structural|AB|have|_|verbal,have,clause,asserted,directed,stanza_craft+coref_a88891a7_1:rel:0,stanza_craft+coref_a88891a7_1,HPRD50.d34.s1:stanza_craft+coref_a88891a7_1:projection-plan
hprd50,HPRD50.d35.s0,0,1,negative,negative,pair_not_proposed,same_event_no_pair,not_generated,pair_not_proposed,0,,,,,,,stanza_craft+coref_09f95d6f_0,HPRD50.d35.s0:stanza_craft+coref_09f95d6f_0:projection-plan
hprd50,HPRD50.d35.s1,0,1,negative,negative,pair_not_proposed,same_event_no_pair,not_generated,pair_not_proposed,0,,,,,,,stanza_craft+coref_c71da0c2_0|stanza_craft+coref_c71da0c2_1|stanza_craft+coref_c71da0c2_2,HPRD50.d35.s1:stanza_craft+coref_c71da0c2_0:projection-plan|HPRD50.d35.s1:stanza_craft+coref_c71da0c2_1:projection-plan|HPRD50.d35.s1:stanza_craft+coref_c71da0c2_2:projection-plan
hprd50,HPRD50.d36.s0,0,1,positive,positive,emitted,pair_candidate_exists,applied,emitted,1,structural|AB|associate|with|verbal,associate,clause,asserted,directed,stanza_craft+coref_d1d5030d_0:rel:0,stanza_craft+coref_d1d5030d_0,HPRD50.d36.s0:stanza_craft+coref_d1d5030d_0:projection-plan
hprd50,HPRD50.d36.s1,0,1,positive,negative,argument_not_bound,one_endpoint,not_generated,argument_not_bound,0,,,,,,,stanza_craft+coref_e2639790_1,HPRD50.d36.s1:stanza_craft+coref_e2639790_1:projection-plan
hprd50,HPRD50.d36.s1,1,2,positive,positive,emitted,pair_candidate_exists,applied,emitted,1,structural|AB|regulate|_|verbal,regulate,clause,asserted,directed,stanza_craft+coref_e2639790_1:rel:0,stanza_craft+coref_e2639790_1,HPRD50.d36.s1:stanza_craft+coref_e2639790_1:projection-plan
hprd50,HPRD50.d36.s2,0,1,positive,positive,emitted,pair_candidate_exists,applied,emitted,1,structural|AB|associate|with|nominalized,associate,clause,asserted,directed,stanza_craft+coref_c6fb6c7b_0:rel:0,stanza_craft+coref_c6fb6c7b_0,HPRD50.d36.s2:stanza_craft+coref_c6fb6c7b_0:projection-plan
hprd50,HPRD50.d36.s2,1,2,positive,negative,argument_not_bound,separate_events,not_generated,argument_not_bound,0,,,,,,,stanza_craft+coref_c6fb6c7b_0|stanza_craft+coref_c6fb6c7b_2,HPRD50.d36.s2:stanza_craft+coref_c6fb6c7b_0:projection-plan|HPRD50.d36.s2:stanza_craft+coref_c6fb6c7b_2:projection-plan
hprd50,HPRD50.d36.s3,0,1,positive,negative,pair_not_proposed,same_event_no_pair,not_generated,pair_not_proposed,0,,,,,,,stanza_craft+coref_48137133_0,HPRD50.d36.s3:stanza_craft+coref_48137133_0:projection-plan
hprd50,HPRD50.d36.s4,0,2,negative,positive,emitted_gold_disagreement,pair_candidate_exists,applied,emitted_gold_disagreement,1,structural|AB|result|in|verbal,result,clause,asserted,directed,stanza_craft+coref_42e51cbc_0:rel:0,stanza_craft+coref_42e51cbc_0,HPRD50.d36.s4:stanza_craft+coref_42e51cbc_0:projection-plan
hprd50,HPRD50.d36.s4,1,2,positive,negative,argument_not_bound,separate_events,not_generated,argument_not_bound,0,,,,,,,stanza_craft+coref_42e51cbc_0|stanza_craft+coref_42e51cbc_1,HPRD50.d36.s4:stanza_craft+coref_42e51cbc_0:projection-plan|HPRD50.d36.s4:stanza_craft+coref_42e51cbc_1:projection-plan
hprd50,HPRD50.d36.s5,0,1,negative,negative,assertion_suppressed,pair_candidate_exists,blocked_assertion,assertion_suppressed,1,structural|AB|associate|in|verbal,associate,clause,negated,directed,stanza_craft+coref_b07c3f34_1:rel:0,stanza_craft+coref_b07c3f34_0|stanza_craft+coref_b07c3f34_1,HPRD50.d36.s5:stanza_craft+coref_b07c3f34_0:projection-plan|HPRD50.d36.s5:stanza_craft+coref_b07c3f34_1:projection-plan
hprd50,HPRD50.d37.s0,0,1,negative,positive,emitted_gold_disagreement,pair_candidate_exists,applied,emitted_gold_disagreement,1,structural|AB|form|through|verbal,form,clause,asserted,directed,stanza_craft+coref_29a0b392_0:rel:0,stanza_craft+coref_29a0b392_0|stanza_craft+coref_29a0b392_1,HPRD50.d37.s0:stanza_craft+coref_29a0b392_0:projection-plan|HPRD50.d37.s0:stanza_craft+coref_29a0b392_1:projection-plan
hprd50,HPRD50.d37.s0,0,2,positive,positive,emitted,pair_candidate_exists,applied,emitted,1,structural|AB|immunoprecipitate|with|passive,immunoprecipitate,clause,asserted,directed,stanza_craft+coref_29a0b392_1:rel:0,stanza_craft+coref_29a0b392_0|stanza_craft+coref_29a0b392_1|stanza_craft+coref_29a0b392_2,HPRD50.d37.s0:stanza_craft+coref_29a0b392_0:projection-plan|HPRD50.d37.s0:stanza_craft+coref_29a0b392_1:projection-plan|HPRD50.d37.s0:stanza_craft+coref_29a0b392_2:projection-plan
hprd50,HPRD50.d37.s0,0,3,negative,positive,emitted_gold_disagreement,pair_candidate_exists,applied,emitted_gold_disagreement,1,structural|AB|immunoprecipitate|with|passive,immunoprecipitate,clause,asserted,directed,stanza_craft+coref_29a0b392_1:rel:1,stanza_craft+coref_29a0b392_0|stanza_craft+coref_29a0b392_1|stanza_craft+coref_29a0b392_2,HPRD50.d37.s0:stanza_craft+coref_29a0b392_0:projection-plan|HPRD50.d37.s0:stanza_craft+coref_29a0b392_1:projection-plan|HPRD50.d37.s0:stanza_craft+coref_29a0b392_2:projection-plan
hprd50,HPRD50.d37.s0,2,3,positive,negative,relational_review_only,pair_candidate_exists,review_only,relational_review_only,1,relational|RELATIONAL|identity|_|verbal,,appositive,asserted,relational,stanza_craft+coref_29a0b392_2:rel:0,stanza_craft+coref_29a0b392_1|stanza_craft+coref_29a0b392_2,HPRD50.d37.s0:stanza_craft+coref_29a0b392_1:projection-plan|HPRD50.d37.s0:stanza_craft+coref_29a0b392_2:projection-plan
hprd50,HPRD50.d38.s0,0,1,positive,positive,emitted,pair_candidate_exists,applied,emitted,1,structural|AB|cross-link|to|passive,cross-link,clause,asserted,directed,stanza_craft+coref_656af10c_1:rel:0,stanza_craft+coref_656af10c_0|stanza_craft+coref_656af10c_1|stanza_craft+coref_656af10c_2,HPRD50.d38.s0:stanza_craft+coref_656af10c_0:projection-plan|HPRD50.d38.s0:stanza_craft+coref_656af10c_1:projection-plan|HPRD50.d38.s0:stanza_craft+coref_656af10c_2:projection-plan
hprd50,HPRD50.d38.s0,0,2,positive,positive,emitted,pair_candidate_exists,applied,emitted,1,structural|AB|cross-link|to|passive,cross-link,clause,asserted,directed,stanza_craft+coref_656af10c_1:rel:1,stanza_craft+coref_656af10c_0|stanza_craft+coref_656af10c_1|stanza_craft+coref_656af10c_2,HPRD50.d38.s0:stanza_craft+coref_656af10c_0:projection-plan|HPRD50.d38.s0:stanza_craft+coref_656af10c_1:projection-plan|HPRD50.d38.s0:stanza_craft+coref_656af10c_2:projection-plan
hprd50,HPRD50.d38.s0,0,3,positive,positive,emitted,pair_candidate_exists,applied,emitted,1,structural|AB|cross-link|to|passive,cross-link,clause,asserted,directed,stanza_craft+coref_656af10c_1:rel:2,stanza_craft+coref_656af10c_0|stanza_craft+coref_656af10c_1|stanza_craft+coref_656af10c_2,HPRD50.d38.s0:stanza_craft+coref_656af10c_0:projection-plan|HPRD50.d38.s0:stanza_craft+coref_656af10c_1:projection-plan|HPRD50.d38.s0:stanza_craft+coref_656af10c_2:projection-plan
hprd50,HPRD50.d38.s0,0,4,positive,positive,emitted,pair_candidate_exists,applied,emitted,1,structural|AB|cross-link|to|passive,cross-link,clause,asserted,directed,stanza_craft+coref_656af10c_1:rel:3,stanza_craft+coref_656af10c_0|stanza_craft+coref_656af10c_1|stanza_craft+coref_656af10c_2,HPRD50.d38.s0:stanza_craft+coref_656af10c_0:projection-plan|HPRD50.d38.s0:stanza_craft+coref_656af10c_1:projection-plan|HPRD50.d38.s0:stanza_craft+coref_656af10c_2:projection-plan
hprd50,HPRD50.d38.s0,0,5,positive,negative,argument_not_bound,separate_events,not_generated,argument_not_bound,0,,,,,,,stanza_craft+coref_656af10c_0|stanza_craft+coref_656af10c_1|stanza_craft+coref_656af10c_2,HPRD50.d38.s0:stanza_craft+coref_656af10c_0:projection-plan|HPRD50.d38.s0:stanza_craft+coref_656af10c_1:projection-plan|HPRD50.d38.s0:stanza_craft+coref_656af10c_2:projection-plan
hprd50,HPRD50.d38.s0,1,2,negative,negative,pair_not_proposed,same_event_no_pair,not_generated,pair_not_proposed,0,,,,,,,stanza_craft+coref_656af10c_0|stanza_craft+coref_656af10c_1|stanza_craft+coref_656af10c_2,HPRD50.d38.s0:stanza_craft+coref_656af10c_0:projection-plan|HPRD50.d38.s0:stanza_craft+coref_656af10c_1:projection-plan|HPRD50.d38.s0:stanza_craft+coref_656af10c_2:projection-plan
hprd50,HPRD50.d38.s0,1,3,negative,negative,pair_not_proposed,same_event_no_pair,not_generated,pair_not_proposed,0,,,,,,,stanza_craft+coref_656af10c_0|stanza_craft+coref_656af10c_1|stanza_craft+coref_656af10c_2,HPRD50.d38.s0:stanza_craft+coref_656af10c_0:projection-plan|HPRD50.d38.s0:stanza_craft+coref_656af10c_1:projection-plan|HPRD50.d38.s0:stanza_craft+coref_656af10c_2:projection-plan
hprd50,HPRD50.d38.s0,1,4,negative,negative,pair_not_proposed,same_event_no_pair,not_generated,pair_not_proposed,0,,,,,,,stanza_craft+coref_656af10c_0|stanza_craft+coref_656af10c_1|stanza_craft+coref_656af10c_2,HPRD50.d38.s0:stanza_craft+coref_656af10c_0:projection-plan|HPRD50.d38.s0:stanza_craft+coref_656af10c_1:projection-plan|HPRD50.d38.s0:stanza_craft+coref_656af10c_2:projection-plan
hprd50,HPRD50.d38.s0,1,5,negative,positive,emitted_gold_disagreement,pair_candidate_exists,applied,emitted_gold_disagreement,1,structural|AB|relate|to|passive,relate,clause,asserted,directed,stanza_craft+coref_656af10c_2:rel:0,stanza_craft+coref_656af10c_0|stanza_craft+coref_656af10c_1|stanza_craft+coref_656af10c_2,HPRD50.d38.s0:stanza_craft+coref_656af10c_0:projection-plan|HPRD50.d38.s0:stanza_craft+coref_656af10c_1:projection-plan|HPRD50.d38.s0:stanza_craft+coref_656af10c_2:projection-plan
hprd50,HPRD50.d38.s0,2,3,negative,negative,pair_not_proposed,same_event_no_pair,not_generated,pair_not_proposed,0,,,,,,,stanza_craft+coref_656af10c_0|stanza_craft+coref_656af10c_1|stanza_craft+coref_656af10c_2,HPRD50.d38.s0:stanza_craft+coref_656af10c_0:projection-plan|HPRD50.d38.s0:stanza_craft+coref_656af10c_1:projection-plan|HPRD50.d38.s0:stanza_craft+coref_656af10c_2:projection-plan
hprd50,HPRD50.d38.s0,2,4,negative,negative,pair_not_proposed,same_event_no_pair,not_generated,pair_not_proposed,0,,,,,,,stanza_craft+coref_656af10c_0|stanza_craft+coref_656af10c_1|stanza_craft+coref_656af10c_2,HPRD50.d38.s0:stanza_craft+coref_656af10c_0:projection-plan|HPRD50.d38.s0:stanza_craft+coref_656af10c_1:projection-plan|HPRD50.d38.s0:stanza_craft+coref_656af10c_2:projection-plan
hprd50,HPRD50.d38.s0,2,5,negative,positive,emitted_gold_disagreement,pair_candidate_exists,applied,emitted_gold_disagreement,1,structural|AB|relate|to|passive,relate,clause,asserted,directed,stanza_craft+coref_656af10c_2:rel:1,stanza_craft+coref_656af10c_0|stanza_craft+coref_656af10c_1|stanza_craft+coref_656af10c_2,HPRD50.d38.s0:stanza_craft+coref_656af10c_0:projection-plan|HPRD50.d38.s0:stanza_craft+coref_656af10c_1:projection-plan|HPRD50.d38.s0:stanza_craft+coref_656af10c_2:projection-plan
hprd50,HPRD50.d38.s0,3,4,negative,negative,pair_not_proposed,same_event_no_pair,not_generated,pair_not_proposed,0,,,,,,,stanza_craft+coref_656af10c_0|stanza_craft+coref_656af10c_1|stanza_craft+coref_656af10c_2,HPRD50.d38.s0:stanza_craft+coref_656af10c_0:projection-plan|HPRD50.d38.s0:stanza_craft+coref_656af10c_1:projection-plan|HPRD50.d38.s0:stanza_craft+coref_656af10c_2:projection-plan
hprd50,HPRD50.d38.s0,3,5,negative,positive,emitted_gold_disagreement,pair_candidate_exists,applied,emitted_gold_disagreement,1,structural|AB|relate|to|passive,relate,clause,asserted,directed,stanza_craft+coref_656af10c_2:rel:2,stanza_craft+coref_656af10c_0|stanza_craft+coref_656af10c_1|stanza_craft+coref_656af10c_2,HPRD50.d38.s0:stanza_craft+coref_656af10c_0:projection-plan|HPRD50.d38.s0:stanza_craft+coref_656af10c_1:projection-plan|HPRD50.d38.s0:stanza_craft+coref_656af10c_2:projection-plan
hprd50,HPRD50.d38.s0,4,5,negative,positive,emitted_gold_disagreement,pair_candidate_exists,applied,emitted_gold_disagreement,1,structural|AB|relate|to|passive,relate,clause,asserted,directed,stanza_craft+coref_656af10c_2:rel:3,stanza_craft+coref_656af10c_0|stanza_craft+coref_656af10c_1|stanza_craft+coref_656af10c_2,HPRD50.d38.s0:stanza_craft+coref_656af10c_0:projection-plan|HPRD50.d38.s0:stanza_craft+coref_656af10c_1:projection-plan|HPRD50.d38.s0:stanza_craft+coref_656af10c_2:projection-plan
hprd50,HPRD50.d38.s1,0,1,negative,positive,emitted_gold_disagreement,pair_candidate_exists,applied,emitted_gold_disagreement,1,structural|AB|cross-link|_|verbal,cross-link,clause,asserted,directed,stanza_craft+coref_ba77d9a1_1:rel:0,stanza_craft+coref_ba77d9a1_0|stanza_craft+coref_ba77d9a1_1,HPRD50.d38.s1:stanza_craft+coref_ba77d9a1_0:projection-plan|HPRD50.d38.s1:stanza_craft+coref_ba77d9a1_1:projection-plan
hprd50,HPRD50.d38.s1,0,2,negative,positive,emitted_gold_disagreement,pair_candidate_exists,applied,emitted_gold_disagreement,1,structural|AB|cross-link|_|verbal,cross-link,clause,asserted,directed,stanza_craft+coref_ba77d9a1_1:rel:1,stanza_craft+coref_ba77d9a1_0|stanza_craft+coref_ba77d9a1_1,HPRD50.d38.s1:stanza_craft+coref_ba77d9a1_0:projection-plan|HPRD50.d38.s1:stanza_craft+coref_ba77d9a1_1:projection-plan
hprd50,HPRD50.d38.s1,1,2,negative,negative,pair_not_proposed,same_event_no_pair,not_generated,pair_not_proposed,0,,,,,,,stanza_craft+coref_ba77d9a1_1,HPRD50.d38.s1:stanza_craft+coref_ba77d9a1_1:projection-plan
hprd50,HPRD50.d39.s0,0,2,positive,negative,argument_not_bound,one_endpoint,not_generated,argument_not_bound,0,,,,,,,stanza_craft+coref_71e42124_1,HPRD50.d39.s0:stanza_craft+coref_71e42124_1:projection-plan
hprd50,HPRD50.d39.s0,1,2,positive,positive,emitted,pair_candidate_exists,applied,emitted,1,structural|AB|interact|with|verbal,interact,clause,asserted,directed,stanza_craft+coref_71e42124_1:rel:0,stanza_craft+coref_71e42124_0|stanza_craft+coref_71e42124_1,HPRD50.d39.s0:stanza_craft+coref_71e42124_0:projection-plan|HPRD50.d39.s0:stanza_craft+coref_71e42124_1:projection-plan
hprd50,HPRD50.d4.s0,0,1,negative,positive,emitted_gold_disagreement,pair_candidate_exists,applied,emitted_gold_disagreement,1,structural|AA|complex|with|nominalized,complex,event_nominal,asserted,undirected,stanza_craft+coref_ac90df15_0:rel:0,stanza_craft+coref_ac90df15_0,HPRD50.d4.s0:stanza_craft+coref_ac90df15_0:projection-plan
hprd50,HPRD50.d4.s1,0,1,positive,positive,emitted,pair_candidate_exists,applied,emitted,1,structural|AB|bind|_|verbal,bind,clause,asserted,directed,stanza_craft+coref_7f7b433b_0:rel:0,stanza_craft+coref_7f7b433b_0,HPRD50.d4.s1:stanza_craft+coref_7f7b433b_0:projection-plan
hprd50,HPRD50.d4.s1,0,2,positive,positive,emitted,pair_candidate_exists,applied,emitted,1,structural|AB|bind|besides|verbal,bind,clause,asserted,directed,stanza_craft+coref_7f7b433b_0:rel:1,stanza_craft+coref_7f7b433b_0,HPRD50.d4.s1:stanza_craft+coref_7f7b433b_0:projection-plan
hprd50,HPRD50.d4.s1,0,3,positive,positive,emitted,pair_candidate_exists,applied,emitted,1,structural|AB|bind|besides|verbal,bind,clause,asserted,directed,stanza_craft+coref_7f7b433b_0:rel:2,stanza_craft+coref_7f7b433b_0,HPRD50.d4.s1:stanza_craft+coref_7f7b433b_0:projection-plan
hprd50,HPRD50.d4.s1,1,2,negative,negative,pair_not_proposed,same_event_no_pair,not_generated,pair_not_proposed,0,,,,,,,stanza_craft+coref_7f7b433b_0,HPRD50.d4.s1:stanza_craft+coref_7f7b433b_0:projection-plan
hprd50,HPRD50.d4.s1,1,3,negative,negative,pair_not_proposed,same_event_no_pair,not_generated,pair_not_proposed,0,,,,,,,stanza_craft+coref_7f7b433b_0,HPRD50.d4.s1:stanza_craft+coref_7f7b433b_0:projection-plan
hprd50,HPRD50.d4.s1,2,3,negative,negative,pair_not_proposed,same_event_no_pair,not_generated,pair_not_proposed,0,,,,,,,stanza_craft+coref_7f7b433b_0,HPRD50.d4.s1:stanza_craft+coref_7f7b433b_0:projection-plan
hprd50,HPRD50.d40.s0,0,1,positive,positive,emitted,pair_candidate_exists,applied,emitted,1,structural|AB|result|in|verbal,result,clause,asserted,directed,stanza_craft+coref_90c51995_0:rel:0,stanza_craft+coref_90c51995_0,HPRD50.d40.s0:stanza_craft+coref_90c51995_0:projection-plan
hprd50,HPRD50.d40.s1,0,1,positive,negative,relational_review_only,pair_candidate_exists,review_only,relational_review_only,1,relational|RELATIONAL|determinant|_|nominalized,determinant,clause,asserted,relational,stanza_craft+coref_cde5164e_1:rel:0,stanza_craft+coref_cde5164e_1|stanza_craft+coref_cde5164e_2,HPRD50.d40.s1:stanza_craft+coref_cde5164e_1:projection-plan|HPRD50.d40.s1:stanza_craft+coref_cde5164e_2:projection-plan
hprd50,HPRD50.d41.s0,0,1,positive,positive,emitted,pair_candidate_exists,applied,emitted,1,structural|AB|interact|in|verbal,interact,clause,asserted,directed,stanza_craft+coref_8d81dd8c_0:rel:0,stanza_craft+coref_8d81dd8c_0|stanza_craft+coref_8d81dd8c_1,HPRD50.d41.s0:stanza_craft+coref_8d81dd8c_0:projection-plan|HPRD50.d41.s0:stanza_craft+coref_8d81dd8c_1:projection-plan
hprd50,HPRD50.d42.s1,0,1,negative,negative,assertion_suppressed,pair_candidate_exists,blocked_assertion,assertion_suppressed,1,structural|AB|interact|in|verbal,interact,clause,negated,directed,stanza_craft+coref_2ec12ca6_0:rel:0,stanza_craft+coref_2ec12ca6_0,HPRD50.d42.s1:stanza_craft+coref_2ec12ca6_0:projection-plan
hprd50,HPRD50.d42.s2,0,1,positive,positive,emitted,pair_candidate_exists,applied,emitted,1,structural|AB|interact|with|verbal,interact,clause,asserted,directed,stanza_craft+coref_0285f348_0:rel:0,stanza_craft+coref_0285f348_0,HPRD50.d42.s2:stanza_craft+coref_0285f348_0:projection-plan
hprd50,HPRD50.d42.s2,0,2,positive,positive,emitted,pair_candidate_exists,applied,emitted,1,structural|AB|interact|with|verbal,interact,clause,asserted,directed,stanza_craft+coref_0285f348_0:rel:1,stanza_craft+coref_0285f348_0,HPRD50.d42.s2:stanza_craft+coref_0285f348_0:projection-plan
hprd50,HPRD50.d42.s2,0,3,negative,negative,pair_not_proposed,same_event_no_pair,not_generated,pair_not_proposed,0,,,,,,,stanza_craft+coref_0285f348_0,HPRD50.d42.s2:stanza_craft+coref_0285f348_0:projection-plan
hprd50,HPRD50.d42.s2,1,2,negative,negative,pair_not_proposed,same_event_no_pair,not_generated,pair_not_proposed,0,,,,,,,stanza_craft+coref_0285f348_0,HPRD50.d42.s2:stanza_craft+coref_0285f348_0:projection-plan
hprd50,HPRD50.d42.s2,1,3,negative,negative,pair_not_proposed,same_event_no_pair,not_generated,pair_not_proposed,0,,,,,,,stanza_craft+coref_0285f348_0,HPRD50.d42.s2:stanza_craft+coref_0285f348_0:projection-plan
hprd50,HPRD50.d42.s2,2,3,negative,negative,pair_not_proposed,same_event_no_pair,not_generated,pair_not_proposed,0,,,,,,,stanza_craft+coref_0285f348_0,HPRD50.d42.s2:stanza_craft+coref_0285f348_0:projection-plan
hprd50,HPRD50.d42.s4,0,1,negative,positive,emitted_gold_disagreement,pair_candidate_exists,applied,emitted_gold_disagreement,1,structural|AB|coactivate|in|verbal,coactivate,clause,asserted,directed,stanza_craft+coref_0a62d9a3_0:rel:0,stanza_craft+coref_0a62d9a3_0,HPRD50.d42.s4:stanza_craft+coref_0a62d9a3_0:projection-plan
hprd50,HPRD50.d42.s5,0,1,negative,negative,pair_not_proposed,same_event_no_pair,not_generated,pair_not_proposed,0,,,,,,,stanza_craft+coref_335bd1fe_0|stanza_craft+coref_335bd1fe_1,HPRD50.d42.s5:stanza_craft+coref_335bd1fe_0:projection-plan|HPRD50.d42.s5:stanza_craft+coref_335bd1fe_1:projection-plan
hprd50,HPRD50.d5.s0,0,1,positive,positive,emitted,pair_candidate_exists,applied,emitted,1,structural|AB|regulate|through|verbal,regulate,clause,asserted,directed,stanza_craft+coref_256492dc_0:rel:0,stanza_craft+coref_256492dc_0,HPRD50.d5.s0:stanza_craft+coref_256492dc_0:projection-plan
hprd50,HPRD50.d5.s1,0,1,positive,negative,pair_not_proposed,same_event_no_pair,not_generated,pair_not_proposed,0,,,,,,,stanza_craft+coref_bb54652a_1,HPRD50.d5.s1:stanza_craft+coref_bb54652a_1:projection-plan
hprd50,HPRD50.d5.s2,0,1,positive,positive,emitted,pair_candidate_exists,applied,emitted,1,structural|AB|depend|on|verbal,depend,clause,asserted,directed,stanza_craft+coref_247a73d5_0:rel:0,stanza_craft+coref_247a73d5_0,HPRD50.d5.s2:stanza_craft+coref_247a73d5_0:projection-plan
hprd50,HPRD50.d5.s3,0,1,positive,positive,emitted,pair_candidate_exists,applied,emitted,1,structural|AB|induce|_|verbal,induce,clause,asserted,directed,stanza_craft+coref_8911c1a8_0:rel:0,stanza_craft+coref_8911c1a8_0,HPRD50.d5.s3:stanza_craft+coref_8911c1a8_0:projection-plan
hprd50,HPRD50.d5.s4,0,1,positive,negative,argument_not_bound,separate_events,not_generated,argument_not_bound,0,,,,,,,stanza_craft+coref_5684385c_0|stanza_craft+coref_5684385c_1|stanza_craft+coref_5684385c_2,HPRD50.d5.s4:stanza_craft+coref_5684385c_0:projection-plan|HPRD50.d5.s4:stanza_craft+coref_5684385c_1:projection-plan|HPRD50.d5.s4:stanza_craft+coref_5684385c_2:projection-plan
hprd50,HPRD50.d5.s5,0,1,positive,positive,emitted,pair_candidate_exists,applied,emitted,1,structural|AB|involve|in|passive,involve,clause,asserted,directed,stanza_craft+coref_170a9317_0:rel:0,stanza_craft+coref_170a9317_0|stanza_craft+coref_170a9317_1,HPRD50.d5.s5:stanza_craft+coref_170a9317_0:projection-plan|HPRD50.d5.s5:stanza_craft+coref_170a9317_1:projection-plan
hprd50,HPRD50.d6.s0,0,1,negative,negative,pair_not_proposed,same_event_no_pair,not_generated,pair_not_proposed,0,,,,,,,stanza_craft+coref_a6cd88a3_0|stanza_craft+coref_a6cd88a3_1,HPRD50.d6.s0:stanza_craft+coref_a6cd88a3_0:projection-plan|HPRD50.d6.s0:stanza_craft+coref_a6cd88a3_1:projection-plan
hprd50,HPRD50.d6.s1,0,1,negative,negative,pair_not_proposed,same_event_no_pair,not_generated,pair_not_proposed,0,,,,,,,stanza_craft+coref_0e127aab_1,HPRD50.d6.s1:stanza_craft+coref_0e127aab_1:projection-plan
hprd50,HPRD50.d6.s2,0,1,negative,negative,relational_review_only,pair_candidate_exists,review_only,relational_review_only,1,relational|RELATIONAL|is-a|_|verbal,,appositive,asserted,relational,stanza_craft+coref_31c64c2a_2:rel:0,stanza_craft+coref_31c64c2a_0|stanza_craft+coref_31c64c2a_1|stanza_craft+coref_31c64c2a_2,HPRD50.d6.s2:stanza_craft+coref_31c64c2a_0:projection-plan|HPRD50.d6.s2:stanza_craft+coref_31c64c2a_1:projection-plan|HPRD50.d6.s2:stanza_craft+coref_31c64c2a_2:projection-plan
hprd50,HPRD50.d6.s2,0,2,negative,negative,pair_not_proposed,same_event_no_pair,not_generated,pair_not_proposed,0,,,,,,,stanza_craft+coref_31c64c2a_0|stanza_craft+coref_31c64c2a_1|stanza_craft+coref_31c64c2a_2,HPRD50.d6.s2:stanza_craft+coref_31c64c2a_0:projection-plan|HPRD50.d6.s2:stanza_craft+coref_31c64c2a_1:projection-plan|HPRD50.d6.s2:stanza_craft+coref_31c64c2a_2:projection-plan
hprd50,HPRD50.d6.s2,1,2,negative,negative,pair_not_proposed,same_event_no_pair,not_generated,pair_not_proposed,0,,,,,,,stanza_craft+coref_31c64c2a_0|stanza_craft+coref_31c64c2a_1|stanza_craft+coref_31c64c2a_2,HPRD50.d6.s2:stanza_craft+coref_31c64c2a_0:projection-plan|HPRD50.d6.s2:stanza_craft+coref_31c64c2a_1:projection-plan|HPRD50.d6.s2:stanza_craft+coref_31c64c2a_2:projection-plan
hprd50,HPRD50.d6.s3,0,1,negative,negative,pair_not_proposed,same_event_no_pair,not_generated,pair_not_proposed,0,,,,,,,stanza_craft+coref_65192c08_0,HPRD50.d6.s3:stanza_craft+coref_65192c08_0:projection-plan
hprd50,HPRD50.d6.s3,0,2,negative,negative,pair_not_proposed,same_event_no_pair,not_generated,pair_not_proposed,0,,,,,,,stanza_craft+coref_65192c08_0,HPRD50.d6.s3:stanza_craft+coref_65192c08_0:projection-plan
hprd50,HPRD50.d6.s3,1,2,negative,negative,pair_not_proposed,same_event_no_pair,not_generated,pair_not_proposed,0,,,,,,,stanza_craft+coref_65192c08_0,HPRD50.d6.s3:stanza_craft+coref_65192c08_0:projection-plan
hprd50,HPRD50.d6.s4,0,1,positive,negative,event_not_found,neither_endpoint,not_generated,event_not_found,0,,,,,,,,
hprd50,HPRD50.d7.s0,0,1,positive,positive,emitted,pair_candidate_exists,applied,emitted,1,structural|AB|suppress|via|nominalized,suppress,event_nominal,asserted,directed,stanza_craft+coref_dce54a33_0:rel:0,stanza_craft+coref_dce54a33_0,HPRD50.d7.s0:stanza_craft+coref_dce54a33_0:projection-plan
hprd50,HPRD50.d7.s1,0,1,negative,negative,pair_not_proposed,same_event_no_pair,not_generated,pair_not_proposed,0,,,,,,,stanza_craft+coref_0ce27939_1|stanza_craft+coref_0ce27939_2,HPRD50.d7.s1:stanza_craft+coref_0ce27939_1:projection-plan|HPRD50.d7.s1:stanza_craft+coref_0ce27939_2:projection-plan
hprd50,HPRD50.d7.s2,2,3,negative,positive,emitted_gold_disagreement,pair_candidate_exists,applied,emitted_gold_disagreement,2,relational|RELATIONAL|is-a|_|verbal,,appositive,asserted,relational,stanza_craft+coref_dc98b89b_2:rel:0|stanza_craft+coref_dc98b89b_3:rel:0,stanza_craft+coref_dc98b89b_1|stanza_craft+coref_dc98b89b_2|stanza_craft+coref_dc98b89b_3,HPRD50.d7.s2:stanza_craft+coref_dc98b89b_1:projection-plan|HPRD50.d7.s2:stanza_craft+coref_dc98b89b_2:projection-plan|HPRD50.d7.s2:stanza_craft+coref_dc98b89b_3:projection-plan
