corpus,sentence_id,carrier_word,pattern_key,role,is_evaluable,gold_positive,gold_label
aimed,AIMed.d0.s1,relationship,structural|AB|investigate|_|verbal,targets,0,0,unlabeled
aimed,AIMed.d0.s10,predictor,relational|RELATIONAL|predictor|_|nominalized,entities_b,0,0,unlabeled
aimed,AIMed.d0.s6,level,structural|AB|increase|follow|passive,sources,1,0,negative
aimed,AIMed.d0.s6,treatment,structural|AB|increase|follow|passive,targets,1,0,negative
aimed,AIMed.d0.s7,level,structural|AB|decrease|_|verbal,sources,0,0,unlabeled
aimed,AIMed.d0.s9,therapy,structural|AB|modulate|_|verbal,sources,0,0,unlabeled
aimed,AIMed.d1.s12,distribution,structural|AB|describe|for|verbal,targets,0,0,unlabeled
aimed,AIMed.d1.s12,mrna,structural|AB|describe|for|verbal,targets,0,0,unlabeled
aimed,AIMed.d1.s15,mrna,structural|AB|distribute|_|passive,targets,0,0,unlabeled
aimed,AIMed.d1.s16,evidence,structural|AB|provide|_|verbal,targets,0,0,unlabeled
aimed,AIMed.d1.s16,role,structural|AB|suggest|_|verbal,targets,0,0,unlabeled
aimed,AIMed.d100.s843,cloning,structural|AB|implicate|_|passive,targets,0,0,unlabeled
aimed,AIMed.d100.s844,action,structural|AB|require|_|verbal,targets,0,0,unlabeled
aimed,AIMed.d100.s846,complex,structural|AB|form|_|verbal,targets,0,0,unlabeled
aimed,AIMed.d100.s847,relationship,structural|AB|define|_|verbal,targets,0,0,unlabeled
aimed,AIMed.d100.s848,cloning,structural|AB|describe|_|verbal,targets,0,0,unlabeled
aimed,AIMed.d100.s848,taf,relational|RELATIONAL|is-a|_|verbal,entities_a,0,0,unlabeled
aimed,AIMed.d100.s849,gene,structural|AB|implicate|_|passive,targets,0,0,unlabeled
aimed,AIMed.d100.s849,gene,relational|RELATIONAL|is-a|_|verbal,entities_a,0,0,unlabeled
aimed,AIMed.d100.s851,assembly,structural|AB|play|in|verbal,targets,0,0,unlabeled
aimed,AIMed.d101.s852,association,structural|AB|mediate|_|verbal,targets,0,0,unlabeled
aimed,AIMed.d101.s853,oncoprotein,structural|AB|form|_|verbal,sources,1,1,positive
aimed,AIMed.d101.s855,ability,structural|AB|interact|with|verbal,sources,1,1,positive
aimed,AIMed.d101.s855,ability,structural|AB|investigate|_|passive,targets,0,0,unlabeled
aimed,AIMed.d101.s857,activator,relational|RELATIONAL|is-a|_|verbal,entities_a,0,0,unlabeled
aimed,AIMed.d101.s857,proteins,structural|AB|interact|with|verbal,targets,1,1,positive
aimed,AIMed.d101.s857,region,structural|AB|interact|with|verbal,sources,1,1,positive
aimed,AIMed.d101.s858,proteins,structural|AB|function|_|verbal,sources,0,0,unlabeled
aimed,AIMed.d101.s858,proteins,structural|AB|recruit|_|verbal,sources,0,0,unlabeled
aimed,AIMed.d102.s859,gene,structural|AB|bind|to|verbal,sources,1,1,positive
aimed,AIMed.d102.s862,stimulation,structural|AB|abrogate|_|passive,targets,0,0,unlabeled
aimed,AIMed.d102.s863,cycle,relational|RELATIONAL|is-a|_|verbal,entities_a,0,0,unlabeled
aimed,AIMed.d102.s863,mutation,structural|AB|contain|_|verbal,targets,0,0,unlabeled
aimed,AIMed.d102.s863,mutation,structural|AB|identify|_|passive,targets,0,0,unlabeled
aimed,AIMed.d102.s864,introduction,structural|AB|restore|_|passive,sources,1,0,negative
aimed,AIMed.d102.s864,stimulation,structural|AB|restore|_|passive,targets,1,0,negative
aimed,AIMed.d103.s867,factor,relational|RELATIONAL|is-a|_|verbal,entities_a,0,0,unlabeled
aimed,AIMed.d103.s868,cell,structural|AB|encode|from|verbal,targets,1,0,negative
aimed,AIMed.d103.s868,cell,structural|AA|complex|_|compound_state,participants,1,0,negative
aimed,AIMed.d103.s868,homologue,structural|AB|clone|_|verbal,targets,0,0,unlabeled
aimed,AIMed.d103.s868,homologue,structural|AB|encode|from|verbal,sources,1,0,negative
aimed,AIMed.d103.s868,species,structural|AB|lack|_|verbal,sources,1,0,negative
aimed,AIMed.d103.s869,homologue,relational|RELATIONAL|homologue|_|nominalized,entities_b,0,0,unlabeled
aimed,AIMed.d103.s870,series,structural|AB|identify|_|verbal,targets,0,0,unlabeled
aimed,AIMed.d103.s873,binding,structural|AB|require|_|verbal,sources,0,0,unlabeled
aimed,AIMed.d103.s875,complex,structural|AA|complex|_|compound_state,participants,1,0,negative
aimed,AIMed.d104.s877,factor,structural|AB|play|_|verbal,sources,0,0,unlabeled
aimed,AIMed.d104.s877,factor,relational|RELATIONAL|is-a|_|verbal,entities_a,0,0,unlabeled
aimed,AIMed.d104.s878,association,structural|AB|inhibit|_|passive,sources,0,0,unlabeled
aimed,AIMed.d104.s879,cdna,structural|AB|clone|from|passive,targets,0,0,unlabeled
aimed,AIMed.d104.s879,cdna,structural|AB|designate|from|passive,targets,0,0,unlabeled
aimed,AIMed.d104.s879,family,structural|AB|identify|_|passive,targets,0,0,unlabeled
aimed,AIMed.d104.s881,family,relational|RELATIONAL|family|_|nominalized,entities_b,0,0,unlabeled
aimed,AIMed.d104.s882,family,structural|AB|bind|to|verbal,targets,1,0,negative
aimed,AIMed.d104.s883,complex,structural|AB|display|_|verbal,sources,0,0,unlabeled
aimed,AIMed.d104.s883,specificity,structural|AB|mediate|_|passive,targets,1,0,negative
aimed,AIMed.d104.s883,subunit,structural|AB|mediate|_|passive,sources,1,0,negative
aimed,AIMed.d105.s884,formation,structural|AB|trigger|_|verbal,targets,1,1,positive
aimed,AIMed.d105.s884,site,structural|AB|trigger|_|verbal,sources,1,1,positive
aimed,AIMed.d105.s885,cytokine,structural|AB|form|_|verbal,sources,0,0,unlabeled
aimed,AIMed.d105.s885,homodimerization,structural|AB|promote|_|verbal,targets,0,0,unlabeled
aimed,AIMed.d105.s885,signalling,relational|RELATIONAL|is-a|_|verbal,entities_a,0,0,unlabeled
aimed,AIMed.d105.s887,presence,structural|AB|perform|_|passive,contexts,0,0,unlabeled
aimed,AIMed.d105.s887,variant,structural|AB|carry|_|verbal,sources,0,0,unlabeled
aimed,AIMed.d105.s889,molecule,structural|AB|bind|_|verbal,targets,1,1,positive
aimed,AIMed.d105.s889,molecule,structural|AB|dimerize|_|verbal,targets,0,0,unlabeled
aimed,AIMed.d105.s889,site,structural|AB|complex|with|passive,sources,1,1,positive
aimed,AIMed.d105.s889,site,structural|AB|bind|_|verbal,sources,1,1,positive
aimed,AIMed.d105.s889,site,structural|AB|dimerize|_|verbal,sources,0,0,unlabeled
aimed,AIMed.d105.s890,dimer,structural|AB|form|on|passive,sources,1,0,negative
aimed,AIMed.d105.s890,site,structural|AB|form|on|passive,targets,1,0,negative
aimed,AIMed.d105.s891,molecule,structural|AB|compose|of|passive,targets,0,0,unlabeled
aimed,AIMed.d105.s892,complex,structural|AB|represent|_|verbal,targets,0,0,unlabeled
aimed,AIMed.d106.s893,interaction,structural|AB|tie|_|verbal,sources,0,0,unlabeled
aimed,AIMed.d106.s894,proto-oncogene,structural|AB|transduce|_|verbal,sources,0,0,unlabeled
aimed,AIMed.d106.s898,activation,structural|AB|mediate|_|passive,targets,1,0,negative
aimed,AIMed.d107.s900,cascade,structural|AB|position|_|passive,contexts,0,0,unlabeled
aimed,AIMed.d107.s901,half,structural|AB|encode|of|verbal,targets,0,0,unlabeled
aimed,AIMed.d107.s902,1,structural|AB|encode|of|verbal,targets,0,0,unlabeled
aimed,AIMed.d107.s902,subunit,structural|AB|bind|_|verbal,sources,0,0,unlabeled
aimed,AIMed.d107.s903,assay,structural|AB|indicate|_|verbal,sources,0,0,unlabeled
aimed,AIMed.d107.s903,determinant,relational|RELATIONAL|determinant|_|nominalized,entities_b,0,0,unlabeled
aimed,AIMed.d107.s904,carboxyl,structural|AB|block|_|verbal,sources,0,0,unlabeled
aimed,AIMed.d107.s904,proteins,structural|AB|have|_|verbal,sources,0,0,unlabeled
aimed,AIMed.d107.s904,proteins,relational|RELATIONAL|is-a|_|verbal,entities_a,0,0,unlabeled
aimed,AIMed.d107.s906,amount,structural|AB|disrupt|_|passive,sources,0,0,unlabeled
aimed,AIMed.d107.s907,complex,structural|AB|isolate|_|passive,targets,0,0,unlabeled
aimed,AIMed.d108.s909,activation,structural|AB|mediate|_|passive,targets,1,1,positive
aimed,AIMed.d108.s910,protein,structural|AB|enhance|_|verbal,sources,0,0,unlabeled
aimed,AIMed.d108.s910,protein,structural|AB|control|_|verbal,sources,0,0,unlabeled
aimed,AIMed.d108.s910,protein,relational|RELATIONAL|is-a|_|verbal,entities_a,0,0,unlabeled
aimed,AIMed.d108.s912,complex,structural|AA|complex|_|compound_state,participants,1,0,negative
aimed,AIMed.d108.s912,complex,relational|RELATIONAL|is-a|_|verbal,entities_a,0,0,unlabeled
aimed,AIMed.d108.s913,mutation,structural|AB|impair|_|verbal,sources,0,0,unlabeled
aimed,AIMed.d108.s914,complex,structural|AB|contain|_|verbal,sources,1,0,negative
aimed,AIMed.d108.s914,complex,structural|AB|support|_|verbal,sources,0,0,unlabeled
aimed,AIMed.d108.s914,complex,structural|AA|complex|_|compound_state,participants,1,0,negative
aimed,AIMed.d108.s915,activation,structural|AB|transmit|_|verbal,targets,1,1,positive
aimed,AIMed.d109.s916,bzip,structural|AB|bind|_|passive,targets,0,0,unlabeled
aimed,AIMed.d109.s916,bzip,relational|RELATIONAL|is-a|_|verbal,entities_a,0,0,unlabeled
aimed,AIMed.d109.s917,family,structural|AB|heterodimerize|_|verbal,sources,0,0,unlabeled
aimed,AIMed.d109.s917,family,structural|AB|form|_|verbal,sources,1,1,positive
aimed,AIMed.d109.s918,bzip,structural|AB|bind|of|passive,targets,0,0,unlabeled
aimed,AIMed.d109.s918,heterodimer,structural|AA|heterodimer|_|compound_state,participants,1,1,positive
aimed,AIMed.d109.s918,structure,structural|AB|determine|_|verbal,targets,0,0,unlabeled
aimed,AIMed.d109.s921,heterodimer,structural|AB|recognize|_|verbal,sources,0,0,unlabeled
aimed,AIMed.d109.s921,heterodimer,structural|AA|heterodimer|_|compound_state,participants,1,1,positive
aimed,AIMed.d11.s88,relationship,structural|AB|elucidate|_|verbal,targets,0,0,unlabeled
aimed,AIMed.d11.s91,co-expression,structural|AB|have|_|verbal,sources,0,0,unlabeled
aimed,AIMed.d11.s94,expression,structural|AB|increase|_|verbal,sources,0,0,unlabeled
aimed,AIMed.d110.s923,subunit,structural|AA|interact|_|verbal,participants,0,0,unlabeled
aimed,AIMed.d110.s924,comprise,structural|AA|complex|_|compound_state,participants,1,0,negative
aimed,AIMed.d110.s926,taf,structural|AB|encode|_|verbal,targets,0,0,unlabeled
aimed,AIMed.d110.s926,taf,structural|AB|have|_|verbal,sources,0,0,unlabeled
aimed,AIMed.d110.s926,taf,relational|RELATIONAL|is-a|_|verbal,entities_a,0,0,unlabeled
aimed,AIMed.d110.s927,activator,structural|AB|interact|of|verbal,targets,1,1,positive
aimed,AIMed.d110.s927,subunit,structural|AB|interact|of|verbal,targets,1,1,positive
aimed,AIMed.d110.s928,interacting,structural|AB|localize|of|passive,targets,0,0,unlabeled
aimed,AIMed.d110.s929,taf,structural|AB|mediate|_|verbal,sources,0,0,unlabeled
aimed,AIMed.d111.s931,subunit,structural|AB|bind|of|passive,targets,0,0,unlabeled
aimed,AIMed.d111.s932,anchor,structural|AB|have|_|verbal,sources,0,0,unlabeled
aimed,AIMed.d111.s932,anchor,relational|RELATIONAL|is-a|_|verbal,entities_a,0,0,unlabeled
aimed,AIMed.d111.s933,binding,structural|AB|mediate|_|verbal,targets,0,0,unlabeled
aimed,AIMed.d111.s934,basis,structural|AB|investigate|for|verbal,targets,0,0,unlabeled
aimed,AIMed.d111.s936,subunit,structural|AB|generate|_|verbal,targets,0,0,unlabeled
aimed,AIMed.d111.s936,subunit,structural|AB|bind|_|verbal,sources,0,0,unlabeled
aimed,AIMed.d111.s937,affinity,structural|AB|inhibit|of|verbal,targets,1,0,negative
aimed,AIMed.d111.s937,monomer,structural|AB|bind|_|verbal,sources,0,0,unlabeled
aimed,AIMed.d111.s937,monomer,structural|AB|inhibit|of|verbal,sources,1,0,negative
aimed,AIMed.d111.s937,subunit,structural|AB|inhibit|of|verbal,targets,1,0,negative
aimed,AIMed.d111.s939,interaction,structural|AB|stabilize|_|verbal,targets,0,0,unlabeled
aimed,AIMed.d111.s941,affinity,structural|AB|modulate|for|verbal,targets,0,0,unlabeled
aimed,AIMed.d111.s941,site,structural|AB|modulate|for|verbal,targets,0,0,unlabeled
aimed,AIMed.d111.s942,avidly,relational|RELATIONAL|is-a|_|verbal,entities_a,0,0,unlabeled
aimed,AIMed.d111.s942,protein,structural|AB|produce|_|verbal,targets,0,0,unlabeled
aimed,AIMed.d111.s942,protein,structural|AB|bind|_|verbal,sources,1,1,positive
aimed,AIMed.d111.s943,region,structural|AA|interact|_|verbal,contexts,0,0,unlabeled
aimed,AIMed.d112.s944,kinase,structural|AB|associate|with|verbal,sources,1,1,positive
aimed,AIMed.d112.s944,kinase,structural|AB|associate|with|verbal,targets,1,1,positive
aimed,AIMed.d112.s944,kinase,relational|RELATIONAL|is-a|_|verbal,entities_a,0,0,unlabeled
aimed,AIMed.d112.s945,kda,structural|AB|contribute|_|verbal,sources,0,0,unlabeled
aimed,AIMed.d112.s952,associate,relational|RELATIONAL|is-a|_|verbal,entities_a,0,0,unlabeled
aimed,AIMed.d113.s957,family,structural|AB|homology|with|nominalized,sources,0,0,unlabeled
aimed,AIMed.d113.s957,family,structural|AB|form|_|verbal,sources,0,0,unlabeled
aimed,AIMed.d113.s957,protein,structural|AB|share|_|verbal,sources,0,0,unlabeled
aimed,AIMed.d113.s958,coexpression,structural|AB|provide|_|verbal,sources,0,0,unlabeled
aimed,AIMed.d113.s958,elevation,structural|AB|contain|_|verbal,targets,0,0,unlabeled
aimed,AIMed.d113.s960,need,structural|AB|reflect|_|verbal,targets,0,0,unlabeled
aimed,AIMed.d114.s961,exon,structural|AB|bind|of|verbal,targets,1,0,negative
aimed,AIMed.d114.s964,cdna,structural|AB|express|of|verbal,targets,0,0,unlabeled
aimed,AIMed.d114.s964,cooh,structural|AB|express|of|verbal,targets,0,0,unlabeled
aimed,AIMed.d114.s966,exon,structural|AB|encode|of|passive,targets,0,0,unlabeled
aimed,AIMed.d114.s968,relative,structural|AB|bind|to|verbal,sources,1,1,positive
aimed,AIMed.d114.s968,relative,relational|RELATIONAL|is-a|_|verbal,entities_a,0,0,unlabeled
aimed,AIMed.d114.s969,binding,structural|AB|occur|_|verbal,sources,0,0,unlabeled
aimed,AIMed.d115.s970,subunit,structural|AB|interact|of|nominalized,sources,1,0,negative
aimed,AIMed.d115.s970,subunit,structural|AB|interact|of|nominalized,targets,1,0,negative
aimed,AIMed.d115.s971,factor,structural|AB|bind|_|verbal,sources,0,0,unlabeled
aimed,AIMed.d115.s972,activator,structural|AB|bind|to|verbal,sources,1,0,negative
aimed,AIMed.d115.s972,activator,relational|RELATIONAL|is-a|_|verbal,entities_a,0,0,unlabeled
aimed,AIMed.d115.s972,factor,relational|RELATIONAL|target|_|nominalized,entities_a,1,0,negative
aimed,AIMed.d115.s972,factor,relational|RELATIONAL|is-a|_|verbal,entities_a,0,0,unlabeled
aimed,AIMed.d115.s972,promoter,structural|AB|bind|to|verbal,targets,1,0,negative
aimed,AIMed.d115.s972,target,relational|RELATIONAL|target|_|nominalized,entities_b,1,0,negative
aimed,AIMed.d115.s973,subunit,structural|AB|bind|of|verbal,targets,1,1,positive
aimed,AIMed.d115.s974,cluster,structural|AB|require|_|passive,targets,0,0,unlabeled
aimed,AIMed.d115.s974,cluster,structural|AB|bind|_|verbal,sources,0,0,unlabeled
aimed,AIMed.d115.s976,correlation,structural|AB|suggest|_|verbal,sources,0,0,unlabeled
aimed,AIMed.d116.s977,gene,structural|AB|block|_|passive,sources,1,1,positive
aimed,AIMed.d116.s980,accumulation,structural|AB|be|_|verbal,sources,0,0,unlabeled
aimed,AIMed.d116.s980,activity,structural|AB|inhibit|_|verbal,targets,1,1,positive
aimed,AIMed.d116.s980,addition,structural|AB|inhibit|_|verbal,sources,0,0,unlabeled
aimed,AIMed.d116.s980,factor,relational|RELATIONAL|is-a|_|verbal,entities_a,0,0,unlabeled
aimed,AIMed.d116.s980,pocket,structural|AB|require|_|verbal,targets,0,0,unlabeled
aimed,AIMed.d117.s984,heterodimer,structural|AA|heterodimer|_|compound_state,participants,1,0,negative
aimed,AIMed.d117.s987,activin,structural|AB|clone|_|passive,targets,0,0,unlabeled
aimed,AIMed.d117.s987,activin,relational|RELATIONAL|is-a|_|verbal,entities_a,0,0,unlabeled
aimed,AIMed.d117.s989,beta,structural|AB|form|_|verbal,targets,0,0,unlabeled
aimed,AIMed.d117.s989,kinase,structural|AB|induce|_|verbal,contexts,0,0,unlabeled
aimed,AIMed.d117.s989,kinase,relational|RELATIONAL|is-a|_|verbal,entities_a,0,0,unlabeled
aimed,AIMed.d117.s990,chain,structural|AB|occupy|_|verbal,sources,0,0,unlabeled
aimed,AIMed.d117.s991,binding,structural|AB|compete|with|verbal,targets,1,0,negative
aimed,AIMed.d117.s995,antagonist,relational|RELATIONAL|antagonist|_|nominalized,entities_b,0,0,unlabeled
aimed,AIMed.d118.s1001,dna,structural|AB|inhibit|_|verbal,targets,1,1,positive
aimed,AIMed.d118.s1002,ability,structural|AB|block|_|verbal,targets,1,1,positive
aimed,AIMed.d118.s1002,ability,structural|AB|activate|_|verbal,sources,1,1,positive
aimed,AIMed.d118.s996,inhibitor,structural|AB|control|_|verbal,sources,0,0,unlabeled
aimed,AIMed.d118.s997,cdk,structural|AB|encode|_|verbal,targets,0,0,unlabeled
aimed,AIMed.d118.s997,protein,structural|AB|control|_|verbal,sources,0,0,unlabeled
aimed,AIMed.d118.s998,level,structural|AB|increase|of|passive,targets,0,0,unlabeled
aimed,AIMed.d118.s998,overexpression,structural|AB|block|_|verbal,sources,0,0,unlabeled
aimed,AIMed.d118.s999,complex,structural|AB|exist|_|verbal,contexts,0,0,unlabeled
aimed,AIMed.d118.s999,complex,structural|AA|complex|_|compound_state,participants,1,0,negative
aimed,AIMed.d119.s1005,coactivator,relational|RELATIONAL|coactivator|_|nominalized,entities_b,1,1,positive
aimed,AIMed.d119.s1005,factor,relational|RELATIONAL|is-a|_|verbal,entities_a,0,0,unlabeled
aimed,AIMed.d119.s1005,protein,relational|RELATIONAL|coactivator|_|nominalized,entities_a,1,1,positive
aimed,AIMed.d119.s1005,protein,relational|RELATIONAL|is-a|_|verbal,entities_a,0,0,unlabeled
aimed,AIMed.d119.s1006,factor,structural|AB|bind|_|verbal,sources,0,0,unlabeled
aimed,AIMed.d119.s1006,factor,relational|RELATIONAL|is-a|_|verbal,entities_a,0,0,unlabeled
aimed,AIMed.d119.s1007,function,structural|AB|stimulate|_|verbal,targets,0,0,unlabeled
aimed,AIMed.d119.s1009,265k,relational|RELATIONAL|is-a|_|verbal,entities_a,0,0,unlabeled
aimed,AIMed.d119.s1009,protein,structural|AB|identify|of|verbal,targets,0,0,unlabeled
aimed,AIMed.d119.s1009,protein,structural|AB|bind|to|verbal,sources,0,0,unlabeled
aimed,AIMed.d119.s1010,binding,structural|AB|define|of|verbal,targets,0,0,unlabeled
aimed,AIMed.d119.s1011,coactivator,structural|AB|conserve|in|passive,targets,0,0,unlabeled
aimed,AIMed.d119.s1011,coactivator,relational|RELATIONAL|is-a|_|verbal,entities_a,0,0,unlabeled
aimed,AIMed.d119.s1011,factor,structural|AB|interact|with|verbal,targets,0,0,unlabeled
aimed,AIMed.d119.s1011,factor,relational|RELATIONAL|is-a|_|verbal,entities_a,0,0,unlabeled
aimed,AIMed.d119.s1012,activity,structural|AB|augment|_|verbal,contexts,0,0,unlabeled
aimed,AIMed.d119.s1012,activity,structural|AB|activate|_|verbal,sources,0,0,unlabeled
aimed,AIMed.d12.s105,concentration,structural|AB|contrast|with|verbal,targets,0,0,unlabeled
aimed,AIMed.d12.s106,finding,structural|AB|relate|_|passive,targets,0,0,unlabeled
aimed,AIMed.d12.s106,finding,structural|AB|support|_|verbal,sources,0,0,unlabeled
aimed,AIMed.d12.s97,disease,structural|AB|characterize|in|passive,targets,0,0,unlabeled
aimed,AIMed.d12.s97,disease,relational|RELATIONAL|disease|_|nominalized,entities_b,0,0,unlabeled
aimed,AIMed.d120.s1013,transglutaminase,relational|RELATIONAL|is-a|_|verbal,entities_a,0,0,unlabeled
aimed,AIMed.d120.s1016,function,structural|AB|remain|_|verbal,sources,0,0,unlabeled
aimed,AIMed.d120.s1017,interaction,structural|AB|identify|_|verbal,targets,0,0,unlabeled
aimed,AIMed.d120.s1022,regulation,structural|AB|participate|in|verbal,targets,1,1,positive
aimed,AIMed.d121.s1023,acid,structural|AB|require|in|passive,targets,0,0,unlabeled
aimed,AIMed.d121.s1023,acid,structural|AB|bind|to|verbal,sources,1,1,positive
aimed,AIMed.d121.s1023,adenovirus,structural|AB|bind|to|verbal,targets,1,1,positive
aimed,AIMed.d121.s1024,gene,structural|AB|associate|_|passive,targets,0,0,unlabeled
aimed,AIMed.d121.s1024,gene,structural|AB|suppress|_|verbal,sources,0,0,unlabeled
aimed,AIMed.d121.s1025,amino,structural|AB|contain|for|verbal,sources,1,1,positive
aimed,AIMed.d121.s1025,domain,structural|AB|contain|for|verbal,targets,1,1,positive
aimed,AIMed.d121.s1026,analysis,structural|AB|undertake|_|passive,targets,0,0,unlabeled
aimed,AIMed.d121.s1026,analysis,structural|AB|use|_|verbal,sources,0,0,unlabeled
aimed,AIMed.d121.s1027,residue,structural|AB|contribute|_|verbal,sources,0,0,unlabeled
aimed,AIMed.d121.s1028,adenovirus,structural|AB|bind|to|verbal,targets,0,0,unlabeled
aimed,AIMed.d121.s1028,protein,structural|AB|bind|to|verbal,targets,0,0,unlabeled
aimed,AIMed.d121.s1030,ad5,structural|AB|bind|to|verbal,targets,0,0,unlabeled
aimed,AIMed.d121.s1031,ability,structural|AB|bind|to|verbal,sources,1,0,negative
aimed,AIMed.d121.s1031,dna,structural|AB|bind|to|verbal,targets,1,0,negative
aimed,AIMed.d121.s1031,impact,structural|AB|have|_|verbal,targets,0,0,unlabeled
aimed,AIMed.d121.s1032,residue,structural|AA|interact|_|verbal,participants,0,0,unlabeled
aimed,AIMed.d121.s1033,oncogene,structural|AB|contact|_|verbal,targets,0,0,unlabeled
aimed,AIMed.d122.s1035,compartmentalization,structural|AB|maintain|_|passive,targets,0,0,unlabeled
aimed,AIMed.d122.s1036,component,relational|RELATIONAL|is-a|_|verbal,entities_a,0,0,unlabeled
aimed,AIMed.d122.s1036,dimerization,structural|AB|require|for|passive,sources,1,1,positive
aimed,AIMed.d122.s1036,interaction,structural|AB|require|for|passive,targets,1,1,positive
aimed,AIMed.d122.s1039,i3a,structural|AB|bind|of|verbal,sources,0,0,unlabeled
aimed,AIMed.d122.s1041,measurement,structural|AB|suggest|_|verbal,sources,0,0,unlabeled
aimed,AIMed.d123.s1043,characterization,structural|AB|use|_|verbal,sources,0,0,unlabeled
aimed,AIMed.d123.s1044,signaling,structural|AB|implicate|in|verbal,targets,0,0,unlabeled
aimed,AIMed.d123.s1044,substrate,relational|RELATIONAL|substrate|_|nominalized,entities_b,1,1,positive
aimed,AIMed.d123.s1047,complex,structural|AB|form|with|verbal,targets,1,1,positive
aimed,AIMed.d123.s1049,interaction,structural|AB|eliminate|_|verbal,targets,0,0,unlabeled
aimed,AIMed.d123.s1050,interaction,structural|AB|provide|_|verbal,sources,0,0,unlabeled
aimed,AIMed.d123.s1051,516,structural|AB|encompass|of|passive,targets,0,0,unlabeled
aimed,AIMed.d123.s1052,protein,structural|AB|phosphorylate|_|verbal,targets,0,0,unlabeled
aimed,AIMed.d123.s1052,protein,structural|AB|contain|_|verbal,sources,0,0,unlabeled
aimed,AIMed.d124.s1055,protein,structural|AB|associate|with|verbal,sources,1,1,positive
aimed,AIMed.d124.s1055,protein,relational|RELATIONAL|is-a|_|verbal,entities_a,0,0,unlabeled
aimed,AIMed.d124.s1056,regulation,structural|AB|understand|_|passive,targets,0,0,unlabeled
aimed,AIMed.d124.s1057,region,structural|AB|interact|of|verbal,targets,0,0,unlabeled
aimed,AIMed.d124.s1058,proteins,relational|RELATIONAL|is-a|_|verbal,entities_a,0,0,unlabeled
aimed,AIMed.d124.s1059,activity,structural|AB|enhance|_|verbal,targets,0,0,unlabeled
aimed,AIMed.d125.s1061,family,structural|AB|analyze|_|passive,targets,0,0,unlabeled
aimed,AIMed.d125.s1062,member,structural|AB|interact|with|nominalized,targets,1,0,negative
aimed,AIMed.d125.s1062,member,structural|AB|explore|_|passive,targets,0,0,unlabeled
aimed,AIMed.d125.s1062,protein,structural|AB|interact|with|nominalized,sources,1,1,positive
aimed,AIMed.d125.s1062,protein,structural|AB|interact|with|nominalized,targets,1,1,positive
aimed,AIMed.d125.s1063,family,structural|AB|link|_|verbal,targets,0,0,unlabeled
aimed,AIMed.d125.s1065,evidence,structural|AB|give|_|verbal,targets,0,0,unlabeled
aimed,AIMed.d125.s1066,inhibitor,structural|AB|interact|with|verbal,targets,1,1,positive
aimed,AIMed.d125.s1067,display,relational|RELATIONAL|is-a|_|verbal,entities_a,0,0,unlabeled
aimed,AIMed.d125.s1067,pattern,structural|AB|display|_|verbal,targets,1,0,negative
aimed,AIMed.d125.s1068,1,structural|AB|contain|_|verbal,targets,0,0,unlabeled
aimed,AIMed.d125.s1068,83,structural|AB|contain|_|verbal,targets,0,0,unlabeled
aimed,AIMed.d125.s1068,acid,structural|AB|contain|_|verbal,targets,0,0,unlabeled
aimed,AIMed.d125.s1068,homodimerization,structural|AB|involve|_|verbal,sources,1,0,negative
aimed,AIMed.d125.s1068,interaction,structural|AB|involve|_|verbal,targets,1,0,negative
aimed,AIMed.d125.s1068,use,structural|AB|suggest|_|verbal,sources,0,0,unlabeled
aimed,AIMed.d125.s1070,proteins,structural|AA|proteins|_|compound_state,evidence,0,0,unlabeled
aimed,AIMed.d125.s1071,function,structural|AB|regulate|_|verbal,targets,1,0,negative
aimed,AIMed.d126.s1075,complex,structural|AB|form|with|verbal,targets,1,1,positive
aimed,AIMed.d126.s1078,release,structural|AB|indicate|_|verbal,targets,0,0,unlabeled
aimed,AIMed.d126.s1079,monomer,structural|AB|attain|_|verbal,sources,0,0,unlabeled
aimed,AIMed.d126.s1080,depletion,structural|AB|mirror|follow|verbal,targets,1,0,negative
aimed,AIMed.d126.s1080,rate,structural|AB|mirror|follow|verbal,sources,1,0,negative
aimed,AIMed.d127.s1085,chain,structural|AA|dimerization|_|nominalized,participants,0,0,unlabeled
aimed,AIMed.d127.s1085,chain,structural|AA|dimerization|_|nominalized,participants,0,0,unlabeled
aimed,AIMed.d127.s1085,chain,structural|AA|dimerization|_|nominalized,participants,0,0,unlabeled
aimed,AIMed.d127.s1085,signaling,structural|AB|require|_|verbal,sources,0,0,unlabeled
aimed,AIMed.d127.s1087,phosphorylation,structural|AB|induce|_|verbal,targets,1,0,negative
aimed,AIMed.d127.s1090,activation,structural|AB|prevent|_|verbal,targets,0,0,unlabeled
aimed,AIMed.d127.s1090,mutation,structural|AB|result|_|verbal,sources,0,0,unlabeled
aimed,AIMed.d128.s1091,complex,structural|AA|complex|_|compound_state,participants,1,0,negative
aimed,AIMed.d128.s1092,hormone,structural|AB|regulate|of|verbal,sources,0,0,unlabeled
aimed,AIMed.d128.s1092,hormone,relational|RELATIONAL|is-a|_|verbal,entities_a,0,0,unlabeled
aimed,AIMed.d128.s1097,binding,structural|AB|overlap|_|verbal,sources,0,0,unlabeled
aimed,AIMed.d128.s1097,case,structural|AB|involve|_|verbal,contexts,0,0,unlabeled
aimed,AIMed.d128.s1097,receptor,structural|AB|bind|to|verbal,targets,0,0,unlabeled
aimed,AIMed.d128.s1098,complex,structural|AB|bind|of|passive,targets,0,0,unlabeled
aimed,AIMed.d128.s1098,structure,structural|AB|present|_|verbal,targets,0,0,unlabeled
aimed,AIMed.d128.s1099,complex,structural|AA|complex|_|compound_state,participants,1,1,positive
aimed,AIMed.d129.s1101,copurification,structural|AB|result|_|verbal,contexts,0,0,unlabeled
aimed,AIMed.d129.s1101,proteins,relational|RELATIONAL|is-a|_|verbal,entities_a,0,0,unlabeled
aimed,AIMed.d129.s1102,protein,relational|RELATIONAL|is-a|_|verbal,entities_a,0,0,unlabeled
aimed,AIMed.d129.s1103,antibody,structural|AB|prepare|for|passive,targets,0,0,unlabeled
aimed,AIMed.d129.s1104,antibody,structural|AB|indicate|_|verbal,sources,0,0,unlabeled
aimed,AIMed.d13.s109,infection,structural|AB|perform|_|verbal,targets,0,0,unlabeled
aimed,AIMed.d13.s111,hhv8,structural|AB|express|follow|passive,targets,0,0,unlabeled
aimed,AIMed.d13.s112,factor,structural|AB|up-regulate|_|passive,targets,0,0,unlabeled
aimed,AIMed.d130.s1112,cloning,structural|AB|use|_|verbal,sources,1,0,negative
aimed,AIMed.d130.s1112,expression,structural|AB|use|_|verbal,targets,1,0,negative
aimed,AIMed.d130.s1117,inhibit,relational|RELATIONAL|is-a|_|verbal,entities_a,0,0,unlabeled
aimed,AIMed.d131.s1121,cell,structural|AB|express|_|passive,contexts,0,0,unlabeled
aimed,AIMed.d131.s1121,response,structural|AB|exhibit|_|verbal,targets,0,0,unlabeled
aimed,AIMed.d131.s1123,expression,structural|AB|seem|_|verbal,sources,0,0,unlabeled
aimed,AIMed.d131.s1123,expression,structural|AB|restrict|_|verbal,sources,0,0,unlabeled
aimed,AIMed.d131.s1124,expression,structural|AB|down-regulate|_|passive,targets,0,0,unlabeled
aimed,AIMed.d132.s1128,complex,structural|AA|complex|_|compound_state,participants,1,0,negative
aimed,AIMed.d132.s1129,chain,structural|AB|share|with|passive,sources,1,0,negative
aimed,AIMed.d132.s1129,chain,structural|AB|relate|_|passive,targets,0,0,unlabeled
aimed,AIMed.d132.s1130,complex,structural|AB|participate|in|verbal,targets,0,0,unlabeled
aimed,AIMed.d132.s1130,complex,structural|AB|involve|_|passive,targets,0,0,unlabeled
aimed,AIMed.d133.s1132,activation,structural|AB|bind|_|verbal,targets,1,1,positive
aimed,AIMed.d133.s1134,effect,structural|AB|result|from|verbal,sources,1,0,negative
aimed,AIMed.d133.s1134,phosphorylation,structural|AB|result|from|verbal,targets,1,0,negative
aimed,AIMed.d133.s1135,cloning,structural|AB|describe|_|verbal,targets,0,0,unlabeled
aimed,AIMed.d133.s1135,group,structural|AB|activate|_|passive,targets,0,0,unlabeled
aimed,AIMed.d133.s1135,relative,structural|AB|describe|_|verbal,targets,0,0,unlabeled
aimed,AIMed.d133.s1137,domain,structural|AB|bind|to|verbal,targets,1,1,positive
aimed,AIMed.d133.s1139,activation,structural|AB|play|_|verbal,sources,0,0,unlabeled
aimed,AIMed.d134.s1140,ligand,relational|RELATIONAL|ligand|_|nominalized,entities_b,1,1,positive
aimed,AIMed.d134.s1141,ligand,structural|AB|isolate|_|passive,targets,0,0,unlabeled
aimed,AIMed.d134.s1141,ligand,structural|AB|use|_|verbal,sources,0,0,unlabeled
aimed,AIMed.d134.s1142,x,structural|AB|use|_|verbal,targets,0,0,unlabeled
aimed,AIMed.d134.s1143,purification,structural|AB|result|in|verbal,targets,0,0,unlabeled
aimed,AIMed.d134.s1144,autophosphorylation,structural|AB|induce|of|verbal,targets,1,1,positive
aimed,AIMed.d134.s1144,ligand,relational|RELATIONAL|ligand|_|nominalized,entities_b,1,1,positive
aimed,AIMed.d135.s1148,complex,structural|AA|complex|_|compound_state,participants,1,0,negative
aimed,AIMed.d135.s1149,complex,structural|AB|recognize|_|verbal,targets,0,0,unlabeled
aimed,AIMed.d136.s1151,beta,structural|AB|interact|of|verbal,targets,0,0,unlabeled
aimed,AIMed.d136.s1153,cytokine,structural|AB|designate|_|passive,targets,0,0,unlabeled
aimed,AIMed.d136.s1153,cytokine,structural|AB|produce|_|passive,targets,0,0,unlabeled
aimed,AIMed.d136.s1153,cytokine,structural|AB|share|with|verbal,sources,1,0,negative
aimed,AIMed.d136.s1153,property,structural|AB|share|with|verbal,targets,1,0,negative
aimed,AIMed.d136.s1154,activity,structural|AB|inhibit|of|verbal,targets,1,0,negative
aimed,AIMed.d136.s1154,antibody,structural|AB|inhibit|of|verbal,sources,1,0,negative
aimed,AIMed.d136.s1154,binding,structural|AB|compete|for|verbal,targets,1,0,negative
aimed,AIMed.d136.s1154,component,structural|AB|use|of|verbal,targets,1,1,positive
aimed,AIMed.d137.s1155,interaction,structural|AB|mediate|_|verbal,targets,0,0,unlabeled
aimed,AIMed.d137.s1156,factor,structural|AB|stimulate|_|verbal,sources,0,0,unlabeled
aimed,AIMed.d137.s1161,homeodomain,structural|AB|require|of|passive,targets,0,0,unlabeled
aimed,AIMed.d137.s1162,domain,structural|AB|mediate|_|verbal,sources,1,1,positive
aimed,AIMed.d137.s1162,interaction,structural|AB|mediate|_|verbal,targets,1,1,positive
aimed,AIMed.d137.s1164,co-transfection,structural|AB|result|_|verbal,sources,0,0,unlabeled
aimed,AIMed.d138.s1166,mrna,structural|AB|function|in|verbal,targets,1,0,negative
aimed,AIMed.d138.s1168,subunit,structural|AB|correspond|of|verbal,sources,1,0,negative
aimed,AIMed.d138.s1168,three,structural|AB|correspond|of|verbal,targets,1,0,negative
aimed,AIMed.d138.s1169,function,structural|AB|suggest|in|verbal,targets,0,0,unlabeled
aimed,AIMed.d138.s1169,incorporation,structural|AB|suggest|in|verbal,targets,0,0,unlabeled
aimed,AIMed.d138.s1169,presence,structural|AA|interact|_|verbal,contexts,0,0,unlabeled
aimed,AIMed.d138.s1170,protein,structural|AB|relate|to|passive,targets,1,0,negative
aimed,AIMed.d138.s1170,protein,relational|RELATIONAL|is-a|_|verbal,entities_a,0,0,unlabeled
aimed,AIMed.d138.s1170,subunit,structural|AB|relate|to|passive,sources,1,0,negative
aimed,AIMed.d139.s1171,ala-->,relational|RELATIONAL|substitution|_|nominalized,entities_b,0,0,unlabeled
aimed,AIMed.d14.s117,concentration,structural|AB|measure|_|passive,targets,0,0,unlabeled
aimed,AIMed.d14.s119,level,structural|AB|associate|of|passive,targets,0,0,unlabeled
aimed,AIMed.d140.s1182,kinase,structural|AB|interact|include|verbal,targets,1,1,positive
aimed,AIMed.d140.s1186,overexpression,structural|AB|delay|_|verbal,sources,0,0,unlabeled
aimed,AIMed.d141.s1188,cdk-interacting,relational|RELATIONAL|is-a|_|verbal,entities_a,0,0,unlabeled
aimed,AIMed.d141.s1189,cyclin-dependent,structural|AB|associate|with|verbal,sources,1,0,negative
aimed,AIMed.d141.s1189,cyclin-dependent,structural|AB|implicate|_|passive,targets,0,0,unlabeled
aimed,AIMed.d141.s1189,cyclin-dependent,relational|RELATIONAL|is-a|_|verbal,entities_a,0,0,unlabeled
aimed,AIMed.d141.s1190,regulator,structural|AB|identify|_|verbal,targets,0,0,unlabeled
aimed,AIMed.d141.s1192,complex,structural|AA|complex|_|compound_state,participants,1,1,positive
aimed,AIMed.d141.s1192,phosphorylation,structural|AB|inhibit|_|verbal,targets,0,0,unlabeled
aimed,AIMed.d142.s1199,ability,structural|AB|initiate|_|verbal,sources,0,0,unlabeled
aimed,AIMed.d142.s1199,ability,structural|AB|augment|_|passive,targets,1,0,negative
aimed,AIMed.d142.s1199,presence,structural|AB|augment|_|passive,sources,1,0,negative
aimed,AIMed.d142.s1200,possibility,structural|AB|study|_|verbal,sources,0,0,unlabeled
aimed,AIMed.d142.s1200,possibility,structural|AB|explore|_|verbal,contexts,0,0,unlabeled
aimed,AIMed.d142.s1202,domain,structural|AB|identify|within|verbal,targets,0,0,unlabeled
aimed,AIMed.d142.s1202,domain,structural|AB|mediate|_|verbal,sources,0,0,unlabeled
aimed,AIMed.d142.s1203,interaction,structural|AB|form|for|verbal,sources,0,0,unlabeled
aimed,AIMed.d143.s1204,signal,relational|RELATIONAL|is-a|_|verbal,entities_a,0,0,unlabeled
aimed,AIMed.d143.s1205,those,structural|AB|overlap|of|verbal,targets,0,0,unlabeled
aimed,AIMed.d143.s1207,similarity,structural|AB|prompt|_|verbal,sources,0,0,unlabeled
aimed,AIMed.d143.s1209,expression,structural|AB|activate|_|verbal,targets,1,1,positive
aimed,AIMed.d143.s1210,signal,structural|AB|use|_|verbal,targets,0,0,unlabeled
aimed,AIMed.d143.s1210,signal,relational|RELATIONAL|is-a|_|verbal,entities_a,0,0,unlabeled
aimed,AIMed.d143.s1211,antibody,structural|AB|inhibit|_|passive,sources,0,0,unlabeled
aimed,AIMed.d143.s1211,antibody,structural|AB|block|_|verbal,sources,0,0,unlabeled
aimed,AIMed.d143.s1212,antibody,structural|AB|abolish|_|verbal,sources,1,0,negative
aimed,AIMed.d143.s1212,expression,structural|AB|abolish|_|verbal,targets,1,0,negative
aimed,AIMed.d143.s1212,expression,structural|AB|elicit|_|passive,targets,1,0,negative
aimed,AIMed.d143.s1214,ability,structural|AB|inhibit|_|verbal,contexts,0,0,unlabeled
aimed,AIMed.d143.s1214,ability,structural|AB|transduce|_|verbal,sources,0,0,unlabeled
aimed,AIMed.d143.s1214,antibody,structural|AB|inhibit|_|verbal,sources,0,0,unlabeled
aimed,AIMed.d143.s1215,signal,structural|AB|share|_|verbal,targets,1,0,negative
aimed,AIMed.d143.s1215,signal,relational|RELATIONAL|is-a|_|verbal,entities_a,0,0,unlabeled
aimed,AIMed.d144.s1216,subunit,structural|AB|associate|with|verbal,targets,1,1,positive
aimed,AIMed.d144.s1219,subunit,structural|AB|encode|_|verbal,targets,0,0,unlabeled
aimed,AIMed.d144.s1219,subunit,structural|AB|differ|from|verbal,sources,1,0,negative
aimed,AIMed.d144.s1220,isoform,structural|AB|bind|_|verbal,sources,0,0,unlabeled
aimed,AIMed.d144.s1221,sequence,structural|AB|require|_|passive,targets,0,0,unlabeled
aimed,AIMed.d144.s1221,sequence,structural|AB|bind|_|verbal,sources,1,1,positive
aimed,AIMed.d145.s1225,structure,structural|AB|determine|_|passive,targets,0,0,unlabeled
aimed,AIMed.d145.s1226,trimer,structural|AB|bind|to|passive,targets,0,0,unlabeled
aimed,AIMed.d145.s1227,groove,structural|AB|bind|_|verbal,contexts,0,0,unlabeled
aimed,AIMed.d146.s1230,association,structural|AB|drive|_|verbal,sources,0,0,unlabeled
aimed,AIMed.d146.s1230,characterization,structural|AB|drive|_|verbal,sources,0,0,unlabeled
aimed,AIMed.d146.s1233,binding,structural|AB|express|_|verbal,targets,0,0,unlabeled
aimed,AIMed.d146.s1234,origin,structural|AB|investigate|_|passive,targets,0,0,unlabeled
aimed,AIMed.d146.s1235,expression,structural|AB|determine|_|verbal,sources,0,0,unlabeled
aimed,AIMed.d146.s1235,expression,structural|AB|monitor|_|passive,contexts,0,0,unlabeled
aimed,AIMed.d146.s1236,expression,structural|AB|correlate|with|verbal,targets,0,0,unlabeled
aimed,AIMed.d146.s1237,driven,structural|AB|mediate|via|passive,sources,1,0,negative
aimed,AIMed.d146.s1239,clone,structural|AB|express|_|verbal,targets,0,0,unlabeled
aimed,AIMed.d146.s1239,clone,structural|AB|express|_|verbal,sources,1,0,negative
aimed,AIMed.d146.s1239,mab,structural|AB|stain|_|verbal,sources,0,0,unlabeled
aimed,AIMed.d146.s1241,splice,relational|RELATIONAL|variant|_|nominalized,entities_b,0,0,unlabeled
aimed,AIMed.d146.s1242,homologue,relational|RELATIONAL|homologue|_|nominalized,entities_b,0,0,unlabeled
aimed,AIMed.d147.s1245,gene,structural|AB|regulate|_|verbal,sources,0,0,unlabeled
aimed,AIMed.d147.s1245,gene,structural|AB|bind|_|verbal,sources,0,0,unlabeled
aimed,AIMed.d147.s1245,gene,structural|AB|inhibit|_|verbal,sources,0,0,unlabeled
aimed,AIMed.d147.s1245,gene,relational|RELATIONAL|is-a|_|verbal,entities_a,0,0,unlabeled
aimed,AIMed.d147.s1247,factor,relational|RELATIONAL|factor|_|nominalized,entities_b,0,0,unlabeled
aimed,AIMed.d147.s1247,factor,relational|RELATIONAL|is-a|_|verbal,entities_a,0,0,unlabeled
aimed,AIMed.d147.s1248,coding,structural|AB|contain|of|verbal,targets,0,0,unlabeled
aimed,AIMed.d147.s1248,interaction,structural|AB|clone|_|passive,sources,1,1,positive
aimed,AIMed.d147.s1248,proteins,structural|AB|clone|_|passive,targets,1,1,positive
aimed,AIMed.d147.s1248,proteins,relational|RELATIONAL|is-a|_|verbal,entities_a,0,0,unlabeled
aimed,AIMed.d147.s1249,product,structural|AB|express|_|passive,targets,0,0,unlabeled
aimed,AIMed.d147.s1250,complex,structural|AB|identify|_|verbal,targets,0,0,unlabeled
aimed,AIMed.d147.s1250,complex,structural|AB|dissociate|in|passive,sources,1,0,negative
aimed,AIMed.d147.s1250,presence,structural|AB|dissociate|in|passive,targets,1,0,negative
aimed,AIMed.d148.s1251,association,structural|AB|share|_|verbal,targets,1,1,positive
aimed,AIMed.d148.s1251,cyclin,structural|AB|share|_|verbal,sources,1,1,positive
aimed,AIMed.d148.s1251,cyclin,relational|RELATIONAL|is-a|_|verbal,entities_a,0,0,unlabeled
aimed,AIMed.d148.s1255,interaction,structural|AB|investigate|_|verbal,targets,0,0,unlabeled
aimed,AIMed.d148.s1256,distribution,structural|AB|modulate|_|passive,targets,0,0,unlabeled
aimed,AIMed.d148.s1259,complex,structural|AB|exhibit|_|verbal,sources,0,0,unlabeled
aimed,AIMed.d148.s1260,protein,structural|AB|contain|_|verbal,targets,0,0,unlabeled
aimed,AIMed.d148.s1261,protein,structural|AB|interact|with|verbal,targets,0,0,unlabeled
aimed,AIMed.d149.s1262,protein,structural|AB|interact|with|verbal,sources,1,1,positive
aimed,AIMed.d149.s1262,protein,relational|RELATIONAL|is-a|_|verbal,entities_a,0,0,unlabeled
aimed,AIMed.d149.s1263,elegans,relational|RELATIONAL|is-a|_|verbal,entities_a,0,0,unlabeled
aimed,AIMed.d149.s1264,signalling,structural|AB|regulate|_|verbal,targets,0,0,unlabeled
aimed,AIMed.d149.s1265,response,structural|AB|form|in|verbal,targets,1,0,negative
aimed,AIMed.d149.s1266,protein,relational|RELATIONAL|protein|_|nominalized,entities_b,0,0,unlabeled
aimed,AIMed.d149.s1266,protein,relational|RELATIONAL|is-a|_|verbal,entities_a,0,0,unlabeled
aimed,AIMed.d149.s1266,receptor,relational|RELATIONAL|substrate|_|nominalized,entities_b,0,0,unlabeled
aimed,AIMed.d149.s1267,activation,structural|AB|require|_|verbal,targets,1,0,negative
aimed,AIMed.d149.s1267,binding,structural|AB|mediate|_|passive,sources,1,0,negative
aimed,AIMed.d149.s1267,interaction,structural|AB|require|_|verbal,sources,1,0,negative
aimed,AIMed.d149.s1267,interaction,structural|AB|mediate|_|passive,targets,1,0,negative
aimed,AIMed.d149.s1268,stimulation,structural|AB|phosphorylate|after|passive,targets,0,0,unlabeled
aimed,AIMed.d149.s1270,molecule,structural|AB|bind|on|verbal,targets,1,1,positive
aimed,AIMed.d149.s1272,activation,structural|AB|play|in|verbal,targets,0,0,unlabeled
aimed,AIMed.d15.s126,imbalance,structural|AB|cause|_|passive,sources,0,0,unlabeled
aimed,AIMed.d15.s126,prostate,relational|RELATIONAL|is-a|_|verbal,entities_a,0,0,unlabeled
aimed,AIMed.d15.s128,level,structural|AB|measure|of|verbal,targets,0,0,unlabeled
aimed,AIMed.d15.s132,level,structural|AB|correlate|_|verbal,sources,0,0,unlabeled
aimed,AIMed.d150.s1273,factor,relational|RELATIONAL|is-a|_|verbal,entities_a,0,0,unlabeled
aimed,AIMed.d150.s1273,protein,structural|AB|bind|to|verbal,targets,1,1,positive
aimed,AIMed.d150.s1273,regulation,structural|AB|bind|to|verbal,sources,1,1,positive
aimed,AIMed.d150.s1275,factor,structural|AB|regulate|_|verbal,sources,0,0,unlabeled
aimed,AIMed.d150.s1275,factor,relational|RELATIONAL|factor|_|nominalized,entities_b,0,0,unlabeled
aimed,AIMed.d150.s1276,binding,structural|AB|relate|of|passive,targets,0,0,unlabeled
aimed,AIMed.d150.s1276,pocket,structural|AB|bind|of|verbal,targets,0,0,unlabeled
aimed,AIMed.d150.s1277,mutant,structural|AB|bind|to|verbal,targets,0,0,unlabeled
aimed,AIMed.d150.s1277,mutant,structural|AB|derive|_|passive,targets,0,0,unlabeled
aimed,AIMed.d150.s1279,phosphorylation,structural|AB|result|in|verbal,sources,1,0,negative
aimed,AIMed.d150.s1279,release,structural|AB|result|in|verbal,targets,1,0,negative
aimed,AIMed.d150.s1280,overexpression,structural|AB|inhibit|_|verbal,sources,1,0,negative
aimed,AIMed.d150.s1280,transcription,structural|AB|inhibit|_|verbal,targets,1,0,negative
aimed,AIMed.d150.s1281,factor,structural|AB|interact|with|verbal,targets,1,0,negative
aimed,AIMed.d151.s1285,polypeptide,structural|AB|designate|_|passive,targets,0,0,unlabeled
aimed,AIMed.d151.s1286,complex,structural|AB|recognize|_|verbal,targets,0,0,unlabeled
aimed,AIMed.d151.s1286,delta,structural|AB|encode|_|verbal,targets,0,0,unlabeled
aimed,AIMed.d151.s1286,gamma,structural|AB|encode|_|verbal,targets,0,0,unlabeled
aimed,AIMed.d151.s1287,subunit,structural|AB|form|_|verbal,sources,0,0,unlabeled
aimed,AIMed.d151.s1288,complex,structural|AB|contain|of|verbal,sources,1,0,negative
aimed,AIMed.d151.s1288,complex,structural|AA|complex|_|compound_state,participants,1,0,negative
aimed,AIMed.d151.s1288,level,structural|AB|contain|of|verbal,targets,1,0,negative
aimed,AIMed.d151.s1288,level,structural|AA|complex|_|compound_state,participants,1,0,negative
aimed,AIMed.d151.s1289,delta,structural|AB|interact|with|nominalized,sources,1,0,negative
aimed,AIMed.d151.s1290,complex,structural|AB|require|_|verbal,targets,0,0,unlabeled
aimed,AIMed.d151.s1290,factor,structural|AB|deplete|of|passive,targets,0,0,unlabeled
aimed,AIMed.d152.s1291,interaction,structural|AB|define|_|verbal,sources,1,0,negative
aimed,AIMed.d152.s1291,pathway,structural|AB|define|_|verbal,targets,1,0,negative
aimed,AIMed.d152.s1295,inhibitor,relational|RELATIONAL|inhibitor|_|nominalized,entities_b,1,0,negative
aimed,AIMed.d152.s1295,mutant,structural|AB|lack|_|verbal,sources,0,0,unlabeled
aimed,AIMed.d152.s1295,mutant,relational|RELATIONAL|inhibitor|_|nominalized,entities_a,1,0,negative
aimed,AIMed.d152.s1296,activation,structural|AB|inhibit|_|verbal,targets,0,0,unlabeled
aimed,AIMed.d152.s1296,mutant,structural|AB|lack|_|verbal,sources,0,0,unlabeled
aimed,AIMed.d152.s1297,cascade,structural|AB|appear|_|verbal,sources,0,0,unlabeled
aimed,AIMed.d152.s1297,cascade,structural|AB|bifurcate|at|verbal,sources,1,0,negative
aimed,AIMed.d153.s1299,know,relational|RELATIONAL|is-a|_|verbal,entities_a,0,0,unlabeled
aimed,AIMed.d153.s1301,activity,structural|AB|lack|_|verbal,targets,0,0,unlabeled
aimed,AIMed.d153.s1301,association,structural|AB|require|_|verbal,sources,0,0,unlabeled
aimed,AIMed.d153.s1304,adenosine,structural|AB|inhibit|_|verbal,sources,1,0,negative
aimed,AIMed.d153.s1304,production,structural|AB|inhibit|_|verbal,targets,1,0,negative
aimed,AIMed.d153.s1304,production,structural|AB|induce|_|passive,targets,0,0,unlabeled
aimed,AIMed.d154.s1311,acid,structural|AB|suggest|_|verbal,sources,0,0,unlabeled
aimed,AIMed.d154.s1313,location,structural|AB|determine|_|verbal,targets,0,0,unlabeled
aimed,AIMed.d154.s1314,binding,structural|AB|encode|of|verbal,targets,0,0,unlabeled
aimed,AIMed.d155.s1316,complex,structural|AB|correlate|with|verbal,contexts,0,0,unlabeled
aimed,AIMed.d155.s1316,factor,structural|AB|nucleate|_|verbal,sources,0,0,unlabeled
aimed,AIMed.d155.s1316,factor,structural|AB|commit|_|verbal,sources,0,0,unlabeled
aimed,AIMed.d155.s1316,factor,structural|AB|mediate|_|verbal,sources,0,0,unlabeled
aimed,AIMed.d155.s1316,factor,relational|RELATIONAL|is-a|_|verbal,entities_a,0,0,unlabeled
aimed,AIMed.d155.s1316,recruitment,structural|AB|correlate|with|verbal,targets,0,0,unlabeled
aimed,AIMed.d155.s1317,factor,structural|AB|identify|_|verbal,targets,1,0,negative
aimed,AIMed.d155.s1317,factor,structural|AB|interact|_|verbal,sources,0,0,unlabeled
aimed,AIMed.d155.s1317,study,structural|AB|identify|_|verbal,sources,1,0,negative
aimed,AIMed.d155.s1318,evidence,structural|AB|present|_|verbal,targets,0,0,unlabeled
aimed,AIMed.d155.s1319,complex,structural|AB|be|_|verbal,sources,0,0,unlabeled
aimed,AIMed.d156.s1321,activity,structural|AB|mediate|of|passive,targets,1,1,positive
aimed,AIMed.d156.s1321,receptor,structural|AB|mediate|of|passive,sources,1,1,positive
aimed,AIMed.d156.s1322,activation,structural|AB|result|in|verbal,targets,0,0,unlabeled
aimed,AIMed.d156.s1322,regulator,relational|RELATIONAL|is-a|_|verbal,entities_a,0,0,unlabeled
aimed,AIMed.d156.s1323,kinase,structural|AB|designate|_|passive,targets,0,0,unlabeled
aimed,AIMed.d156.s1323,kinase,structural|AB|purify|_|passive,targets,0,0,unlabeled
aimed,AIMed.d156.s1324,cell,structural|AB|over-express|_|verbal,targets,0,0,unlabeled
aimed,AIMed.d156.s1324,complex,structural|AB|associate|with|verbal,targets,1,1,positive
aimed,AIMed.d156.s1325,acid,structural|AB|share|_|verbal,sources,0,0,unlabeled
aimed,AIMed.d157.s1327,binding,structural|AB|coordinate|_|verbal,sources,0,0,unlabeled
aimed,AIMed.d157.s1327,binding,structural|AB|serve|_|verbal,sources,0,0,unlabeled
aimed,AIMed.d157.s1327,protein,relational|RELATIONAL|is-a|_|verbal,entities_a,0,0,unlabeled
aimed,AIMed.d157.s1328,",5",structural|AB|complex|_|passive,targets,1,0,negative
aimed,AIMed.d157.s1329,enzyme,structural|AB|bind|_|verbal,sources,1,0,negative
aimed,AIMed.d157.s1329,enzyme,relational|RELATIONAL|is-a|_|verbal,entities_a,0,0,unlabeled
aimed,AIMed.d158.s1332,kinase,relational|RELATIONAL|is-a|_|verbal,entities_a,0,0,unlabeled
aimed,AIMed.d158.s1333,activation,structural|AB|lead|to|verbal,targets,0,0,unlabeled
aimed,AIMed.d158.s1333,domain,relational|RELATIONAL|is-a|_|verbal,entities_a,0,0,unlabeled
aimed,AIMed.d158.s1333,interaction,structural|AB|lead|to|verbal,targets,0,0,unlabeled
aimed,AIMed.d158.s1334,antigen,structural|AB|associate|with|verbal,targets,0,0,unlabeled
aimed,AIMed.d158.s1336,activation,structural|AB|induce|_|verbal,targets,1,0,negative
aimed,AIMed.d158.s1336,overexpression,structural|AB|induce|_|verbal,sources,1,0,negative
aimed,AIMed.d158.s1337,activation,structural|AB|inhibit|_|verbal,targets,1,0,negative
aimed,AIMed.d158.s1337,expression,structural|AB|induce|_|verbal,sources,0,0,unlabeled
aimed,AIMed.d158.s1337,expression,structural|AB|inhibit|_|verbal,sources,1,0,negative
aimed,AIMed.d158.s1338,activation,structural|AB|lead|to|verbal,targets,0,0,unlabeled
aimed,AIMed.d159.s1340,carboxy,structural|AB|interact|with|verbal,sources,1,1,positive
aimed,AIMed.d159.s1341,coding,structural|AB|isolate|_|verbal,targets,0,0,unlabeled
aimed,AIMed.d159.s1342,half,structural|AB|reduce|of|verbal,targets,0,0,unlabeled
aimed,AIMed.d16.s136,dopamine,relational|RELATIONAL|is-a|_|verbal,entities_a,0,0,unlabeled
aimed,AIMed.d16.s136,gene,structural|AB|contransduce|for|passive,targets,0,0,unlabeled
aimed,AIMed.d16.s139,aav,structural|AB|coexpress|with|passive,targets,1,0,negative
aimed,AIMed.d16.s139,aav,relational|RELATIONAL|is-a|_|verbal,entities_a,0,0,unlabeled
aimed,AIMed.d160.s1343,receptor,structural|AB|bind|_|verbal,targets,0,0,unlabeled
aimed,AIMed.d160.s1344,expression,structural|AB|induce|_|passive,targets,0,0,unlabeled
aimed,AIMed.d160.s1345,cell,structural|AB|mediate|via|verbal,targets,1,0,negative
aimed,AIMed.d160.s1345,cell,relational|RELATIONAL|is-a|_|verbal,entities_a,0,0,unlabeled
aimed,AIMed.d160.s1345,cell,relational|RELATIONAL|is-a|_|verbal,entities_a,0,0,unlabeled
aimed,AIMed.d160.s1346,surface,structural|AB|identify|in|verbal,targets,0,0,unlabeled
aimed,AIMed.d160.s1346,surface,structural|AB|mediate|_|verbal,sources,0,0,unlabeled
aimed,AIMed.d160.s1347,binding,structural|AB|associate|with|passive,targets,0,0,unlabeled
aimed,AIMed.d160.s1348,model,structural|AB|indicate|_|verbal,sources,0,0,unlabeled
aimed,AIMed.d160.s1349,binding,structural|AB|affect|_|verbal,targets,0,0,unlabeled
aimed,AIMed.d160.s1349,effect,structural|AB|have|_|verbal,targets,1,0,negative
aimed,AIMed.d160.s1349,mutation,structural|AB|have|_|verbal,sources,1,0,negative
aimed,AIMed.d160.s1350,affinity,structural|AB|lack|_|verbal,targets,0,0,unlabeled
aimed,AIMed.d160.s1351,dimer,structural|AB|cross-link|_|verbal,sources,0,0,unlabeled
aimed,AIMed.d160.s1351,set,structural|AB|suggest|of|verbal,targets,0,0,unlabeled
aimed,AIMed.d160.s1352,induction,structural|AB|implicate|in|verbal,targets,0,0,unlabeled
aimed,AIMed.d161.s1353,phosphatase,relational|RELATIONAL|is-a|_|verbal,entities_a,0,0,unlabeled
aimed,AIMed.d161.s1353,protein,relational|RELATIONAL|is-a|_|verbal,entities_a,0,0,unlabeled
aimed,AIMed.d161.s1355,binding,structural|AB|promote|_|verbal,sources,1,0,negative
aimed,AIMed.d161.s1355,phosphorylation,structural|AB|promote|_|verbal,targets,1,0,negative
aimed,AIMed.d161.s1357,protein,structural|AB|interact|with|verbal,targets,1,1,positive
aimed,AIMed.d161.s1357,protein,relational|RELATIONAL|is-a|_|verbal,entities_a,0,0,unlabeled
aimed,AIMed.d161.s1358,carboxyl,structural|AB|localize|of|verbal,targets,0,0,unlabeled
aimed,AIMed.d161.s1358,domain,structural|AB|localize|of|verbal,targets,0,0,unlabeled
aimed,AIMed.d162.s1361,suppressor,relational|RELATIONAL|is-a|_|verbal,entities_a,0,0,unlabeled
aimed,AIMed.d162.s1365,suppressor,structural|AB|modulate|of|passive,sources,0,0,unlabeled
aimed,AIMed.d162.s1365,suppressor,relational|RELATIONAL|is-a|_|verbal,entities_a,0,0,unlabeled
aimed,AIMed.d162.s1368,binding,structural|AB|inhibit|_|passive,targets,1,0,negative
aimed,AIMed.d162.s1369,activation,structural|AB|repress|_|verbal,targets,1,1,positive
aimed,AIMed.d162.s1370,activity,structural|AB|activate|of|verbal,targets,1,0,negative
aimed,AIMed.d163.s1374,protein,structural|AB|identify|_|passive,targets,0,0,unlabeled
aimed,AIMed.d163.s1374,protein,relational|RELATIONAL|is-a|_|verbal,entities_a,0,0,unlabeled
aimed,AIMed.d163.s1374,region,structural|AB|bind|of|verbal,targets,0,0,unlabeled
aimed,AIMed.d163.s1375,amount,structural|AB|decrease|of|verbal,targets,1,0,negative
aimed,AIMed.d163.s1375,overexpression,structural|AB|decrease|of|verbal,sources,1,0,negative
aimed,AIMed.d164.s1377,factor,structural|AB|mediate|_|verbal,sources,0,0,unlabeled
aimed,AIMed.d164.s1377,factor,relational|RELATIONAL|is-a|_|verbal,entities_a,0,0,unlabeled
aimed,AIMed.d164.s1378,65,relational|RELATIONAL|is-a|_|verbal,entities_a,0,0,unlabeled
aimed,AIMed.d164.s1378,heterodimer,relational|RELATIONAL|heterodimer|_|nominalized,entities_b,0,0,unlabeled
aimed,AIMed.d164.s1378,heterodimer,structural|AA|heterodimer|_|compound_state,participants,1,1,positive
aimed,AIMed.d164.s1381,addition,structural|AB|restore|_|passive,sources,0,0,unlabeled
aimed,AIMed.d164.s1382,interaction,structural|AB|mediate|_|verbal,targets,1,0,negative
aimed,AIMed.d164.s1382,interaction,structural|AB|bind|_|passive,targets,0,0,unlabeled
aimed,AIMed.d165.s1384,complex,structural|AB|involve|_|verbal,targets,0,0,unlabeled
aimed,AIMed.d165.s1384,complex,structural|AA|complex|_|compound_state,participants,1,0,negative
aimed,AIMed.d165.s1385,factor,structural|AB|play|_|verbal,sources,0,0,unlabeled
aimed,AIMed.d165.s1385,factor,relational|RELATIONAL|is-a|_|verbal,entities_a,0,0,unlabeled
aimed,AIMed.d165.s1388,two,structural|AB|implicate|of|passive,targets,0,0,unlabeled
aimed,AIMed.d165.s1389,availability,structural|AB|exploit|_|verbal,contexts,0,0,unlabeled
aimed,AIMed.d165.s1389,availability,structural|AB|examine|_|verbal,sources,0,0,unlabeled
aimed,AIMed.d165.s1389,gene,structural|AB|encode|of|verbal,sources,1,0,negative
aimed,AIMed.d165.s1389,polypeptide,structural|AB|encode|of|verbal,targets,1,0,negative
aimed,AIMed.d165.s1390,component,structural|AA|interact|_|nominalized,participants,1,0,negative
aimed,AIMed.d165.s1390,component,structural|AA|interact|_|nominalized,participants,1,0,negative
aimed,AIMed.d165.s1390,ner,relational|RELATIONAL|is-a|_|verbal,entities_a,0,0,unlabeled
aimed,AIMed.d165.s1390,protein,structural|AA|interact|_|nominalized,participants,1,0,negative
aimed,AIMed.d165.s1390,protein,structural|AB|implicate|_|passive,targets,0,0,unlabeled
aimed,AIMed.d165.s1391,proteins,structural|AA|interact|_|verbal,participants,1,1,positive
aimed,AIMed.d165.s1392,protein,structural|AB|interact|of|verbal,sources,1,1,positive
aimed,AIMed.d165.s1392,subunit,structural|AB|interact|of|verbal,targets,1,1,positive
aimed,AIMed.d166.s1394,analysis,structural|AB|identify|_|passive,sources,1,0,negative
aimed,AIMed.d166.s1394,residue,structural|AB|identify|_|passive,targets,1,0,negative
aimed,AIMed.d166.s1395,region,structural|AB|compose|of|passive,targets,0,0,unlabeled
aimed,AIMed.d166.s1396,structure,structural|AB|form|in|verbal,targets,0,0,unlabeled
aimed,AIMed.d166.s1397,majority,structural|AB|contribute|of|verbal,targets,1,1,positive
aimed,AIMed.d166.s1397,residue,structural|AB|contribute|of|verbal,sources,1,1,positive
aimed,AIMed.d166.s1397,residue,structural|AB|surround|_|passive,targets,0,0,unlabeled
aimed,AIMed.d166.s1399,influence,structural|AB|have|_|verbal,targets,1,1,positive
aimed,AIMed.d166.s1399,region,structural|AB|include|_|verbal,sources,0,0,unlabeled
aimed,AIMed.d166.s1399,region,structural|AB|have|_|verbal,sources,1,1,positive
aimed,AIMed.d166.s1400,co-receptor,structural|AB|bind|_|verbal,targets,1,1,positive
aimed,AIMed.d166.s1400,residue,structural|AB|involve|_|passive,targets,0,0,unlabeled
aimed,AIMed.d166.s1400,residue,structural|AB|bind|_|verbal,sources,1,1,positive
aimed,AIMed.d166.s1401,abolition,structural|AB|create|_|verbal,sources,1,0,negative
aimed,AIMed.d166.s1401,antagonist,structural|AB|create|_|verbal,targets,1,0,negative
aimed,AIMed.d167.s1402,glucose,structural|AB|interact|with|verbal,sources,1,1,positive
aimed,AIMed.d167.s1404,interaction,structural|AB|investigate|_|verbal,targets,0,0,unlabeled
aimed,AIMed.d167.s1405,glycoprotein,relational|RELATIONAL|is-a|_|verbal,entities_a,0,0,unlabeled
aimed,AIMed.d167.s1407,kda,structural|AB|designate|_|passive,targets,0,0,unlabeled
aimed,AIMed.d167.s1409,mutant,structural|AB|glycosylate|_|passive,targets,0,0,unlabeled
aimed,AIMed.d167.s1409,mutant,structural|AB|associate|with|verbal,sources,0,0,unlabeled
aimed,AIMed.d168.s1415,activity,structural|AB|characterize|for|verbal,targets,0,0,unlabeled
aimed,AIMed.d168.s1416,reduction,structural|AB|result|in|verbal,targets,0,0,unlabeled
aimed,AIMed.d168.s1417,effect,structural|AB|result|in|verbal,targets,0,0,unlabeled
aimed,AIMed.d168.s1418,alteration,structural|AB|result|in|verbal,targets,0,0,unlabeled
aimed,AIMed.d168.s1419,binding,structural|AB|abolish|_|verbal,targets,1,1,positive
aimed,AIMed.d168.s1419,f93a,structural|AB|abolish|_|verbal,sources,1,1,positive
aimed,AIMed.d168.s1421,effect,structural|AB|have|_|verbal,targets,0,0,unlabeled
aimed,AIMed.d168.s1422,binding,relational|RELATIONAL|determinant|_|nominalized,entities_b,0,0,unlabeled
aimed,AIMed.d169.s1424,alpha,structural|AB|relate|to|passive,targets,1,0,negative
aimed,AIMed.d169.s1424,binding,structural|AB|relate|to|passive,sources,1,0,negative
aimed,AIMed.d169.s1425,activity,structural|AB|share|with|verbal,targets,0,0,unlabeled
aimed,AIMed.d169.s1431,cdna,structural|AB|transfect|with|passive,targets,0,0,unlabeled
aimed,AIMed.d169.s1432,cdna,structural|AB|co-transfect|_|passive,targets,0,0,unlabeled
aimed,AIMed.d17.s146,knowledge,structural|AB|summarize|_|verbal,targets,0,0,unlabeled
aimed,AIMed.d17.s147,role,structural|AB|put|for|passive,targets,0,0,unlabeled
aimed,AIMed.d170.s1434,phagocyte,relational|RELATIONAL|is-a|_|verbal,entities_a,0,0,unlabeled
aimed,AIMed.d170.s1438,complex,relational|RELATIONAL|complex|_|nominalized,entities_b,0,0,unlabeled
aimed,AIMed.d170.s1438,complex,structural|AA|complex|_|compound_state,participants,1,1,positive
aimed,AIMed.d170.s1438,cytosol,structural|AB|comprise|of|passive,sources,1,0,negative
aimed,AIMed.d170.s1438,cytosol,structural|AB|translocate|_|verbal,sources,0,0,unlabeled
aimed,AIMed.d170.s1439,component,structural|AB|bind|to|verbal,sources,1,1,positive
aimed,AIMed.d171.s1441,complex,structural|AB|bind|to|verbal,targets,1,1,positive
aimed,AIMed.d171.s1441,crystal,structural|AB|bind|to|verbal,sources,1,1,positive
aimed,AIMed.d171.s1442,complex,structural|AB|bind|to|passive,targets,1,1,positive
aimed,AIMed.d171.s1442,domain,structural|AB|bind|to|passive,sources,1,1,positive
aimed,AIMed.d171.s1442,structure,structural|AB|determine|_|passive,targets,0,0,unlabeled
aimed,AIMed.d172.s1446,kinase,relational|RELATIONAL|is-a|_|verbal,entities_a,0,0,unlabeled
aimed,AIMed.d172.s1447,kinase,structural|AB|constitute|of|verbal,sources,0,0,unlabeled
aimed,AIMed.d172.s1450,%,structural|AB|encode|with|verbal,targets,0,0,unlabeled
aimed,AIMed.d172.s1451,phosphorylation,structural|AB|stimulate|_|verbal,targets,1,0,negative
aimed,AIMed.d172.s1451,protein,structural|AB|designate|_|passive,targets,0,0,unlabeled
aimed,AIMed.d172.s1451,protein,structural|AB|bind|to|verbal,sources,0,0,unlabeled
aimed,AIMed.d172.s1451,protein,structural|AB|stimulate|_|verbal,sources,1,0,negative
aimed,AIMed.d172.s1451,protein,structural|AB|promote|of|verbal,sources,0,0,unlabeled
aimed,AIMed.d173.s1457,study,structural|AB|provide|_|verbal,sources,0,0,unlabeled
aimed,AIMed.d173.s1458,interaction,structural|AB|explore|_|passive,targets,0,0,unlabeled
aimed,AIMed.d173.s1459,domain,structural|AB|link|to|verbal,targets,0,0,unlabeled
aimed,AIMed.d173.s1459,domain,structural|AB|link|to|verbal,targets,0,0,unlabeled
aimed,AIMed.d173.s1459,fragment,structural|AB|link|to|verbal,targets,0,0,unlabeled
aimed,AIMed.d173.s1460,gene,structural|AB|harbor|_|verbal,targets,0,0,unlabeled
aimed,AIMed.d173.s1461,molecule,structural|AB|interact|with|verbal,sources,0,0,unlabeled
aimed,AIMed.d173.s1461,molecule,structural|AB|interact|with|verbal,targets,0,0,unlabeled
aimed,AIMed.d173.s1462,drosophila,structural|AB|fuse|to|passive,targets,1,0,negative
aimed,AIMed.d173.s1462,drosophila,relational|RELATIONAL|is-a|_|verbal,entities_a,0,0,unlabeled
aimed,AIMed.d173.s1462,fragment,structural|AB|interact|with|verbal,targets,0,0,unlabeled
aimed,AIMed.d173.s1462,fragment,structural|AB|fuse|to|passive,sources,1,0,negative
aimed,AIMed.d173.s1462,protein,structural|AB|fuse|to|passive,sources,1,0,negative
aimed,AIMed.d173.s1462,protein,structural|AB|fail|_|verbal,sources,0,0,unlabeled
aimed,AIMed.d173.s1462,protein,structural|AB|interact|with|verbal,sources,0,0,unlabeled
aimed,AIMed.d173.s1462,protein,structural|AB|indicate|_|verbal,sources,0,0,unlabeled
aimed,AIMed.d173.s1463,domain,structural|AB|fuse|with|passive,sources,1,0,negative
aimed,AIMed.d173.s1463,fragment,structural|AB|fuse|with|passive,targets,1,0,negative
aimed,AIMed.d173.s1463,fragment,structural|AB|replace|with|passive,targets,0,0,unlabeled
aimed,AIMed.d173.s1465,interaction,structural|AB|study|_|verbal,targets,0,0,unlabeled
aimed,AIMed.d174.s1466,complex,structural|AA|complex|_|compound_state,participants,1,0,negative
aimed,AIMed.d174.s1467,complex,structural|AB|consist|of|verbal,sources,1,0,negative
aimed,AIMed.d174.s1467,protein,structural|AB|consist|of|verbal,targets,1,0,negative
aimed,AIMed.d174.s1468,effect,structural|AB|investigate|_|verbal,targets,0,0,unlabeled
aimed,AIMed.d174.s1468,portion,structural|AB|purify|of|passive,targets,0,0,unlabeled
aimed,AIMed.d174.s1469,affinity,structural|AB|have|_|verbal,targets,1,1,positive
aimed,AIMed.d174.s1470,dissociation,structural|AB|measure|due|verbal,targets,0,0,unlabeled
aimed,AIMed.d174.s1471,affinity,structural|AB|appear|_|verbal,sources,0,0,unlabeled
aimed,AIMed.d174.s1471,molecule,structural|AB|cross-link|_|verbal,targets,1,1,positive
aimed,AIMed.d174.s1472,ability,structural|AB|result|_|verbal,contexts,0,0,unlabeled
aimed,AIMed.d174.s1472,portion,structural|AB|couple|of|verbal,targets,1,0,negative
aimed,AIMed.d174.s1472,potency,structural|AB|result|_|verbal,sources,0,0,unlabeled
aimed,AIMed.d174.s1472,potency,structural|AB|couple|of|verbal,sources,1,0,negative
aimed,AIMed.d174.s1474,complex,structural|AB|form|_|verbal,sources,0,0,unlabeled
aimed,AIMed.d174.s1474,complex,structural|AA|complex|_|compound_state,participants,1,1,positive
aimed,AIMed.d174.s1475,affinity,structural|AB|couple|with|verbal,sources,1,0,negative
aimed,AIMed.d174.s1475,affinity,structural|AB|suggest|due|verbal,targets,0,0,unlabeled
aimed,AIMed.d174.s1475,antagonist,relational|RELATIONAL|antagonist|_|nominalized,entities_b,0,0,unlabeled
aimed,AIMed.d174.s1475,dimer,relational|RELATIONAL|antagonist|_|nominalized,entities_a,0,0,unlabeled
aimed,AIMed.d175.s1477,association,structural|AB|require|for|verbal,targets,1,0,negative
aimed,AIMed.d175.s1480,chaperon,structural|AB|associate|_|nominalized,targets,1,1,positive
aimed,AIMed.d175.s1480,identify,relational|RELATIONAL|is-a|_|verbal,entities_a,0,0,unlabeled
aimed,AIMed.d175.s1481,effect,structural|AB|regulate|through|verbal,targets,1,1,positive
aimed,AIMed.d175.s1481,interaction,structural|AB|suggest|_|verbal,sources,0,0,unlabeled
aimed,AIMed.d175.s1482,association,structural|AB|imply|_|verbal,sources,0,0,unlabeled
aimed,AIMed.d175.s1482,function,structural|AA|link|_|nominalized,participants,0,0,unlabeled
aimed,AIMed.d176.s1484,study,structural|AB|suggest|_|verbal,sources,0,0,unlabeled
aimed,AIMed.d176.s1485,one,structural|AB|appear|_|verbal,sources,0,0,unlabeled
aimed,AIMed.d176.s1485,one,relational|RELATIONAL|is-a|_|verbal,entities_a,0,0,unlabeled
aimed,AIMed.d176.s1486,complex,structural|AB|contain|_|verbal,sources,1,0,negative
aimed,AIMed.d176.s1486,complex,structural|AB|contain|_|verbal,sources,1,0,negative
aimed,AIMed.d176.s1486,complex,structural|AA|complex|_|compound_state,participants,1,0,negative
aimed,AIMed.d176.s1486,complex,structural|AA|complex|_|compound_state,participants,1,0,negative
aimed,AIMed.d176.s1486,recovery,structural|AB|enhance|_|verbal,targets,0,0,unlabeled
aimed,AIMed.d176.s1487,complex,structural|AB|lack|_|verbal,sources,1,0,negative
aimed,AIMed.d176.s1487,stage,structural|AB|function|_|verbal,contexts,0,0,unlabeled
aimed,AIMed.d176.s1488,complex,structural|AA|complex|_|compound_state,participants,1,0,negative
aimed,AIMed.d176.s1490,complex,structural|AA|complex|_|compound_state,participants,1,1,positive
aimed,AIMed.d176.s1490,component,relational|RELATIONAL|component|_|nominalized,entities_b,0,0,unlabeled
aimed,AIMed.d176.s1491,analysis,structural|AB|indicate|_|verbal,sources,0,0,unlabeled
aimed,AIMed.d176.s1491,binding,structural|AB|require|for|passive,targets,0,0,unlabeled
aimed,AIMed.d176.s1492,complex,structural|AB|appear|_|verbal,sources,0,0,unlabeled
aimed,AIMed.d176.s1492,complex,structural|AB|affect|_|verbal,sources,0,0,unlabeled
aimed,AIMed.d176.s1493,complex,structural|AB|interact|_|nominalized,targets,1,0,negative
aimed,AIMed.d176.s1493,complex,structural|AA|complex|_|compound_state,participants,1,0,negative
aimed,AIMed.d176.s1494,mediator,relational|RELATIONAL|mediator|_|nominalized,entities_b,0,0,unlabeled
aimed,AIMed.d177.s1503,factor,structural|AB|heterodimerize|with|verbal,sources,1,1,positive
aimed,AIMed.d177.s1503,factor,relational|RELATIONAL|is-a|_|verbal,entities_a,0,0,unlabeled
aimed,AIMed.d177.s1503,mutation,structural|AB|select|_|verbal,targets,0,0,unlabeled
aimed,AIMed.d177.s1503,mutation,structural|AB|affect|_|verbal,sources,0,0,unlabeled
aimed,AIMed.d178.s1508,holoenzyme,structural|AA|holoenzyme|_|compound_state,evidence,0,0,unlabeled
aimed,AIMed.d178.s1509,interaction,structural|AB|explore|_|passive,targets,0,0,unlabeled
aimed,AIMed.d178.s1509,protein,structural|AB|contain|_|verbal,targets,0,0,unlabeled
aimed,AIMed.d178.s1511,cdk,structural|AB|associate|with|verbal,targets,1,1,positive
aimed,AIMed.d178.s1513,amount,structural|AB|associate|with|passive,sources,1,1,positive
aimed,AIMed.d178.s1513,amount,structural|AB|change|_|verbal,sources,0,0,unlabeled
aimed,AIMed.d178.s1513,amount,structural|AB|associate|with|passive,sources,1,1,positive
aimed,AIMed.d178.s1513,amount,structural|AB|increase|_|verbal,sources,0,0,unlabeled
aimed,AIMed.d178.s1513,amount,structural|AB|reach|_|verbal,sources,0,0,unlabeled
aimed,AIMed.d178.s1514,amount,structural|AB|remain|_|verbal,sources,0,0,unlabeled
aimed,AIMed.d178.s1516,activity,structural|AB|mediate|_|verbal,targets,1,0,negative
aimed,AIMed.d178.s1516,protein,structural|AB|mediate|_|verbal,sources,1,0,negative
aimed,AIMed.d178.s1517,complex,structural|AB|contain|_|verbal,sources,1,1,positive
aimed,AIMed.d178.s1517,complex,structural|AB|phosphorylate|_|verbal,sources,0,0,unlabeled
aimed,AIMed.d178.s1518,activity,structural|AB|sequester|of|verbal,targets,1,0,negative
aimed,AIMed.d178.s1518,complex,structural|AB|sequester|of|verbal,sources,1,0,negative
aimed,AIMed.d179.s1519,phosphorylation,structural|AB|stimulate|_|verbal,targets,1,1,positive
aimed,AIMed.d179.s1520,effect,structural|AB|mediate|_|verbal,sources,0,0,unlabeled
aimed,AIMed.d179.s1522,phosphorylation,structural|AB|stimulate|_|verbal,targets,1,1,positive
aimed,AIMed.d179.s1522,substrate,relational|RELATIONAL|substrate|_|nominalized,entities_b,0,0,unlabeled
aimed,AIMed.d179.s1523,phosphorylation,structural|AB|occur|_|verbal,sources,0,0,unlabeled
aimed,AIMed.d179.s1523,phosphorylation,structural|AB|diminish|_|verbal,sources,0,0,unlabeled
aimed,AIMed.d179.s1526,activation,structural|AB|suggest|_|verbal,sources,0,0,unlabeled
aimed,AIMed.d179.s1526,phosphorylation,structural|AB|lead|to|verbal,sources,1,0,negative
aimed,AIMed.d179.s1526,recruitment,structural|AB|lead|to|verbal,targets,1,0,negative
aimed,AIMed.d179.s1527,activation,structural|AB|contribute|to|verbal,targets,1,0,negative
aimed,AIMed.d179.s1527,association,structural|AB|contribute|to|verbal,sources,1,0,negative
aimed,AIMed.d179.s1527,complex,structural|AA|complex|_|compound_state,participants,1,1,positive
aimed,AIMed.d179.s1527,phosphorylation,structural|AB|contribute|to|verbal,sources,1,0,negative
aimed,AIMed.d179.s1528,response,structural|AB|interact|with|verbal,targets,1,0,negative
aimed,AIMed.d179.s1529,family,structural|AB|belong|such|verbal,targets,0,0,unlabeled
aimed,AIMed.d18.s148,evidence,structural|AB|provide|_|verbal,targets,0,0,unlabeled
aimed,AIMed.d18.s151,cytokine,structural|AB|determine|_|passive,targets,0,0,unlabeled
aimed,AIMed.d18.s151,cytokine,structural|AB|use|_|verbal,sources,0,0,unlabeled
aimed,AIMed.d18.s153,change,structural|AB|compare|_|passive,targets,0,0,unlabeled
aimed,AIMed.d18.s156,level,structural|AB|relate|_|passive,targets,0,0,unlabeled
aimed,AIMed.d18.s156,level,structural|AB|see|_|verbal,sources,0,0,unlabeled
aimed,AIMed.d18.s158,evidence,relational|RELATIONAL|evidence|_|nominalized,entities_b,0,0,unlabeled
aimed,AIMed.d180.s1530,interaction,structural|AB|investigate|_|verbal,targets,0,0,unlabeled
aimed,AIMed.d180.s1531,phosphoprotein,structural|AB|interact|with|verbal,targets,0,0,unlabeled
aimed,AIMed.d180.s1531,phosphoprotein,relational|RELATIONAL|is-a|_|verbal,entities_a,0,0,unlabeled
aimed,AIMed.d180.s1532,substrate,structural|AB|implicate|_|passive,targets,0,0,unlabeled
aimed,AIMed.d180.s1535,interaction,structural|AB|block|_|passive,targets,0,0,unlabeled
aimed,AIMed.d180.s1536,interaction,structural|AB|modulate|_|verbal,targets,0,0,unlabeled
aimed,AIMed.d180.s1536,third,structural|AB|bind|_|verbal,sources,1,1,positive
aimed,AIMed.d180.s1536,third,structural|AB|do|_|verbal,sources,1,0,negative
aimed,AIMed.d180.s1536,third,structural|AB|suggest|_|verbal,sources,0,0,unlabeled
aimed,AIMed.d180.s1537,role,structural|AB|suggest|for|verbal,targets,0,0,unlabeled
aimed,AIMed.d181.s1538,structure,structural|AB|bind|to|verbal,sources,0,0,unlabeled
aimed,AIMed.d181.s1540,activity,structural|AB|contain|of|verbal,targets,0,0,unlabeled
aimed,AIMed.d181.s1541,l2,structural|AB|bind|of|verbal,targets,0,0,unlabeled
aimed,AIMed.d181.s1541,l3,structural|AB|bind|of|verbal,targets,0,0,unlabeled
aimed,AIMed.d181.s1541,protein,structural|AB|bind|to|verbal,targets,1,1,positive
aimed,AIMed.d181.s1541,protein,structural|AB|contain|_|verbal,sources,0,0,unlabeled
aimed,AIMed.d181.s1541,structure,structural|AB|bind|to|verbal,sources,1,1,positive
aimed,AIMed.d181.s1542,binding,structural|AB|consist|_|verbal,sources,0,0,unlabeled
aimed,AIMed.d181.s1543,binding,structural|AB|disrupt|_|verbal,targets,1,1,positive
aimed,AIMed.d181.s1543,mutation,structural|AB|disrupt|_|verbal,sources,1,1,positive
aimed,AIMed.d181.s1544,complex,structural|AB|form|_|verbal,sources,0,0,unlabeled
aimed,AIMed.d181.s1544,complex,structural|AB|have|in|verbal,sources,1,0,negative
aimed,AIMed.d181.s1544,complex,structural|AA|complex|_|compound_state,participants,1,1,positive
aimed,AIMed.d181.s1544,pathway,structural|AB|have|in|verbal,targets,1,0,negative
aimed,AIMed.d182.s1545,domain,structural|AB|bind|to|verbal,targets,1,1,positive
aimed,AIMed.d182.s1545,structure,structural|AB|bind|to|verbal,sources,1,1,positive
aimed,AIMed.d182.s1546,inhibitor,relational|RELATIONAL|inhibitor|_|nominalized,entities_b,1,1,positive
aimed,AIMed.d182.s1546,oncoprotein,relational|RELATIONAL|inhibitor|_|nominalized,entities_a,1,1,positive
aimed,AIMed.d182.s1547,inactivation,structural|AB|contribute|to|verbal,targets,0,0,unlabeled
aimed,AIMed.d182.s1548,domain,structural|AB|bind|of|verbal,targets,1,1,positive
aimed,AIMed.d182.s1548,peptide,structural|AB|bind|_|verbal,sources,0,0,unlabeled
aimed,AIMed.d182.s1548,structure,structural|AB|bind|of|verbal,sources,1,1,positive
aimed,AIMed.d182.s1549,amino,structural|AB|insert|into|verbal,sources,1,1,positive
aimed,AIMed.d182.s1549,cleft,structural|AB|complementarity|_|nominalized,sources,1,0,negative
aimed,AIMed.d182.s1549,cleft,structural|AB|insert|into|verbal,targets,1,1,positive
aimed,AIMed.d182.s1549,triad,structural|AB|complementarity|_|nominalized,targets,1,0,negative
aimed,AIMed.d182.s1549,triad,structural|AB|rely|on|verbal,targets,0,0,unlabeled
aimed,AIMed.d182.s1550,residue,structural|AB|involve|_|passive,targets,0,0,unlabeled
aimed,AIMed.d182.s1550,residue,structural|AB|support|_|verbal,sources,0,0,unlabeled
aimed,AIMed.d183.s1552,kinase,structural|AB|activate|_|verbal,sources,1,1,positive
aimed,AIMed.d183.s1552,kinase,relational|RELATIONAL|is-a|_|verbal,entities_a,0,0,unlabeled
aimed,AIMed.d183.s1552,manner,structural|AB|activate|_|verbal,contexts,0,0,unlabeled
aimed,AIMed.d183.s1554,activity,structural|AB|stimulate|toward|verbal,targets,1,0,negative
aimed,AIMed.d183.s1555,presence,structural|AB|activate|in|passive,targets,1,0,negative
aimed,AIMed.d183.s1556,complex,structural|AA|complex|_|compound_state,participants,1,1,positive
aimed,AIMed.d183.s1557,absence,structural|AB|result|in|verbal,targets,0,0,unlabeled
aimed,AIMed.d183.s1557,coexpression,structural|AB|result|in|verbal,sources,1,0,negative
aimed,AIMed.d183.s1557,decrease,structural|AB|result|in|verbal,targets,1,0,negative
aimed,AIMed.d183.s1559,fraction,structural|AB|coimmunoprecipitate|with|verbal,sources,1,1,positive
aimed,AIMed.d184.s1561,chemokine,relational|RELATIONAL|is-a|_|verbal,entities_a,0,0,unlabeled
aimed,AIMed.d184.s1562,chemokine,structural|AB|require|_|verbal,targets,0,0,unlabeled
aimed,AIMed.d184.s1562,chemokine,relational|RELATIONAL|is-a|_|verbal,entities_a,0,0,unlabeled
aimed,AIMed.d184.s1562,receptor,structural|AB|require|_|verbal,targets,0,0,unlabeled
aimed,AIMed.d184.s1563,complex,structural|AB|interact|with|verbal,sources,1,1,positive
aimed,AIMed.d184.s1563,complex,structural|AB|inhibit|_|verbal,sources,0,0,unlabeled
aimed,AIMed.d184.s1563,complex,structural|AA|complex|_|compound_state,participants,1,1,positive
aimed,AIMed.d184.s1563,ligand,structural|AA|bind|_|nominalized,participants,0,0,unlabeled
aimed,AIMed.d184.s1563,ligand,structural|AA|bind|_|nominalized,participants,0,0,unlabeled
aimed,AIMed.d184.s1563,ligand,relational|RELATIONAL|is-a|_|verbal,entities_a,0,0,unlabeled
aimed,AIMed.d184.s1565,fragment,structural|AA|interact|_|nominalized,participants,1,1,positive
aimed,AIMed.d184.s1566,fragment,structural|AB|retain|_|verbal,sources,0,0,unlabeled
aimed,AIMed.d184.s1566,fragment,structural|AB|interact|with|verbal,sources,1,1,positive
aimed,AIMed.d184.s1567,complex,structural|AB|interact|with|nominalized,sources,1,1,positive
aimed,AIMed.d184.s1567,complex,structural|AB|interact|with|nominalized,sources,1,1,positive
aimed,AIMed.d184.s1568,attachment,structural|AB|create|for|verbal,sources,1,0,negative
aimed,AIMed.d184.s1568,attachment,structural|AB|lead|_|verbal,sources,0,0,unlabeled
aimed,AIMed.d184.s1568,binding,structural|AB|create|for|verbal,targets,1,0,negative
aimed,AIMed.d185.s1571,protein,structural|AB|underlie|_|verbal,targets,0,0,unlabeled
aimed,AIMed.d185.s1572,combination,structural|AB|contain|_|verbal,targets,0,0,unlabeled
aimed,AIMed.d185.s1572,combination,structural|AA|complex|_|compound_state,participants,1,0,negative
aimed,AIMed.d185.s1574,residue,structural|AB|use|_|verbal,sources,0,0,unlabeled
aimed,AIMed.d185.s1574,residue,structural|AB|require|_|verbal,sources,0,0,unlabeled
aimed,AIMed.d185.s1575,phosphorylation,structural|AB|block|_|verbal,targets,0,0,unlabeled
aimed,AIMed.d185.s1576,activation,structural|AB|block|_|verbal,targets,0,0,unlabeled
aimed,AIMed.d186.s1581,%,structural|AB|have|_|verbal,targets,0,0,unlabeled
aimed,AIMed.d186.s1582,combination,structural|AB|result|_|verbal,sources,0,0,unlabeled
aimed,AIMed.d186.s1582,combination,structural|AB|indicate|_|verbal,sources,0,0,unlabeled
aimed,AIMed.d186.s1582,component,relational|RELATIONAL|component|_|nominalized,entities_b,0,0,unlabeled
aimed,AIMed.d186.s1583,function,structural|AB|replace|_|verbal,targets,0,0,unlabeled
aimed,AIMed.d186.s1583,signaling,structural|AB|serve|for|verbal,targets,1,1,positive
aimed,AIMed.d187.s1589,rate,structural|AB|decrease|of|verbal,targets,1,0,negative
aimed,AIMed.d187.s1590,level,structural|AB|decrease|of|verbal,targets,1,0,negative
aimed,AIMed.d187.s1592,monomer,structural|AB|interact|with|verbal,sources,1,1,positive
aimed,AIMed.d187.s1592,surface,structural|AB|identify|of|verbal,targets,0,0,unlabeled
aimed,AIMed.d187.s1594,modulation,structural|AB|play|in|verbal,targets,0,0,unlabeled
aimed,AIMed.d188.s1596,binding,structural|AB|activate|_|verbal,sources,0,0,unlabeled
aimed,AIMed.d188.s1600,protein,relational|RELATIONAL|protein|_|nominalized,entities_b,0,0,unlabeled
aimed,AIMed.d189.s1604,pathway,structural|AB|involve|_|passive,targets,0,0,unlabeled
aimed,AIMed.d189.s1605,enzyme,structural|AB|participate|_|verbal,sources,0,0,unlabeled
aimed,AIMed.d189.s1605,enzyme,relational|RELATIONAL|is-a|_|verbal,entities_a,0,0,unlabeled
aimed,AIMed.d189.s1606,homolog,structural|AB|identify|_|verbal,targets,0,0,unlabeled
aimed,AIMed.d189.s1606,homolog,structural|AB|designate|_|passive,targets,0,0,unlabeled
aimed,AIMed.d189.s1606,homolog,structural|AB|interact|with|verbal,sources,1,1,positive
aimed,AIMed.d189.s1606,homolog,relational|RELATIONAL|homolog|_|nominalized,entities_a,0,0,unlabeled
aimed,AIMed.d189.s1606,protein,structural|AB|use|_|verbal,targets,0,0,unlabeled
aimed,AIMed.d189.s1606,protein,structural|AB|interact|with|verbal,targets,1,1,positive
aimed,AIMed.d189.s1607,enzyme,structural|AA|interact|_|verbal,participants,0,0,unlabeled
aimed,AIMed.d189.s1607,enzyme,relational|RELATIONAL|is-a|_|verbal,entities_a,0,0,unlabeled
aimed,AIMed.d189.s1609,process,structural|AB|interact|through|verbal,sources,1,0,negative
aimed,AIMed.d189.s1609,ubiquitination,structural|AB|interact|through|verbal,sources,1,0,negative
aimed,AIMed.d19.s162,focus,relational|RELATIONAL|focus|_|nominalized,entities_b,0,0,unlabeled
aimed,AIMed.d19.s162,gene,structural|AB|code|for|verbal,sources,1,0,negative
aimed,AIMed.d190.s1610,complex,structural|AA|complex|_|compound_state,participants,1,0,negative
aimed,AIMed.d190.s1610,interaction,structural|AB|mediate|_|verbal,sources,0,0,unlabeled
aimed,AIMed.d190.s1611,set,structural|AB|signal|of|verbal,targets,0,0,unlabeled
aimed,AIMed.d190.s1612,activation,structural|AB|evaluate|upon|verbal,targets,0,0,unlabeled
aimed,AIMed.d190.s1612,complex,structural|AA|interact|_|nominalized,participants,0,0,unlabeled
aimed,AIMed.d190.s1612,complex,structural|AA|interact|_|nominalized,participants,0,0,unlabeled
aimed,AIMed.d190.s1612,phosphorylation,structural|AB|evaluate|upon|verbal,targets,0,0,unlabeled
aimed,AIMed.d190.s1612,receptor,structural|AB|lead|_|verbal,sources,0,0,unlabeled
aimed,AIMed.d190.s1613,ligand,structural|AB|induce|_|verbal,sources,1,1,positive
aimed,AIMed.d190.s1613,ligand,relational|RELATIONAL|is-a|_|verbal,entities_a,0,0,unlabeled
aimed,AIMed.d190.s1613,phosphorylation,structural|AB|induce|_|verbal,targets,1,1,positive
aimed,AIMed.d190.s1614,adaptor,structural|AB|bind|of|verbal,sources,1,1,positive
aimed,AIMed.d190.s1614,adaptor,relational|RELATIONAL|is-a|_|verbal,entities_a,0,0,unlabeled
aimed,AIMed.d190.s1614,fraction,structural|AB|bind|of|verbal,targets,1,1,positive
aimed,AIMed.d190.s1615,complex,structural|AB|interact|through|verbal,sources,1,0,negative
aimed,AIMed.d190.s1615,domain,structural|AB|interact|through|verbal,targets,1,0,negative
aimed,AIMed.d190.s1616,complex,structural|AB|contain|_|verbal,sources,1,1,positive
aimed,AIMed.d190.s1616,stimulation,structural|AB|lead|to|verbal,sources,0,0,unlabeled
aimed,AIMed.d190.s1618,complex,structural|AB|recruit|upon|verbal,sources,1,0,negative
aimed,AIMed.d190.s1618,stimulation,structural|AB|recruit|upon|verbal,targets,1,0,negative
aimed,AIMed.d190.s1619,exchanger,structural|AB|suggest|_|verbal,sources,0,0,unlabeled
aimed,AIMed.d190.s1620,complex,structural|AB|interact|with|verbal,targets,0,0,unlabeled
aimed,AIMed.d191.s1623,level,structural|AB|have|of|verbal,targets,0,0,unlabeled
aimed,AIMed.d191.s1631,receptor,structural|AB|interact|with|verbal,targets,1,0,negative
aimed,AIMed.d191.s1632,receptor,structural|AB|lack|_|verbal,targets,0,0,unlabeled
aimed,AIMed.d191.s1633,mrna,structural|AB|express|_|verbal,targets,0,0,unlabeled
aimed,AIMed.d192.s1636,precursor,structural|AB|process|_|verbal,targets,1,0,negative
aimed,AIMed.d192.s1637,precursor,structural|AB|cleave|_|verbal,targets,1,1,positive
aimed,AIMed.d192.s1638,precursor,structural|AB|synthesize|_|verbal,targets,0,0,unlabeled
aimed,AIMed.d192.s1638,precursor,structural|AB|process|_|verbal,targets,0,0,unlabeled
aimed,AIMed.d192.s1639,-/-,structural|AB|expose|_|passive,targets,0,0,unlabeled
aimed,AIMed.d192.s1639,serum,structural|AB|diminish|_|passive,contexts,0,0,unlabeled
aimed,AIMed.d192.s1640,lack,structural|AB|account|_|verbal,sources,0,0,unlabeled
aimed,AIMed.d193.s1642,factor,structural|AB|interact|with|verbal,sources,1,1,positive
aimed,AIMed.d193.s1642,factor,relational|RELATIONAL|is-a|_|verbal,entities_a,0,0,unlabeled
aimed,AIMed.d193.s1642,inhibitor,structural|AB|interact|with|verbal,targets,1,1,positive
aimed,AIMed.d193.s1644,activation,structural|AB|inhibit|_|verbal,targets,1,0,negative
aimed,AIMed.d193.s1644,factor,relational|RELATIONAL|is-a|_|verbal,entities_a,0,0,unlabeled
aimed,AIMed.d193.s1644,overexpression,structural|AB|expect|_|verbal,sources,0,0,unlabeled
aimed,AIMed.d193.s1644,overexpression,structural|AB|inhibit|_|verbal,sources,1,0,negative
aimed,AIMed.d193.s1646,promoter,structural|AB|inhibit|_|verbal,targets,1,0,negative
aimed,AIMed.d193.s1647,heterodimer,structural|AB|bind|_|verbal,sources,0,0,unlabeled
aimed,AIMed.d195.s1662,clustering,structural|AB|colocalize|with|verbal,targets,0,0,unlabeled
aimed,AIMed.d195.s1662,interaction,structural|AB|suggest|_|verbal,targets,0,0,unlabeled
aimed,AIMed.d195.s1662,interaction,structural|AB|identify|_|verbal,sources,0,0,unlabeled
aimed,AIMed.d195.s1662,tail,structural|AB|bind|of|verbal,targets,1,1,positive
aimed,AIMed.d196.s1665,phosphatase,structural|AB|interact|with|verbal,targets,1,1,positive
aimed,AIMed.d196.s1670,inhibition,structural|AB|regulate|_|verbal,sources,0,0,unlabeled
aimed,AIMed.d196.s1670,inhibition,structural|AB|control|_|verbal,sources,0,0,unlabeled
aimed,AIMed.d196.s1671,microinjection,structural|AB|promote|_|verbal,sources,0,0,unlabeled
aimed,AIMed.d196.s1672,expression,structural|AB|eliminate|_|passive,sources,0,0,unlabeled
aimed,AIMed.d197.s1676,interaction,relational|RELATIONAL|step|_|nominalized,entities_a,0,0,unlabeled
aimed,AIMed.d197.s1676,step,relational|RELATIONAL|step|_|nominalized,entities_b,0,0,unlabeled
aimed,AIMed.d197.s1678,binding,structural|AB|study|_|verbal,targets,0,0,unlabeled
aimed,AIMed.d197.s1681,residue,structural|AB|alter|_|verbal,contexts,0,0,unlabeled
aimed,AIMed.d197.s1681,residue,structural|AB|predict|_|passive,contexts,0,0,unlabeled
aimed,AIMed.d197.s1682,complex,structural|AB|form|_|verbal,targets,0,0,unlabeled
aimed,AIMed.d198.s1687,mutagenesis,structural|AB|permit|_|verbal,sources,0,0,unlabeled
aimed,AIMed.d198.s1688,refer,relational|RELATIONAL|is-a|_|verbal,entities_a,0,0,unlabeled
aimed,AIMed.d198.s1690,binding,structural|AB|analyze|for|verbal,targets,0,0,unlabeled
aimed,AIMed.d198.s1690,express,relational|RELATIONAL|is-a|_|verbal,entities_a,0,0,unlabeled
aimed,AIMed.d198.s1691,binding,structural|AB|analyze|for|verbal,targets,0,0,unlabeled
aimed,AIMed.d198.s1691,express,relational|RELATIONAL|is-a|_|verbal,entities_a,0,0,unlabeled
aimed,AIMed.d198.s1692,binding,structural|AB|involve|in|verbal,targets,0,0,unlabeled
aimed,AIMed.d198.s1693,structure,structural|AB|present|_|verbal,targets,0,0,unlabeled
aimed,AIMed.d199.s1695,stimulation,structural|AB|result|_|verbal,sources,0,0,unlabeled
aimed,AIMed.d199.s1696,gene,structural|AB|encode|_|verbal,sources,0,0,unlabeled
aimed,AIMed.d199.s1696,isoform,structural|AB|transfect|with|passive,targets,0,0,unlabeled
aimed,AIMed.d199.s1696,isoform,structural|AB|result|from|verbal,sources,1,0,negative
aimed,AIMed.d199.s1696,isoform,relational|RELATIONAL|is-a|_|verbal,entities_a,0,0,unlabeled
aimed,AIMed.d199.s1696,splicing,structural|AB|result|from|verbal,targets,1,0,negative
aimed,AIMed.d199.s1697,cell,structural|AB|respond|to|verbal,sources,1,0,negative
aimed,AIMed.d199.s1697,expression,structural|AB|confer|to|verbal,sources,1,0,negative
aimed,AIMed.d199.s1697,member,structural|AB|confer|to|verbal,targets,1,0,negative
aimed,AIMed.d199.s1698,activation,structural|AB|result|in|verbal,sources,1,0,negative
aimed,AIMed.d199.s1698,activation,structural|AB|result|in|verbal,targets,1,0,negative
aimed,AIMed.d199.s1699,adapter,relational|RELATIONAL|is-a|_|verbal,entities_a,0,0,unlabeled
aimed,AIMed.d199.s1699,pool,structural|AB|utilize|_|verbal,contexts,0,0,unlabeled
aimed,AIMed.d199.s1699,pool,structural|AB|link|to|verbal,sources,1,0,negative
aimed,AIMed.d199.s1704,complex,structural|AB|contain|_|verbal,sources,0,0,unlabeled
aimed,AIMed.d199.s1707,adapter,relational|RELATIONAL|is-a|_|verbal,entities_a,0,0,unlabeled
aimed,AIMed.d199.s1707,complex,structural|AA|complex|_|compound_state,participants,1,0,negative
aimed,AIMed.d199.s1708,dissociation,structural|AB|induce|_|verbal,targets,0,0,unlabeled
aimed,AIMed.d199.s1709,complex,structural|AA|complex|_|compound_state,participants,1,0,negative
aimed,AIMed.d199.s1710,complex,structural|AB|utilize|_|verbal,targets,1,0,negative
aimed,AIMed.d199.s1710,complex,relational|RELATIONAL|is-a|_|verbal,entities_a,0,0,unlabeled
aimed,AIMed.d199.s1710,pathway,structural|AB|utilize|_|verbal,sources,1,0,negative
aimed,AIMed.d199.s1715,phosphorylation,structural|AB|result|in|verbal,targets,1,0,negative
aimed,AIMed.d199.s1715,phosphorylation,structural|AB|result|in|verbal,targets,1,0,negative
aimed,AIMed.d2.s18,usefulness,structural|AB|assess|_|verbal,contexts,0,0,unlabeled
aimed,AIMed.d2.s18,usefulness,structural|AB|determine|_|verbal,sources,0,0,unlabeled
aimed,AIMed.d2.s19,analysis,structural|AB|conduct|_|verbal,targets,0,0,unlabeled
aimed,AIMed.d2.s24,ratio,structural|AB|appear|_|verbal,sources,0,0,unlabeled
aimed,AIMed.d2.s24,ratio,structural|AB|assess|_|verbal,sources,0,0,unlabeled
aimed,AIMed.d20.s168,association,structural|AB|explore|_|verbal,targets,0,0,unlabeled
aimed,AIMed.d200.s1716,protein,relational|RELATIONAL|is-a|_|verbal,entities_a,0,0,unlabeled
aimed,AIMed.d200.s1721,clone,structural|AB|term|_|passive,targets,0,0,unlabeled
aimed,AIMed.d200.s1721,clone,structural|AB|relate|_|passive,targets,0,0,unlabeled
aimed,AIMed.d200.s1722,interaction,structural|AB|use|_|verbal,sources,0,0,unlabeled
aimed,AIMed.d200.s1722,protein,structural|AB|encode|_|passive,targets,0,0,unlabeled
aimed,AIMed.d200.s1722,protein,structural|AB|interact|_|nominalized,sources,1,1,positive
aimed,AIMed.d200.s1722,protein,structural|AB|interact|_|nominalized,targets,1,1,positive
aimed,AIMed.d200.s1725,interaction,structural|AB|use|_|verbal,sources,0,0,unlabeled
aimed,AIMed.d200.s1726,basic-helix-loop-helix,structural|AB|interact|with|verbal,targets,0,0,unlabeled
aimed,AIMed.d200.s1726,part,structural|AB|encode|of|verbal,targets,0,0,unlabeled
aimed,AIMed.d201.s1728,n,structural|AB|transactivate|_|verbal,sources,0,0,unlabeled
aimed,AIMed.d201.s1735,mutant,structural|AB|have|_|verbal,sources,0,0,unlabeled
aimed,AIMed.d201.s1735,mutant,structural|AB|exhibit|_|verbal,sources,0,0,unlabeled
aimed,AIMed.d201.s1735,mutant,structural|AB|suggest|_|verbal,sources,0,0,unlabeled
aimed,AIMed.d201.s1735,transactivation,structural|AB|require|_|verbal,sources,0,0,unlabeled
aimed,AIMed.d201.s1736,association,structural|AB|stabilize|_|verbal,targets,0,0,unlabeled
aimed,AIMed.d202.s1739,agonist,structural|AB|consist|of|verbal,targets,1,0,negative
aimed,AIMed.d202.s1739,agonist,relational|RELATIONAL|is-a|_|verbal,entities_a,0,0,unlabeled
aimed,AIMed.d202.s1739,antagonist,structural|AB|consist|of|verbal,targets,1,0,negative
aimed,AIMed.d202.s1739,antagonist,relational|RELATIONAL|is-a|_|verbal,entities_a,0,0,unlabeled
aimed,AIMed.d202.s1739,family,structural|AB|consist|of|verbal,sources,1,0,negative
aimed,AIMed.d202.s1741,binding,relational|RELATIONAL|step|_|nominalized,entities_a,0,0,unlabeled
aimed,AIMed.d202.s1741,step,relational|RELATIONAL|step|_|nominalized,entities_b,0,0,unlabeled
aimed,AIMed.d202.s1742,structure,structural|AB|bind|to|passive,targets,0,0,unlabeled
aimed,AIMed.d202.s1745,binding,structural|AB|identify|on|passive,targets,0,0,unlabeled
aimed,AIMed.d202.s1745,binding,structural|AB|contact|_|verbal,sources,0,0,unlabeled
aimed,AIMed.d203.s1748,agonist,structural|AB|exist|_|verbal,targets,1,1,positive
aimed,AIMed.d203.s1748,ligand,structural|AB|exist|_|verbal,sources,1,1,positive
aimed,AIMed.d203.s1750,a,structural|AB|describe|at|verbal,targets,0,0,unlabeled
aimed,AIMed.d203.s1753,residue,structural|AB|include|_|verbal,targets,0,0,unlabeled
aimed,AIMed.d203.s1753,residue,structural|AB|identify|_|passive,targets,0,0,unlabeled
aimed,AIMed.d203.s1754,contact,relational|RELATIONAL|contact|_|nominalized,entities_b,0,0,unlabeled
aimed,AIMed.d204.s1756,inhibitor,structural|AA|interact|_|nominalized,participants,0,0,unlabeled
aimed,AIMed.d204.s1756,inhibitor,structural|AA|interact|_|nominalized,participants,0,0,unlabeled
aimed,AIMed.d204.s1756,inhibitor,relational|RELATIONAL|is-a|_|verbal,entities_a,0,0,unlabeled
aimed,AIMed.d204.s1757,production,structural|AB|describe|_|verbal,targets,0,0,unlabeled
aimed,AIMed.d204.s1758,domain,structural|AB|lack|_|verbal,targets,1,0,negative
aimed,AIMed.d204.s1758,mutant,structural|AB|lack|_|verbal,sources,1,0,negative
aimed,AIMed.d204.s1758,mutant,structural|AB|exhibit|_|verbal,sources,0,0,unlabeled
aimed,AIMed.d204.s1759,addition,structural|AB|inhibit|_|passive,sources,0,0,unlabeled
aimed,AIMed.d204.s1761,requirement,structural|AB|determine|_|verbal,contexts,0,0,unlabeled
aimed,AIMed.d204.s1761,requirement,structural|AB|form|_|verbal,sources,0,0,unlabeled
aimed,AIMed.d204.s1763,mutation,structural|AB|interact|with|verbal,sources,0,0,unlabeled
aimed,AIMed.d204.s1763,mutation,relational|RELATIONAL|is-a|_|verbal,entities_a,0,0,unlabeled
aimed,AIMed.d204.s1764,contrast,structural|AB|interact|in|verbal,targets,0,0,unlabeled
aimed,AIMed.d204.s1765,formation,structural|AB|require|for|passive,targets,1,1,positive
aimed,AIMed.d204.s1765,importance,structural|AB|underline|_|verbal,targets,1,0,negative
aimed,AIMed.d204.s1765,integrity,structural|AB|bind|_|verbal,sources,0,0,unlabeled
aimed,AIMed.d204.s1765,integrity,structural|AB|require|for|passive,sources,1,1,positive
aimed,AIMed.d205.s1768,cross-linking,structural|AB|implicate|_|verbal,sources,1,0,negative
aimed,AIMed.d205.s1772,subunit,structural|AB|associate|with|passive,sources,1,1,positive
aimed,AIMed.d205.s1776,recruitment,structural|AB|induce|to|verbal,targets,0,0,unlabeled
aimed,AIMed.d206.s1779,expression,structural|AB|investigate|_|verbal,targets,0,0,unlabeled
aimed,AIMed.d206.s1781,co-localisation,structural|AB|be|_|verbal,sources,0,0,unlabeled
aimed,AIMed.d206.s1783,amount,structural|AB|co-immunoprecipitate|_|verbal,sources,0,0,unlabeled
aimed,AIMed.d206.s1784,antibody,structural|AB|affect|_|verbal,sources,0,0,unlabeled
aimed,AIMed.d206.s1784,antibody,structural|AB|inhibit|_|verbal,sources,0,0,unlabeled
aimed,AIMed.d207.s1787,formation,structural|AB|contain|_|verbal,targets,1,0,negative
aimed,AIMed.d207.s1788,pocket,structural|AB|regulate|_|passive,sources,0,0,unlabeled
aimed,AIMed.d207.s1788,protein,structural|AB|regulate|_|passive,sources,0,0,unlabeled
aimed,AIMed.d207.s1789,component,relational|RELATIONAL|component|_|nominalized,entities_b,0,0,unlabeled
aimed,AIMed.d207.s1790,composition,structural|AB|analyse|_|verbal,targets,0,0,unlabeled
aimed,AIMed.d207.s1791,complex,structural|AB|contain|_|verbal,sources,1,0,negative
aimed,AIMed.d207.s1791,complex,structural|AB|contain|_|verbal,targets,1,0,negative
aimed,AIMed.d207.s1791,complex,structural|AB|appear|_|verbal,sources,0,0,unlabeled
aimed,AIMed.d207.s1791,complex,structural|AB|replace|of|verbal,targets,0,0,unlabeled
aimed,AIMed.d207.s1791,complex,structural|AA|complex|_|compound_state,participants,1,1,positive
aimed,AIMed.d207.s1791,complex,structural|AA|complex|_|compound_state,participants,1,0,negative
aimed,AIMed.d207.s1792,re-appearance,structural|AB|reinduce|_|verbal,targets,0,0,unlabeled
aimed,AIMed.d207.s1793,activity,structural|AB|induce|_|passive,targets,0,0,unlabeled
aimed,AIMed.d207.s1793,cdk,structural|AB|induce|_|passive,targets,0,0,unlabeled
aimed,AIMed.d207.s1793,complex,structural|AB|switch|_|verbal,sources,0,0,unlabeled
aimed,AIMed.d207.s1794,complex,structural|AA|complex|_|compound_state,participants,1,1,positive
aimed,AIMed.d207.s1795,activation,structural|AB|prevent|_|verbal,sources,1,0,negative
aimed,AIMed.d207.s1795,chimera,structural|AB|express|_|verbal,targets,0,0,unlabeled
aimed,AIMed.d207.s1795,reassociation,structural|AB|prevent|_|verbal,targets,1,0,negative
aimed,AIMed.d207.s1795,suppression,structural|AB|correlate|with|verbal,targets,0,0,unlabeled
aimed,AIMed.d207.s1795,suppression,structural|AB|re-enter|_|verbal,sources,0,0,unlabeled
aimed,AIMed.d207.s1796,upregulation,structural|AB|involve|_|verbal,targets,0,0,unlabeled
aimed,AIMed.d208.s1803,factor,structural|AB|associate|with|passive,sources,1,1,positive
aimed,AIMed.d208.s1803,form,structural|AB|associate|with|passive,targets,1,1,positive
aimed,AIMed.d208.s1803,identity,structural|AB|initiate|_|verbal,targets,0,0,unlabeled
aimed,AIMed.d208.s1804,activation,structural|AB|regulate|_|verbal,targets,0,0,unlabeled
aimed,AIMed.d208.s1804,activation,structural|AB|activate|_|passive,targets,0,0,unlabeled
aimed,AIMed.d209.s1805,binding,structural|AB|suggest|_|verbal,sources,0,0,unlabeled
aimed,AIMed.d209.s1806,characterize,relational|RELATIONAL|is-a|_|verbal,entities_a,0,0,unlabeled
aimed,AIMed.d209.s1807,binding,structural|AB|require|for|passive,targets,0,0,unlabeled
aimed,AIMed.d209.s1808,determinant,structural|AB|employ|_|verbal,targets,1,0,negative
aimed,AIMed.d209.s1809,effector,structural|AA|similarity|_|nominalized,participants,1,0,negative
aimed,AIMed.d209.s1810,binding,structural|AB|express|_|verbal,sources,0,0,unlabeled
aimed,AIMed.d209.s1810,binding,structural|AB|act|_|verbal,sources,0,0,unlabeled
aimed,AIMed.d209.s1810,binding,relational|RELATIONAL|domain|_|nominalized,entities_a,0,0,unlabeled
aimed,AIMed.d209.s1816,level,structural|AB|indicate|of|verbal,targets,0,0,unlabeled
aimed,AIMed.d21.s176,many,structural|AB|regulate|_|verbal,sources,0,0,unlabeled
aimed,AIMed.d210.s1817,down-regulation,structural|AB|result|in|verbal,targets,1,0,negative
aimed,AIMed.d210.s1817,interaction,structural|AB|result|in|verbal,sources,1,0,negative
aimed,AIMed.d210.s1819,bhlhzip,relational|RELATIONAL|is-a|_|verbal,entities_a,0,0,unlabeled
aimed,AIMed.d210.s1819,function,structural|AB|examine|_|verbal,targets,0,0,unlabeled
aimed,AIMed.d210.s1820,bzip,structural|AB|interact|with|verbal,sources,1,1,positive
aimed,AIMed.d210.s1820,bzip,relational|RELATIONAL|is-a|_|verbal,entities_a,0,0,unlabeled
aimed,AIMed.d210.s1821,family,relational|RELATIONAL|is-a|_|verbal,entities_a,0,0,unlabeled
aimed,AIMed.d210.s1822,interaction,structural|AB|require|for|passive,targets,1,1,positive
aimed,AIMed.d210.s1822,region,structural|AB|require|for|passive,sources,1,1,positive
aimed,AIMed.d210.s1824,decrease,structural|AB|lead|to|verbal,targets,1,0,negative
aimed,AIMed.d210.s1824,expression,structural|AB|lead|to|verbal,sources,1,0,negative
aimed,AIMed.d210.s1825,activity,structural|AB|restore|_|verbal,targets,1,0,negative
aimed,AIMed.d210.s1825,co-expression,structural|AB|restore|_|verbal,sources,1,0,negative
aimed,AIMed.d211.s1829,interaction,structural|AB|help|_|verbal,contexts,0,0,unlabeled
aimed,AIMed.d211.s1830,gene,relational|RELATIONAL|is-a|_|verbal,entities_a,0,0,unlabeled
aimed,AIMed.d211.s1831,product,structural|AB|have|_|verbal,sources,0,0,unlabeled
aimed,AIMed.d211.s1833,phosphorylation,structural|AB|induce|of|verbal,targets,1,1,positive
aimed,AIMed.d211.s1834,receptor,structural|AB|mediate|_|passive,sources,1,0,negative
aimed,AIMed.d211.s1834,signalling,structural|AB|mediate|_|passive,targets,1,0,negative
aimed,AIMed.d211.s1834,those,structural|AB|activate|with|verbal,targets,1,1,positive
aimed,AIMed.d212.s1836,gene,structural|AB|mutate|_|passive,targets,0,0,unlabeled
aimed,AIMed.d212.s1836,gene,structural|AB|designate|for|passive,sources,1,0,negative
aimed,AIMed.d212.s1838,kinase,structural|AB|lack|_|verbal,targets,0,0,unlabeled
aimed,AIMed.d212.s1838,kinase,relational|RELATIONAL|is-a|_|verbal,entities_a,0,0,unlabeled
aimed,AIMed.d212.s1840,dpapnpphfp,structural|AB|interact|of|verbal,targets,0,0,unlabeled
aimed,AIMed.d212.s1841,induction,structural|AB|diminish|of|passive,targets,0,0,unlabeled
aimed,AIMed.d212.s1842,activation,structural|AB|involve|in|passive,targets,0,0,unlabeled
aimed,AIMed.d213.s1844,finger,structural|AB|identify|of|passive,targets,0,0,unlabeled
aimed,AIMed.d213.s1849,finger,structural|AB|play|_|verbal,sources,0,0,unlabeled
aimed,AIMed.d213.s1850,survey,structural|AB|indicate|_|verbal,sources,0,0,unlabeled
aimed,AIMed.d213.s1853,interaction,structural|AB|accomplish|through|passive,targets,0,0,unlabeled
aimed,AIMed.d213.s1855,ability,structural|AB|reflect|_|verbal,targets,0,0,unlabeled
aimed,AIMed.d213.s1855,ability,structural|AB|interfere|_|verbal,sources,0,0,unlabeled
aimed,AIMed.d214.s1858,adapter,structural|AB|phosphorylate|follow|passive,sources,1,0,negative
aimed,AIMed.d214.s1858,adapter,structural|AB|associate|with|verbal,sources,1,1,positive
aimed,AIMed.d214.s1858,adapter,structural|AB|associate|with|verbal,targets,1,1,positive
aimed,AIMed.d214.s1858,adapter,structural|AA|interact|_|verbal,participants,1,0,negative
aimed,AIMed.d214.s1858,adapter,relational|RELATIONAL|is-a|_|verbal,entities_a,0,0,unlabeled
aimed,AIMed.d214.s1858,stimulation,structural|AB|phosphorylate|follow|passive,targets,1,0,negative
aimed,AIMed.d214.s1859,activation,structural|AB|link|_|verbal,targets,1,0,negative
aimed,AIMed.d214.s1860,protein,structural|AB|contain|_|verbal,sources,0,0,unlabeled
aimed,AIMed.d214.s1860,protein,relational|RELATIONAL|is-a|_|verbal,entities_a,0,0,unlabeled
aimed,AIMed.d214.s1860,stimulation,structural|AB|have|follow|verbal,targets,1,0,negative
aimed,AIMed.d214.s1862,receptor,relational|RELATIONAL|is-a|_|verbal,entities_a,0,0,unlabeled
aimed,AIMed.d214.s1864,binding,relational|RELATIONAL|site|_|nominalized,entities_b,0,0,unlabeled
aimed,AIMed.d214.s1865,function,structural|AB|regulate|_|verbal,targets,1,0,negative
aimed,AIMed.d215.s1868,cleavage,structural|AB|induce|_|verbal,sources,0,0,unlabeled
aimed,AIMed.d215.s1869,site,structural|AB|expose|on|verbal,targets,1,0,negative
aimed,AIMed.d215.s1869,site,structural|AB|trigger|_|verbal,sources,0,0,unlabeled
aimed,AIMed.d215.s1869,subunit,structural|AB|cleave|_|verbal,targets,1,1,positive
aimed,AIMed.d215.s1871,activation,structural|AB|provide|_|verbal,sources,0,0,unlabeled
aimed,AIMed.d215.s1871,cleavage,structural|AB|provide|_|verbal,sources,0,0,unlabeled
aimed,AIMed.d216.s1872,complex,structural|AA|complex|_|compound_state,participants,1,1,positive
aimed,AIMed.d216.s1873,domain,structural|AB|bind|to|passive,targets,1,1,positive
aimed,AIMed.d216.s1873,structure,structural|AB|solve|_|passive,targets,0,0,unlabeled
aimed,AIMed.d216.s1875,arginine,structural|AB|supply|_|passive,contexts,0,0,unlabeled
aimed,AIMed.d216.s1875,arginine,structural|AB|neutralize|_|verbal,sources,0,0,unlabeled
aimed,AIMed.d216.s1875,site,structural|AB|supply|_|passive,contexts,0,0,unlabeled
aimed,AIMed.d216.s1876,glutamine,structural|AB|allow|of|verbal,targets,1,0,negative
aimed,AIMed.d216.s1876,region,structural|AB|stabilize|of|passive,targets,1,1,positive
aimed,AIMed.d216.s1876,region,structural|AB|allow|of|verbal,sources,1,0,negative
aimed,AIMed.d216.s1877,explanation,structural|AB|provide|_|verbal,targets,0,0,unlabeled
aimed,AIMed.d216.s1878,distance,relational|RELATIONAL|distance|_|nominalized,entities_b,0,0,unlabeled
aimed,AIMed.d217.s1880,membrane,relational|RELATIONAL|is-a|_|verbal,entities_a,0,0,unlabeled
aimed,AIMed.d217.s1880,receptor,structural|AB|activate|_|passive,targets,0,0,unlabeled
aimed,AIMed.d217.s1880,receptor,structural|AB|cross-link|_|verbal,sources,0,0,unlabeled
aimed,AIMed.d217.s1880,receptor,relational|RELATIONAL|is-a|_|verbal,entities_a,0,0,unlabeled
aimed,AIMed.d217.s1882,homotrimer,structural|AB|bind|to|passive,sources,1,1,positive
aimed,AIMed.d217.s1882,model,structural|AB|generate|of|passive,targets,0,0,unlabeled
aimed,AIMed.d217.s1882,model,structural|AB|use|_|verbal,sources,0,0,unlabeled
aimed,AIMed.d217.s1882,molecule,structural|AB|bind|to|passive,targets,1,1,positive
aimed,AIMed.d217.s1885,decrease,structural|AB|display|with|verbal,targets,0,0,unlabeled
aimed,AIMed.d217.s1886,cluster,structural|AB|interact|of|verbal,targets,1,1,positive
aimed,AIMed.d217.s1886,tyr-218,structural|AB|interact|of|verbal,sources,1,1,positive
aimed,AIMed.d218.s1890,receptor,structural|AB|activate|_|verbal,targets,1,1,positive
aimed,AIMed.d218.s1890,receptor,relational|RELATIONAL|is-a|_|verbal,entities_a,0,0,unlabeled
aimed,AIMed.d218.s1891,coat,structural|AB|fuse|of|passive,targets,1,0,negative
aimed,AIMed.d218.s1891,domain,structural|AB|fuse|of|passive,sources,1,0,negative
aimed,AIMed.d218.s1891,domain,relational|RELATIONAL|domain|_|nominalized,entities_a,0,0,unlabeled
aimed,AIMed.d218.s1893,receptor,structural|AB|bind|to|verbal,targets,0,0,unlabeled
aimed,AIMed.d218.s1896,binding,structural|AB|block|_|verbal,targets,0,0,unlabeled
aimed,AIMed.d218.s1897,activity,structural|AB|block|_|verbal,targets,0,0,unlabeled
aimed,AIMed.d218.s1897,binding,structural|AB|block|_|verbal,targets,0,0,unlabeled
aimed,AIMed.d218.s1898,receptor,structural|AB|dimerize|_|verbal,targets,0,0,unlabeled
aimed,AIMed.d219.s1899,activity,structural|AB|regulate|_|verbal,targets,1,1,positive
aimed,AIMed.d219.s1900,activation,structural|AB|promote|_|verbal,targets,1,0,negative
aimed,AIMed.d219.s1900,effector,relational|RELATIONAL|effector|_|nominalized,entities_b,0,0,unlabeled
aimed,AIMed.d219.s1901,activation,structural|AB|require|for|passive,targets,0,0,unlabeled
aimed,AIMed.d219.s1904,function,structural|AB|mediate|_|verbal,targets,0,0,unlabeled
aimed,AIMed.d219.s1906,mutation,structural|AB|impair|_|verbal,sources,0,0,unlabeled
aimed,AIMed.d219.s1907,length,structural|AB|result|_|verbal,contexts,0,0,unlabeled
aimed,AIMed.d219.s1908,3,structural|AB|serve|in|verbal,sources,1,0,negative
aimed,AIMed.d219.s1908,3,structural|AB|facilitate|_|verbal,sources,0,0,unlabeled
aimed,AIMed.d219.s1908,nh2,structural|AB|facilitate|_|verbal,contexts,0,0,unlabeled
aimed,AIMed.d219.s1908,regulation,structural|AB|serve|in|verbal,targets,1,0,negative
aimed,AIMed.d22.s182,incursion,structural|AB|present|after|verbal,targets,0,0,unlabeled
aimed,AIMed.d22.s183,presentation,structural|AB|follow|_|passive,sources,0,0,unlabeled
aimed,AIMed.d22.s184,component,structural|AB|cooperate|_|verbal,sources,0,0,unlabeled
aimed,AIMed.d22.s184,component,structural|AB|constitute|_|verbal,sources,0,0,unlabeled
aimed,AIMed.d22.s184,component,structural|AB|regulate|_|verbal,sources,0,0,unlabeled
aimed,AIMed.d22.s184,component,structural|AB|maintain|_|verbal,sources,0,0,unlabeled
aimed,AIMed.d220.s1910,ability,structural|AB|possess|_|verbal,targets,0,0,unlabeled
aimed,AIMed.d220.s1911,affinity,structural|AB|isolate|_|passive,sources,0,0,unlabeled
aimed,AIMed.d220.s1919,binding,structural|AB|involve|in|passive,targets,0,0,unlabeled
aimed,AIMed.d220.s1920,domain,relational|RELATIONAL|domain|_|nominalized,entities_a,0,0,unlabeled
aimed,AIMed.d220.s1920,importance,structural|AB|highlight|_|verbal,targets,0,0,unlabeled
aimed,AIMed.d221.s1921,pathway,structural|AB|activate|_|verbal,targets,1,0,negative
aimed,AIMed.d221.s1921,region,structural|AB|interact|with|verbal,sources,1,1,positive
aimed,AIMed.d221.s1921,region,structural|AB|activate|_|verbal,sources,1,0,negative
aimed,AIMed.d221.s1922,coexpression,structural|AB|require|for|passive,sources,1,0,negative
aimed,AIMed.d221.s1922,induction,structural|AB|require|for|passive,targets,1,0,negative
aimed,AIMed.d221.s1923,signaling,structural|AB|explore|in|verbal,targets,0,0,unlabeled
aimed,AIMed.d221.s1924,binding,structural|AB|trigger|after|verbal,targets,0,0,unlabeled
aimed,AIMed.d221.s1924,pathway,structural|AB|activate|_|verbal,targets,0,0,unlabeled
aimed,AIMed.d221.s1925,binding,structural|AB|require|of|passive,targets,0,0,unlabeled
aimed,AIMed.d222.s1928,product,structural|AB|know|_|passive,contexts,0,0,unlabeled
aimed,AIMed.d222.s1928,product,structural|AB|interact|include|verbal,sources,1,1,positive
aimed,AIMed.d222.s1928,product,structural|AB|think|_|passive,contexts,0,0,unlabeled
aimed,AIMed.d222.s1928,product,structural|AB|regulate|_|verbal,sources,0,0,unlabeled
aimed,AIMed.d222.s1928,proteins,structural|AB|interact|include|verbal,targets,1,1,positive
aimed,AIMed.d222.s1929,regulator,relational|RELATIONAL|regulator|_|nominalized,entities_b,1,1,positive
aimed,AIMed.d222.s1931,protein,structural|AB|contain|_|verbal,targets,1,0,negative
aimed,AIMed.d222.s1931,protein,relational|RELATIONAL|is-a|_|verbal,entities_a,0,0,unlabeled
aimed,AIMed.d222.s1932,region,structural|AB|localise|of|verbal,targets,0,0,unlabeled
aimed,AIMed.d223.s1934,interaction,structural|AB|mediate|_|verbal,sources,0,0,unlabeled
aimed,AIMed.d223.s1936,activity,structural|AB|modulate|_|verbal,targets,0,0,unlabeled
aimed,AIMed.d223.s1938,enhancer,structural|AB|bind|_|verbal,contexts,0,0,unlabeled
aimed,AIMed.d223.s1938,subunit,structural|AA|interact|_|verbal,participants,1,0,negative
aimed,AIMed.d223.s1938,subunit,relational|RELATIONAL|is-a|_|verbal,entities_a,0,0,unlabeled
aimed,AIMed.d223.s1939,element,structural|AB|embed|_|passive,contexts,0,0,unlabeled
aimed,AIMed.d223.s1940,homodimer,structural|AB|use|_|verbal,targets,0,0,unlabeled
aimed,AIMed.d223.s1940,homodimer,structural|AA|homodimer|_|compound_state,participants,1,0,negative
aimed,AIMed.d223.s1941,evidence,structural|AB|provide|_|verbal,targets,0,0,unlabeled
aimed,AIMed.d223.s1943,importance,structural|AB|point|to|verbal,targets,0,0,unlabeled
aimed,AIMed.d223.s1944,activity,structural|AB|regulate|_|passive,targets,1,1,positive
aimed,AIMed.d223.s1944,cycle,relational|RELATIONAL|is-a|_|verbal,entities_a,0,0,unlabeled
aimed,AIMed.d223.s1944,interaction,structural|AB|regulate|_|passive,sources,1,1,positive
aimed,AIMed.d224.s1945,expression,structural|AB|correlate|_|verbal,sources,0,0,unlabeled
aimed,AIMed.d224.s1946,lb,structural|AB|transcribe|_|passive,targets,0,0,unlabeled
aimed,AIMed.d224.s1946,lb,relational|RELATIONAL|is-a|_|verbal,entities_a,0,0,unlabeled
aimed,AIMed.d224.s1949,expression,structural|AB|correlate|_|passive,targets,0,0,unlabeled
aimed,AIMed.d224.s1950,expression,relational|RELATIONAL|is-a|_|verbal,entities_a,0,0,unlabeled
aimed,AIMed.d224.s1952,expression,structural|AB|regulate|_|passive,targets,0,0,unlabeled
aimed,AIMed.d224.s1954,binding,structural|AB|derive|_|passive,targets,0,0,unlabeled
aimed,AIMed.d224.s1954,binding,structural|AB|release|_|passive,targets,0,0,unlabeled
aimed,AIMed.d224.s1954,binding,structural|AB|translocate|_|verbal,sources,0,0,unlabeled
aimed,AIMed.d224.s1954,binding,structural|AB|load|onto|verbal,sources,1,0,negative
aimed,AIMed.d224.s1954,molecule,structural|AB|load|onto|verbal,targets,1,0,negative
aimed,AIMed.d23.s189,presence,structural|AB|examine|_|verbal,targets,0,0,unlabeled
aimed,AIMed.d23.s193,labeling,structural|AB|see|_|passive,targets,0,0,unlabeled
aimed,AIMed.d23.s195,presence,structural|AB|suggest|_|verbal,sources,0,0,unlabeled
aimed,AIMed.d23.s195,upregulation,structural|AB|suggest|_|verbal,sources,0,0,unlabeled
aimed,AIMed.d25.s204,complement,structural|AB|use|_|passive,targets,0,0,unlabeled
aimed,AIMed.d25.s204,concentration,structural|AB|measure|_|verbal,targets,0,0,unlabeled
aimed,AIMed.d25.s206,concentration,structural|AB|measure|_|passive,targets,0,0,unlabeled
aimed,AIMed.d25.s206,concentration,structural|AB|use|_|verbal,sources,0,0,unlabeled
aimed,AIMed.d25.s210,effusion,relational|RELATIONAL|effusion|_|nominalized,entities_b,0,0,unlabeled
aimed,AIMed.d26.s215,presence,structural|AB|kill|_|verbal,contexts,0,0,unlabeled
aimed,AIMed.d26.s216,expression,structural|AB|associate|_|passive,targets,0,0,unlabeled
aimed,AIMed.d26.s218,level,structural|AB|exhibit|of|verbal,targets,0,0,unlabeled
aimed,AIMed.d26.s218,level,structural|AB|have|of|verbal,targets,0,0,unlabeled
aimed,AIMed.d26.s219,level,structural|AB|express|of|verbal,targets,0,0,unlabeled
aimed,AIMed.d26.s220,cell,structural|AB|have|_|verbal,targets,0,0,unlabeled
aimed,AIMed.d26.s223,determination,structural|AB|prove|_|verbal,sources,0,0,unlabeled
aimed,AIMed.d26.s223,determination,structural|AB|assess|of|verbal,sources,0,0,unlabeled
aimed,AIMed.d26.s223,expression,structural|AB|correlate|_|verbal,sources,0,0,unlabeled
aimed,AIMed.d27.s229,cycle,structural|AB|emphasize|_|verbal,targets,0,0,unlabeled
aimed,AIMed.d28.s234,ligand,structural|AB|identify|_|verbal,targets,0,0,unlabeled
aimed,AIMed.d28.s234,ligand,structural|AB|designate|_|passive,targets,0,0,unlabeled
aimed,AIMed.d28.s235,gene,structural|AB|map|for|passive,sources,1,0,negative
aimed,AIMed.d28.s235,gene,structural|AB|map|for|passive,targets,1,0,negative
aimed,AIMed.d28.s236,gene,structural|AB|map|_|verbal,sources,0,0,unlabeled
aimed,AIMed.d28.s238,induction,structural|AB|lead|to|verbal,targets,0,0,unlabeled
aimed,AIMed.d28.s239,cotransfection,structural|AB|activate|_|verbal,sources,1,0,negative
aimed,AIMed.d28.s239,factor,structural|AB|activate|_|verbal,targets,1,0,negative
aimed,AIMed.d28.s239,factor,relational|RELATIONAL|is-a|_|verbal,entities_a,0,0,unlabeled
aimed,AIMed.d28.s240,cotransfection,structural|AB|inhibit|_|verbal,sources,0,0,unlabeled
aimed,AIMed.d29.s244,affinity,structural|AB|reduce|_|verbal,targets,1,0,negative
aimed,AIMed.d29.s244,substitution,structural|AB|reduce|_|verbal,sources,1,0,negative
aimed,AIMed.d29.s246,affinity,structural|AB|reduce|_|verbal,targets,0,0,unlabeled
aimed,AIMed.d29.s248,mutant,structural|AB|fail|_|verbal,sources,0,0,unlabeled
aimed,AIMed.d29.s248,mutant,structural|AB|induce|_|verbal,sources,0,0,unlabeled
aimed,AIMed.d3.s31,level,structural|AB|rise|_|verbal,sources,0,0,unlabeled
aimed,AIMed.d3.s32,expression,structural|AB|produce|_|verbal,sources,0,0,unlabeled
aimed,AIMed.d30.s251,cdna,structural|AB|clone|of|verbal,targets,0,0,unlabeled
aimed,AIMed.d30.s251,cdna,structural|AB|encode|_|verbal,sources,0,0,unlabeled
aimed,AIMed.d30.s251,interaction,structural|AB|screen|for|verbal,targets,0,0,unlabeled
aimed,AIMed.d30.s254,fragment,structural|AB|contain|_|verbal,sources,0,0,unlabeled
aimed,AIMed.d30.s254,fragment,structural|AB|retain|_|verbal,sources,0,0,unlabeled
aimed,AIMed.d31.s256,member,structural|AB|suppress|_|verbal,sources,0,0,unlabeled
aimed,AIMed.d31.s258,mrna,structural|AB|express|_|passive,targets,0,0,unlabeled
aimed,AIMed.d31.s259,expression,structural|AB|induce|_|verbal,sources,0,0,unlabeled
aimed,AIMed.d31.s260,frame,structural|AB|encode|_|verbal,sources,0,0,unlabeled
aimed,AIMed.d31.s262,ligand,structural|AB|bind|_|verbal,targets,1,1,positive
aimed,AIMed.d31.s262,ligand,relational|RELATIONAL|is-a|_|verbal,entities_a,0,0,unlabeled
aimed,AIMed.d31.s263,cdna,structural|AB|transfect|with|passive,targets,0,0,unlabeled
aimed,AIMed.d31.s265,receptor,structural|AB|express|_|verbal,targets,0,0,unlabeled
aimed,AIMed.d32.s268,determinant,structural|AB|bind|_|verbal,sources,1,1,positive
aimed,AIMed.d32.s269,decrease,structural|AB|result|in|verbal,targets,0,0,unlabeled
aimed,AIMed.d32.s269,domain,relational|RELATIONAL|domain|_|nominalized,entities_a,0,0,unlabeled
aimed,AIMed.d32.s269,phe93,structural|AB|bind|_|verbal,sources,1,1,positive
aimed,AIMed.d32.s270,structure,structural|AB|form|in|verbal,targets,0,0,unlabeled
aimed,AIMed.d32.s271,alanine,structural|AB|use|_|verbal,targets,0,0,unlabeled
aimed,AIMed.d32.s271,residue,structural|AB|contact|_|verbal,sources,0,0,unlabeled
aimed,AIMed.d32.s274,binding,relational|RELATIONAL|determinant|_|nominalized,entities_b,0,0,unlabeled
aimed,AIMed.d32.s274,epitope,structural|AB|represent|_|verbal,targets,0,0,unlabeled
aimed,AIMed.d33.s280,dimerization,structural|AB|induce|_|verbal,targets,0,0,unlabeled
aimed,AIMed.d33.s280,high-affinity,structural|AB|induce|_|verbal,targets,0,0,unlabeled
aimed,AIMed.d33.s282,evidence,structural|AB|provide|_|verbal,targets,0,0,unlabeled
aimed,AIMed.d34.s285,mutation,structural|AB|account|_|verbal,sources,0,0,unlabeled
aimed,AIMed.d34.s288,loop,structural|AB|interact|_|nominalized,targets,1,1,positive
aimed,AIMed.d34.s290,inter-action,structural|AB|consider|_|verbal,sources,0,0,unlabeled
aimed,AIMed.d34.s290,inter-action,structural|AB|suggest|_|verbal,sources,0,0,unlabeled
aimed,AIMed.d35.s292,mutation,structural|AB|cause|_|passive,sources,0,0,unlabeled
aimed,AIMed.d35.s293,localization,structural|AB|understand|_|verbal,sources,0,0,unlabeled
aimed,AIMed.d35.s294,report,structural|AB|be|_|verbal,sources,0,0,unlabeled
aimed,AIMed.d35.s299,protein,structural|AB|form|with|verbal,targets,1,1,positive
aimed,AIMed.d35.s299,protein,structural|AB|know|_|passive,contexts,0,0,unlabeled
aimed,AIMed.d35.s299,protein,relational|RELATIONAL|is-a|_|verbal,entities_a,0,0,unlabeled
aimed,AIMed.d35.s300,role,structural|AB|suggest|_|verbal,targets,0,0,unlabeled
aimed,AIMed.d36.s303,activity,structural|AB|decrease|of|verbal,targets,1,1,positive
aimed,AIMed.d36.s304,neurotoxicity,structural|AB|implicate|_|passive,contexts,0,0,unlabeled
aimed,AIMed.d36.s305,domain,structural|AB|interact|with|verbal,targets,0,0,unlabeled
aimed,AIMed.d36.s306,helix,structural|AA|interact|_|nominalized,participants,0,0,unlabeled
aimed,AIMed.d36.s306,helix,structural|AA|interact|_|nominalized,participants,0,0,unlabeled
aimed,AIMed.d36.s308,capacity,structural|AB|inhibit|of|verbal,targets,0,0,unlabeled
aimed,AIMed.d37.s314,binding,structural|AB|compete|with|verbal,targets,0,0,unlabeled
aimed,AIMed.d37.s315,addition,structural|AB|compete|in|verbal,targets,0,0,unlabeled
aimed,AIMed.d37.s315,binding,structural|AB|compete|in|verbal,targets,0,0,unlabeled
aimed,AIMed.d37.s316,activation,structural|AB|inhibit|_|verbal,targets,1,0,negative
aimed,AIMed.d37.s318,affinity,structural|AB|compete|with|verbal,targets,0,0,unlabeled
aimed,AIMed.d37.s318,binding,structural|AB|compete|for|verbal,targets,0,0,unlabeled
aimed,AIMed.d37.s319,binding,structural|AB|compete|for|verbal,targets,1,1,positive
aimed,AIMed.d38.s320,cc,relational|RELATIONAL|ligand|_|nominalized,entities_a,1,1,positive
aimed,AIMed.d38.s320,ligand,relational|RELATIONAL|ligand|_|nominalized,entities_b,1,1,positive
aimed,AIMed.d38.s323,cc,structural|AB|identify|_|verbal,targets,0,0,unlabeled
aimed,AIMed.d38.s323,cc,structural|AB|term|_|passive,targets,0,0,unlabeled
aimed,AIMed.d38.s323,gene,structural|AB|contain|for|verbal,targets,0,0,unlabeled
aimed,AIMed.d38.s324,gene,structural|AB|localize|for|passive,targets,0,0,unlabeled
aimed,AIMed.d38.s325,mrna,structural|AB|express|_|passive,targets,0,0,unlabeled
aimed,AIMed.d38.s328,binding,structural|AB|compete|_|verbal,targets,1,0,negative
aimed,AIMed.d38.s330,ligand,relational|RELATIONAL|ligand|_|nominalized,entities_b,1,1,positive
aimed,AIMed.d38.s331,potency,structural|AB|seem|_|verbal,sources,0,0,unlabeled
aimed,AIMed.d38.s332,identification,structural|AB|promote|_|verbal,sources,0,0,unlabeled
aimed,AIMed.d39.s334,function,structural|AB|suppress|_|verbal,targets,1,0,negative
aimed,AIMed.d39.s336,function,structural|AB|mediate|_|verbal,targets,1,0,negative
aimed,AIMed.d39.s337,gene,structural|AB|encode|_|verbal,targets,0,0,unlabeled
aimed,AIMed.d39.s340,heterodimer,structural|AA|heterodimer|_|compound_state,participants,0,0,unlabeled
aimed,AIMed.d39.s341,binding,structural|AB|suppress|_|verbal,targets,1,0,negative
aimed,AIMed.d39.s341,translocation,structural|AB|accelerate|_|verbal,targets,1,0,negative
aimed,AIMed.d39.s342,mutation,structural|AB|attenuate|_|passive,sources,0,0,unlabeled
aimed,AIMed.d39.s343,function,structural|AB|influence|_|verbal,sources,0,0,unlabeled
aimed,AIMed.d4.s37,receptor,structural|AB|mediate|_|passive,sources,0,0,unlabeled
aimed,AIMed.d4.s38,receptor,structural|AB|mediate|_|passive,sources,0,0,unlabeled
aimed,AIMed.d4.s42,potency,structural|AB|decrease|_|verbal,targets,1,0,negative
aimed,AIMed.d4.s42,preincubation,structural|AB|decrease|_|verbal,sources,1,0,negative
aimed,AIMed.d4.s43,agonist,structural|AB|have|_|verbal,sources,0,0,unlabeled
aimed,AIMed.d4.s43,antagonist,structural|AB|block|_|verbal,sources,0,0,unlabeled
aimed,AIMed.d4.s44,receptor,structural|AB|mediate|_|verbal,sources,0,0,unlabeled
aimed,AIMed.d40.s347,complex,structural|AA|complex|_|compound_state,participants,1,1,positive
aimed,AIMed.d41.s352,haemochromatosis,structural|AB|complex|with|passive,sources,1,1,positive
aimed,AIMed.d41.s352,haemochromatosis,relational|RELATIONAL|is-a|_|verbal,entities_a,0,0,unlabeled
aimed,AIMed.d41.s355,complex,structural|AA|complex|_|compound_state,participants,1,1,positive
aimed,AIMed.d41.s355,molecule,structural|AB|grasp|of|verbal,sources,1,1,positive
aimed,AIMed.d41.s355,side,structural|AB|grasp|of|verbal,targets,1,1,positive
aimed,AIMed.d41.s356,contact,structural|AB|make|_|verbal,targets,1,1,positive
aimed,AIMed.d41.s356,helix,structural|AB|delineate|_|verbal,sources,0,0,unlabeled
aimed,AIMed.d41.s356,helix,structural|AB|make|_|verbal,sources,1,1,positive
aimed,AIMed.d41.s357,binding,structural|AB|communicate|between|verbal,targets,0,0,unlabeled
aimed,AIMed.d41.s357,complex,structural|AB|differ|_|verbal,sources,0,0,unlabeled
aimed,AIMed.d41.s357,complex,structural|AB|provide|_|verbal,sources,0,0,unlabeled
aimed,AIMed.d41.s357,structure,structural|AB|differ|_|verbal,sources,0,0,unlabeled
aimed,AIMed.d41.s357,structure,structural|AB|provide|_|verbal,sources,0,0,unlabeled
aimed,AIMed.d41.s358,binding,structural|AB|suggest|for|verbal,targets,1,0,negative
aimed,AIMed.d41.s358,complex,structural|AB|suggest|for|verbal,sources,1,0,negative
aimed,AIMed.d41.s358,complex,structural|AB|shed|upon|verbal,sources,1,0,negative
aimed,AIMed.d41.s358,complex,structural|AB|regulate|_|verbal,sources,0,0,unlabeled
aimed,AIMed.d41.s358,complex,structural|AA|complex|_|compound_state,participants,1,1,positive
aimed,AIMed.d41.s358,function,structural|AB|shed|upon|verbal,targets,1,0,negative
aimed,AIMed.d42.s361,receptor,structural|AB|investigate|for|passive,targets,0,0,unlabeled
aimed,AIMed.d42.s364,bmp,structural|AA|form|_|nominalized,participants,1,0,negative
aimed,AIMed.d42.s368,absence,structural|AB|bind|in|verbal,targets,0,0,unlabeled
aimed,AIMed.d42.s368,homo-oligomer,structural|AB|increase|except|verbal,targets,1,1,positive
aimed,AIMed.d42.s368,homo-oligomer,structural|AB|bind|in|verbal,sources,0,0,unlabeled
aimed,AIMed.d42.s370,receptor,structural|AB|compare|with|verbal,targets,0,0,unlabeled
aimed,AIMed.d43.s371,acid,structural|AB|control|_|verbal,sources,0,0,unlabeled
aimed,AIMed.d43.s375,acid,structural|AB|bind|to|nominalized,sources,1,1,positive
aimed,AIMed.d43.s375,acid,structural|AB|involve|in|passive,targets,0,0,unlabeled
aimed,AIMed.d43.s375,acid,structural|AB|map|in|passive,targets,0,0,unlabeled
aimed,AIMed.d43.s375,binding,structural|AB|involve|in|verbal,targets,0,0,unlabeled
aimed,AIMed.d43.s375,those,structural|AB|bind|to|nominalized,sources,1,0,negative
aimed,AIMed.d43.s375,those,structural|AB|involve|in|passive,targets,0,0,unlabeled
aimed,AIMed.d43.s375,those,structural|AB|map|in|passive,targets,0,0,unlabeled
aimed,AIMed.d43.s376,domain,structural|AB|bind|_|verbal,sources,0,0,unlabeled
aimed,AIMed.d43.s376,set,structural|AB|substitute|from|passive,sources,1,0,negative
aimed,AIMed.d43.s376,those,structural|AB|substitute|from|passive,targets,1,0,negative
aimed,AIMed.d43.s377,binding,structural|AB|recruit|_|verbal,targets,0,0,unlabeled
aimed,AIMed.d43.s377,binding,structural|AB|maintain|_|verbal,targets,0,0,unlabeled
aimed,AIMed.d44.s379,antibody,structural|AB|use|_|verbal,targets,1,0,negative
aimed,AIMed.d44.s379,characterization,structural|AB|use|_|verbal,sources,1,0,negative
aimed,AIMed.d44.s380,member,relational|RELATIONAL|member|_|nominalized,entities_b,0,0,unlabeled
aimed,AIMed.d44.s382,binding,structural|AB|comprise|for|verbal,targets,0,0,unlabeled
aimed,AIMed.d44.s383,protein,structural|AB|use|_|verbal,targets,0,0,unlabeled
aimed,AIMed.d44.s386,signaling,structural|AB|trigger|_|verbal,targets,0,0,unlabeled
aimed,AIMed.d44.s387,mab,structural|AB|inhibit|_|verbal,sources,0,0,unlabeled
aimed,AIMed.d44.s388,assay,structural|AB|design|_|verbal,targets,0,0,unlabeled
aimed,AIMed.d44.s388,system,structural|AB|investigate|_|verbal,targets,0,0,unlabeled
aimed,AIMed.d45.s391,chain,structural|AB|link|of|verbal,targets,1,0,negative
aimed,AIMed.d45.s392,complex,structural|AA|complex|_|compound_state,participants,1,0,negative
aimed,AIMed.d45.s392,high-affinity,structural|AB|complex|_|nominalized,targets,1,1,positive
aimed,AIMed.d45.s392,high-affinity,structural|AB|complex|_|nominalized,targets,1,1,positive
aimed,AIMed.d45.s393,structure,structural|AB|determine|_|passive,targets,0,0,unlabeled
aimed,AIMed.d45.s396,ab,structural|AB|adopt|_|verbal,sources,0,0,unlabeled
aimed,AIMed.d45.s396,complex,structural|AA|complex|_|compound_state,participants,1,0,negative
aimed,AIMed.d45.s397,binding,structural|AB|result|_|verbal,sources,0,0,unlabeled
aimed,AIMed.d45.s397,binding,structural|AB|suggest|_|verbal,sources,0,0,unlabeled
aimed,AIMed.d45.s401,constant,structural|AB|decrease|of|verbal,targets,0,0,unlabeled
aimed,AIMed.d46.s402,alteration,structural|AB|emerge|from|verbal,targets,1,0,negative
aimed,AIMed.d46.s402,antagonist,structural|AB|emerge|from|verbal,sources,1,0,negative
aimed,AIMed.d46.s405,binding,structural|AB|characterize|of|passive,targets,0,0,unlabeled
aimed,AIMed.d46.s405,binding,structural|AB|use|_|verbal,sources,1,0,negative
aimed,AIMed.d46.s405,mutant,structural|AB|use|_|verbal,targets,1,0,negative
aimed,AIMed.d46.s406,epitope,structural|AB|span|_|verbal,sources,1,1,positive
aimed,AIMed.d46.s406,interface,structural|AB|span|_|verbal,targets,1,1,positive
aimed,AIMed.d46.s407,epitope,structural|AB|assemble|_|verbal,sources,0,0,unlabeled
aimed,AIMed.d46.s408,pole,structural|AB|occur|near|verbal,targets,0,0,unlabeled
aimed,AIMed.d46.s409,activity,structural|AB|inhibit|_|verbal,targets,0,0,unlabeled
aimed,AIMed.d46.s410,framework,structural|AB|provide|_|verbal,targets,0,0,unlabeled
aimed,AIMed.d47.s412,superfamily,structural|AB|belong|of|verbal,targets,0,0,unlabeled
aimed,AIMed.d47.s415,complex,structural|AA|complex|_|compound_state,participants,1,0,negative
aimed,AIMed.d47.s416,epitope,structural|AB|bind|of|verbal,targets,0,0,unlabeled
aimed,AIMed.d47.s416,monomer,structural|AB|contact|_|verbal,targets,0,0,unlabeled
aimed,AIMed.d47.s418,system,structural|AB|see|_|passive,contexts,0,0,unlabeled
aimed,AIMed.d48.s420,know,relational|RELATIONAL|is-a|_|verbal,entities_a,0,0,unlabeled
aimed,AIMed.d48.s422,cell,structural|AB|activate|_|verbal,targets,1,1,positive
aimed,AIMed.d48.s423,migration,structural|AB|induce|_|verbal,targets,1,0,negative
aimed,AIMed.d48.s424,concentration,structural|AB|require|_|passive,contexts,0,0,unlabeled
aimed,AIMed.d48.s426,antibody,structural|AB|develop|_|passive,contexts,0,0,unlabeled
aimed,AIMed.d48.s426,antibody,structural|AB|require|_|verbal,sources,0,0,unlabeled
aimed,AIMed.d48.s426,concentration,relational|RELATIONAL|property|_|nominalized,entities_a,0,0,unlabeled
aimed,AIMed.d48.s426,property,relational|RELATIONAL|property|_|nominalized,entities_b,0,0,unlabeled
aimed,AIMed.d49.s432,mutation,structural|AB|identify|of|verbal,sources,0,0,unlabeled
aimed,AIMed.d49.s433,interaction,structural|AB|restrict|_|verbal,targets,0,0,unlabeled
aimed,AIMed.d49.s434,binding,structural|AB|confer|on|verbal,targets,0,0,unlabeled
aimed,AIMed.d49.s435,beta5,structural|AB|connect|of|verbal,targets,0,0,unlabeled
aimed,AIMed.d49.s436,affinity,structural|AB|reduce|_|verbal,targets,1,0,negative
aimed,AIMed.d49.s436,replacement,structural|AB|reduce|_|verbal,sources,1,0,negative
aimed,AIMed.d49.s436,replacement,structural|AB|result|_|verbal,sources,0,0,unlabeled
aimed,AIMed.d49.s437,loop,structural|AB|comprise|of|verbal,targets,0,0,unlabeled
aimed,AIMed.d5.s45,proteins,relational|RELATIONAL|is-a|_|verbal,entities_a,0,0,unlabeled
aimed,AIMed.d5.s47,family,structural|AB|evolve|_|verbal,sources,0,0,unlabeled
aimed,AIMed.d5.s48,implication,relational|RELATIONAL|implication|_|nominalized,entities_b,0,0,unlabeled
aimed,AIMed.d5.s49,study,structural|AB|hold|_|verbal,sources,0,0,unlabeled
aimed,AIMed.d5.s49,study,structural|AB|continue|_|verbal,sources,0,0,unlabeled
aimed,AIMed.d50.s441,cell,structural|AB|bind|to|verbal,targets,0,0,unlabeled
aimed,AIMed.d50.s441,cell,relational|RELATIONAL|is-a|_|verbal,entities_a,0,0,unlabeled
aimed,AIMed.d50.s442,binding,structural|AB|map|of|verbal,targets,0,0,unlabeled
aimed,AIMed.d50.s445,binding,structural|AB|overlap|on|verbal,sources,1,1,positive
aimed,AIMed.d50.s447,activity,structural|AB|relate|of|verbal,targets,0,0,unlabeled
aimed,AIMed.d51.s455,binding,structural|AB|induce|_|passive,sources,0,0,unlabeled
aimed,AIMed.d51.s458,complex,structural|AA|complex|_|compound_state,participants,1,1,positive
aimed,AIMed.d51.s458,structure,structural|AB|provide|for|verbal,sources,0,0,unlabeled
aimed,AIMed.d52.s462,ig-,structural|AB|link|like|verbal,targets,0,0,unlabeled
aimed,AIMed.d52.s463,ligand,structural|AB|govern|_|verbal,targets,0,0,unlabeled
aimed,AIMed.d52.s464,form,structural|AB|activate|_|passive,sources,0,0,unlabeled
aimed,AIMed.d52.s464,form,relational|RELATIONAL|form|_|nominalized,entities_a,0,0,unlabeled
aimed,AIMed.d52.s464,ligand,structural|AB|activate|_|passive,sources,0,0,unlabeled
aimed,AIMed.d52.s466,activation,structural|AB|result|from|verbal,targets,0,0,unlabeled
aimed,AIMed.d53.s468,activation,structural|AB|initiate|_|passive,targets,0,0,unlabeled
aimed,AIMed.d53.s470,interaction,structural|AB|cross-link|in|passive,targets,0,0,unlabeled
aimed,AIMed.d53.s470,structure,structural|AB|cross-link|in|passive,targets,0,0,unlabeled
aimed,AIMed.d53.s471,complementarity,structural|AB|enhance|_|verbal,targets,1,0,negative
aimed,AIMed.d54.s475,homology,structural|AB|consist|with|verbal,targets,0,0,unlabeled
aimed,AIMed.d54.s477,gfd,structural|AB|bind|_|nominalized,sources,1,1,positive
aimed,AIMed.d54.s477,homodimer,structural|AB|bind|_|nominalized,targets,1,1,positive
aimed,AIMed.d54.s477,receptor,structural|AB|bear|_|verbal,targets,0,0,unlabeled
aimed,AIMed.d54.s478,activity,structural|AB|exhibit|than|verbal,targets,1,0,negative
aimed,AIMed.d54.s478,potency,structural|AB|exhibit|than|verbal,targets,1,0,negative
aimed,AIMed.d54.s480,member,structural|AB|describe|_|verbal,targets,0,0,unlabeled
aimed,AIMed.d55.s481,ligand,relational|RELATIONAL|ligand|_|nominalized,entities_b,1,1,positive
aimed,AIMed.d55.s485,chemotaxis,structural|AB|induce|_|verbal,targets,1,1,positive
aimed,AIMed.d55.s492,ligand,relational|RELATIONAL|ligand|_|nominalized,entities_b,1,1,positive
aimed,AIMed.d55.s493,presence,structural|AB|modulate|_|verbal,sources,0,0,unlabeled
aimed,AIMed.d56.s495,cdna,structural|AB|designate|_|passive,targets,0,0,unlabeled
aimed,AIMed.d56.s495,cdna,structural|AB|isolate|_|passive,targets,0,0,unlabeled
aimed,AIMed.d56.s500,construct,structural|AB|bind|to|verbal,targets,1,1,positive
aimed,AIMed.d56.s501,mrna,structural|AB|express|_|passive,targets,0,0,unlabeled
aimed,AIMed.d56.s502,gene,structural|AB|locate|_|passive,targets,0,0,unlabeled
aimed,AIMed.d57.s503,complex,structural|AA|complex|_|compound_state,participants,1,1,positive
aimed,AIMed.d57.s504,complex,structural|AB|reconstitute|_|verbal,targets,0,0,unlabeled
aimed,AIMed.d57.s504,kinase,structural|AA|complex|_|nominalized,participants,1,1,positive
aimed,AIMed.d57.s505,complex,structural|AB|form|_|verbal,targets,0,0,unlabeled
aimed,AIMed.d57.s505,rous,relational|RELATIONAL|is-a|_|verbal,entities_a,0,0,unlabeled
aimed,AIMed.d57.s506,homolog,structural|AB|recover|in|passive,targets,0,0,unlabeled
aimed,AIMed.d57.s506,homolog,relational|RELATIONAL|is-a|_|verbal,entities_a,0,0,unlabeled
aimed,AIMed.d57.s507,component,structural|AB|contain|of|verbal,targets,0,0,unlabeled
aimed,AIMed.d57.s508,complex,structural|AB|have|_|verbal,sources,0,0,unlabeled
aimed,AIMed.d57.s509,association,structural|AB|require|for|passive,targets,0,0,unlabeled
aimed,AIMed.d57.s509,complex,structural|AB|contain|_|verbal,sources,1,1,positive
aimed,AIMed.d58.s510,protein,structural|AB|link|_|verbal,sources,0,0,unlabeled
aimed,AIMed.d58.s510,protein,relational|RELATIONAL|is-a|_|verbal,entities_a,0,0,unlabeled
aimed,AIMed.d58.s511,protein,structural|AB|encode|_|verbal,targets,0,0,unlabeled
aimed,AIMed.d58.s511,protein,structural|AB|call|_|passive,targets,0,0,unlabeled
aimed,AIMed.d58.s511,protein,structural|AB|contain|_|verbal,sources,0,0,unlabeled
aimed,AIMed.d58.s516,injection,structural|AB|have|_|verbal,sources,0,0,unlabeled
aimed,AIMed.d58.s516,microinjection,structural|AB|stimulate|_|verbal,sources,0,0,unlabeled
aimed,AIMed.d59.s518,analysis,structural|AB|use|_|verbal,sources,0,0,unlabeled
aimed,AIMed.d59.s520,heterodimer,structural|AA|heterodimer|_|compound_state,participants,1,0,negative
aimed,AIMed.d59.s524,gene,structural|AB|inhibit|_|verbal,sources,0,0,unlabeled
aimed,AIMed.d60.s527,either,structural|AB|contain|of|verbal,targets,0,0,unlabeled
aimed,AIMed.d60.s528,proteins,structural|AB|purify|_|passive,targets,0,0,unlabeled
aimed,AIMed.d60.s528,proteins,structural|AB|activate|_|verbal,sources,1,1,positive
aimed,AIMed.d60.s529,fusion,structural|AB|activate|_|verbal,sources,1,0,negative
aimed,AIMed.d60.s530,function,structural|AB|be|_|verbal,sources,0,0,unlabeled
aimed,AIMed.d60.s530,function,structural|AB|phosphorylate|_|verbal,sources,1,1,positive
aimed,AIMed.d60.s530,function,structural|AB|activate|_|verbal,sources,0,0,unlabeled
aimed,AIMed.d61.s532,cell,structural|AB|generate|_|verbal,targets,0,0,unlabeled
aimed,AIMed.d61.s532,cell,structural|AB|overexpress|_|verbal,sources,1,0,negative
aimed,AIMed.d61.s533,affinity,structural|AA|bind|_|nominalized,participants,0,0,unlabeled
aimed,AIMed.d61.s533,site,structural|AA|bind|_|nominalized,participants,0,0,unlabeled
aimed,AIMed.d61.s534,complex,structural|AB|yield|with|verbal,targets,1,0,negative
aimed,AIMed.d61.s534,complex,structural|AA|complex|_|compound_state,participants,1,0,negative
aimed,AIMed.d61.s534,cross-linking,structural|AB|yield|with|verbal,sources,1,0,negative
aimed,AIMed.d61.s534,cross-linking,structural|AB|suggest|_|verbal,sources,0,0,unlabeled
aimed,AIMed.d61.s534,molecule,structural|AB|contain|_|verbal,targets,0,0,unlabeled
aimed,AIMed.d61.s537,treatment,structural|AB|affect|of|verbal,sources,0,0,unlabeled
aimed,AIMed.d61.s538,cell,structural|AB|internalize|_|passive,sources,0,0,unlabeled
aimed,AIMed.d61.s539,shedding,structural|AB|induce|of|passive,targets,0,0,unlabeled
aimed,AIMed.d62.s541,structure,structural|AB|determine|_|passive,targets,0,0,unlabeled
aimed,AIMed.d63.s545,modulation,structural|AB|lead|to|verbal,sources,1,0,negative
aimed,AIMed.d63.s545,phosphorylation,structural|AB|lead|to|verbal,targets,1,0,negative
aimed,AIMed.d63.s547,interaction,structural|AB|result|_|verbal,sources,0,0,unlabeled
aimed,AIMed.d63.s547,protein,structural|AB|associate|with|passive,targets,1,0,negative
aimed,AIMed.d64.s549,cdna,structural|AB|isolate|_|verbal,targets,0,0,unlabeled
aimed,AIMed.d64.s549,cdna,structural|AB|encode|_|verbal,sources,0,0,unlabeled
aimed,AIMed.d64.s549,cdna,relational|RELATIONAL|is-a|_|verbal,entities_a,0,0,unlabeled
aimed,AIMed.d64.s552,kd:,structural|AB|estimate|for|passive,targets,0,0,unlabeled
aimed,AIMed.d64.s553,affinity,structural|AB|encode|with|verbal,targets,1,1,positive
aimed,AIMed.d65.s554,dimerization,structural|AB|alter|_|verbal,sources,0,0,unlabeled
aimed,AIMed.d65.s555,family,structural|AB|function|_|verbal,sources,0,0,unlabeled
aimed,AIMed.d65.s555,family,structural|AB|couple|_|verbal,sources,0,0,unlabeled
aimed,AIMed.d65.s558,member,structural|AB|form|_|verbal,sources,1,0,negative
aimed,AIMed.d66.s562,member,structural|AB|interact|with|verbal,targets,1,0,negative
aimed,AIMed.d66.s563,cyclin,structural|AB|name|_|passive,targets,0,0,unlabeled
aimed,AIMed.d66.s563,cyclin,structural|AB|isolate|_|passive,targets,0,0,unlabeled
aimed,AIMed.d66.s564,protein,structural|AB|interact|with|verbal,targets,1,1,positive
aimed,AIMed.d66.s565,mutation,structural|AB|contain|_|verbal,targets,0,0,unlabeled
aimed,AIMed.d66.s566,homolog,relational|RELATIONAL|homolog|_|nominalized,entities_b,0,0,unlabeled
aimed,AIMed.d66.s567,antibody,structural|AB|immunoprecipitate|_|verbal,sources,0,0,unlabeled
aimed,AIMed.d66.s567,protein,structural|AB|bind|_|verbal,targets,1,1,positive
aimed,AIMed.d67.s569,phosphorylation,structural|AB|require|_|passive,targets,0,0,unlabeled
aimed,AIMed.d67.s570,activation,structural|AB|regulate|_|passive,targets,0,0,unlabeled
aimed,AIMed.d67.s572,phosphorylation,structural|AB|result|in|verbal,targets,0,0,unlabeled
aimed,AIMed.d67.s572,phosphorylation,structural|AB|allow|_|verbal,sources,0,0,unlabeled
aimed,AIMed.d67.s573,association,structural|AB|inhibit|_|verbal,targets,0,0,unlabeled
aimed,AIMed.d67.s574,mutation,structural|AB|inhibit|_|verbal,sources,0,0,unlabeled
aimed,AIMed.d67.s576,function,structural|AB|regulate|_|verbal,targets,0,0,unlabeled
aimed,AIMed.d68.s578,gene,structural|AB|isolate|_|passive,targets,0,0,unlabeled
aimed,AIMed.d68.s580,addition,structural|AB|stimulate|_|passive,sources,0,0,unlabeled
aimed,AIMed.d68.s582,phosphatase,structural|AB|activate|_|verbal,targets,0,0,unlabeled
aimed,AIMed.d69.s586,activation,structural|AB|decrease|_|verbal,sources,1,1,positive
aimed,AIMed.d69.s586,phosphorylation,structural|AB|decrease|_|verbal,targets,1,1,positive
aimed,AIMed.d69.s589,activation,structural|AB|result|in|verbal,sources,1,1,positive
aimed,AIMed.d69.s589,dephosphorylation,structural|AB|result|in|verbal,targets,1,1,positive
aimed,AIMed.d69.s590,phosphorylation,structural|AB|decrease|_|verbal,sources,0,0,unlabeled
aimed,AIMed.d69.s591,ability,structural|AB|increase|_|verbal,targets,0,0,unlabeled
aimed,AIMed.d69.s592,response,structural|AB|activate|in|passive,targets,0,0,unlabeled
aimed,AIMed.d7.s56,rate,structural|AB|compare|of|verbal,targets,0,0,unlabeled
aimed,AIMed.d70.s593,interaction,structural|AB|occur|_|verbal,sources,0,0,unlabeled
aimed,AIMed.d70.s594,binding,structural|AB|localize|through|passive,targets,1,0,negative
aimed,AIMed.d70.s595,protein,structural|AB|perform|on|passive,targets,0,0,unlabeled
aimed,AIMed.d70.s596,helix,structural|AB|lie|_|verbal,sources,0,0,unlabeled
aimed,AIMed.d70.s597,acid,structural|AB|contain|_|verbal,sources,0,0,unlabeled
aimed,AIMed.d70.s597,acid,structural|AB|bind|_|verbal,sources,1,1,positive
aimed,AIMed.d70.s597,acid,relational|RELATIONAL|is-a|_|verbal,entities_a,0,0,unlabeled
aimed,AIMed.d70.s600,effect,structural|AB|have|_|verbal,targets,0,0,unlabeled
aimed,AIMed.d71.s603,component,relational|RELATIONAL|component|_|nominalized,entities_b,0,0,unlabeled
aimed,AIMed.d71.s603,factor,structural|AB|involve|_|passive,targets,0,0,unlabeled
aimed,AIMed.d71.s603,proto-oncogene,relational|RELATIONAL|component|_|nominalized,entities_a,0,0,unlabeled
aimed,AIMed.d71.s603,proto-oncogene,relational|RELATIONAL|is-a|_|verbal,entities_a,0,0,unlabeled
aimed,AIMed.d71.s604,protein,structural|AB|regulate|_|passive,targets,0,0,unlabeled
aimed,AIMed.d71.s605,response,structural|AB|phosphorylate|in|passive,targets,0,0,unlabeled
aimed,AIMed.d71.s606,activity,structural|AB|regulate|of|verbal,targets,0,0,unlabeled
aimed,AIMed.d71.s607,enzyme,structural|AB|regulate|_|passive,targets,0,0,unlabeled
aimed,AIMed.d71.s608,activation,structural|AB|underlie|_|verbal,sources,0,0,unlabeled
aimed,AIMed.d72.s609,gene,structural|AB|bind|to|verbal,targets,0,0,unlabeled
aimed,AIMed.d72.s610,gene,structural|AB|recognize|such|passive,targets,0,0,unlabeled
aimed,AIMed.d72.s611,suppression,structural|AB|indicate|_|passive,sources,0,0,unlabeled
aimed,AIMed.d72.s612,protein,structural|AB|form|_|verbal,sources,0,0,unlabeled
aimed,AIMed.d72.s612,region,structural|AB|contain|_|verbal,sources,0,0,unlabeled
aimed,AIMed.d72.s613,region,structural|AB|bind|of|verbal,targets,0,0,unlabeled
aimed,AIMed.d72.s615,proteins,structural|AB|fail|_|verbal,sources,0,0,unlabeled
aimed,AIMed.d72.s615,proteins,structural|AB|associate|with|verbal,sources,0,0,unlabeled
aimed,AIMed.d72.s616,targeting,structural|AB|suggest|_|verbal,sources,0,0,unlabeled
aimed,AIMed.d73.s623,binding,structural|AB|displace|_|verbal,targets,1,0,negative
aimed,AIMed.d74.s627,receptor,structural|AB|encode|_|verbal,targets,0,0,unlabeled
aimed,AIMed.d74.s631,expression,structural|AB|direct|_|verbal,targets,0,0,unlabeled
aimed,AIMed.d74.s631,specificity,structural|AB|direct|_|verbal,targets,0,0,unlabeled
aimed,AIMed.d74.s632,binding,structural|AB|display|_|verbal,targets,0,0,unlabeled
aimed,AIMed.d76.s637,antigen,structural|AB|act|_|verbal,sources,0,0,unlabeled
aimed,AIMed.d76.s637,antigen,relational|RELATIONAL|is-a|_|verbal,entities_a,0,0,unlabeled
aimed,AIMed.d76.s637,kinase,relational|RELATIONAL|is-a|_|verbal,entities_a,0,0,unlabeled
aimed,AIMed.d76.s638,antigen,structural|AB|bind|to|verbal,targets,1,1,positive
aimed,AIMed.d76.s638,antigen,relational|RELATIONAL|is-a|_|verbal,entities_a,0,0,unlabeled
aimed,AIMed.d76.s639,complex,structural|AB|associate|with|verbal,targets,1,1,positive
aimed,AIMed.d76.s639,complex,structural|AA|complex|_|compound_state,participants,1,1,positive
aimed,AIMed.d76.s641,kinase,structural|AB|couple|to|passive,targets,1,1,positive
aimed,AIMed.d76.s641,kinase,relational|RELATIONAL|is-a|_|verbal,entities_a,0,0,unlabeled
aimed,AIMed.d76.s642,coexpression,structural|AB|result|in|verbal,sources,1,0,negative
aimed,AIMed.d76.s642,phosphorylation,structural|AB|result|in|verbal,targets,1,0,negative
aimed,AIMed.d76.s646,binding,structural|AB|induce|_|verbal,sources,1,0,negative
aimed,AIMed.d76.s646,binding,structural|AB|measure|_|verbal,sources,0,0,unlabeled
aimed,AIMed.d76.s646,fold,structural|AB|induce|_|verbal,targets,1,0,negative
aimed,AIMed.d76.s649,interaction,structural|AB|represent|_|verbal,sources,0,0,unlabeled
aimed,AIMed.d77.s654,carboxy,structural|AB|associate|of|verbal,sources,1,1,positive
aimed,AIMed.d77.s654,head,structural|AB|associate|of|verbal,targets,1,1,positive
aimed,AIMed.d77.s655,tail,structural|AB|engineer|_|verbal,targets,0,0,unlabeled
aimed,AIMed.d77.s656,keratin,structural|AB|see|with|passive,targets,0,0,unlabeled
aimed,AIMed.d77.s656,keratin,relational|RELATIONAL|is-a|_|verbal,entities_a,0,0,unlabeled
aimed,AIMed.d77.s657,acid,structural|AB|identify|_|verbal,targets,0,0,unlabeled
aimed,AIMed.d77.s657,acid,structural|AB|conserve|_|passive,targets,0,0,unlabeled
aimed,AIMed.d77.s657,binding,structural|AB|play|in|verbal,targets,0,0,unlabeled
aimed,AIMed.d79.s671,epitope,structural|AB|share|_|verbal,targets,1,0,negative
aimed,AIMed.d79.s671,protein,structural|AB|bind|to|verbal,sources,1,1,positive
aimed,AIMed.d79.s674,protein,relational|RELATIONAL|is-a|_|verbal,entities_a,0,0,unlabeled
aimed,AIMed.d79.s676,c,structural|AB|share|with|verbal,targets,0,0,unlabeled
aimed,AIMed.d79.s677,differentiation,structural|AB|conserve|between|passive,targets,0,0,unlabeled
aimed,AIMed.d79.s678,motif,structural|AB|include|_|verbal,sources,0,0,unlabeled
aimed,AIMed.d79.s681,role,structural|AB|suggest|_|verbal,targets,0,0,unlabeled
aimed,AIMed.d8.s64,alteration,structural|AB|include|_|verbal,sources,0,0,unlabeled
aimed,AIMed.d8.s65,alteration,structural|AB|have|_|verbal,targets,0,0,unlabeled
aimed,AIMed.d8.s66,profile,structural|AA|profile|_|compound_state,evidence,0,0,unlabeled
aimed,AIMed.d8.s68,inactivation,structural|AB|accompany|_|passive,targets,0,0,unlabeled
aimed,AIMed.d80.s683,mutant,structural|AB|possess|_|verbal,targets,0,0,unlabeled
aimed,AIMed.d80.s683,protein,structural|AB|identify|_|verbal,targets,0,0,unlabeled
aimed,AIMed.d80.s683,protein,structural|AB|bind|_|verbal,sources,1,1,positive
aimed,AIMed.d80.s683,protein,relational|RELATIONAL|is-a|_|verbal,entities_a,0,0,unlabeled
aimed,AIMed.d80.s685,mutation,structural|AB|abolish|_|verbal,sources,0,0,unlabeled
aimed,AIMed.d80.s685,mutation,structural|AB|suggest|to|verbal,sources,0,0,unlabeled
aimed,AIMed.d80.s686,overexpression,structural|AB|induce|_|verbal,sources,0,0,unlabeled
aimed,AIMed.d80.s687,signal,structural|AB|play|in|verbal,targets,1,0,negative
aimed,AIMed.d81.s689,ligation,structural|AB|elicit|_|verbal,sources,0,0,unlabeled
aimed,AIMed.d81.s690,domain,structural|AB|associate|with|verbal,targets,0,0,unlabeled
aimed,AIMed.d81.s690,domain,structural|AB|name|for|verbal,sources,1,0,negative
aimed,AIMed.d81.s690,domain,relational|RELATIONAL|domain|_|nominalized,entities_a,0,0,unlabeled
aimed,AIMed.d81.s690,kda,structural|AB|associate|with|verbal,targets,0,0,unlabeled
aimed,AIMed.d81.s690,kda,structural|AB|name|for|verbal,sources,1,0,negative
aimed,AIMed.d81.s691,domain,structural|AB|interact|with|verbal,targets,1,1,positive
aimed,AIMed.d81.s691,domain,structural|AB|correspond|_|verbal,sources,0,0,unlabeled
aimed,AIMed.d81.s693,overexpression,structural|AB|cause|_|verbal,sources,0,0,unlabeled
aimed,AIMed.d82.s696,receptor,structural|AB|complex|with|verbal,targets,0,0,unlabeled
aimed,AIMed.d82.s696,receptor,relational|RELATIONAL|is-a|_|verbal,entities_a,0,0,unlabeled
aimed,AIMed.d82.s697,rapamycin,structural|AB|associate|with|verbal,targets,0,0,unlabeled
aimed,AIMed.d82.s697,rat,structural|AB|designate|_|passive,targets,0,0,unlabeled
aimed,AIMed.d82.s699,binding,structural|AB|identify|_|verbal,targets,0,0,unlabeled
aimed,AIMed.d82.s701,role,structural|AB|investigate|_|verbal,targets,0,0,unlabeled
aimed,AIMed.d82.s702,ala,structural|AB|display|_|verbal,sources,0,0,unlabeled
aimed,AIMed.d82.s702,ala,structural|AB|compare|_|verbal,sources,0,0,unlabeled
aimed,AIMed.d83.s704,beta-component,structural|AB|interact|with|nominalized,targets,0,0,unlabeled
aimed,AIMed.d83.s704,beta-component,relational|RELATIONAL|is-a|_|verbal,entities_a,0,0,unlabeled
aimed,AIMed.d83.s705,epitope,structural|AB|constitute|for|verbal,targets,0,0,unlabeled
aimed,AIMed.d83.s706,epitope,structural|AB|identify|for|passive,targets,0,0,unlabeled
aimed,AIMed.d83.s708,comparison,structural|AB|indicate|_|verbal,sources,0,0,unlabeled
aimed,AIMed.d84.s712,substrate,structural|AB|interact|with|nominalized,targets,1,1,positive
aimed,AIMed.d84.s714,autophosphorylation,structural|AB|bind|of|verbal,targets,1,1,positive
aimed,AIMed.d84.s715,substrate,structural|AA|interplay|_|nominalized,participants,0,0,unlabeled
aimed,AIMed.d84.s715,substrate,relational|RELATIONAL|is-a|_|verbal,entities_a,0,0,unlabeled
aimed,AIMed.d84.s716,role,structural|AB|highlight|_|verbal,targets,0,0,unlabeled
aimed,AIMed.d85.s719,product,structural|AB|encode|_|verbal,targets,0,0,unlabeled
aimed,AIMed.d85.s719,product,structural|AB|mutate|_|passive,targets,0,0,unlabeled
aimed,AIMed.d85.s721,antibody,structural|AB|recognize|of|verbal,sources,0,0,unlabeled
aimed,AIMed.d85.s723,association,structural|AB|implicate|in|passive,targets,1,1,positive
aimed,AIMed.d85.s723,region,structural|AB|implicate|in|passive,sources,1,1,positive
aimed,AIMed.d86.s728,helix,structural|AB|use|of|verbal,targets,0,0,unlabeled
aimed,AIMed.d87.s733,receptor,structural|AB|analyse|_|passive,targets,0,0,unlabeled
aimed,AIMed.d87.s734,interaction,structural|AB|use|_|verbal,sources,0,0,unlabeled
aimed,AIMed.d87.s734,interaction,structural|AB|assess|_|verbal,sources,0,0,unlabeled
aimed,AIMed.d87.s734,subunit,structural|AB|interact|with|nominalized,sources,1,1,positive
aimed,AIMed.d87.s734,subunit,structural|AB|interact|with|nominalized,sources,1,1,positive
aimed,AIMed.d87.s737,interaction,structural|AB|persist|_|verbal,sources,0,0,unlabeled
aimed,AIMed.d87.s739,activation,structural|AB|compare|to|verbal,sources,1,1,positive
aimed,AIMed.d87.s740,activation,structural|AB|compare|to|verbal,sources,1,1,positive
aimed,AIMed.d87.s741,binding,structural|AB|exert|on|verbal,targets,1,1,positive
aimed,AIMed.d87.s741,domain,structural|AB|appear|_|verbal,sources,0,0,unlabeled
aimed,AIMed.d87.s741,domain,structural|AB|exert|on|verbal,sources,1,1,positive
aimed,AIMed.d87.s741,domain,structural|AB|provide|for|verbal,sources,1,0,negative
aimed,AIMed.d87.s741,mechanism,structural|AB|provide|for|verbal,targets,1,0,negative
aimed,AIMed.d88.s742,protein,relational|RELATIONAL|is-a|_|verbal,entities_a,0,0,unlabeled
aimed,AIMed.d88.s743,g,structural|AB|transduce|_|verbal,sources,0,0,unlabeled
aimed,AIMed.d88.s743,g,relational|RELATIONAL|is-a|_|verbal,entities_a,0,0,unlabeled
aimed,AIMed.d88.s747,identify,relational|RELATIONAL|is-a|_|verbal,entities_a,0,0,unlabeled
aimed,AIMed.d88.s749,specificity,structural|AB|use|_|verbal,sources,0,0,unlabeled
aimed,AIMed.d88.s750,expression,structural|AB|increase|_|verbal,targets,1,0,negative
aimed,AIMed.d88.s750,transfection,structural|AB|increase|_|verbal,sources,1,0,negative
aimed,AIMed.d89.s753,effect,structural|AB|mediate|through|passive,sources,1,1,positive
aimed,AIMed.d89.s758,affinity,structural|AB|purify|on|verbal,targets,0,0,unlabeled
aimed,AIMed.d89.s761,antibody,structural|AB|employ|_|verbal,targets,0,0,unlabeled
aimed,AIMed.d89.s762,activity,structural|AB|inhibit|_|verbal,targets,1,0,negative
aimed,AIMed.d89.s762,antibody,structural|AB|inhibit|_|verbal,sources,1,0,negative
aimed,AIMed.d9.s72,release,structural|AB|underlie|_|verbal,targets,0,0,unlabeled
aimed,AIMed.d9.s73,focus,structural|AB|investigate|with|verbal,targets,0,0,unlabeled
aimed,AIMed.d9.s73,mechanism,structural|AB|investigate|with|verbal,targets,0,0,unlabeled
aimed,AIMed.d9.s80,mechanism,structural|AB|involve|in|passive,targets,1,0,negative
aimed,AIMed.d90.s764,synergy,structural|AB|interact|with|verbal,targets,0,0,unlabeled
aimed,AIMed.d90.s767,protein,structural|AB|use|_|verbal,targets,0,0,unlabeled
aimed,AIMed.d90.s768,binding,structural|AB|encode|_|verbal,targets,0,0,unlabeled
aimed,AIMed.d90.s771,domain,structural|AB|disrupt|_|verbal,targets,0,0,unlabeled
aimed,AIMed.d91.s776,interaction,structural|AB|mediate|_|verbal,sources,0,0,unlabeled
aimed,AIMed.d91.s780,homologue,relational|RELATIONAL|homologue|_|nominalized,entities_b,0,0,unlabeled
aimed,AIMed.d91.s781,factor,structural|AB|interact|with|verbal,targets,1,1,positive
aimed,AIMed.d91.s781,transactivator,relational|RELATIONAL|is-a|_|verbal,entities_a,0,0,unlabeled
aimed,AIMed.d91.s782,complex,structural|AB|contain|_|verbal,sources,1,0,negative
aimed,AIMed.d91.s782,complex,structural|AB|mediate|_|verbal,sources,0,0,unlabeled
aimed,AIMed.d92.s785,receptor,structural|AB|bind|to|verbal,targets,1,1,positive
aimed,AIMed.d92.s785,receptor,structural|AB|co-express|_|passive,targets,0,0,unlabeled
aimed,AIMed.d92.s785,receptor,relational|RELATIONAL|is-a|_|verbal,entities_a,0,0,unlabeled
aimed,AIMed.d92.s787,receptor,structural|AA|associate|_|nominalized,participants,0,0,unlabeled
aimed,AIMed.d92.s788,complex,structural|AA|complex|_|compound_state,participants,1,0,negative
aimed,AIMed.d92.s788,immunoprecipitation,structural|AB|result|in|verbal,sources,1,0,negative
aimed,AIMed.d92.s788,immunoprecipitation,structural|AB|result|in|verbal,targets,1,0,negative
aimed,AIMed.d92.s789,receptor,structural|AA|interact|_|verbal,participants,1,0,negative
aimed,AIMed.d93.s791,structure,structural|AB|bind|_|verbal,sources,0,0,unlabeled
aimed,AIMed.d93.s792,homodimer,structural|AB|bind|_|verbal,sources,0,0,unlabeled
aimed,AIMed.d93.s793,receptor,structural|AA|interact|_|verbal,participants,0,0,unlabeled
aimed,AIMed.d93.s793,receptor,structural|AB|separate|_|passive,targets,0,0,unlabeled
aimed,AIMed.d93.s794,ab,structural|AB|undergo|_|verbal,sources,0,0,unlabeled
aimed,AIMed.d94.s796,c2,structural|AB|undergo|in|verbal,targets,0,0,unlabeled
aimed,AIMed.d94.s796,cc,structural|AB|regulate|_|passive,targets,0,0,unlabeled
aimed,AIMed.d94.s796,cc,structural|AB|express|_|passive,targets,0,0,unlabeled
aimed,AIMed.d94.s796,response,structural|AB|change|in|verbal,targets,0,0,unlabeled
aimed,AIMed.d94.s797,chemokine,structural|AB|encode|_|verbal,targets,0,0,unlabeled
aimed,AIMed.d94.s797,chemokine,structural|AB|designate|_|passive,targets,0,0,unlabeled
aimed,AIMed.d94.s798,-,structural|AB|relate|to|passive,targets,1,0,negative
aimed,AIMed.d94.s798,-,structural|AB|know|_|passive,targets,0,0,unlabeled
aimed,AIMed.d94.s798,-,relational|RELATIONAL|is-a|_|verbal,entities_a,0,0,unlabeled
aimed,AIMed.d94.s799,agonist,relational|RELATIONAL|agonist|_|nominalized,entities_b,1,1,positive
aimed,AIMed.d94.s800,agonist,relational|RELATIONAL|agonist|_|nominalized,entities_b,1,1,positive
aimed,AIMed.d94.s800,agonist,relational|RELATIONAL|agonist|_|nominalized,entities_b,1,1,positive
aimed,AIMed.d95.s803,structure,structural|AB|determine|_|passive,targets,0,0,unlabeled
aimed,AIMed.d96.s806,phosphatase,structural|AB|associate|_|verbal,sources,0,0,unlabeled
aimed,AIMed.d96.s806,phosphatase,relational|RELATIONAL|is-a|_|verbal,entities_a,0,0,unlabeled
aimed,AIMed.d96.s807,phosphatase,relational|RELATIONAL|is-a|_|verbal,entities_a,0,0,unlabeled
aimed,AIMed.d96.s807,segment,structural|AB|possess|_|verbal,sources,0,0,unlabeled
aimed,AIMed.d96.s809,segment,structural|AB|have|_|verbal,sources,0,0,unlabeled
aimed,AIMed.d96.s811,-,structural|AB|contain|_|verbal,targets,0,0,unlabeled
aimed,AIMed.d96.s812,immunoprecipitation,structural|AB|clear|of|passive,targets,0,0,unlabeled
aimed,AIMed.d96.s813,segment,structural|AB|bind|to|verbal,sources,0,0,unlabeled
aimed,AIMed.d96.s815,substrate,relational|RELATIONAL|substrate|_|nominalized,entities_b,0,0,unlabeled
aimed,AIMed.d97.s818,member,relational|RELATIONAL|member|_|nominalized,entities_b,0,0,unlabeled
aimed,AIMed.d97.s820,receptor,structural|AB|relate|to|passive,sources,1,0,negative
aimed,AIMed.d97.s824,stimulation,structural|AB|transduce|after|passive,targets,1,1,positive
aimed,AIMed.d98.s825,phosphatase,structural|AB|associate|with|verbal,targets,0,0,unlabeled
aimed,AIMed.d98.s826,phosphatase,structural|AB|play|in|verbal,sources,0,0,unlabeled
aimed,AIMed.d98.s826,phosphatase,structural|AB|activate|_|verbal,sources,0,0,unlabeled
aimed,AIMed.d98.s830,proteins,structural|AA|interact|_|verbal,participants,0,0,unlabeled
aimed,AIMed.d98.s833,effect,structural|AB|have|_|verbal,targets,0,0,unlabeled
aimed,AIMed.d99.s838,gene,structural|AB|encode|_|verbal,sources,0,0,unlabeled
aimed,AIMed.d99.s838,protein,structural|AB|include|_|verbal,targets,0,0,unlabeled
aimed,AIMed.d99.s839,cdna,structural|AB|encode|_|verbal,sources,0,0,unlabeled
aimed,AIMed.d99.s841,protein,structural|AB|interact|with|verbal,sources,1,1,positive
aimed,AIMed.d99.s841,protein,structural|AB|interact|with|verbal,targets,1,1,positive
aimed,AIMed.d99.s841,protein,structural|AB|interact|with|verbal,targets,1,1,positive
aimed,AIMed.d99.s842,product,structural|AB|involve|_|passive,targets,0,0,unlabeled
