corpus,sentence_id,candidate_id,pair_a,pair_b,gold_label,predicted_label,application_status,application_reason_code,decision,canonical_pattern_key,semantic_pattern_key,predicate_lemma,shape,construction,case_marker,realization_channel,event_detail,source_role,target_role,source_argument_role,target_argument_role,source_parser_dep,target_parser_dep,assertion_status,projection_mode,compound_propagated,owner_propagated,descriptor_propagated,is_nominalized,parser_source
aimed,AIMed.d0.s6,stanza_craft+coref_c8daae45_0:rel:0,0,1,negative,positive,,,applied,structural|AB|increase|follow|passive,structural|increase,increase,AB,passive,follow,clause,DEP-increase-passive,sources,targets,nsubjpass,nmod:follow,nsubj:pass,obl,asserted,directed,1,1,0,0,dependency
aimed,AIMed.d0.s7,stanza_craft+coref_65fb270b_2:rel:0,0,1,negative,negative,,,review_only,relational|RELATIONAL|identity|_|verbal,relational|RELATIONAL|identity|_,,RELATIONAL,verbal,,appositive,DEP-LooseIdentityCandidate,entities_a,entities_b,nmod,nmod,nmod,nmod,asserted,relational,0,0,0,0,dependency
aimed,AIMed.d1.s12,stanza_craft+coref_90f54201_1:rel:0,1,2,negative,negative,,,review_only,relational|RELATIONAL|is-a|_|verbal,relational|RELATIONAL|is-a|_,,RELATIONAL,verbal,,appositive,DEP-ParentheticalAlias,entities_a,entities_b,nmod,dep,nmod,dep,asserted,relational,0,0,0,0,dependency
aimed,AIMed.d100.s846,stanza_craft+coref_b8d591b8_2:rel:0,0,1,negative,negative,,,review_only,relational|RELATIONAL|is-a|_|verbal,relational|RELATIONAL|is-a|_,,RELATIONAL,verbal,,appositive,DEP-ParentheticalAlias,entities_a,entities_b,nmod,dep,obl,dep,asserted,relational,0,0,0,0,dependency
aimed,AIMed.d100.s850,stanza_craft+coref_ebf52dd8_0:rel:0,0,1,positive,positive,,,applied,structural|AB|bind|to|verbal,structural|bind,bind,AB,verbal,to,clause,DEP-bind,sources,targets,nsubj,nmod:to,nsubj,obl,asserted,directed,0,0,0,0,dependency
aimed,AIMed.d101.s855,stanza_craft+coref_6e35f95b_0:rel:0,0,2,positive,positive,,,applied,structural|AB|interact|with|verbal,structural|interact,interact,AB,verbal,with,clause,DEP-interact,sources,targets,nsubjpass,nmod:with,nsubj:pass,obl,asserted,directed,1,1,0,0,dependency
aimed,AIMed.d101.s855,stanza_craft+coref_6e35f95b_0:rel:1,1,2,positive,positive,,,applied,structural|AB|interact|with|verbal,structural|interact,interact,AB,verbal,with,clause,DEP-interact,sources,targets,nsubjpass,nmod:with,nsubj:pass,obl,asserted,directed,0,1,0,0,dependency
aimed,AIMed.d101.s855,stanza_craft+coref_6e35f95b_6:rel:0,2,3,negative,negative,,,review_only,relational|RELATIONAL|is-a|_|verbal,relational|RELATIONAL|is-a|_,,RELATIONAL,verbal,,appositive,DEP-ParentheticalAlias,entities_a,entities_b,nmod,dep,obl,dep,asserted,relational,0,0,0,0,dependency
aimed,AIMed.d101.s856,stanza_craft+coref_ddc9afd8_1:rel:0,0,2,positive,positive,,,applied,structural|AB|bind|to|verbal,structural|bind,bind,AB,verbal,to,clause,DEP-bind,sources,targets,nsubj,nmod:to,nsubj,obl,asserted,directed,0,0,0,0,dependency
aimed,AIMed.d101.s856,stanza_craft+coref_ddc9afd8_1:rel:1,1,2,positive,positive,,,applied,structural|AB|bind|to|verbal,structural|bind,bind,AB,verbal,to,clause,DEP-bind,sources,targets,conj,nmod:to,conj,obl,asserted,directed,0,0,0,0,dependency
aimed,AIMed.d101.s857,stanza_craft+coref_6f6728a4_0:rel:0,0,2,positive,positive,,,applied,structural|AB|interact|with|verbal,structural|interact,interact,AB,verbal,with,clause,DEP-interact,sources,targets,nsubj,nmod:with,nsubj,obl,asserted,directed,1,1,0,0,dependency
aimed,AIMed.d101.s857,stanza_craft+coref_6f6728a4_0:rel:1,0,3,positive,positive,,,applied,structural|AB|interact|with|verbal,structural|interact,interact,AB,verbal,with,clause,DEP-interact,sources,targets,nsubj,nmod:with,nsubj,obl,asserted,directed,0,1,0,0,dependency
aimed,AIMed.d102.s859,stanza_craft+coref_b7553da2_0:rel:0,0,1,negative,positive,,,applied,structural|AB|bind|to|verbal,structural|bind,bind,AB,verbal,to,clause,DEP-bind,sources,targets,nsubj,nmod:to,nsubj,obl,asserted,directed,1,1,0,0,dependency
aimed,AIMed.d102.s859,stanza_craft+coref_b7553da2_0:rel:1,0,2,negative,positive,,,applied,structural|AB|bind|to|verbal,structural|bind,bind,AB,verbal,to,clause,DEP-bind,sources,targets,nsubj,nmod:to,nsubj,obl,asserted,directed,1,1,0,0,dependency
aimed,AIMed.d102.s859,stanza_craft+coref_b7553da2_0:rel:2,0,3,positive,positive,,,applied,structural|AB|bind|to|verbal,structural|bind,bind,AB,verbal,to,clause,DEP-bind,sources,targets,nsubj,nmod:to,nsubj,obl,asserted,directed,1,1,0,0,dependency
aimed,AIMed.d102.s860,stanza_craft+coref_579d864a_1:rel:0,0,1,negative,negative,,,review_only,relational|RELATIONAL|identity|_|verbal,relational|RELATIONAL|identity|_,,RELATIONAL,verbal,,appositive,DEP-LooseIdentityCandidate,entities_a,entities_b,nsubj,compound,nsubj,compound,asserted,relational,1,0,0,0,dependency
aimed,AIMed.d102.s863,stanza_craft+coref_d6fd27dd_2:rel:0,0,2,negative,negative,,,review_only,relational|RELATIONAL|is-a|_|verbal,relational|RELATIONAL|is-a|_,,RELATIONAL,verbal,,appositive,DEP-Apposition,entities_a,entities_b,nmod,dep,nmod,dep,asserted,relational,1,1,0,0,dependency
aimed,AIMed.d102.s863,stanza_craft+coref_d6fd27dd_2:rel:1,1,2,negative,negative,,,review_only,relational|RELATIONAL|is-a|_|verbal,relational|RELATIONAL|is-a|_,,RELATIONAL,verbal,,appositive,DEP-Apposition,entities_a,entities_b,nmod,dep,nmod,dep,asserted,relational,0,0,0,0,dependency
aimed,AIMed.d102.s864,stanza_craft+coref_bddc538b_0:rel:0,1,2,negative,positive,,,applied,structural|AB|restore|_|passive,structural|restore,restore,AB,passive,,clause,DEP-restore-passive,sources,targets,nmod,nsubjpass,obl,nsubj:pass,asserted,directed,0,1,0,0,dependency
aimed,AIMed.d102.s865,stanza_craft+coref_782d2ef1_0:rel:0,0,1,positive,positive,,,applied,structural|AB|bind|to|verbal,structural|bind,bind,AB,verbal,to,clause,DEP-bind,sources,targets,nsubj,nmod:to,nsubj,obl,asserted,directed,0,0,0,0,dependency
aimed,AIMed.d102.s866,stanza_craft+coref_dd12f8bf_1:rel:0,0,1,negative,positive,,,applied,structural|AB|interact|with|nominalized,structural|interact,interact,AB,nominalized,with,clause,DEP-interaction-nestedinner-controlled,sources,targets,nsubj,nmod:with,nsubj,nmod,asserted,directed,0,0,0,1,dependency
aimed,AIMed.d102.s866,stanza_craft+coref_dd12f8bf_1:rel:1,0,2,positive,positive,,,applied,structural|AB|interact|with|nominalized,structural|interact,interact,AB,nominalized,with,clause,DEP-interaction-nestedinner-controlled,sources,targets,nsubj,nmod:with,nsubj,nmod,asserted,directed,0,0,0,1,dependency
aimed,AIMed.d102.s866,stanza_craft+coref_dd12f8bf_2:rel:0,0,1,negative,positive,,,not_applied,structural|NESTED|confer|through|nested,structural|NESTED|confer|through,confer,NESTED,nested,through,clause,DEP-confer-nested,sources,targets:event_ref:stanza_craft+coref_dd12f8bf_1,nsubj,nmod:with,nsubj,nmod,asserted,nested_review,0,0,0,0,dependency
aimed,AIMed.d102.s866,stanza_craft+coref_dd12f8bf_2:rel:1,0,2,positive,positive,,,not_applied,structural|NESTED|confer|through|nested,structural|NESTED|confer|through,confer,NESTED,nested,through,clause,DEP-confer-nested,sources,targets:event_ref:stanza_craft+coref_dd12f8bf_1,nsubj,nmod:with,nsubj,nmod,asserted,nested_review,0,0,0,0,dependency
aimed,AIMed.d103.s868,stanza_craft+coref_e68aa5ba_1:rel:0,2,14,negative,positive,,,applied,structural|AB|encode|from|verbal,structural|encode,encode,AB,verbal,from,clause,DEP-encode,sources,targets,conj,nmod:from,conj,obl,asserted,directed,1,1,0,0,dependency
aimed,AIMed.d103.s868,stanza_craft+coref_e68aa5ba_1:rel:1,3,14,negative,positive,,,applied,structural|AB|encode|from|verbal,structural|encode,encode,AB,verbal,from,clause,DEP-encode,sources,targets,conj,nmod:from,conj,obl,asserted,directed,0,1,0,0,dependency
aimed,AIMed.d103.s868,stanza_craft+coref_e68aa5ba_1:rel:2,4,14,negative,positive,,,applied,structural|AB|encode|from|verbal,structural|encode,encode,AB,verbal,from,clause,DEP-encode,sources,targets,conj,nmod:from,conj,obl,asserted,directed,0,1,0,0,dependency
aimed,AIMed.d103.s868,stanza_craft+coref_e68aa5ba_1:rel:3,5,14,negative,positive,,,applied,structural|AB|encode|from|verbal,structural|encode,encode,AB,verbal,from,clause,DEP-encode,sources,targets,conj,nmod:from,conj,obl,asserted,directed,0,1,0,0,dependency
aimed,AIMed.d103.s868,stanza_craft+coref_e68aa5ba_2:rel:0,8,9,negative,positive,,,applied,structural|AB|lack|_|verbal,structural|lack,lack,AB,verbal,,clause,DEP-lack,sources,targets,nmod,dobj,nmod,obj,asserted,directed,1,1,0,0,dependency
aimed,AIMed.d103.s868,stanza_craft+coref_e68aa5ba_5:rel:0,6,7,negative,negative,,,review_only,relational|RELATIONAL|is-a|_|verbal,relational|RELATIONAL|is-a|_,,RELATIONAL,verbal,,clause,DEP-CopulaIsA,entities_a,entities_b,nsubj,parataxis,nsubj,parataxis,asserted,relational,0,0,0,0,dependency
aimed,AIMed.d103.s868,stanza_craft+coref_e68aa5ba_6:rel:0,15,16,negative,negative,,,review_only,relational|RELATIONAL|is-a|_|verbal,relational|RELATIONAL|is-a|_,,RELATIONAL,verbal,,clause,DEP-CopulaIsA,entities_a,entities_b,nsubj,acl:relcl,nsubj,acl:relcl,asserted,relational,0,0,0,0,dependency
aimed,AIMed.d103.s868,stanza_craft+coref_e68aa5ba_7:rel:0,2,3,negative,positive,,,applied,structural|AA|complex|_|compound_state,structural|complex,complex,AA,compound_state,,state_nominal,DEP-Complex,participants,participants,nmod,nmod,obl,obl,asserted,undirected,1,1,0,1,dependency
aimed,AIMed.d103.s868,stanza_craft+coref_e68aa5ba_7:rel:1,2,4,negative,positive,,,applied,structural|AA|complex|_|compound_state,structural|complex,complex,AA,compound_state,,state_nominal,DEP-Complex,participants,participants,nmod,nmod,obl,obl,asserted,undirected,1,1,0,1,dependency
aimed,AIMed.d103.s868,stanza_craft+coref_e68aa5ba_7:rel:2,2,5,negative,positive,,,applied,structural|AA|complex|_|compound_state,structural|complex,complex,AA,compound_state,,state_nominal,DEP-Complex,participants,participants,nmod,nmod,obl,obl,asserted,undirected,1,1,0,1,dependency
aimed,AIMed.d103.s868,stanza_craft+coref_e68aa5ba_7:rel:3,3,4,negative,positive,,,applied,structural|AA|complex|_|compound_state,structural|complex,complex,AA,compound_state,,state_nominal,DEP-Complex,participants,participants,nmod,nmod,obl,obl,asserted,undirected,0,1,0,1,dependency
aimed,AIMed.d103.s868,stanza_craft+coref_e68aa5ba_7:rel:4,3,5,negative,positive,,,applied,structural|AA|complex|_|compound_state,structural|complex,complex,AA,compound_state,,state_nominal,DEP-Complex,participants,participants,nmod,nmod,obl,obl,asserted,undirected,0,1,0,1,dependency
aimed,AIMed.d103.s868,stanza_craft+coref_e68aa5ba_7:rel:5,4,5,negative,positive,,,applied,structural|AA|complex|_|compound_state,structural|complex,complex,AA,compound_state,,state_nominal,DEP-Complex,participants,participants,nmod,nmod,obl,obl,asserted,undirected,0,1,0,1,dependency
aimed,AIMed.d103.s868,stanza_craft+coref_e68aa5ba_8:rel:0,0,1,negative,negative,,,review_only,relational|RELATIONAL|is-a|_|verbal,relational|RELATIONAL|is-a|_,,RELATIONAL,verbal,,appositive,DEP-ParentheticalAlias,entities_a,entities_b,dep,dep,dep,dep,asserted,relational,0,0,0,0,dependency
aimed,AIMed.d103.s869,stanza_craft+coref_4ad856be_0:rel:0,0,1,negative,negative,,,review_only,relational|RELATIONAL|is-a|_|verbal,relational|RELATIONAL|is-a|_,,RELATIONAL,verbal,,clause,DEP-CopulaIsA,entities_a,entities_b,nsubj,ROOT,nsubj,root,asserted,relational,0,1,0,0,dependency
aimed,AIMed.d103.s869,stanza_craft+coref_4ad856be_0:rel:1,1,2,negative,negative,,,review_only,relational|RELATIONAL|is-a|_|verbal,relational|RELATIONAL|is-a|_,,RELATIONAL,verbal,,clause,DEP-CopulaIsA,entities_a,entities_b,nsubj,ROOT,nsubj,root,asserted,relational,1,1,0,0,dependency
aimed,AIMed.d103.s869,stanza_craft+coref_4ad856be_0:rel:2,1,3,negative,negative,,,review_only,relational|RELATIONAL|is-a|_|verbal,relational|RELATIONAL|is-a|_,,RELATIONAL,verbal,,clause,DEP-CopulaIsA,entities_a,entities_b,nsubj,ROOT,nsubj,root,asserted,relational,0,0,0,0,dependency
aimed,AIMed.d103.s869,stanza_craft+coref_4ad856be_1:rel:0,5,6,negative,negative,,,review_only,relational|RELATIONAL|homologue|_|nominalized,relational|RELATIONAL|homologue|_,homologue,RELATIONAL,nominalized,,clause,DEP-CopulaIsA,entities_a,entities_b,nsubj,acl:relcl,nsubj,acl:relcl,asserted,relational,0,1,0,1,dependency
aimed,AIMed.d103.s869,stanza_craft+coref_4ad856be_1:rel:1,5,7,negative,negative,,,review_only,relational|RELATIONAL|homologue|_|nominalized,relational|RELATIONAL|homologue|_,homologue,RELATIONAL,nominalized,,clause,DEP-CopulaIsA,entities_a,entities_b,nsubj,acl:relcl,nsubj,acl:relcl,asserted,relational,0,1,0,1,dependency
aimed,AIMed.d103.s869,stanza_craft+coref_4ad856be_1:rel:2,5,8,negative,negative,,,review_only,relational|RELATIONAL|homologue|_|nominalized,relational|RELATIONAL|homologue|_,homologue,RELATIONAL,nominalized,,clause,DEP-CopulaIsA,entities_a,entities_b,nsubj,acl:relcl,nsubj,acl:relcl,asserted,relational,0,1,0,1,dependency
aimed,AIMed.d103.s869,stanza_craft+coref_4ad856be_2:rel:0,0,4,negative,negative,,,review_only,relational|RELATIONAL|is-a|_|verbal,relational|RELATIONAL|is-a|_,,RELATIONAL,verbal,,appositive,DEP-Apposition,entities_a,entities_b,ROOT,dep,root,dep,asserted,relational,0,1,0,0,dependency
aimed,AIMed.d103.s869,stanza_craft+coref_4ad856be_2:rel:1,2,4,negative,negative,,,review_only,relational|RELATIONAL|is-a|_|verbal,relational|RELATIONAL|is-a|_,,RELATIONAL,verbal,,appositive,DEP-Apposition,entities_a,entities_b,ROOT,dep,root,dep,asserted,relational,1,1,0,0,dependency
aimed,AIMed.d103.s869,stanza_craft+coref_4ad856be_2:rel:2,3,4,negative,negative,,,review_only,relational|RELATIONAL|is-a|_|verbal,relational|RELATIONAL|is-a|_,,RELATIONAL,verbal,,appositive,DEP-Apposition,entities_a,entities_b,ROOT,dep,root,dep,asserted,relational,0,0,0,0,dependency
aimed,AIMed.d103.s869,stanza_craft+coref_4ad856be_3:rel:0,7,8,negative,negative,,,review_only,relational|RELATIONAL|is-a|_|verbal,relational|RELATIONAL|is-a|_,,RELATIONAL,verbal,,appositive,DEP-ParentheticalAlias,entities_a,entities_b,nmod,dep,nmod,dep,asserted,relational,0,0,0,0,dependency
aimed,AIMed.d103.s869,stanza_craft+coref_4ad856be_4:rel:0,6,7,negative,negative,,,review_only,relational|RELATIONAL|identity|_|verbal,relational|RELATIONAL|identity|_,,RELATIONAL,verbal,,appositive,DEP-LooseIdentityCandidate,entities_a,entities_b,nmod,nmod,nmod,nmod,asserted,relational,0,0,0,0,dependency
aimed,AIMed.d103.s871,stanza_craft+coref_2080fe96_0:rel:0,0,1,positive,positive,,,applied,structural|AB|interact|with|verbal,structural|interact,interact,AB,verbal,with,clause,DEP-interact,sources,targets,nsubj,nmod:with,nsubj,obl,asserted,directed,0,0,0,0,dependency
aimed,AIMed.d103.s871,stanza_craft+coref_2080fe96_1:rel:0,2,3,positive,positive,,,applied,structural|AB|interact|with|verbal,structural|interact,interact,AB,verbal,with,clause,DEP-interact,sources,targets,nsubj,nmod:with,nsubj,obl,asserted,directed,0,0,0,0,dependency
aimed,AIMed.d103.s872,stanza_craft+coref_0e226f75_2:rel:0,3,4,positive,positive,,,applied,structural|AB|interact|with|verbal,structural|interact,interact,AB,verbal,with,clause,DEP-interact,sources,targets,nsubj,nmod:with,nsubj,obl,asserted,directed,0,0,0,0,dependency
aimed,AIMed.d103.s872,stanza_craft+coref_0e226f75_3:rel:0,3,5,positive,positive,,,applied,structural|AB|interact|with|verbal,structural|interact,interact,AB,verbal,with,clause,DEP-interact,sources,targets,nsubj,nmod:with,nsubj,obl,asserted,directed,0,0,0,0,dependency
aimed,AIMed.d103.s872,stanza_craft+coref_0e226f75_3:rel:1,3,6,positive,positive,,,applied,structural|AB|interact|with|verbal,structural|interact,interact,AB,verbal,with,clause,DEP-interact,sources,targets,nsubj,nmod:with,nsubj,conj,asserted,directed,0,0,0,0,dependency
aimed,AIMed.d103.s873,stanza_craft+coref_ea837a96_1:rel:0,0,1,negative,positive,,,applied,structural|AA|bind|of|nominalized,structural|bind,bind,AA,nominalized,of,event_nominal,DEP-nom-binding-subject-undirected,participants,participants,nmod:of,nmod:of,nmod,conj,asserted,undirected,0,0,0,1,dependency
aimed,AIMed.d103.s874,stanza_craft+coref_33903395_0:rel:0,0,1,positive,positive,,,applied,structural|AB|interact|with|verbal,structural|interact,interact,AB,verbal,with,clause,DEP-interact,sources,targets,nsubj,nmod:with,nsubj,obl,asserted,directed,0,0,0,0,dependency
aimed,AIMed.d103.s874,stanza_craft+coref_33903395_1:rel:0,2,3,positive,positive,,,applied,structural|AB|interact|_|nominalized,structural|interact,interact,AB,nominalized,,clause,DEP-interaction-nestedinner-alt,sources,targets,nmod,conj,nmod,conj,asserted,directed,0,0,0,1,dependency
aimed,AIMed.d103.s874,stanza_craft+coref_33903395_1:rel:1,2,4,positive,positive,,,applied,structural|AB|interact|_|nominalized,structural|interact,interact,AB,nominalized,,clause,DEP-interaction-nestedinner-alt,sources,targets,nmod,conj,nmod,conj,asserted,directed,0,0,0,1,dependency
aimed,AIMed.d103.s875,stanza_craft+coref_2c572d09_1:rel:0,0,1,negative,positive,,,applied,structural|AA|complex|_|compound_state,structural|complex,complex,AA,compound_state,,state_nominal,DEP-Complex,participants,participants,nmod,nmod,nmod,nmod,asserted,undirected,1,1,0,1,dependency
aimed,AIMed.d104.s878,stanza_craft+coref_7772497d_1:rel:0,0,1,negative,negative,,,review_only,relational|RELATIONAL|is-a|_|verbal,relational|RELATIONAL|is-a|_,,RELATIONAL,verbal,,appositive,DEP-ParentheticalAlias,entities_a,entities_b,nmod,dep,nmod,dep,asserted,relational,0,0,0,0,dependency
aimed,AIMed.d104.s882,stanza_craft+coref_3131ae54_0:rel:0,0,2,negative,positive,,,applied,structural|AB|bind|to|verbal,structural|bind,bind,AB,verbal,to,clause,DEP-bind,sources,targets,nsubj,nmod:to,nsubj,obl,asserted,directed,1,1,0,0,dependency
aimed,AIMed.d104.s882,stanza_craft+coref_3131ae54_0:rel:1,1,2,negative,positive,,,applied,structural|AB|bind|to|verbal,structural|bind,bind,AB,verbal,to,clause,DEP-bind,sources,targets,conj,nmod:to,conj,obl,asserted,directed,1,1,0,0,dependency
aimed,AIMed.d104.s883,stanza_craft+coref_b843c2aa_2:rel:0,3,5,negative,positive,,,applied,structural|AB|mediate|_|passive,structural|mediate,mediate,AB,passive,,clause,DEP-mediate-passive,sources,targets,nmod,nsubjpass,obl,nsubj:pass,asserted,directed,1,1,0,0,dependency
aimed,AIMed.d104.s883,stanza_craft+coref_b843c2aa_2:rel:1,4,5,negative,positive,,,applied,structural|AB|mediate|_|passive,structural|mediate,mediate,AB,passive,,clause,DEP-mediate-passive,sources,targets,nmod,nsubjpass,obl,nsubj:pass,asserted,directed,1,1,0,0,dependency
aimed,AIMed.d104.s883,stanza_craft+coref_b843c2aa_4:rel:0,3,4,negative,positive,,,applied,structural|AA|bind|_|nominalized,structural|bind,bind,AA,nominalized,,event_nominal,DEP-nom-binding-undirected,participants,participants,compound,compound,compound,conj,asserted,undirected,1,0,0,1,dependency
aimed,AIMed.d105.s884,stanza_craft+coref_182fc9c7_0:rel:0,0,1,positive,positive,,,applied,structural|AB|trigger|_|verbal,structural|trigger,trigger,AB,verbal,,clause,DEP-trigger,sources,targets,nsubj,dobj,nsubj,obj,asserted,directed,1,1,0,0,dependency
aimed,AIMed.d105.s889,stanza_craft+coref_7a387500_0:rel:0,0,1,positive,positive,,,applied,structural|AB|complex|with|passive,structural|complex,complex,AB,passive,with,clause,DEP-complex-passive,sources,targets,nsubj,nmod:with,nsubj,obl,asserted,directed,1,1,0,0,dependency
aimed,AIMed.d105.s889,stanza_craft+coref_7a387500_1:rel:0,0,2,positive,positive,,,applied,structural|AB|bind|_|verbal,structural|bind,bind,AB,verbal,,clause,DEP-bind,sources,targets,nsubj,dobj,nsubj,obj,asserted,directed,1,1,0,0,dependency
aimed,AIMed.d105.s889,stanza_craft+coref_7a387500_2:rel:0,0,2,positive,positive,,,not_applied,structural|AB|dimerize|_|verbal,structural|dimerize,dimerize,AB,verbal,,clause,DEP-dimerize,sources,targets,nsubj,dobj,nsubj,obj,negated,directed,1,1,0,0,dependency
aimed,AIMed.d105.s890,stanza_craft+coref_ba6677e8_3:rel:0,0,1,negative,positive,,,applied,structural|AB|form|at|passive,structural|form,form,AB,passive,at,clause,DEP-form-passive,sources,targets,nsubjpass,nmod:at,nsubj:pass,obl,asserted,directed,1,1,0,0,dependency
aimed,AIMed.d106.s893,stanza_craft+coref_c80766e5_1:rel:0,0,1,positive,positive,,,applied,structural|AB|interact|_|nominalized,structural|interact,interact,AB,nominalized,,event_nominal,DEP-nom-interaction-subject,sources,targets,nmod:with,compound,nmod,compound,asserted,directed,1,0,0,1,dependency
aimed,AIMed.d106.s896,stanza_craft+coref_ee1e29ae_0:rel:0,0,1,positive,positive,,,applied,structural|AB|associate|with|verbal,structural|associate,associate,AB,verbal,with,clause,DEP-associate,sources,targets,nsubj,nmod:with,nsubj,obl,asserted,directed,0,0,0,0,dependency
aimed,AIMed.d106.s898,stanza_craft+coref_9ed110c3_1:rel:0,0,2,negative,positive,,,applied,structural|AB|mediate|_|passive,structural|mediate,mediate,AB,passive,,clause,DEP-mediate-passive,sources,targets,nmod,nsubjpass,obl,nsubj:pass,asserted,directed,1,1,0,0,dependency
aimed,AIMed.d106.s898,stanza_craft+coref_9ed110c3_1:rel:1,1,2,negative,positive,,,applied,structural|AB|mediate|_|passive,structural|mediate,mediate,AB,passive,,clause,DEP-mediate-passive,sources,targets,nmod,nsubjpass,obl,nsubj:pass,asserted,directed,1,1,0,0,dependency
aimed,AIMed.d107.s899,stanza_craft+coref_f23ac6cd_0:rel:0,0,1,positive,positive,,,applied,structural|AA|interact|between|nominalized,structural|interact,interact,AA,nominalized,between,event_nominal,DEP-nom-interaction-undirected,participants,participants,nmod:between,nmod:between,compound,conj,asserted,undirected,1,0,0,1,dependency
aimed,AIMed.d107.s902,stanza_craft+coref_28304552_2:rel:0,1,2,negative,negative,,,review_only,relational|RELATIONAL|is-a|_|verbal,relational|RELATIONAL|is-a|_,,RELATIONAL,verbal,,appositive,DEP-ParentheticalAlias,entities_a,entities_b,nmod,dep,nmod,dep,asserted,relational,0,0,0,0,dependency
aimed,AIMed.d107.s904,stanza_craft+coref_29a7c0dd_0:rel:0,2,3,positive,positive,,,applied,structural|AB|bind|to|nominalized,structural|bind,bind,AB,nominalized,to,clause,DEP-binding-nestedinner-directed,sources,targets,nmod:of,nmod:to,nmod,obl,asserted,directed,0,0,0,1,dependency
aimed,AIMed.d107.s904,stanza_craft+coref_29a7c0dd_1:rel:0,0,2,negative,negative,,,not_applied,structural|NESTED|block|_|nested,structural|NESTED|block|_,block,NESTED,nested,,clause,DEP-block-nested,sources,targets:event_ref:stanza_craft+coref_29a7c0dd_0,nsubj,nmod:of,nsubj,nmod,asserted,nested_review,0,1,0,0,dependency
aimed,AIMed.d107.s904,stanza_craft+coref_29a7c0dd_1:rel:1,1,2,negative,negative,,,not_applied,structural|NESTED|block|_|nested,structural|NESTED|block|_,block,NESTED,nested,,clause,DEP-block-nested,sources,targets:event_ref:stanza_craft+coref_29a7c0dd_0,nsubj,nmod:of,nsubj,nmod,asserted,nested_review,0,1,0,0,dependency
aimed,AIMed.d107.s904,stanza_craft+coref_29a7c0dd_1:rel:2,0,3,negative,negative,,,not_applied,structural|NESTED|block|_|nested,structural|NESTED|block|_,block,NESTED,nested,,clause,DEP-block-nested,sources,targets:event_ref:stanza_craft+coref_29a7c0dd_0,nsubj,nmod:to,nsubj,obl,asserted,nested_review,0,1,0,0,dependency
aimed,AIMed.d107.s904,stanza_craft+coref_29a7c0dd_1:rel:3,1,3,negative,negative,,,not_applied,structural|NESTED|block|_|nested,structural|NESTED|block|_,block,NESTED,nested,,clause,DEP-block-nested,sources,targets:event_ref:stanza_craft+coref_29a7c0dd_0,nsubj,nmod:to,nsubj,obl,asserted,nested_review,0,1,0,0,dependency
aimed,AIMed.d107.s904,stanza_craft+coref_29a7c0dd_4:rel:0,0,1,negative,negative,,,review_only,relational|RELATIONAL|is-a|_|verbal,relational|RELATIONAL|is-a|_,,RELATIONAL,verbal,,appositive,DEP-ParentheticalAlias,entities_a,entities_b,nmod,dep,nmod,dep,asserted,relational,0,0,0,0,dependency
aimed,AIMed.d107.s905,stanza_craft+coref_9e5e21bc_1:rel:0,0,1,positive,positive,,,applied,structural|AA|analysis|between|nominalized,structural|analysis,analysis,AA,nominalized,between,event_nominal,DEP-nom-analysis-subject-undirected,participants,participants,nmod:between,nmod:between,nmod,conj,asserted,undirected,0,0,0,1,dependency
aimed,AIMed.d108.s909,stanza_craft+coref_11d6d8b3_0:rel:0,0,1,positive,positive,,,applied,structural|AB|mediate|_|passive,structural|mediate,mediate,AB,passive,,clause,DEP-mediate-passive,sources,targets,nmod,ROOT,obl,root,asserted,directed,1,1,0,0,dependency
aimed,AIMed.d108.s909,stanza_craft+coref_11d6d8b3_0:rel:1,0,2,positive,positive,,,applied,structural|AB|mediate|_|passive,structural|mediate,mediate,AB,passive,,clause,DEP-mediate-passive,sources,targets,conj,ROOT,conj,root,asserted,directed,1,1,0,0,dependency
aimed,AIMed.d108.s911,stanza_craft+coref_7573ef79_1:rel:0,0,1,negative,negative,,,review_only,relational|RELATIONAL|is-a|_|verbal,relational|RELATIONAL|is-a|_,,RELATIONAL,verbal,,appositive,DEP-ParentheticalAlias,entities_a,entities_b,nsubjpass,dep,nsubj:pass,dep,asserted,relational,0,0,0,0,dependency
aimed,AIMed.d108.s912,stanza_craft+coref_ad8042c6_0:rel:0,0,1,negative,positive,,,applied,structural|AA|interact|between|nominalized,structural|interact,interact,AA,nominalized,between,event_nominal,DEP-nom-interaction-subject-undirected,participants,participants,nmod:between,nmod:between,nmod,compound,asserted,undirected,1,0,0,1,dependency
aimed,AIMed.d108.s912,stanza_craft+coref_ad8042c6_0:rel:1,0,2,positive,positive,,,applied,structural|AA|interact|between|nominalized,structural|interact,interact,AA,nominalized,between,event_nominal,DEP-nom-interaction-subject-undirected,participants,participants,nmod:between,nmod:between,nmod,appos,asserted,undirected,0,0,0,1,dependency
aimed,AIMed.d108.s912,stanza_craft+coref_ad8042c6_0:rel:2,0,3,positive,positive,,,applied,structural|AA|interact|between|nominalized,structural|interact,interact,AA,nominalized,between,event_nominal,DEP-nom-interaction-subject-undirected,participants,participants,nmod:between,nmod:between,nmod,conj,asserted,undirected,0,0,0,1,dependency
aimed,AIMed.d108.s912,stanza_craft+coref_ad8042c6_0:rel:3,1,2,negative,positive,,,applied,structural|AA|interact|between|nominalized,structural|interact,interact,AA,nominalized,between,event_nominal,DEP-nom-interaction-subject-undirected,participants,participants,nmod:between,nmod:between,compound,appos,asserted,undirected,1,0,0,1,dependency
aimed,AIMed.d108.s912,stanza_craft+coref_ad8042c6_0:rel:4,1,3,negative,positive,,,applied,structural|AA|interact|between|nominalized,structural|interact,interact,AA,nominalized,between,event_nominal,DEP-nom-interaction-subject-undirected,participants,participants,nmod:between,nmod:between,compound,conj,asserted,undirected,1,0,0,1,dependency
aimed,AIMed.d108.s912,stanza_craft+coref_ad8042c6_0:rel:5,2,3,negative,positive,,,applied,structural|AA|interact|between|nominalized,structural|interact,interact,AA,nominalized,between,event_nominal,DEP-nom-interaction-subject-undirected,participants,participants,nmod:between,nmod:between,appos,conj,asserted,undirected,0,0,0,1,dependency
aimed,AIMed.d108.s912,stanza_craft+coref_ad8042c6_1:rel:0,1,2,negative,positive,,,applied,structural|AA|complex|_|compound_state,structural|complex,complex,AA,compound_state,,state_nominal,DEP-Complex,participants,participants,nmod,nmod,nmod,nmod,asserted,undirected,1,1,0,1,dependency
aimed,AIMed.d108.s912,stanza_craft+coref_ad8042c6_1:rel:1,1,3,negative,positive,,,applied,structural|AA|complex|_|compound_state,structural|complex,complex,AA,compound_state,,state_nominal,DEP-Complex,participants,participants,nmod,nmod,nmod,nmod,asserted,undirected,1,1,0,1,dependency
aimed,AIMed.d108.s912,stanza_craft+coref_ad8042c6_1:rel:2,2,3,negative,positive,,,applied,structural|AA|complex|_|compound_state,structural|complex,complex,AA,compound_state,,state_nominal,DEP-Complex,participants,participants,nmod,nmod,nmod,nmod,asserted,undirected,0,1,0,1,dependency
aimed,AIMed.d108.s912,stanza_craft+coref_ad8042c6_2:rel:0,1,2,negative,positive,,,review_only,relational|RELATIONAL|is-a|_|verbal,relational|RELATIONAL|is-a|_,,RELATIONAL,verbal,,appositive,DEP-Apposition,entities_a,entities_b,nmod,appos,nmod,appos,asserted,relational,1,1,0,0,dependency
aimed,AIMed.d108.s912,stanza_craft+coref_ad8042c6_2:rel:1,2,3,negative,positive,,,review_only,relational|RELATIONAL|is-a|_|verbal,relational|RELATIONAL|is-a|_,,RELATIONAL,verbal,,appositive,DEP-Apposition,entities_a,entities_b,nmod,appos,nmod,appos,asserted,relational,0,1,0,0,dependency
aimed,AIMed.d108.s914,stanza_craft+coref_465af0be_0:rel:0,0,1,negative,positive,,,applied,structural|AB|contain|_|verbal,structural|contain,contain,AB,verbal,,clause,DEP-contain,sources,targets,nsubj,dobj,nsubj,obj,asserted,directed,1,1,0,0,dependency
aimed,AIMed.d108.s914,stanza_craft+coref_465af0be_0:rel:1,0,3,negative,positive,,,applied,structural|AB|contain|_|verbal,structural|contain,contain,AB,verbal,,clause,DEP-contain,sources,targets,nsubj,conj,nsubj,conj,asserted,directed,1,1,0,0,dependency
aimed,AIMed.d108.s914,stanza_craft+coref_465af0be_0:rel:2,0,4,negative,positive,,,applied,structural|AB|contain|_|verbal,structural|contain,contain,AB,verbal,,clause,DEP-contain,sources,targets,nsubj,conj,nsubj,conj,asserted,directed,1,1,0,0,dependency
aimed,AIMed.d108.s914,stanza_craft+coref_465af0be_0:rel:3,0,5,negative,positive,,,applied,structural|AB|contain|_|verbal,structural|contain,contain,AB,verbal,,clause,DEP-contain,sources,targets,nsubj,conj,nsubj,conj,asserted,directed,1,1,0,0,dependency
aimed,AIMed.d108.s914,stanza_craft+coref_465af0be_2:rel:0,6,7,negative,positive,,,applied,structural|AB|lack|_|verbal,structural|lack,lack,AB,verbal,,clause,DEP-lack,sources,targets,nsubj,dobj,nsubj,obj,asserted,directed,0,0,0,0,dependency
aimed,AIMed.d108.s914,stanza_craft+coref_465af0be_2:rel:1,6,8,negative,positive,,,applied,structural|AB|lack|_|verbal,structural|lack,lack,AB,verbal,,clause,DEP-lack,sources,targets,nsubj,conj,nsubj,conj,asserted,directed,0,0,0,0,dependency
aimed,AIMed.d108.s914,stanza_craft+coref_465af0be_4:rel:0,1,3,negative,positive,,,applied,structural|AA|complex|_|compound_state,structural|complex,complex,AA,compound_state,,state_nominal,DEP-Complex,participants,participants,compound_state,compound_state,nsubj,nsubj,asserted,undirected,0,1,0,1,dependency
aimed,AIMed.d108.s914,stanza_craft+coref_465af0be_4:rel:1,1,4,negative,positive,,,applied,structural|AA|complex|_|compound_state,structural|complex,complex,AA,compound_state,,state_nominal,DEP-Complex,participants,participants,compound_state,compound_state,nsubj,nsubj,asserted,undirected,0,1,0,1,dependency
aimed,AIMed.d108.s914,stanza_craft+coref_465af0be_4:rel:2,1,5,negative,positive,,,applied,structural|AA|complex|_|compound_state,structural|complex,complex,AA,compound_state,,state_nominal,DEP-Complex,participants,participants,compound_state,compound_state,nsubj,nsubj,asserted,undirected,0,1,0,1,dependency
aimed,AIMed.d108.s914,stanza_craft+coref_465af0be_4:rel:3,3,4,negative,positive,,,applied,structural|AA|complex|_|compound_state,structural|complex,complex,AA,compound_state,,state_nominal,DEP-Complex,participants,participants,compound_state,compound_state,nsubj,nsubj,asserted,undirected,0,1,0,1,dependency
aimed,AIMed.d108.s914,stanza_craft+coref_465af0be_4:rel:4,3,5,negative,positive,,,applied,structural|AA|complex|_|compound_state,structural|complex,complex,AA,compound_state,,state_nominal,DEP-Complex,participants,participants,compound_state,compound_state,nsubj,nsubj,asserted,undirected,0,1,0,1,dependency
aimed,AIMed.d108.s914,stanza_craft+coref_465af0be_4:rel:5,4,5,negative,positive,,,applied,structural|AA|complex|_|compound_state,structural|complex,complex,AA,compound_state,,state_nominal,DEP-Complex,participants,participants,compound_state,compound_state,nsubj,nsubj,asserted,undirected,0,1,0,1,dependency
aimed,AIMed.d108.s914,stanza_craft+coref_465af0be_5:rel:0,1,2,negative,negative,,,review_only,relational|RELATIONAL|is-a|_|verbal,relational|RELATIONAL|is-a|_,,RELATIONAL,verbal,,appositive,DEP-ParentheticalAlias,entities_a,entities_b,dobj,dep,obj,dep,asserted,relational,0,0,0,0,dependency
aimed,AIMed.d108.s915,stanza_craft+coref_5f59fbc8_1:rel:0,0,2,positive,positive,,,applied,structural|AB|transmit|_|verbal,structural|transmit,transmit,AB,verbal,,clause,DEP-transmit,sources,targets,nsubj,dobj,nsubj,obj,asserted,directed,0,1,0,0,dependency
aimed,AIMed.d108.s915,stanza_craft+coref_5f59fbc8_1:rel:1,1,2,positive,positive,,,applied,structural|AB|transmit|_|verbal,structural|transmit,transmit,AB,verbal,,clause,DEP-transmit,sources,targets,conj,dobj,conj,obj,asserted,directed,0,1,0,0,dependency
aimed,AIMed.d109.s916,stanza_craft+coref_821650b3_1:rel:0,0,1,positive,negative,,,review_only,relational|RELATIONAL|is-a|_|verbal,relational|RELATIONAL|is-a|_,,RELATIONAL,verbal,,appositive,DEP-Apposition,entities_a,entities_b,nmod,dep,nmod,dep,asserted,relational,0,1,0,0,dependency
aimed,AIMed.d109.s918,stanza_craft+coref_a04f20f9_3:rel:0,0,1,positive,positive,,,applied,structural|AA|heterodimer|_|compound_state,structural|heterodimer,heterodimer,AA,compound_state,,state_nominal,DEP-Complex,participants,participants,nmod,nmod,nmod,nmod,asserted,undirected,0,1,0,1,dependency
aimed,AIMed.d109.s921,stanza_craft+coref_6dddee91_2:rel:0,0,1,positive,positive,,,applied,structural|AA|heterodimer|_|compound_state,structural|heterodimer,heterodimer,AA,compound_state,,state_nominal,DEP-Complex,participants,participants,nsubj,nsubj,nsubj,nsubj,asserted,undirected,1,1,0,1,dependency
aimed,AIMed.d11.s88,stanza_craft+coref_fc12c255_1:rel:0,0,1,negative,positive,,,applied,structural|AA|relationship|between|nominalized,structural|relationship,relationship,AA,nominalized,between,event_nominal,DEP-nom-relationship-undirected,participants,participants,nmod:between,nmod:between,dep,conj,asserted,undirected,0,0,0,1,dependency
aimed,AIMed.d11.s88,stanza_craft+coref_fc12c255_1:rel:1,0,2,negative,positive,,,applied,structural|AA|relationship|between|nominalized,structural|relationship,relationship,AA,nominalized,between,event_nominal,DEP-nom-relationship-undirected,participants,participants,nmod:between,nmod:between,dep,conj,asserted,undirected,0,0,0,1,dependency
aimed,AIMed.d11.s88,stanza_craft+coref_fc12c255_1:rel:2,0,3,negative,positive,,,applied,structural|AA|relationship|between|nominalized,structural|relationship,relationship,AA,nominalized,between,event_nominal,DEP-nom-relationship-undirected,participants,participants,nmod:between,nmod:between,dep,conj,asserted,undirected,0,0,0,1,dependency
aimed,AIMed.d11.s88,stanza_craft+coref_fc12c255_1:rel:3,1,2,negative,positive,,,applied,structural|AA|relationship|between|nominalized,structural|relationship,relationship,AA,nominalized,between,event_nominal,DEP-nom-relationship-undirected,participants,participants,nmod:between,nmod:between,conj,conj,asserted,undirected,0,0,0,1,dependency
aimed,AIMed.d11.s88,stanza_craft+coref_fc12c255_1:rel:4,1,3,negative,positive,,,applied,structural|AA|relationship|between|nominalized,structural|relationship,relationship,AA,nominalized,between,event_nominal,DEP-nom-relationship-undirected,participants,participants,nmod:between,nmod:between,conj,conj,asserted,undirected,0,0,0,1,dependency
aimed,AIMed.d11.s88,stanza_craft+coref_fc12c255_1:rel:5,2,3,negative,positive,,,applied,structural|AA|relationship|between|nominalized,structural|relationship,relationship,AA,nominalized,between,event_nominal,DEP-nom-relationship-undirected,participants,participants,nmod:between,nmod:between,conj,conj,asserted,undirected,0,0,0,1,dependency
aimed,AIMed.d110.s924,stanza_craft+coref_90072e3b_0:rel:0,0,1,negative,positive,,,applied,structural|AB|comprise|_|passive,structural|comprise,comprise,AB,passive,,clause,DEP-comprise-passive,sources,targets,nsubj,nmod,nsubj,obl,asserted,directed,0,0,0,0,dependency
aimed,AIMed.d110.s924,stanza_craft+coref_90072e3b_1:rel:0,1,2,negative,positive,,,applied,structural|AA|complex|_|compound_state,structural|complex,complex,AA,compound_state,,state_nominal,DEP-Complex,participants,participants,acl,acl,acl,acl,asserted,undirected,0,1,0,1,dependency
aimed,AIMed.d110.s924,stanza_craft+coref_90072e3b_2:rel:0,1,2,negative,positive,,,review_only,relational|RELATIONAL|is-a|_|verbal,relational|RELATIONAL|is-a|_,,RELATIONAL,verbal,,appositive,DEP-ParentheticalAlias,entities_a,entities_b,nmod,dep,obl,dep,asserted,relational,0,0,0,0,dependency
aimed,AIMed.d110.s926,stanza_craft+coref_5336247b_1:rel:0,0,2,negative,negative,,,not_applied,structural|AB|have|_|verbal,structural|have,have,AB,verbal,,clause,DEP-have,sources,targets,dobj,nmod,obj,obl,negated,directed,1,1,0,0,dependency
aimed,AIMed.d110.s926,stanza_craft+coref_5336247b_1:rel:1,1,2,negative,negative,,,not_applied,structural|AB|have|_|verbal,structural|have,have,AB,verbal,,clause,DEP-have,sources,targets,dobj,nmod,obj,obl,negated,directed,0,1,0,0,dependency
aimed,AIMed.d110.s926,stanza_craft+coref_5336247b_3:rel:0,0,1,negative,negative,,,review_only,relational|RELATIONAL|is-a|_|verbal,relational|RELATIONAL|is-a|_,,RELATIONAL,verbal,,appositive,DEP-Apposition,entities_a,entities_b,dobj,appos,obj,appos,asserted,relational,1,1,0,0,dependency
aimed,AIMed.d110.s927,stanza_craft+coref_9f01d617_0:rel:0,0,1,positive,positive,,,applied,structural|AB|interact|with|verbal,structural|interact,interact,AB,verbal,with,clause,DEP-interact,sources,targets,nsubjpass,nmod:with,nsubj:pass,obl,asserted,directed,0,1,0,0,dependency
aimed,AIMed.d110.s927,stanza_craft+coref_9f01d617_0:rel:1,0,2,negative,positive,,,applied,structural|AB|interact|with|verbal,structural|interact,interact,AB,verbal,with,clause,DEP-interact,sources,targets,nsubjpass,nmod:with,nsubj:pass,obl,asserted,directed,0,1,0,0,dependency
aimed,AIMed.d110.s927,stanza_craft+coref_9f01d617_0:rel:2,0,3,positive,positive,,,applied,structural|AB|interact|with|verbal,structural|interact,interact,AB,verbal,with,clause,DEP-interact,sources,targets,nsubjpass,nmod:with,nsubj:pass,conj,asserted,directed,1,1,0,0,dependency
aimed,AIMed.d110.s927,stanza_craft+coref_9f01d617_0:rel:3,0,4,positive,positive,,,applied,structural|AB|interact|with|verbal,structural|interact,interact,AB,verbal,with,clause,DEP-interact,sources,targets,nsubjpass,nmod:with,nsubj:pass,conj,asserted,directed,0,1,0,0,dependency
aimed,AIMed.d110.s927,stanza_craft+coref_9f01d617_0:rel:4,0,5,positive,positive,,,applied,structural|AB|interact|with|verbal,structural|interact,interact,AB,verbal,with,clause,DEP-interact,sources,targets,nsubjpass,nmod:with,nsubj:pass,conj,asserted,directed,0,1,0,0,dependency
aimed,AIMed.d110.s927,stanza_craft+coref_9f01d617_0:rel:5,0,6,positive,positive,,,applied,structural|AB|interact|with|verbal,structural|interact,interact,AB,verbal,with,clause,DEP-interact,sources,targets,nsubjpass,nmod:with,nsubj:pass,conj,asserted,directed,0,1,0,0,dependency
aimed,AIMed.d110.s927,stanza_craft+coref_9f01d617_0:rel:6,0,7,positive,positive,,,applied,structural|AB|interact|with|verbal,structural|interact,interact,AB,verbal,with,clause,DEP-interact,sources,targets,nsubjpass,nmod:with,nsubj:pass,conj,asserted,directed,0,1,0,0,dependency
aimed,AIMed.d110.s927,stanza_craft+coref_9f01d617_0:rel:7,0,8,negative,positive,,,applied,structural|AB|interact|with|verbal,structural|interact,interact,AB,verbal,with,clause,DEP-interact,sources,targets,nsubjpass,nmod:with,nsubj:pass,conj,asserted,directed,1,1,0,0,dependency
aimed,AIMed.d111.s931,stanza_craft+coref_ef495d83_2:rel:0,0,1,negative,negative,,,review_only,relational|RELATIONAL|is-a|_|verbal,relational|RELATIONAL|is-a|_,,RELATIONAL,verbal,,appositive,DEP-ParentheticalAlias,entities_a,entities_b,nsubjpass,dep,nsubj:pass,dep,asserted,relational,0,0,0,0,dependency
aimed,AIMed.d111.s936,stanza_craft+coref_93cdf824_1:rel:0,0,1,negative,negative,,,not_applied,structural|AB|bind|_|verbal,structural|bind,bind,AB,verbal,,clause,DEP-bind,sources,targets,dobj,dobj,obj,obj,negated,directed,1,1,0,0,dependency
aimed,AIMed.d111.s937,stanza_craft+coref_0d65a6c9_1:rel:0,0,1,negative,positive,,,applied,structural|AB|inhibit|_|verbal,structural|inhibit,inhibit,AB,verbal,,clause,DEP-inhibit,sources,targets,nsubj,dobj,nsubj,obj,asserted,directed,1,1,0,0,dependency
aimed,AIMed.d111.s937,stanza_craft+coref_0d65a6c9_1:rel:1,0,2,negative,positive,,,applied,structural|AB|inhibit|with|verbal,structural|inhibit,inhibit,AB,verbal,with,clause,DEP-inhibit,sources,targets,nsubj,nmod:with,nsubj,obl,asserted,directed,1,1,0,0,dependency
aimed,AIMed.d111.s939,stanza_craft+coref_e80cdeb5_2:rel:0,0,1,positive,positive,,,applied,structural|AA|interact|_|nominalized,structural|interact,interact,AA,nominalized,,event_nominal,DEP-nom-interaction-undirected,participants,participants,compound,compound,amod,amod,asserted,undirected,1,0,0,1,dependency
aimed,AIMed.d111.s942,stanza_craft+coref_0ba6c548_1:rel:0,0,1,positive,positive,,,applied,structural|AB|bind|_|verbal,structural|bind,bind,AB,verbal,,clause,DEP-bind,sources,targets,dobj,dobj,obj,obj,asserted,directed,1,1,0,0,dependency
aimed,AIMed.d112.s944,stanza_craft+coref_7ad86c7b_0:rel:0,0,2,positive,positive,,,applied,structural|AB|associate|with|verbal,structural|associate,associate,AB,verbal,with,clause,DEP-associate,sources,targets,nsubj,nmod:with,nsubj,obl,asserted,directed,0,1,0,0,dependency
aimed,AIMed.d112.s944,stanza_craft+coref_7ad86c7b_0:rel:1,0,3,positive,positive,,,applied,structural|AB|associate|with|verbal,structural|associate,associate,AB,verbal,with,clause,DEP-associate,sources,targets,nsubj,nmod:with,nsubj,conj,asserted,directed,0,1,0,0,dependency
aimed,AIMed.d112.s945,stanza_craft+coref_c3c8c283_1:rel:0,1,3,negative,negative,,,review_only,relational|RELATIONAL|is-a|_|verbal,relational|RELATIONAL|is-a|_,,RELATIONAL,verbal,,appositive,DEP-ParentheticalAlias,entities_a,entities_b,conj,dep,conj,dep,asserted,relational,1,1,0,0,dependency
aimed,AIMed.d112.s945,stanza_craft+coref_c3c8c283_1:rel:1,2,3,negative,negative,,,review_only,relational|RELATIONAL|is-a|_|verbal,relational|RELATIONAL|is-a|_,,RELATIONAL,verbal,,appositive,DEP-ParentheticalAlias,entities_a,entities_b,conj,dep,conj,dep,asserted,relational,0,0,0,0,dependency
aimed,AIMed.d112.s946,stanza_craft+coref_6565fd36_0:rel:0,0,1,positive,positive,,,applied,structural|AA|interact|_|verbal,structural|interact,interact,AA,verbal,,clause,DEP-interact-undirected,participants,participants,nsubj,conj,nsubj,conj,asserted,undirected,0,0,0,0,dependency
aimed,AIMed.d112.s947,stanza_craft+coref_afb7742e_0:rel:0,0,1,positive,positive,,,applied,structural|AA|coimmunoprecipitate|_|verbal,structural|coimmunoprecipitate,coimmunoprecipitate,AA,verbal,,clause,DEP-coimmunoprecipitate-undirected,participants,participants,nsubj,conj,nsubj,conj,asserted,undirected,0,0,0,0,dependency
aimed,AIMed.d112.s947,stanza_craft+coref_afb7742e_1:rel:0,0,2,negative,positive,,,applied,structural|AB|gel-purify|_|verbal,structural|gel-purify,gel-purify,AB,verbal,,clause,DEP-gel-purify,sources,targets,nsubj,dobj,nsubj,obj,asserted,directed,0,0,0,0,dependency
aimed,AIMed.d112.s947,stanza_craft+coref_afb7742e_1:rel:1,0,3,negative,positive,,,applied,structural|AB|gel-purify|_|verbal,structural|gel-purify,gel-purify,AB,verbal,,clause,DEP-gel-purify,sources,targets,nsubj,conj,nsubj,conj,asserted,directed,0,0,0,0,dependency
aimed,AIMed.d112.s947,stanza_craft+coref_afb7742e_1:rel:2,1,2,negative,positive,,,applied,structural|AB|gel-purify|_|verbal,structural|gel-purify,gel-purify,AB,verbal,,clause,DEP-gel-purify,sources,targets,conj,dobj,conj,obj,asserted,directed,0,0,0,0,dependency
aimed,AIMed.d112.s947,stanza_craft+coref_afb7742e_1:rel:3,1,3,negative,positive,,,applied,structural|AB|gel-purify|_|verbal,structural|gel-purify,gel-purify,AB,verbal,,clause,DEP-gel-purify,sources,targets,conj,conj,conj,conj,asserted,directed,0,0,0,0,dependency
aimed,AIMed.d112.s947,stanza_craft+coref_afb7742e_2:rel:0,0,1,positive,positive,,,applied,structural|AA|reassociate|_|verbal,structural|reassociate,reassociate,AA,verbal,,clause,DEP-reassociate-undirected,participants,participants,nsubj,conj,nsubj,conj,asserted,undirected,0,0,0,0,dependency
aimed,AIMed.d112.s948,stanza_craft+coref_a529914f_0:rel:0,2,3,positive,negative,,,not_applied,structural|AA|associate|_|nominalized,structural|associate,associate,AA,nominalized,,clause,DEP-association-nestedinner,participants,participants,compound,compound,compound,compound,negated,undirected,1,1,0,1,dependency
aimed,AIMed.d112.s948,stanza_craft+coref_a529914f_1:rel:0,4,5,negative,negative,,,not_applied,structural|AB|reassociate|with|verbal,structural|reassociate,reassociate,AB,verbal,with,clause,DEP-reassociate,sources,targets,nsubj,nmod:with,nsubj,obl,negated,directed,0,0,0,0,dependency
aimed,AIMed.d112.s948,stanza_craft+coref_a529914f_2:rel:0,0,1,positive,positive,,,applied,structural|AA|interact|_|nominalized,structural|interact,interact,AA,nominalized,,event_nominal,DEP-nom-interaction-subject-undirected,participants,participants,compound,compound,compound,compound,asserted,undirected,1,0,0,1,dependency
aimed,AIMed.d112.s951,stanza_craft+coref_567e5afe_1:rel:0,0,1,negative,negative,,,review_only,relational|RELATIONAL|is-a|_|verbal,relational|RELATIONAL|is-a|_,,RELATIONAL,verbal,,appositive,DEP-ParentheticalAlias,entities_a,entities_b,nmod,dep,obl,dep,asserted,relational,0,0,0,0,dependency
aimed,AIMed.d112.s952,stanza_craft+coref_058546dc_2:rel:0,0,1,positive,negative,,,review_only,relational|RELATIONAL|is-a|_|verbal,relational|RELATIONAL|is-a|_,,RELATIONAL,verbal,,appositive,DEP-Identity,entities_a,entities_b,acl,nmod,acl,obl,asserted,relational,0,1,0,0,dependency
aimed,AIMed.d113.s957,stanza_craft+coref_4e05872a_0:rel:0,1,2,negative,negative,,,not_applied,structural|AB|homology|_|nominalized,structural|homology,homology,AB,nominalized,,clause,DEP-homology-nestedinner-alt,sources,targets,compound,nmod,conj,nmod,negated,directed,1,1,0,1,dependency
aimed,AIMed.d113.s957,stanza_craft+coref_4e05872a_1:rel:0,0,2,negative,negative,,,not_applied,structural|NESTED|share|_|nested,structural|NESTED|share|_,share,NESTED,nested,,clause,DEP-share-nested,sources,targets:event_ref:stanza_craft+coref_4e05872a_0,nsubj,compound,nsubj,conj,negated,nested_review,1,1,0,0,dependency
aimed,AIMed.d113.s957,stanza_craft+coref_4e05872a_1:rel:1,0,1,negative,negative,,,not_applied,structural|NESTED|share|_|nested,structural|NESTED|share|_,share,NESTED,nested,,clause,DEP-share-nested,sources,targets:event_ref:stanza_craft+coref_4e05872a_0,nsubj,nmod,nsubj,nmod,negated,nested_review,1,1,0,0,dependency
aimed,AIMed.d114.s961,stanza_craft+coref_ea2b853a_0:rel:0,0,1,negative,positive,,,applied,structural|AB|bind|to|verbal,structural|bind,bind,AB,verbal,to,clause,DEP-bind,sources,targets,nsubj,nmod:to,nsubj,obl,asserted,directed,0,1,0,0,dependency
aimed,AIMed.d114.s968,stanza_craft+coref_2ae91ba4_0:rel:0,0,6,negative,positive,,,applied,structural|AB|bind|to|verbal,structural|bind,bind,AB,verbal,to,clause,DEP-bind,sources,targets,nsubj,nmod:to,nsubj,obl,asserted,directed,1,1,0,0,dependency
aimed,AIMed.d114.s968,stanza_craft+coref_2ae91ba4_0:rel:1,2,6,positive,positive,,,applied,structural|AB|bind|to|verbal,structural|bind,bind,AB,verbal,to,clause,DEP-bind,sources,targets,nsubj,nmod:to,nsubj,obl,asserted,directed,0,1,0,0,dependency
aimed,AIMed.d114.s968,stanza_craft+coref_2ae91ba4_0:rel:2,5,6,positive,positive,,,applied,structural|AB|bind|to|verbal,structural|bind,bind,AB,verbal,to,clause,DEP-bind,sources,targets,conj,nmod:to,conj,obl,asserted,directed,0,0,0,0,dependency
aimed,AIMed.d114.s968,stanza_craft+coref_2ae91ba4_1:rel:0,0,1,negative,negative,,,review_only,relational|RELATIONAL|is-a|_|verbal,relational|RELATIONAL|is-a|_,,RELATIONAL,verbal,,appositive,DEP-Apposition,entities_a,entities_b,nsubj,appos,nsubj,appos,asserted,relational,1,1,0,0,dependency
aimed,AIMed.d114.s968,stanza_craft+coref_2ae91ba4_1:rel:1,0,2,negative,negative,,,review_only,relational|RELATIONAL|is-a|_|verbal,relational|RELATIONAL|is-a|_,,RELATIONAL,verbal,,appositive,DEP-Apposition,entities_a,entities_b,nsubj,appos,nsubj,appos,asserted,relational,1,1,0,0,dependency
aimed,AIMed.d114.s968,stanza_craft+coref_2ae91ba4_1:rel:2,1,2,negative,negative,,,review_only,relational|RELATIONAL|is-a|_|verbal,relational|RELATIONAL|is-a|_,,RELATIONAL,verbal,,appositive,DEP-Apposition,entities_a,entities_b,nsubj,appos,nsubj,appos,asserted,relational,1,1,0,0,dependency
aimed,AIMed.d115.s970,stanza_craft+coref_84335908_0:rel:0,0,1,negative,positive,,,applied,structural|AB|interact|of|nominalized,structural|interact,interact,AB,nominalized,of,clause,DEP-interaction-nestedinner-directed,sources,targets,nmod:with,nmod:of,nmod,nmod,asserted,directed,1,1,0,1,dependency
aimed,AIMed.d115.s970,stanza_craft+coref_84335908_1:rel:0,0,2,positive,negative,,,not_applied,structural|NESTED|require|_|nested,structural|NESTED|require|_,require,NESTED,nested,,clause,DEP-require-passive-nested,sources,targets:event_ref:stanza_craft+coref_84335908_0,nmod,nmod:with,obl,nmod,asserted,nested_review,1,1,0,0,dependency
aimed,AIMed.d115.s970,stanza_craft+coref_84335908_1:rel:1,1,2,negative,negative,,,not_applied,structural|NESTED|require|_|nested,structural|NESTED|require|_,require,NESTED,nested,,clause,DEP-require-passive-nested,sources,targets:event_ref:stanza_craft+coref_84335908_0,nmod,nmod:with,obl,nmod,asserted,nested_review,0,1,0,0,dependency
aimed,AIMed.d115.s970,stanza_craft+coref_84335908_1:rel:2,0,2,positive,negative,,,not_applied,structural|NESTED|require|_|nested,structural|NESTED|require|_,require,NESTED,nested,,clause,DEP-require-passive-nested,sources,targets:event_ref:stanza_craft+coref_84335908_0,nmod,nmod:of,obl,nmod,asserted,nested_review,1,1,0,0,dependency
aimed,AIMed.d115.s970,stanza_craft+coref_84335908_1:rel:3,1,2,negative,negative,,,not_applied,structural|NESTED|require|_|nested,structural|NESTED|require|_,require,NESTED,nested,,clause,DEP-require-passive-nested,sources,targets:event_ref:stanza_craft+coref_84335908_0,nmod,nmod:of,obl,nmod,asserted,nested_review,0,1,0,0,dependency
aimed,AIMed.d115.s972,stanza_craft+coref_9be9c628_0:rel:0,1,3,negative,positive,,,applied,structural|AB|bind|to|verbal,structural|bind,bind,AB,verbal,to,clause,DEP-bind,sources,targets,nmod,nmod:to,nmod,obl,asserted,directed,1,1,0,0,dependency
aimed,AIMed.d115.s972,stanza_craft+coref_9be9c628_1:rel:0,0,1,negative,positive,,,applied,relational|RELATIONAL|target|_|nominalized,relational|RELATIONAL|target|_,target,RELATIONAL,nominalized,,clause,DEP-CopulaIsA,entities_a,entities_b,nsubj,ccomp,nsubj,ccomp,asserted,relational,0,1,0,1,dependency
aimed,AIMed.d115.s972,stanza_craft+coref_9be9c628_1:rel:1,0,2,negative,positive,,,applied,relational|RELATIONAL|target|_|nominalized,relational|RELATIONAL|target|_,target,RELATIONAL,nominalized,,clause,DEP-CopulaIsA,entities_a,entities_b,nsubj,ccomp,nsubj,ccomp,asserted,relational,0,1,0,1,dependency
aimed,AIMed.d115.s972,stanza_craft+coref_9be9c628_4:rel:0,1,2,negative,negative,,,review_only,relational|RELATIONAL|is-a|_|verbal,relational|RELATIONAL|is-a|_,,RELATIONAL,verbal,,appositive,DEP-ParentheticalAlias,entities_a,entities_b,appos,dep,appos,dep,asserted,relational,0,0,0,0,dependency
aimed,AIMed.d115.s973,stanza_craft+coref_1862f249_1:rel:0,0,1,positive,positive,,,applied,structural|AB|bind|_|verbal,structural|bind,bind,AB,verbal,,clause,DEP-bind,sources,targets,nsubj,dobj,nsubj,obj,asserted,directed,1,1,0,0,dependency
aimed,AIMed.d115.s973,stanza_craft+coref_1862f249_1:rel:1,0,2,negative,positive,,,applied,structural|AB|bind|_|verbal,structural|bind,bind,AB,verbal,,clause,DEP-bind,sources,targets,nsubj,dobj,nsubj,obj,asserted,directed,0,1,0,0,dependency
aimed,AIMed.d115.s976,stanza_craft+coref_6ddb8e5c_2:rel:0,0,1,positive,positive,,,applied,structural|AA|bind|_|nominalized,structural|bind,bind,AA,nominalized,,event_nominal,DEP-nom-binding-undirected,participants,participants,compound,compound,compound,compound,asserted,undirected,1,0,0,1,dependency
aimed,AIMed.d116.s977,stanza_craft+coref_03551560_0:rel:0,0,1,positive,positive,,,applied,structural|AB|block|_|passive,structural|block,block,AB,passive,,clause,DEP-block-passive,sources,targets,nmod,nmod,obl,nmod,asserted,directed,1,1,0,0,dependency
aimed,AIMed.d116.s978,stanza_craft+coref_eeb8b6b1_2:rel:0,0,1,negative,negative,,,review_only,relational|RELATIONAL|is-a|_|verbal,relational|RELATIONAL|is-a|_,,RELATIONAL,verbal,,appositive,DEP-ParentheticalAlias,entities_a,entities_b,nmod,dep,obl,dep,asserted,relational,0,0,0,0,dependency
aimed,AIMed.d116.s980,stanza_craft+coref_4a51fa28_4:rel:0,3,4,positive,positive,,,applied,structural|AB|inhibit|_|verbal,structural|inhibit,inhibit,AB,verbal,,clause,DEP-inhibit,sources,targets,nsubj,dobj,nsubj,obj,asserted,directed,0,1,0,0,dependency
aimed,AIMed.d116.s980,stanza_craft+coref_4a51fa28_4:rel:1,3,5,positive,positive,,,applied,structural|AB|inhibit|_|verbal,structural|inhibit,inhibit,AB,verbal,,clause,DEP-inhibit,sources,targets,nsubj,dobj,nsubj,obj,asserted,directed,0,1,0,0,dependency
aimed,AIMed.d116.s980,stanza_craft+coref_4a51fa28_6:rel:0,4,5,negative,negative,,,review_only,relational|RELATIONAL|is-a|_|verbal,relational|RELATIONAL|is-a|_,,RELATIONAL,verbal,,appositive,DEP-Apposition,entities_a,entities_b,nmod,dep,nmod,dep,asserted,relational,0,1,0,0,dependency
aimed,AIMed.d116.s980,stanza_craft+coref_4a51fa28_7:rel:0,4,5,negative,negative,,,review_only,relational|RELATIONAL|is-a|_|verbal,relational|RELATIONAL|is-a|_,,RELATIONAL,verbal,,appositive,DEP-ParentheticalAlias,entities_a,entities_b,dep,dep,dep,dep,asserted,relational,0,0,0,0,dependency
aimed,AIMed.d116.s981,stanza_craft+coref_e7e399b1_0:rel:0,0,1,positive,positive,,,applied,structural|AA|interact|between|nominalized,structural|interact,interact,AA,nominalized,between,clause,DEP-interaction-nestedinner,participants,participants,nmod:between,nmod:between,nmod,conj,asserted,undirected,0,0,0,1,dependency
aimed,AIMed.d117.s984,stanza_craft+coref_be69722d_1:rel:0,0,1,negative,positive,,,applied,structural|AA|heterodimer|_|compound_state,structural|heterodimer,heterodimer,AA,compound_state,,state_nominal,DEP-Complex,participants,participants,nsubj,nsubj,nsubj,nsubj,asserted,undirected,1,1,0,1,dependency
aimed,AIMed.d117.s987,stanza_craft+coref_29fd5a1b_1:rel:0,0,1,negative,negative,,,review_only,relational|RELATIONAL|is-a|_|verbal,relational|RELATIONAL|is-a|_,,RELATIONAL,verbal,,appositive,DEP-Apposition,entities_a,entities_b,nsubjpass,appos,nsubj:pass,appos,asserted,relational,0,1,0,0,dependency
aimed,AIMed.d117.s989,stanza_craft+coref_ba07a97e_0:rel:0,0,1,positive,positive,,,applied,structural|AB|bind|to|verbal,structural|bind,bind,AB,verbal,to,clause,DEP-bind,sources,targets,nsubj,nmod:to,nsubj,obl,asserted,directed,0,0,0,0,dependency
aimed,AIMed.d117.s989,stanza_craft+coref_ba07a97e_4:rel:0,1,2,negative,negative,,,review_only,relational|RELATIONAL|is-a|_|verbal,relational|RELATIONAL|is-a|_,,RELATIONAL,verbal,,appositive,DEP-ParentheticalAlias,entities_a,entities_b,nmod,dep,obl,dep,asserted,relational,0,0,0,0,dependency
aimed,AIMed.d117.s991,stanza_craft+coref_73303d7d_0:rel:0,0,1,positive,positive,,,applied,structural|AB|bind|to|verbal,structural|bind,bind,AB,verbal,to,clause,DEP-bind,sources,targets,nsubj,nmod:to,nsubj,obl,asserted,directed,0,0,0,0,dependency
aimed,AIMed.d117.s991,stanza_craft+coref_73303d7d_1:rel:0,0,2,negative,positive,,,applied,structural|AB|compete|with|verbal,structural|compete,compete,AB,verbal,with,clause,DEP-compete,sources,targets,nsubj,nmod:with,nsubj,obl,asserted,directed,0,1,0,0,dependency
aimed,AIMed.d117.s991,stanza_craft+coref_73303d7d_3:rel:0,0,3,negative,negative,,,not_applied,structural|AB|form|_|verbal,structural|form,form,AB,verbal,,clause,DEP-form,sources,targets,nsubj,dobj,nsubj,obj,negated,directed,0,0,0,0,dependency
aimed,AIMed.d118.s1001,stanza_craft+coref_085a7242_1:rel:0,0,1,positive,positive,,,applied,structural|AB|inhibit|_|verbal,structural|inhibit,inhibit,AB,verbal,,clause,DEP-inhibit,sources,targets,nsubj,dobj,nsubj,obj,asserted,directed,1,1,0,0,dependency
aimed,AIMed.d118.s1002,stanza_craft+coref_3948deb3_0:rel:0,0,1,positive,positive,,,applied,structural|AB|block|_|verbal,structural|block,block,AB,verbal,,clause,DEP-block,sources,targets,nsubj,dobj,nsubj,obj,asserted,directed,0,1,0,0,dependency
aimed,AIMed.d118.s1002,stanza_craft+coref_3948deb3_1:rel:0,1,2,positive,positive,,,applied,structural|AB|activate|_|verbal,structural|activate,activate,AB,verbal,,clause,DEP-activate,sources,targets,dobj,dobj,obj,obj,asserted,directed,0,1,0,0,dependency
aimed,AIMed.d118.s1003,stanza_craft+coref_0b67eeaf_0:rel:0,0,1,positive,positive,,,applied,structural|AA|interact|between|nominalized,structural|interact,interact,AA,nominalized,between,clause,DEP-interaction-nestedinner,participants,participants,nmod:between,nmod:between,nmod,conj,asserted,undirected,0,0,0,1,dependency
aimed,AIMed.d118.s999,stanza_craft+coref_d752e418_1:rel:0,1,2,negative,positive,,,applied,structural|AA|complex|_|compound_state,structural|complex,complex,AA,compound_state,,state_nominal,DEP-Complex,participants,participants,nmod,nmod,obl,obl,asserted,undirected,0,1,0,1,dependency
aimed,AIMed.d118.s999,stanza_craft+coref_d752e418_2:rel:0,1,2,negative,positive,,,review_only,relational|RELATIONAL|is-a|_|verbal,relational|RELATIONAL|is-a|_,,RELATIONAL,verbal,,appositive,DEP-ParentheticalAlias,entities_a,entities_b,conj,dep,conj,dep,asserted,relational,0,0,0,0,dependency
aimed,AIMed.d119.s1005,stanza_craft+coref_f8eef9a7_0:rel:0,0,1,positive,positive,,,applied,relational|RELATIONAL|coactivator|_|nominalized,relational|RELATIONAL|coactivator|_,coactivator,RELATIONAL,nominalized,,clause,DEP-CopulaIsA,entities_a,entities_b,nsubj,ROOT,nsubj,root,asserted,relational,0,1,0,1,dependency
aimed,AIMed.d119.s1007,stanza_craft+coref_09d88d37_0:rel:0,0,1,positive,positive,,,applied,structural|AB|activate|_|passive,structural|activate,activate,AB,passive,,clause,DEP-activate-passive,sources,targets,nmod,nsubjpass,obl,nsubj:pass,asserted,directed,0,0,0,0,dependency
aimed,AIMed.d119.s1007,stanza_craft+coref_09d88d37_2:rel:0,1,2,negative,negative,,,review_only,relational|RELATIONAL|is-a|_|verbal,relational|RELATIONAL|is-a|_,,RELATIONAL,verbal,,appositive,DEP-ParentheticalAlias,entities_a,entities_b,nmod,dep,obl,dep,asserted,relational,0,0,0,0,dependency
aimed,AIMed.d12.s102,stanza_craft+coref_27a4bfcb_1:rel:0,0,1,negative,negative,,,review_only,relational|RELATIONAL|is-a|_|verbal,relational|RELATIONAL|is-a|_,,RELATIONAL,verbal,,appositive,DEP-ParentheticalAlias,entities_a,entities_b,nmod,dep,nmod,dep,asserted,relational,0,0,0,0,dependency
aimed,AIMed.d120.s1013,stanza_craft+coref_673ba699_0:rel:0,0,1,positive,positive,,,applied,structural|AA|bind|of|nominalized,structural|bind,bind,AA,nominalized,of,event_nominal,DEP-nom-binding-undirected,participants,participants,nmod:of,nmod:of,appos,nmod,asserted,undirected,0,0,0,1,dependency
aimed,AIMed.d120.s1013,stanza_craft+coref_673ba699_1:rel:0,0,1,positive,positive,,,review_only,relational|RELATIONAL|is-a|_|verbal,relational|RELATIONAL|is-a|_,,RELATIONAL,verbal,,appositive,DEP-Apposition,entities_a,entities_b,nmod,appos,nmod,appos,asserted,relational,0,1,0,0,dependency
aimed,AIMed.d120.s1021,stanza_craft+coref_a0ee5d21_0:rel:0,0,1,positive,positive,,,applied,structural|AB|coprecipitate|with|verbal,structural|coprecipitate,coprecipitate,AB,verbal,with,clause,DEP-coprecipitate,sources,targets,nsubjpass,nmod:with,nsubj:pass,obl,asserted,directed,0,0,0,0,dependency
aimed,AIMed.d120.s1021,stanza_craft+coref_a0ee5d21_1:rel:0,0,2,negative,positive,,,applied,structural|AB|colocalize|with|verbal,structural|colocalize,colocalize,AB,verbal,with,clause,DEP-colocalize,sources,targets,nsubjpass,nmod:with,nsubj:pass,obl,asserted,directed,0,0,0,0,dependency
aimed,AIMed.d120.s1022,stanza_craft+coref_c5326e96_0:rel:0,0,1,positive,positive,,,applied,structural|AB|bind|to|nominalized,structural|bind,bind,AB,nominalized,to,clause,DEP-binding-nestedinner-directed,sources,targets,nmod:of,nmod:to,nmod,obl,asserted,directed,0,0,0,1,dependency
aimed,AIMed.d120.s1022,stanza_craft+coref_c5326e96_2:rel:0,2,3,positive,positive,,,applied,structural|AB|participate|in|verbal,structural|participate,participate,AB,verbal,in,clause,DEP-participate,sources,targets,nsubj,nmod:in,nsubj,conj,asserted,directed,0,1,0,0,dependency
aimed,AIMed.d121.s1023,stanza_craft+coref_06c991f1_1:rel:0,0,1,positive,positive,,,applied,structural|AB|bind|to|verbal,structural|bind,bind,AB,verbal,to,clause,DEP-bind,sources,targets,nsubjpass,nmod:to,nsubj:pass,obl,asserted,directed,1,1,0,0,dependency
aimed,AIMed.d121.s1023,stanza_craft+coref_06c991f1_1:rel:1,0,2,positive,positive,,,applied,structural|AB|bind|to|verbal,structural|bind,bind,AB,verbal,to,clause,DEP-bind,sources,targets,nsubjpass,nmod:to,nsubj:pass,conj,asserted,directed,1,1,0,0,dependency
aimed,AIMed.d121.s1023,stanza_craft+coref_06c991f1_1:rel:2,0,3,negative,positive,,,applied,structural|AB|bind|to|verbal,structural|bind,bind,AB,verbal,to,clause,DEP-bind,sources,targets,nsubjpass,nmod:to,nsubj:pass,conj,asserted,directed,1,1,0,0,dependency
aimed,AIMed.d121.s1025,stanza_craft+coref_c42bb9e4_0:rel:0,0,1,positive,positive,,,applied,structural|AB|contain|_|verbal,structural|contain,contain,AB,verbal,,clause,DEP-contain,sources,targets,nsubjpass,conj,nsubj:pass,conj,asserted,directed,1,1,0,0,dependency
aimed,AIMed.d121.s1025,stanza_craft+coref_c42bb9e4_0:rel:1,0,2,positive,positive,,,applied,structural|AB|contain|_|verbal,structural|contain,contain,AB,verbal,,clause,DEP-contain,sources,targets,nsubjpass,conj,nsubj:pass,conj,asserted,directed,1,1,0,0,dependency
aimed,AIMed.d121.s1025,stanza_craft+coref_c42bb9e4_0:rel:2,0,3,negative,positive,,,applied,structural|AB|contain|_|verbal,structural|contain,contain,AB,verbal,,clause,DEP-contain,sources,targets,nsubjpass,conj,nsubj:pass,conj,asserted,directed,1,1,0,0,dependency
aimed,AIMed.d121.s1029,stanza_craft+coref_81f5b74a_0:rel:0,0,1,positive,positive,,,applied,structural|AA|interact|between|nominalized,structural|interact,interact,AA,nominalized,between,event_nominal,DEP-nom-interaction-undirected,participants,participants,nmod:between,nmod:between,nmod,conj,asserted,undirected,0,0,0,1,dependency
aimed,AIMed.d121.s1029,stanza_craft+coref_81f5b74a_1:rel:0,1,2,negative,positive,,,review_only,relational|RELATIONAL|is-a|_|verbal,relational|RELATIONAL|is-a|_,,RELATIONAL,verbal,,appositive,DEP-ParentheticalAlias,entities_a,entities_b,conj,dep,conj,dep,asserted,relational,0,0,0,0,dependency
aimed,AIMed.d121.s1031,stanza_craft+coref_0caa592c_1:rel:0,0,1,negative,positive,,,applied,structural|AB|bind|to|verbal,structural|bind,bind,AB,verbal,to,clause,DEP-bind,sources,targets,nmod,nmod:to,nmod,obl,asserted,directed,1,1,0,0,dependency
aimed,AIMed.d122.s1036,stanza_craft+coref_ed0c8492_0:rel:0,0,1,positive,positive,,,applied,structural|AB|require|for|passive,structural|require,require,AB,passive,for,clause,DEP-require-passive,sources,targets,nsubjpass,nmod:for,nsubj:pass,obl,asserted,directed,0,1,0,0,dependency
aimed,AIMed.d122.s1041,stanza_craft+coref_3a38b7c2_3:rel:0,0,1,positive,positive,,,applied,structural|AB|interact|_|nominalized,structural|interact,interact,AB,nominalized,,event_nominal,DEP-nom-interaction,sources,targets,nmod:with,compound,nmod,compound,asserted,directed,1,0,0,1,dependency
aimed,AIMed.d122.s1041,stanza_craft+coref_3a38b7c2_3:rel:1,0,2,positive,positive,,,applied,structural|AB|interact|_|nominalized,structural|interact,interact,AB,nominalized,,event_nominal,DEP-nom-interaction,sources,targets,nmod:with,compound,nmod,compound,asserted,directed,1,0,0,1,dependency
aimed,AIMed.d122.s1041,stanza_craft+coref_3a38b7c2_4:rel:0,1,2,negative,negative,,,review_only,relational|RELATIONAL|is-a|_|verbal,relational|RELATIONAL|is-a|_,,RELATIONAL,verbal,,appositive,DEP-Apposition,entities_a,entities_b,nmod,appos,nmod,appos,asserted,relational,0,0,0,0,dependency
aimed,AIMed.d123.s1043,stanza_craft+coref_b1b9c55d_2:rel:0,0,1,positive,positive,,,applied,structural|AA|interact|between|nominalized,structural|interact,interact,AA,nominalized,between,event_nominal,DEP-nom-interaction-undirected,participants,participants,nmod:between,nmod:between,nmod,conj,asserted,undirected,0,0,0,1,dependency
aimed,AIMed.d123.s1044,stanza_craft+coref_dbde8527_1:rel:0,0,2,positive,positive,,,applied,relational|RELATIONAL|substrate|_|nominalized,relational|RELATIONAL|substrate|_,substrate,RELATIONAL,nominalized,,clause,DEP-CopulaIsA,entities_a,entities_b,nsubj,ROOT,nsubj,root,asserted,relational,0,1,0,1,dependency
aimed,AIMed.d123.s1044,stanza_craft+coref_dbde8527_2:rel:0,0,1,negative,negative,,,review_only,relational|RELATIONAL|is-a|_|verbal,relational|RELATIONAL|is-a|_,,RELATIONAL,verbal,,appositive,DEP-ParentheticalAlias,entities_a,entities_b,nsubj,dep,nsubj,dep,asserted,relational,0,0,0,0,dependency
aimed,AIMed.d123.s1045,stanza_craft+coref_c1afebd8_1:rel:0,0,1,negative,positive,,,applied,structural|AB|interact|with|verbal,structural|interact,interact,AB,verbal,with,clause,DEP-interact,sources,targets,nsubjpass,nmod:with,nsubj:pass,obl,asserted,directed,1,1,0,0,dependency
aimed,AIMed.d123.s1045,stanza_craft+coref_c1afebd8_1:rel:1,0,2,positive,positive,,,applied,structural|AB|interact|with|verbal,structural|interact,interact,AB,verbal,with,clause,DEP-interact,sources,targets,nsubjpass,nmod:with,nsubj:pass,obl,asserted,directed,0,0,0,0,dependency
aimed,AIMed.d123.s1046,stanza_craft+coref_59eb7d18_1:rel:0,0,1,negative,positive,,,applied,structural|AA|interact|between|nominalized,structural|interact,interact,AA,nominalized,between,clause,DEP-interaction-nestedinner,participants,participants,nmod:between,nmod:between,nmod,conj,asserted,undirected,1,1,0,1,dependency
aimed,AIMed.d123.s1046,stanza_craft+coref_59eb7d18_1:rel:1,0,2,positive,positive,,,applied,structural|AA|interact|between|nominalized,structural|interact,interact,AA,nominalized,between,clause,DEP-interaction-nestedinner,participants,participants,nmod:between,nmod:between,nmod,conj,asserted,undirected,0,0,0,1,dependency
aimed,AIMed.d123.s1046,stanza_craft+coref_59eb7d18_1:rel:2,1,2,negative,positive,,,applied,structural|AA|interact|between|nominalized,structural|interact,interact,AA,nominalized,between,clause,DEP-interaction-nestedinner,participants,participants,nmod:between,compound,conj,conj,asserted,undirected,1,1,0,1,dependency
aimed,AIMed.d123.s1047,stanza_craft+coref_2b47802f_0:rel:0,0,1,positive,positive,,,applied,structural|AB|form|_|verbal,structural|form,form,AB,verbal,,clause,DEP-form,sources,targets,nsubj,dobj,nsubj,obj,asserted,directed,0,1,0,0,dependency
aimed,AIMed.d123.s1052,stanza_craft+coref_b28b414a_0:rel:0,0,1,negative,negative,,,not_applied,structural|AB|phosphorylate|_|verbal,structural|phosphorylate,phosphorylate,AB,verbal,,clause,DEP-phosphorylate,sources,targets,nsubj,dobj,nsubj,obj,negated,directed,1,1,0,0,dependency
aimed,AIMed.d124.s1055,stanza_craft+coref_0782f1ed_0:rel:0,0,1,positive,positive,,,applied,structural|AB|associate|with|verbal,structural|associate,associate,AB,verbal,with,clause,DEP-associate,sources,targets,nsubj,nmod:with,nsubj,obl,asserted,directed,0,1,0,0,dependency
aimed,AIMed.d124.s1058,stanza_craft+coref_6c4d3300_0:rel:0,0,2,negative,negative,,,review_only,relational|RELATIONAL|is-a|_|verbal,relational|RELATIONAL|is-a|_,,RELATIONAL,verbal,,appositive,DEP-Apposition,entities_a,entities_b,nsubj,appos,nsubj,appos,asserted,relational,0,1,0,0,dependency
aimed,AIMed.d124.s1058,stanza_craft+coref_6c4d3300_1:rel:0,0,1,negative,negative,,,review_only,relational|RELATIONAL|is-a|_|verbal,relational|RELATIONAL|is-a|_,,RELATIONAL,verbal,,appositive,DEP-ParentheticalAlias,entities_a,entities_b,appos,dep,appos,dep,asserted,relational,0,0,0,0,dependency
aimed,AIMed.d124.s1058,stanza_craft+coref_6c4d3300_2:rel:0,2,3,negative,negative,,,review_only,relational|RELATIONAL|is-a|_|verbal,relational|RELATIONAL|is-a|_,,RELATIONAL,verbal,,appositive,DEP-ParentheticalAlias,entities_a,entities_b,conj,dep,conj,dep,asserted,relational,0,0,0,0,dependency
aimed,AIMed.d125.s1062,stanza_craft+coref_34516808_0:rel:0,0,2,positive,positive,,,applied,structural|AB|interact|include|nominalized,structural|interact,interact,AB,nominalized,include,clause,DEP-interaction-nestedinner-directed,sources,targets,nmod:of,nmod:include,nmod,nmod,asserted,directed,1,1,0,1,dependency
aimed,AIMed.d125.s1062,stanza_craft+coref_34516808_0:rel:1,0,3,positive,positive,,,applied,structural|AB|interact|include|nominalized,structural|interact,interact,AB,nominalized,include,clause,DEP-interaction-nestedinner-directed,sources,targets,nmod:of,nmod:include,nmod,conj,asserted,directed,1,1,0,1,dependency
aimed,AIMed.d125.s1062,stanza_craft+coref_34516808_0:rel:2,0,4,positive,positive,,,applied,structural|AB|interact|include|nominalized,structural|interact,interact,AB,nominalized,include,clause,DEP-interaction-nestedinner-directed,sources,targets,nmod:of,nmod:include,nmod,conj,asserted,directed,1,1,0,1,dependency
aimed,AIMed.d125.s1062,stanza_craft+coref_34516808_0:rel:3,0,5,positive,positive,,,applied,structural|AB|interact|include|nominalized,structural|interact,interact,AB,nominalized,include,clause,DEP-interaction-nestedinner-directed,sources,targets,nmod:of,nmod:include,nmod,conj,asserted,directed,1,1,0,1,dependency
aimed,AIMed.d125.s1062,stanza_craft+coref_34516808_0:rel:4,0,1,negative,positive,,,applied,structural|AB|interact|_|nominalized,structural|interact,interact,AB,nominalized,,clause,DEP-interaction-nestedinner-directed,sources,targets,nmod:of,nmod:,nmod,conj,asserted,directed,1,1,0,1,dependency
aimed,AIMed.d125.s1062,stanza_craft+coref_34516808_1:rel:0,0,1,negative,positive,,,not_applied,structural|NESTED|explore|_|nested,structural|NESTED|explore|_,explore,NESTED,nested,,clause,DEP-explore-passive-nested,outer_arguments,targets:event_ref:stanza_craft+coref_34516808_0,conj,nmod:of,conj,nmod,asserted,nested_review,1,1,0,0,dependency
aimed,AIMed.d125.s1062,stanza_craft+coref_34516808_1:rel:1,0,1,negative,positive,,,not_applied,structural|NESTED|explore|_|nested,structural|NESTED|explore|_,explore,NESTED,nested,,clause,DEP-explore-passive-nested,outer_arguments,targets:event_ref:stanza_craft+coref_34516808_0,conj,nmod:with,conj,nmod,asserted,nested_review,1,1,0,0,dependency
aimed,AIMed.d125.s1062,stanza_craft+coref_34516808_1:rel:2,1,2,negative,negative,,,not_applied,structural|NESTED|explore|_|nested,structural|NESTED|explore|_,explore,NESTED,nested,,clause,DEP-explore-passive-nested,outer_arguments,targets:event_ref:stanza_craft+coref_34516808_0,conj,nmod:include,conj,nmod,asserted,nested_review,1,1,0,0,dependency
aimed,AIMed.d125.s1062,stanza_craft+coref_34516808_1:rel:3,1,3,negative,negative,,,not_applied,structural|NESTED|explore|_|nested,structural|NESTED|explore|_,explore,NESTED,nested,,clause,DEP-explore-passive-nested,outer_arguments,targets:event_ref:stanza_craft+coref_34516808_0,conj,nmod:include,conj,conj,asserted,nested_review,1,1,0,0,dependency
aimed,AIMed.d125.s1062,stanza_craft+coref_34516808_1:rel:4,1,4,negative,negative,,,not_applied,structural|NESTED|explore|_|nested,structural|NESTED|explore|_,explore,NESTED,nested,,clause,DEP-explore-passive-nested,outer_arguments,targets:event_ref:stanza_craft+coref_34516808_0,conj,nmod:include,conj,conj,asserted,nested_review,1,1,0,0,dependency
aimed,AIMed.d125.s1062,stanza_craft+coref_34516808_1:rel:5,1,5,negative,negative,,,not_applied,structural|NESTED|explore|_|nested,structural|NESTED|explore|_,explore,NESTED,nested,,clause,DEP-explore-passive-nested,outer_arguments,targets:event_ref:stanza_craft+coref_34516808_0,conj,nmod:include,conj,conj,asserted,nested_review,1,1,0,0,dependency
aimed,AIMed.d125.s1066,stanza_craft+coref_5470e51e_0:rel:0,0,1,positive,positive,,,applied,structural|AB|interact|with|verbal,structural|interact,interact,AB,verbal,with,clause,DEP-interact,sources,targets,nsubj,nmod:with,nsubj,obl,asserted,directed,0,0,0,0,dependency
aimed,AIMed.d125.s1066,stanza_craft+coref_5470e51e_0:rel:1,0,2,positive,positive,,,applied,structural|AB|interact|with|verbal,structural|interact,interact,AB,verbal,with,clause,DEP-interact,sources,targets,nsubj,nmod:with,nsubj,conj,asserted,directed,0,0,0,0,dependency
aimed,AIMed.d125.s1066,stanza_craft+coref_5470e51e_0:rel:2,0,3,positive,positive,,,applied,structural|AB|interact|with|verbal,structural|interact,interact,AB,verbal,with,clause,DEP-interact,sources,targets,nsubj,nmod:with,nsubj,conj,asserted,directed,0,1,0,0,dependency
aimed,AIMed.d125.s1066,stanza_craft+coref_5470e51e_0:rel:3,0,4,positive,positive,,,applied,structural|AB|interact|with|verbal,structural|interact,interact,AB,verbal,with,clause,DEP-interact,sources,targets,nsubj,nmod:with,nsubj,conj,asserted,directed,0,1,0,0,dependency
aimed,AIMed.d125.s1067,stanza_craft+coref_29f10381_0:rel:0,0,1,negative,positive,,,applied,structural|AB|display|_|verbal,structural|display,display,AB,verbal,,clause,DEP-display,sources,targets,nsubj,dobj,nsubj,obj,asserted,directed,1,1,0,0,dependency
aimed,AIMed.d125.s1068,stanza_craft+coref_e76a995a_1:rel:0,1,2,negative,positive,,,applied,structural|AB|involve|_|verbal,structural|involve,involve,AB,verbal,,clause,DEP-involve,sources,targets,nsubj,dobj,nsubj,obj,asserted,directed,1,1,0,0,dependency
aimed,AIMed.d125.s1071,stanza_craft+coref_8948bf3b_1:rel:0,0,2,negative,positive,,,applied,structural|AB|regulate|_|verbal,structural|regulate,regulate,AB,verbal,,clause,DEP-regulate,sources,targets,nsubj,dobj,nsubj,obj,asserted,directed,1,1,0,0,dependency
aimed,AIMed.d125.s1071,stanza_craft+coref_8948bf3b_1:rel:1,1,2,negative,positive,,,applied,structural|AB|regulate|_|verbal,structural|regulate,regulate,AB,verbal,,clause,DEP-regulate,sources,targets,conj,dobj,conj,obj,asserted,directed,1,1,0,0,dependency
aimed,AIMed.d126.s1074,stanza_craft+coref_6d1aa4da_2:rel:0,0,3,positive,positive,,,applied,structural|AB|release|from|passive,structural|release,release,AB,passive,from,clause,DEP-release-passive,sources,targets,nsubjpass,nmod:from,nsubj:pass,obl,asserted,directed,0,0,0,0,dependency
aimed,AIMed.d126.s1074,stanza_craft+coref_6d1aa4da_2:rel:1,1,3,positive,positive,,,applied,structural|AB|release|from|passive,structural|release,release,AB,passive,from,clause,DEP-release-passive,sources,targets,conj,nmod:from,conj,obl,asserted,directed,0,0,0,0,dependency
aimed,AIMed.d126.s1074,stanza_craft+coref_6d1aa4da_4:rel:0,1,2,negative,negative,,,review_only,relational|RELATIONAL|is-a|_|verbal,relational|RELATIONAL|is-a|_,,RELATIONAL,verbal,,appositive,DEP-ParentheticalAlias,entities_a,entities_b,conj,dep,conj,dep,asserted,relational,0,0,0,0,dependency
aimed,AIMed.d126.s1075,stanza_craft+coref_e002ba7f_2:rel:0,0,2,positive,positive,,,applied,structural|AB|form|_|verbal,structural|form,form,AB,verbal,,clause,DEP-form,sources,targets,nsubj,dobj,nsubj:pass,obj,asserted,directed,0,1,0,0,dependency
aimed,AIMed.d126.s1080,stanza_craft+coref_e80f100f_0:rel:0,0,1,negative,positive,,,applied,structural|AB|mirror|follow|verbal,structural|mirror,mirror,AB,verbal,follow,clause,DEP-mirror,sources,targets,nsubj,nmod:follow,nsubj,obl,asserted,directed,1,1,0,0,dependency
aimed,AIMed.d126.s1081,stanza_craft+coref_b25f3762_1:rel:0,0,1,positive,positive,,,applied,structural|AB|interact|with|verbal,structural|interact,interact,AB,verbal,with,clause,DEP-interact,sources,targets,nsubj,nmod:with,nsubj,obl,asserted,directed,0,0,0,0,dependency
aimed,AIMed.d127.s1084,stanza_craft+coref_f406718f_0:rel:0,0,1,positive,positive,,,applied,structural|AB|interact|with|nominalized,structural|interact,interact,AB,nominalized,with,event_nominal,DEP-nom-interaction,sources,targets,nmod:of,nmod:with,compound,nmod,asserted,directed,1,0,0,1,dependency
aimed,AIMed.d127.s1084,stanza_craft+coref_f406718f_0:rel:1,0,2,positive,positive,,,applied,structural|AB|interact|with|nominalized,structural|interact,interact,AB,nominalized,with,event_nominal,DEP-nom-interaction,sources,targets,nmod:of,nmod:with,compound,conj,asserted,directed,1,0,0,1,dependency
aimed,AIMed.d127.s1085,stanza_craft+coref_fbdbd795_0:rel:0,2,3,negative,negative,,,not_applied,structural|AA|dimerization|of|nominalized,structural|dimerization,dimerization,AA,nominalized,of,clause,DEP-dimerization-nestedinner,participants,participants,nmod:of,nmod:of,nmod,nmod,asserted,undirected,1,1,0,1,dependency
aimed,AIMed.d127.s1085,stanza_craft+coref_fbdbd795_0:rel:1,2,4,negative,negative,,,not_applied,structural|AA|dimerization|of|nominalized,structural|dimerization,dimerization,AA,nominalized,of,clause,DEP-dimerization-nestedinner,participants,participants,nmod:of,nmod:of,nmod,nmod,asserted,undirected,1,1,0,1,dependency
aimed,AIMed.d127.s1085,stanza_craft+coref_fbdbd795_0:rel:2,3,4,negative,negative,,,not_applied,structural|AA|dimerization|of|nominalized,structural|dimerization,dimerization,AA,nominalized,of,clause,DEP-dimerization-nestedinner,participants,participants,nmod:of,nmod:of,nmod,nmod,asserted,undirected,1,1,0,1,dependency
aimed,AIMed.d127.s1085,stanza_craft+coref_fbdbd795_1:rel:0,1,2,negative,negative,,,not_applied,structural|NESTED|require|_|nested,structural|NESTED|require|_,require,NESTED,nested,,clause,DEP-require-nested,sources,targets:event_ref:stanza_craft+coref_fbdbd795_0,nsubj,nmod:of,nsubj,nmod,asserted,nested_review,1,1,0,0,dependency
aimed,AIMed.d127.s1085,stanza_craft+coref_fbdbd795_1:rel:1,1,3,negative,negative,,,not_applied,structural|NESTED|require|_|nested,structural|NESTED|require|_,require,NESTED,nested,,clause,DEP-require-nested,sources,targets:event_ref:stanza_craft+coref_fbdbd795_0,nsubj,nmod:of,nsubj,nmod,asserted,nested_review,1,1,0,0,dependency
aimed,AIMed.d127.s1085,stanza_craft+coref_fbdbd795_1:rel:2,1,4,negative,negative,,,not_applied,structural|NESTED|require|_|nested,structural|NESTED|require|_,require,NESTED,nested,,clause,DEP-require-nested,sources,targets:event_ref:stanza_craft+coref_fbdbd795_0,nsubj,nmod:of,nsubj,nmod,asserted,nested_review,1,1,0,0,dependency
aimed,AIMed.d127.s1085,stanza_craft+coref_fbdbd795_1:rel:3,1,2,negative,negative,,,not_applied,structural|NESTED|require|_|nested,structural|NESTED|require|_,require,NESTED,nested,,clause,DEP-require-nested,sources,targets:event_ref:stanza_craft+coref_fbdbd795_0,nsubj,nmod:of,nsubj,nmod,asserted,nested_review,1,1,0,0,dependency
aimed,AIMed.d127.s1085,stanza_craft+coref_fbdbd795_1:rel:4,1,3,negative,negative,,,not_applied,structural|NESTED|require|_|nested,structural|NESTED|require|_,require,NESTED,nested,,clause,DEP-require-nested,sources,targets:event_ref:stanza_craft+coref_fbdbd795_0,nsubj,nmod:of,nsubj,nmod,asserted,nested_review,1,1,0,0,dependency
aimed,AIMed.d127.s1085,stanza_craft+coref_fbdbd795_1:rel:5,1,4,negative,negative,,,not_applied,structural|NESTED|require|_|nested,structural|NESTED|require|_,require,NESTED,nested,,clause,DEP-require-nested,sources,targets:event_ref:stanza_craft+coref_fbdbd795_0,nsubj,nmod:of,nsubj,nmod,asserted,nested_review,1,1,0,0,dependency
aimed,AIMed.d127.s1085,stanza_craft+coref_fbdbd795_1:rel:6,1,2,negative,negative,,,not_applied,structural|NESTED|require|_|nested,structural|NESTED|require|_,require,NESTED,nested,,clause,DEP-require-nested,sources,targets:event_ref:stanza_craft+coref_fbdbd795_0,nsubj,nmod:of,nsubj,nmod,asserted,nested_review,1,1,0,0,dependency
aimed,AIMed.d127.s1085,stanza_craft+coref_fbdbd795_1:rel:7,1,3,negative,negative,,,not_applied,structural|NESTED|require|_|nested,structural|NESTED|require|_,require,NESTED,nested,,clause,DEP-require-nested,sources,targets:event_ref:stanza_craft+coref_fbdbd795_0,nsubj,nmod:of,nsubj,nmod,asserted,nested_review,1,1,0,0,dependency
aimed,AIMed.d127.s1085,stanza_craft+coref_fbdbd795_1:rel:8,1,4,negative,negative,,,not_applied,structural|NESTED|require|_|nested,structural|NESTED|require|_,require,NESTED,nested,,clause,DEP-require-nested,sources,targets:event_ref:stanza_craft+coref_fbdbd795_0,nsubj,nmod:of,nsubj,nmod,asserted,nested_review,1,1,0,0,dependency
aimed,AIMed.d127.s1085,stanza_craft+coref_fbdbd795_2:rel:0,0,1,negative,negative,,,review_only,relational|RELATIONAL|is-a|_|verbal,relational|RELATIONAL|is-a|_,,RELATIONAL,verbal,,appositive,DEP-ParentheticalAlias,entities_a,entities_b,dep,compound,dep,compound,asserted,relational,1,0,0,0,dependency
aimed,AIMed.d127.s1087,stanza_craft+coref_c3e92ec2_3:rel:0,0,4,negative,positive,,,applied,structural|AB|induce|_|verbal,structural|induce,induce,AB,verbal,,clause,DEP-induce,sources,targets,nsubj,dobj,nsubj,obj,asserted,directed,0,1,0,0,dependency
aimed,AIMed.d127.s1087,stanza_craft+coref_c3e92ec2_3:rel:1,0,5,negative,positive,,,applied,structural|AB|induce|_|verbal,structural|induce,induce,AB,verbal,,clause,DEP-induce,sources,targets,nsubj,dobj,nsubj,obj,asserted,directed,0,1,0,0,dependency
aimed,AIMed.d127.s1087,stanza_craft+coref_c3e92ec2_3:rel:2,1,4,negative,positive,,,applied,structural|AB|induce|_|verbal,structural|induce,induce,AB,verbal,,clause,DEP-induce,sources,targets,conj,dobj,conj,obj,asserted,directed,0,1,0,0,dependency
aimed,AIMed.d127.s1087,stanza_craft+coref_c3e92ec2_3:rel:3,1,5,negative,positive,,,applied,structural|AB|induce|_|verbal,structural|induce,induce,AB,verbal,,clause,DEP-induce,sources,targets,conj,dobj,conj,obj,asserted,directed,0,1,0,0,dependency
aimed,AIMed.d127.s1087,stanza_craft+coref_c3e92ec2_3:rel:4,2,4,negative,positive,,,applied,structural|AB|induce|_|verbal,structural|induce,induce,AB,verbal,,clause,DEP-induce,sources,targets,conj,dobj,conj,obj,asserted,directed,0,1,0,0,dependency
aimed,AIMed.d127.s1087,stanza_craft+coref_c3e92ec2_3:rel:5,2,5,negative,positive,,,applied,structural|AB|induce|_|verbal,structural|induce,induce,AB,verbal,,clause,DEP-induce,sources,targets,conj,dobj,conj,obj,asserted,directed,0,1,0,0,dependency
aimed,AIMed.d127.s1087,stanza_craft+coref_c3e92ec2_3:rel:6,3,4,negative,positive,,,applied,structural|AB|induce|_|verbal,structural|induce,induce,AB,verbal,,clause,DEP-induce,sources,targets,conj,dobj,conj,obj,asserted,directed,0,1,0,0,dependency
aimed,AIMed.d127.s1087,stanza_craft+coref_c3e92ec2_3:rel:7,3,5,negative,positive,,,applied,structural|AB|induce|_|verbal,structural|induce,induce,AB,verbal,,clause,DEP-induce,sources,targets,conj,dobj,conj,obj,asserted,directed,0,1,0,0,dependency
aimed,AIMed.d127.s1088,stanza_craft+coref_80fe5939_0:rel:0,0,2,positive,positive,,,applied,structural|AB|associate|with|passive,structural|associate,associate,AB,passive,with,clause,DEP-associate-passive,sources,targets,ROOT,nmod:with,root,obl,asserted,directed,0,0,0,0,dependency
aimed,AIMed.d127.s1088,stanza_craft+coref_80fe5939_0:rel:1,1,2,positive,positive,,,applied,structural|AB|associate|with|passive,structural|associate,associate,AB,passive,with,clause,DEP-associate-passive,sources,targets,conj,nmod:with,conj,obl,asserted,directed,0,0,0,0,dependency
aimed,AIMed.d127.s1088,stanza_craft+coref_80fe5939_1:rel:0,3,4,negative,positive,,,applied,structural|AB|induce|_|verbal,structural|induce,induce,AB,verbal,,clause,DEP-induce,sources,targets,nsubj,dobj,nsubj,obj,asserted,directed,1,1,0,0,dependency
aimed,AIMed.d127.s1088,stanza_craft+coref_80fe5939_1:rel:1,3,5,negative,positive,,,applied,structural|AB|induce|_|verbal,structural|induce,induce,AB,verbal,,clause,DEP-induce,sources,targets,nsubj,dobj,nsubj,obj,asserted,directed,0,0,0,0,dependency
aimed,AIMed.d128.s1091,stanza_craft+coref_489f8694_0:rel:0,0,1,negative,positive,,,applied,structural|AA|complex|_|compound_state,structural|complex,complex,AA,compound_state,,state_nominal,DEP-Complex,participants,participants,nmod,nmod,nmod,nmod,asserted,undirected,1,1,0,1,dependency
aimed,AIMed.d128.s1092,stanza_craft+coref_33166f60_1:rel:0,0,2,negative,negative,,,review_only,relational|RELATIONAL|is-a|_|verbal,relational|RELATIONAL|is-a|_,,RELATIONAL,verbal,,appositive,DEP-Apposition,entities_a,entities_b,nsubj,appos,nsubj,appos,asserted,relational,0,1,0,0,dependency
aimed,AIMed.d128.s1092,stanza_craft+coref_33166f60_2:rel:0,0,1,negative,negative,,,review_only,relational|RELATIONAL|is-a|_|verbal,relational|RELATIONAL|is-a|_,,RELATIONAL,verbal,,appositive,DEP-ParentheticalAlias,entities_a,entities_b,appos,dep,appos,dep,asserted,relational,0,0,0,0,dependency
aimed,AIMed.d128.s1092,stanza_craft+coref_33166f60_3:rel:0,2,3,negative,negative,,,review_only,relational|RELATIONAL|is-a|_|verbal,relational|RELATIONAL|is-a|_,,RELATIONAL,verbal,,appositive,DEP-ParentheticalAlias,entities_a,entities_b,conj,dep,conj,dep,asserted,relational,0,0,0,0,dependency
aimed,AIMed.d128.s1097,stanza_craft+coref_c4887f80_3:rel:0,1,2,negative,negative,,,not_applied,structural|AB|bind|to|verbal,structural|bind,bind,AB,verbal,to,clause,DEP-bind,sources,targets,nsubj,nmod:to,nsubj,obl,negated,directed,1,1,0,0,dependency
aimed,AIMed.d128.s1097,stanza_craft+coref_c4887f80_4:rel:0,3,4,positive,positive,,,applied,structural|AB|bind|to|verbal,structural|bind,bind,AB,verbal,to,clause,DEP-bind,sources,targets,nsubj,nmod:to,nsubj,obl,asserted,directed,0,0,0,0,dependency
aimed,AIMed.d128.s1097,stanza_craft+coref_c4887f80_4:rel:1,3,5,positive,positive,,,applied,structural|AB|bind|to|verbal,structural|bind,bind,AB,verbal,to,clause,DEP-bind,sources,targets,nsubj,nmod:to,nsubj,conj,asserted,directed,0,0,0,0,dependency
aimed,AIMed.d128.s1099,stanza_craft+coref_70eaf5b9_1:rel:0,0,1,positive,positive,,,applied,structural|AA|comparison|with|nominalized,structural|comparison,comparison,AA,nominalized,with,event_nominal,DEP-nom-comparison-subject-undirected,participants,participants,nmod:with,nmod:with,compound,compound,asserted,undirected,1,0,0,1,dependency
aimed,AIMed.d128.s1099,stanza_craft+coref_70eaf5b9_2:rel:0,0,1,positive,positive,,,applied,structural|AA|complex|_|compound_state,structural|complex,complex,AA,compound_state,,state_nominal,DEP-Complex,participants,participants,nmod,nmod,nmod,nmod,asserted,undirected,1,1,0,1,dependency
aimed,AIMed.d129.s1101,stanza_craft+coref_9725514f_1:rel:0,2,3,negative,negative,,,review_only,relational|RELATIONAL|is-a|_|verbal,relational|RELATIONAL|is-a|_,,RELATIONAL,verbal,,appositive,DEP-Apposition,entities_a,entities_b,conj,appos,conj,appos,asserted,relational,0,1,0,0,dependency
aimed,AIMed.d129.s1101,stanza_craft+coref_9725514f_1:rel:1,2,4,negative,negative,,,review_only,relational|RELATIONAL|is-a|_|verbal,relational|RELATIONAL|is-a|_,,RELATIONAL,verbal,,appositive,DEP-Apposition,entities_a,entities_b,conj,appos,conj,appos,asserted,relational,0,1,0,0,dependency
aimed,AIMed.d129.s1110,stanza_craft+coref_43e3fea6_1:rel:0,0,1,negative,positive,,,applied,structural|AB|raise|to|verbal,structural|raise,raise,AB,verbal,to,clause,DEP-raise,sources,targets,nsubjpass,nmod:to,nsubj:pass,obl,asserted,directed,0,0,0,0,dependency
aimed,AIMed.d13.s112,stanza_craft+coref_d1ec6686_1:rel:0,0,1,negative,negative,,,review_only,relational|RELATIONAL|is-a|_|verbal,relational|RELATIONAL|is-a|_,,RELATIONAL,verbal,,appositive,DEP-ParentheticalAlias,entities_a,entities_b,dep,compound,dep,compound,asserted,relational,1,0,0,0,dependency
aimed,AIMed.d130.s1112,stanza_craft+coref_883b7277_0:rel:0,0,1,negative,positive,,,applied,structural|AB|use|_|verbal,structural|use,use,AB,verbal,,clause,DEP-use,sources,targets,ROOT,conj,root,conj,asserted,directed,0,1,0,0,dependency
aimed,AIMed.d131.s1120,stanza_craft+coref_a59ad7c9_3:rel:0,0,1,negative,negative,,,review_only,relational|RELATIONAL|is-a|_|verbal,relational|RELATIONAL|is-a|_,,RELATIONAL,verbal,,appositive,DEP-ParentheticalAlias,entities_a,entities_b,dobj,dep,obj,dep,asserted,relational,0,0,0,0,dependency
aimed,AIMed.d131.s1121,stanza_craft+coref_05eb2edc_1:rel:0,3,5,positive,positive,,,applied,structural|AB|bind|_|verbal,structural|bind,bind,AB,verbal,,clause,DEP-bind,sources,targets,nsubj,dobj,nsubj,obj,asserted,directed,0,0,0,0,dependency
aimed,AIMed.d131.s1121,stanza_craft+coref_05eb2edc_3:rel:0,1,2,negative,negative,,,review_only,relational|RELATIONAL|is-a|_|verbal,relational|RELATIONAL|is-a|_,,RELATIONAL,verbal,,appositive,DEP-ParentheticalAlias,entities_a,entities_b,nmod,dep,obl,dep,asserted,relational,0,0,0,0,dependency
aimed,AIMed.d131.s1122,stanza_craft+coref_e0bea607_0:rel:0,0,1,negative,negative,,,not_applied,structural|AB|bind|to|verbal,structural|bind,bind,AB,verbal,to,clause,DEP-bind,sources,targets,nsubj,nmod:to,nsubj,obl,negated,directed,0,0,0,0,dependency
aimed,AIMed.d131.s1126,stanza_craft+coref_49262817_0:rel:0,1,2,negative,positive,,,applied,structural|AB|relate|to|passive,structural|relate,relate,AB,passive,to,clause,DEP-relate-passive,sources,targets,nsubjpass,nmod:to,nsubj:pass,obl,asserted,directed,0,0,0,0,dependency
aimed,AIMed.d132.s1128,stanza_craft+coref_fbe23b29_1:rel:0,2,3,negative,positive,,,applied,structural|AA|complex|_|compound_state,structural|complex,complex,AA,compound_state,,state_nominal,DEP-Complex,participants,participants,nmod,nmod,nmod,nmod,asserted,undirected,1,1,0,1,dependency
aimed,AIMed.d132.s1129,stanza_craft+coref_dc63d2e3_0:rel:0,0,3,negative,positive,,,applied,structural|AB|share|with|passive,structural|share,share,AB,passive,with,clause,DEP-share-passive,sources,targets,nsubjpass,nmod:with,nsubj:pass,obl,asserted,directed,1,1,0,0,dependency
aimed,AIMed.d132.s1129,stanza_craft+coref_dc63d2e3_0:rel:1,0,4,negative,positive,,,applied,structural|AB|share|with|passive,structural|share,share,AB,passive,with,clause,DEP-share-passive,sources,targets,nsubjpass,nmod:with,nsubj:pass,obl,asserted,directed,1,1,0,0,dependency
aimed,AIMed.d132.s1129,stanza_craft+coref_dc63d2e3_0:rel:2,1,3,negative,positive,,,applied,structural|AB|share|with|passive,structural|share,share,AB,passive,with,clause,DEP-share-passive,sources,targets,nsubjpass,nmod:with,nsubj:pass,obl,asserted,directed,1,1,0,0,dependency
aimed,AIMed.d132.s1129,stanza_craft+coref_dc63d2e3_0:rel:3,1,4,negative,positive,,,applied,structural|AB|share|with|passive,structural|share,share,AB,passive,with,clause,DEP-share-passive,sources,targets,nsubjpass,nmod:with,nsubj:pass,obl,asserted,directed,1,1,0,0,dependency
aimed,AIMed.d132.s1129,stanza_craft+coref_dc63d2e3_0:rel:4,2,3,negative,positive,,,applied,structural|AB|share|with|passive,structural|share,share,AB,passive,with,clause,DEP-share-passive,sources,targets,nsubjpass,nmod:with,nsubj:pass,obl,asserted,directed,1,1,0,0,dependency
aimed,AIMed.d132.s1129,stanza_craft+coref_dc63d2e3_0:rel:5,2,4,negative,positive,,,applied,structural|AB|share|with|passive,structural|share,share,AB,passive,with,clause,DEP-share-passive,sources,targets,nsubjpass,nmod:with,nsubj:pass,obl,asserted,directed,0,1,0,0,dependency
aimed,AIMed.d133.s1132,stanza_craft+coref_0fdcb176_0:rel:0,0,1,negative,positive,,,applied,structural|AB|stimulate|_|passive,structural|stimulate,stimulate,AB,passive,,clause,DEP-stimulate-passive,sources,targets,conj,ROOT,conj,root,asserted,directed,0,0,0,0,dependency
aimed,AIMed.d133.s1132,stanza_craft+coref_0fdcb176_1:rel:0,0,2,positive,positive,,,applied,structural|AB|bind|_|verbal,structural|bind,bind,AB,verbal,,clause,DEP-bind,sources,targets,ROOT,dobj,root,obj,asserted,directed,1,1,0,0,dependency
aimed,AIMed.d133.s1134,stanza_craft+coref_0f97f18a_0:rel:0,0,1,negative,positive,,,applied,structural|AB|result|from|verbal,structural|result,result,AB,verbal,from,clause,DEP-result,sources,targets,nsubj,nmod:from,nsubj,obl,asserted,directed,1,1,0,0,dependency
aimed,AIMed.d133.s1135,stanza_craft+coref_ee8ed8c5_2:rel:0,0,1,negative,negative,,,review_only,relational|RELATIONAL|identity|_|verbal,relational|RELATIONAL|identity|_,,RELATIONAL,verbal,,appositive,DEP-LooseIdentityCandidate,entities_a,entities_b,nmod,compound,nmod,compound,asserted,relational,1,0,0,0,dependency
aimed,AIMed.d133.s1136,stanza_craft+coref_a73b60e4_0:rel:0,0,1,positive,positive,,,applied,structural|AB|activate|_|verbal,structural|activate,activate,AB,verbal,,clause,DEP-activate,sources,targets,nsubj,dobj,nsubj,obj,asserted,directed,0,0,0,0,dependency
aimed,AIMed.d133.s1137,stanza_craft+coref_ce540a7a_0:rel:0,0,1,positive,positive,,,applied,structural|AB|bind|to|verbal,structural|bind,bind,AB,verbal,to,clause,DEP-bind,sources,targets,nsubj,nmod:to,nsubj,obl,asserted,directed,1,1,0,0,dependency
aimed,AIMed.d133.s1137,stanza_craft+coref_ce540a7a_1:rel:0,0,1,positive,positive,,,applied,structural|AB|phosphorylate|_|verbal,structural|phosphorylate,phosphorylate,AB,verbal,,clause,DEP-phosphorylate,sources,targets,nsubj,dobj,nsubj,compound,asserted,directed,1,0,0,0,dependency
aimed,AIMed.d134.s1140,stanza_craft+coref_ceef2042_0:rel:0,0,1,negative,positive,,,applied,relational|RELATIONAL|ligand|_|verbal,relational|RELATIONAL|ligand|_,ligand,RELATIONAL,verbal,,clause,DEP-CopulaIsA,entities_a,entities_b,nsubj,ROOT,nsubj,root,asserted,relational,1,1,0,0,dependency
aimed,AIMed.d134.s1140,stanza_craft+coref_ceef2042_0:rel:1,0,2,positive,positive,,,applied,relational|RELATIONAL|ligand|_|verbal,relational|RELATIONAL|ligand|_,ligand,RELATIONAL,verbal,,clause,DEP-CopulaIsA,entities_a,entities_b,nsubj,ROOT,nsubj,root,asserted,relational,0,1,0,0,dependency
aimed,AIMed.d134.s1144,stanza_craft+coref_b83c0c99_0:rel:0,0,1,positive,positive,,,applied,structural|AB|induce|_|verbal,structural|induce,induce,AB,verbal,,clause,DEP-induce,sources,targets,nsubj,dobj,nsubj,obj,asserted,directed,0,1,0,0,dependency
aimed,AIMed.d134.s1144,stanza_craft+coref_b83c0c99_1:rel:0,2,3,positive,positive,,,applied,relational|RELATIONAL|ligand|_|nominalized,relational|RELATIONAL|ligand|_,ligand,RELATIONAL,nominalized,,clause,DEP-CopulaIsA,entities_a,entities_b,nsubj,advcl,nsubj,advcl,asserted,relational,0,1,0,1,dependency
aimed,AIMed.d135.s1147,stanza_craft+coref_dc0cbc85_1:rel:0,0,1,negative,negative,,,review_only,relational|RELATIONAL|is-a|_|verbal,relational|RELATIONAL|is-a|_,,RELATIONAL,verbal,,appositive,DEP-ParentheticalAlias,entities_a,entities_b,conj,dep,conj,dep,asserted,relational,0,0,0,0,dependency
aimed,AIMed.d135.s1148,stanza_craft+coref_4efec5ff_1:rel:0,1,2,negative,positive,,,applied,structural|AA|complex|_|compound_state,structural|complex,complex,AA,compound_state,,state_nominal,DEP-Complex,participants,participants,nmod,nmod,obl,obl,asserted,undirected,0,1,0,1,dependency
aimed,AIMed.d135.s1148,stanza_craft+coref_4efec5ff_3:rel:0,1,2,negative,positive,,,review_only,relational|RELATIONAL|is-a|_|verbal,relational|RELATIONAL|is-a|_,,RELATIONAL,verbal,,appositive,DEP-ParentheticalAlias,entities_a,entities_b,nmod,dep,nmod,dep,asserted,relational,0,0,0,0,dependency
aimed,AIMed.d135.s1149,stanza_craft+coref_ec7b11f7_2:rel:0,1,2,positive,positive,,,applied,structural|AA|complex|_|compound_state,structural|complex,complex,AA,compound_state,,state_nominal,DEP-Complex,participants,participants,compound,compound,compound,compound,asserted,undirected,1,1,0,1,dependency
aimed,AIMed.d136.s1153,stanza_craft+coref_b53c3e3d_2:rel:0,0,2,negative,positive,,,applied,structural|AB|share|_|verbal,structural|share,share,AB,verbal,,clause,DEP-share,sources,targets,nsubjpass,dobj,nsubj:pass,obj,asserted,directed,0,1,0,0,dependency
aimed,AIMed.d136.s1153,stanza_craft+coref_b53c3e3d_3:rel:0,0,1,negative,negative,,,review_only,relational|RELATIONAL|is-a|_|verbal,relational|RELATIONAL|is-a|_,,RELATIONAL,verbal,,appositive,DEP-ParentheticalAlias,entities_a,entities_b,xcomp,dep,xcomp,dep,asserted,relational,0,0,0,0,dependency
aimed,AIMed.d136.s1154,stanza_craft+coref_98ad2865_0:rel:0,0,1,negative,positive,,,applied,structural|AB|inhibit|_|verbal,structural|inhibit,inhibit,AB,verbal,,clause,DEP-inhibit,sources,targets,nsubj,dobj,nsubj,obj,asserted,directed,1,1,0,0,dependency
aimed,AIMed.d136.s1154,stanza_craft+coref_98ad2865_1:rel:0,2,3,negative,positive,,,applied,structural|AB|compete|for|verbal,structural|compete,compete,AB,verbal,for,clause,DEP-compete,sources,targets,nsubj,nmod:for,nsubj,obl,asserted,directed,0,1,0,0,dependency
aimed,AIMed.d136.s1154,stanza_craft+coref_98ad2865_3:rel:0,4,5,negative,positive,,,applied,structural|AB|use|_|verbal,structural|use,use,AB,verbal,,clause,DEP-use,sources,targets,nsubj,dobj,nsubj,obj,asserted,directed,1,1,0,0,dependency
aimed,AIMed.d136.s1154,stanza_craft+coref_98ad2865_3:rel:1,4,6,positive,positive,,,applied,structural|AB|use|_|verbal,structural|use,use,AB,verbal,,clause,DEP-use,sources,targets,nsubj,dobj,nsubj,obj,asserted,directed,0,1,0,0,dependency
aimed,AIMed.d137.s1157,stanza_craft+coref_3c3fc64e_2:rel:0,0,1,negative,negative,,,review_only,relational|RELATIONAL|identity|_|verbal,relational|RELATIONAL|identity|_,,RELATIONAL,verbal,,appositive,DEP-LooseIdentityCandidate,entities_a,entities_b,nmod,compound,obl,compound,uncertain,relational,1,0,0,0,dependency
aimed,AIMed.d137.s1158,stanza_craft+coref_d1cc8e41_1:rel:0,0,1,positive,positive,,,applied,structural|AB|associate|with|verbal,structural|associate,associate,AB,verbal,with,clause,DEP-associate,sources,targets,nsubj,nmod:with,nsubj,obl,asserted,directed,0,0,0,0,dependency
aimed,AIMed.d137.s1158,stanza_craft+coref_d1cc8e41_1:rel:1,0,2,positive,positive,,,applied,structural|AB|associate|with|verbal,structural|associate,associate,AB,verbal,with,clause,DEP-associate,sources,targets,nsubj,nmod:with,nsubj,conj,asserted,directed,0,0,0,0,dependency
aimed,AIMed.d137.s1162,stanza_craft+coref_208ba25d_0:rel:0,0,2,positive,positive,,,applied,structural|AB|mediate|_|verbal,structural|mediate,mediate,AB,verbal,,clause,DEP-mediate,sources,targets,nsubj,dobj,nsubj,obj,asserted,directed,1,1,0,0,dependency
aimed,AIMed.d137.s1163,stanza_craft+coref_dc558531_0:rel:0,0,1,positive,positive,,,applied,structural|AB|co-precipitate|with|passive,structural|co-precipitate,co-precipitate,AB,passive,with,clause,DEP-co-precipitate-passive,sources,targets,nsubjpass,nmod:with,nsubj:pass,obl,asserted,directed,0,0,0,0,dependency
aimed,AIMed.d137.s1163,stanza_craft+coref_dc558531_1:rel:0,2,3,positive,positive,,,applied,structural|AB|co-immunoprecipitate|with|verbal,structural|co-immunoprecipitate,co-immunoprecipitate,AB,verbal,with,clause,DEP-co-immunoprecipitate,sources,targets,nsubj,nmod:with,nsubj,obl,asserted,directed,0,0,0,0,dependency
aimed,AIMed.d138.s1165,stanza_craft+coref_aa670ad5_0:rel:0,0,1,positive,positive,,,applied,structural|AB|interact|with|nominalized,structural|interact,interact,AB,nominalized,with,event_nominal,DEP-nom-interaction,sources,targets,nmod,nmod:with,nmod,nmod,asserted,directed,0,0,0,1,dependency
aimed,AIMed.d138.s1165,stanza_craft+coref_aa670ad5_0:rel:1,0,2,negative,positive,,,applied,structural|AB|interact|to|nominalized,structural|interact,interact,AB,nominalized,to,event_nominal,DEP-nom-interaction,sources,targets,nmod,nmod:to,nmod,nmod,asserted,directed,0,0,0,1,dependency
aimed,AIMed.d138.s1166,stanza_craft+coref_370a925f_0:rel:0,0,1,negative,positive,,,applied,structural|AB|function|in|verbal,structural|function,function,AB,verbal,in,clause,DEP-function,sources,targets,nsubj,nmod:in,nsubj,obl,asserted,directed,0,1,0,0,dependency
aimed,AIMed.d138.s1168,stanza_craft+coref_99eb1fd6_0:rel:0,0,1,negative,positive,,,applied,structural|AB|correspond|to|verbal,structural|correspond,correspond,AB,verbal,to,clause,DEP-correspond,sources,targets,nsubj,nmod:to,nsubj,obl,asserted,directed,1,1,0,0,dependency
aimed,AIMed.d138.s1170,stanza_craft+coref_e3751cb4_0:rel:0,0,1,negative,positive,,,applied,structural|AB|relate|to|passive,structural|relate,relate,AB,passive,to,clause,DEP-relate-passive,sources,targets,nsubjpass,nmod:to,nsubj:pass,obl,asserted,directed,0,1,0,0,dependency
aimed,AIMed.d139.s1171,stanza_craft+coref_65e746b9_1:rel:0,0,1,negative,negative,,,review_only,relational|RELATIONAL|substitution|_|nominalized,relational|RELATIONAL|substitution|_,substitution,RELATIONAL,nominalized,,appositive,DEP-Apposition,entities_a,entities_b,ROOT,appos,root,appos,asserted,relational,1,1,0,1,dependency
aimed,AIMed.d14.s117,stanza_craft+coref_c881815d_2:rel:0,0,1,negative,negative,,,review_only,relational|RELATIONAL|is-a|_|verbal,relational|RELATIONAL|is-a|_,,RELATIONAL,verbal,,appositive,DEP-ParentheticalAlias,entities_a,entities_b,nmod,dep,nmod,dep,asserted,relational,0,0,0,0,dependency
aimed,AIMed.d14.s117,stanza_craft+coref_c881815d_3:rel:0,2,3,negative,negative,,,review_only,relational|RELATIONAL|is-a|_|verbal,relational|RELATIONAL|is-a|_,,RELATIONAL,verbal,,appositive,DEP-ParentheticalAlias,entities_a,entities_b,conj,dep,conj,dep,asserted,relational,0,0,0,0,dependency
aimed,AIMed.d14.s118,stanza_craft+coref_580f9cb5_0:rel:0,0,1,negative,positive,,,applied,structural|AA|correlate|between|nominalized,structural|correlate,correlate,AA,nominalized,between,clause,DEP-correlation-nestedinner,participants,participants,nmod:between,nmod:between,nmod,conj,asserted,undirected,0,0,0,1,dependency
aimed,AIMed.d140.s1180,stanza_craft+coref_52cdd72c_0:rel:0,0,1,positive,positive,,,applied,structural|AB|associate|with|verbal,structural|associate,associate,AB,verbal,with,clause,DEP-associate,sources,targets,ROOT,nmod:with,root,obl,asserted,directed,0,0,0,0,dependency
aimed,AIMed.d140.s1181,stanza_craft+coref_59a5e6ea_2:rel:0,0,1,negative,negative,,,review_only,relational|RELATIONAL|is-a|_|verbal,relational|RELATIONAL|is-a|_,,RELATIONAL,verbal,,appositive,DEP-ParentheticalAlias,entities_a,entities_b,dobj,dep,obj,dep,asserted,relational,0,0,0,0,dependency
aimed,AIMed.d140.s1182,stanza_craft+coref_eaa4b3bf_0:rel:0,0,1,positive,positive,,,applied,structural|AB|interact|with|verbal,structural|interact,interact,AB,verbal,with,clause,DEP-interact,sources,targets,nsubj,nmod:with,nsubj,obl,asserted,directed,0,1,0,0,dependency
aimed,AIMed.d140.s1182,stanza_craft+coref_eaa4b3bf_0:rel:1,0,2,positive,positive,,,applied,structural|AB|interact|with|verbal,structural|interact,interact,AB,verbal,with,clause,DEP-interact,sources,targets,nsubj,nmod:with,nsubj,obl,asserted,directed,0,1,0,0,dependency
aimed,AIMed.d140.s1182,stanza_craft+coref_eaa4b3bf_0:rel:2,0,3,positive,positive,,,applied,structural|AB|interact|with|verbal,structural|interact,interact,AB,verbal,with,clause,DEP-interact,sources,targets,nsubj,nmod:with,nsubj,obl,asserted,directed,0,1,0,0,dependency
aimed,AIMed.d141.s1188,stanza_craft+coref_d394f111_0:rel:0,0,1,negative,negative,,,review_only,relational|RELATIONAL|is-a|_|verbal,relational|RELATIONAL|is-a|_,,RELATIONAL,verbal,,appositive,DEP-Apposition,entities_a,entities_b,nsubj,dep,nsubj,dep,asserted,relational,1,1,0,0,dependency
aimed,AIMed.d141.s1189,stanza_craft+coref_b4d3e27d_0:rel:0,0,1,negative,positive,,,applied,structural|AB|associate|with|verbal,structural|associate,associate,AB,verbal,with,clause,DEP-associate,sources,targets,nsubj,nmod:with,nsubj,obl,asserted,directed,0,1,0,0,dependency
aimed,AIMed.d141.s1192,stanza_craft+coref_3e5eb063_1:rel:0,2,3,positive,positive,,,applied,structural|AA|complex|_|compound_state,structural|complex,complex,AA,compound_state,,state_nominal,DEP-Complex,participants,participants,nmod,nmod,obl,obl,asserted,undirected,1,1,0,1,dependency
aimed,AIMed.d141.s1192,stanza_craft+coref_3e5eb063_1:rel:1,2,4,negative,positive,,,applied,structural|AA|complex|_|compound_state,structural|complex,complex,AA,compound_state,,state_nominal,DEP-Complex,participants,participants,nmod,nmod,obl,obl,asserted,undirected,1,1,0,1,dependency
aimed,AIMed.d141.s1192,stanza_craft+coref_3e5eb063_1:rel:2,2,5,negative,positive,,,applied,structural|AA|complex|_|compound_state,structural|complex,complex,AA,compound_state,,state_nominal,DEP-Complex,participants,participants,nmod,nmod,obl,obl,asserted,undirected,1,1,0,1,dependency
aimed,AIMed.d141.s1192,stanza_craft+coref_3e5eb063_1:rel:3,2,6,negative,positive,,,applied,structural|AA|complex|_|compound_state,structural|complex,complex,AA,compound_state,,state_nominal,DEP-Complex,participants,participants,nmod,nmod,obl,obl,asserted,undirected,1,1,0,1,dependency
aimed,AIMed.d141.s1192,stanza_craft+coref_3e5eb063_1:rel:4,2,7,negative,positive,,,applied,structural|AA|complex|_|compound_state,structural|complex,complex,AA,compound_state,,state_nominal,DEP-Complex,participants,participants,nmod,nmod,obl,obl,asserted,undirected,1,1,0,1,dependency
aimed,AIMed.d141.s1192,stanza_craft+coref_3e5eb063_1:rel:5,2,8,negative,positive,,,applied,structural|AA|complex|_|compound_state,structural|complex,complex,AA,compound_state,,state_nominal,DEP-Complex,participants,participants,nmod,nmod,obl,obl,asserted,undirected,1,1,0,1,dependency
aimed,AIMed.d141.s1192,stanza_craft+coref_3e5eb063_1:rel:6,2,9,negative,positive,,,applied,structural|AA|complex|_|compound_state,structural|complex,complex,AA,compound_state,,state_nominal,DEP-Complex,participants,participants,nmod,nmod,obl,obl,asserted,undirected,1,1,0,1,dependency
aimed,AIMed.d141.s1192,stanza_craft+coref_3e5eb063_1:rel:7,3,4,negative,positive,,,applied,structural|AA|complex|_|compound_state,structural|complex,complex,AA,compound_state,,state_nominal,DEP-Complex,participants,participants,nmod,nmod,obl,obl,asserted,undirected,1,1,0,1,dependency
aimed,AIMed.d141.s1192,stanza_craft+coref_3e5eb063_1:rel:8,3,5,negative,positive,,,applied,structural|AA|complex|_|compound_state,structural|complex,complex,AA,compound_state,,state_nominal,DEP-Complex,participants,participants,nmod,nmod,obl,obl,asserted,undirected,1,1,0,1,dependency
aimed,AIMed.d141.s1192,stanza_craft+coref_3e5eb063_1:rel:9,3,6,negative,positive,,,applied,structural|AA|complex|_|compound_state,structural|complex,complex,AA,compound_state,,state_nominal,DEP-Complex,participants,participants,nmod,nmod,obl,obl,asserted,undirected,1,1,0,1,dependency
aimed,AIMed.d141.s1192,stanza_craft+coref_3e5eb063_1:rel:10,3,7,negative,positive,,,applied,structural|AA|complex|_|compound_state,structural|complex,complex,AA,compound_state,,state_nominal,DEP-Complex,participants,participants,nmod,nmod,obl,obl,asserted,undirected,1,1,0,1,dependency
aimed,AIMed.d141.s1192,stanza_craft+coref_3e5eb063_1:rel:11,3,8,negative,positive,,,applied,structural|AA|complex|_|compound_state,structural|complex,complex,AA,compound_state,,state_nominal,DEP-Complex,participants,participants,nmod,nmod,obl,obl,asserted,undirected,1,1,0,1,dependency
aimed,AIMed.d141.s1192,stanza_craft+coref_3e5eb063_1:rel:12,3,9,negative,positive,,,applied,structural|AA|complex|_|compound_state,structural|complex,complex,AA,compound_state,,state_nominal,DEP-Complex,participants,participants,nmod,nmod,obl,obl,asserted,undirected,1,1,0,1,dependency
aimed,AIMed.d141.s1192,stanza_craft+coref_3e5eb063_1:rel:13,4,5,positive,positive,,,applied,structural|AA|complex|_|compound_state,structural|complex,complex,AA,compound_state,,state_nominal,DEP-Complex,participants,participants,nmod,nmod,obl,obl,asserted,undirected,0,1,0,1,dependency
aimed,AIMed.d141.s1192,stanza_craft+coref_3e5eb063_1:rel:14,4,6,negative,positive,,,applied,structural|AA|complex|_|compound_state,structural|complex,complex,AA,compound_state,,state_nominal,DEP-Complex,participants,participants,nmod,nmod,obl,obl,asserted,undirected,0,1,0,1,dependency
aimed,AIMed.d141.s1192,stanza_craft+coref_3e5eb063_1:rel:15,4,7,negative,positive,,,applied,structural|AA|complex|_|compound_state,structural|complex,complex,AA,compound_state,,state_nominal,DEP-Complex,participants,participants,nmod,nmod,obl,obl,asserted,undirected,0,1,0,1,dependency
aimed,AIMed.d141.s1192,stanza_craft+coref_3e5eb063_1:rel:16,4,8,negative,positive,,,applied,structural|AA|complex|_|compound_state,structural|complex,complex,AA,compound_state,,state_nominal,DEP-Complex,participants,participants,nmod,nmod,obl,obl,asserted,undirected,0,1,0,1,dependency
aimed,AIMed.d141.s1192,stanza_craft+coref_3e5eb063_1:rel:17,4,9,negative,positive,,,applied,structural|AA|complex|_|compound_state,structural|complex,complex,AA,compound_state,,state_nominal,DEP-Complex,participants,participants,nmod,nmod,obl,obl,asserted,undirected,1,1,0,1,dependency
aimed,AIMed.d141.s1192,stanza_craft+coref_3e5eb063_1:rel:18,5,6,negative,positive,,,applied,structural|AA|complex|_|compound_state,structural|complex,complex,AA,compound_state,,state_nominal,DEP-Complex,participants,participants,nmod,nmod,obl,obl,asserted,undirected,0,1,0,1,dependency
aimed,AIMed.d141.s1192,stanza_craft+coref_3e5eb063_1:rel:19,5,7,negative,positive,,,applied,structural|AA|complex|_|compound_state,structural|complex,complex,AA,compound_state,,state_nominal,DEP-Complex,participants,participants,nmod,nmod,obl,obl,asserted,undirected,0,1,0,1,dependency
aimed,AIMed.d141.s1192,stanza_craft+coref_3e5eb063_1:rel:20,5,8,negative,positive,,,applied,structural|AA|complex|_|compound_state,structural|complex,complex,AA,compound_state,,state_nominal,DEP-Complex,participants,participants,nmod,nmod,obl,obl,asserted,undirected,0,1,0,1,dependency
aimed,AIMed.d141.s1192,stanza_craft+coref_3e5eb063_1:rel:21,5,9,negative,positive,,,applied,structural|AA|complex|_|compound_state,structural|complex,complex,AA,compound_state,,state_nominal,DEP-Complex,participants,participants,nmod,nmod,obl,obl,asserted,undirected,1,1,0,1,dependency
aimed,AIMed.d141.s1192,stanza_craft+coref_3e5eb063_1:rel:22,6,7,positive,positive,,,applied,structural|AA|complex|_|compound_state,structural|complex,complex,AA,compound_state,,state_nominal,DEP-Complex,participants,participants,nmod,nmod,obl,obl,asserted,undirected,0,1,0,1,dependency
aimed,AIMed.d141.s1192,stanza_craft+coref_3e5eb063_1:rel:23,6,8,negative,positive,,,applied,structural|AA|complex|_|compound_state,structural|complex,complex,AA,compound_state,,state_nominal,DEP-Complex,participants,participants,nmod,nmod,obl,obl,asserted,undirected,0,1,0,1,dependency
aimed,AIMed.d141.s1192,stanza_craft+coref_3e5eb063_1:rel:24,6,9,negative,positive,,,applied,structural|AA|complex|_|compound_state,structural|complex,complex,AA,compound_state,,state_nominal,DEP-Complex,participants,participants,nmod,nmod,obl,obl,asserted,undirected,1,1,0,1,dependency
aimed,AIMed.d141.s1192,stanza_craft+coref_3e5eb063_1:rel:25,7,8,negative,positive,,,applied,structural|AA|complex|_|compound_state,structural|complex,complex,AA,compound_state,,state_nominal,DEP-Complex,participants,participants,nmod,nmod,obl,obl,asserted,undirected,0,1,0,1,dependency
aimed,AIMed.d141.s1192,stanza_craft+coref_3e5eb063_1:rel:26,7,9,negative,positive,,,applied,structural|AA|complex|_|compound_state,structural|complex,complex,AA,compound_state,,state_nominal,DEP-Complex,participants,participants,nmod,nmod,obl,obl,asserted,undirected,1,1,0,1,dependency
aimed,AIMed.d141.s1192,stanza_craft+coref_3e5eb063_1:rel:27,8,9,positive,positive,,,applied,structural|AA|complex|_|compound_state,structural|complex,complex,AA,compound_state,,state_nominal,DEP-Complex,participants,participants,nmod,nmod,obl,obl,asserted,undirected,1,1,0,1,dependency
aimed,AIMed.d142.s1194,stanza_craft+coref_89995dc8_1:rel:0,0,1,positive,positive,,,applied,structural|AA|interact|between|nominalized,structural|interact,interact,AA,nominalized,between,event_nominal,DEP-nom-interaction-undirected,participants,participants,nmod:between,nmod:between,dep,conj,asserted,undirected,0,0,0,1,dependency
aimed,AIMed.d142.s1197,stanza_craft+coref_59059d34_0:rel:0,0,1,negative,negative,,,review_only,relational|RELATIONAL|is-a|_|verbal,relational|RELATIONAL|is-a|_,,RELATIONAL,verbal,,clause,DEP-CopulaIsA,entities_a,entities_b,nsubj,ROOT,nsubj,root,asserted,relational,0,0,0,0,dependency
aimed,AIMed.d142.s1199,stanza_craft+coref_203f0cf6_1:rel:0,0,1,negative,positive,,,applied,structural|AB|augment|_|passive,structural|augment,augment,AB,passive,,clause,DEP-augment-passive,sources,targets,nmod,nsubjpass,obl,nsubj:pass,asserted,directed,0,1,0,0,dependency
aimed,AIMed.d142.s1200,stanza_craft+coref_6c9fd0e6_1:rel:0,0,1,negative,positive,,,applied,structural|AA|cooperation|between|nominalized,structural|cooperation,cooperation,AA,nominalized,between,clause,DEP-cooperation-nestedinner,participants,participants,nmod:between,nmod:between,nmod,conj,asserted,undirected,0,0,0,1,dependency
aimed,AIMed.d142.s1203,stanza_craft+coref_0d3dfa12_1:rel:0,0,1,positive,positive,,,applied,structural|AA|interact|between|nominalized,structural|interact,interact,AA,nominalized,between,event_nominal,DEP-nom-interaction-subject-undirected,participants,participants,nmod:between,nmod:between,nmod,conj,asserted,undirected,0,0,0,1,dependency
aimed,AIMed.d143.s1204,stanza_craft+coref_3b9bdd08_1:rel:0,0,1,negative,negative,,,review_only,relational|RELATIONAL|is-a|_|verbal,relational|RELATIONAL|is-a|_,,RELATIONAL,verbal,,appositive,DEP-Apposition,entities_a,entities_b,nmod,dep,nmod,dep,asserted,relational,1,1,0,0,dependency
aimed,AIMed.d143.s1207,stanza_craft+coref_4e630a27_2:rel:0,2,3,negative,negative,,,not_applied,structural|AB|share|with|verbal,structural|share,share,AB,verbal,with,clause,DEP-share,sources,targets,nsubj,nmod:with,nsubj,obl,uncertain,directed,0,0,0,0,dependency
aimed,AIMed.d143.s1209,stanza_craft+coref_4dde7d19_2:rel:0,0,2,positive,positive,,,applied,structural|AB|activate|_|verbal,structural|activate,activate,AB,verbal,,clause,DEP-activate,sources,targets,nsubj,dobj,nsubj,obj,asserted,directed,1,1,0,0,dependency
aimed,AIMed.d143.s1209,stanza_craft+coref_4dde7d19_2:rel:1,1,2,positive,positive,,,applied,structural|AB|activate|_|verbal,structural|activate,activate,AB,verbal,,clause,DEP-activate,sources,targets,conj,dobj,conj,obj,asserted,directed,1,1,0,0,dependency
aimed,AIMed.d143.s1212,stanza_craft+coref_5cb820c5_0:rel:0,0,1,negative,positive,,,applied,structural|AB|abolish|_|verbal,structural|abolish,abolish,AB,verbal,,clause,DEP-abolish,sources,targets,nsubj,conj,nsubj,conj,asserted,directed,1,1,1,0,dependency
aimed,AIMed.d143.s1212,stanza_craft+coref_5cb820c5_1:rel:0,1,2,negative,positive,,,applied,structural|AB|elicit|_|passive,structural|elicit,elicit,AB,passive,,clause,DEP-elicit-passive,sources,targets,nmod,conj,obl,conj,asserted,directed,1,1,0,0,dependency
aimed,AIMed.d143.s1212,stanza_craft+coref_5cb820c5_1:rel:1,1,3,negative,positive,,,applied,structural|AB|elicit|_|passive,structural|elicit,elicit,AB,passive,,clause,DEP-elicit-passive,sources,targets,conj,conj,conj,conj,asserted,directed,1,1,0,0,dependency
aimed,AIMed.d143.s1215,stanza_craft+coref_7c8c0cf3_1:rel:0,0,2,negative,positive,,,applied,structural|AB|share|_|verbal,structural|share,share,AB,verbal,,clause,DEP-share,sources,targets,nsubj,dobj,nsubj,obj,asserted,directed,0,1,0,0,dependency
aimed,AIMed.d143.s1215,stanza_craft+coref_7c8c0cf3_1:rel:1,1,2,negative,positive,,,applied,structural|AB|share|_|verbal,structural|share,share,AB,verbal,,clause,DEP-share,sources,targets,conj,dobj,conj,obj,asserted,directed,0,1,0,0,dependency
aimed,AIMed.d144.s1216,stanza_craft+coref_19ce2652_0:rel:0,0,1,positive,positive,,,applied,structural|AB|associate|with|verbal,structural|associate,associate,AB,verbal,with,clause,DEP-associate,sources,targets,nsubj,nmod:with,nsubj,obl,asserted,directed,1,1,0,0,dependency
aimed,AIMed.d144.s1217,stanza_craft+coref_5aa443f6_1:rel:0,0,1,negative,positive,,,review_only,relational|RELATIONAL|is-a|_|verbal,relational|RELATIONAL|is-a|_,,RELATIONAL,verbal,,appositive,DEP-ParentheticalAlias,entities_a,entities_b,nsubj,dep,nsubj,dep,asserted,relational,0,0,0,0,dependency
aimed,AIMed.d144.s1219,stanza_craft+coref_60c26961_1:rel:0,0,2,negative,positive,,,applied,structural|AB|differ|from|verbal,structural|differ,differ,AB,verbal,from,clause,DEP-differ,sources,targets,dobj,nmod:from,obj,obl,asserted,directed,1,1,0,0,dependency
aimed,AIMed.d144.s1219,stanza_craft+coref_60c26961_1:rel:1,1,2,negative,positive,,,applied,structural|AB|differ|from|verbal,structural|differ,differ,AB,verbal,from,clause,DEP-differ,sources,targets,dobj,nmod:from,obj,obl,asserted,directed,0,1,0,0,dependency
aimed,AIMed.d144.s1221,stanza_craft+coref_da01e987_1:rel:0,0,1,positive,positive,,,applied,structural|AB|bind|_|verbal,structural|bind,bind,AB,verbal,,clause,DEP-bind,sources,targets,nsubjpass,dobj,nsubj:pass,obj,asserted,directed,1,1,0,0,dependency
aimed,AIMed.d144.s1221,stanza_craft+coref_da01e987_1:rel:1,0,2,positive,positive,,,applied,structural|AB|bind|_|verbal,structural|bind,bind,AB,verbal,,clause,DEP-bind,sources,targets,nsubjpass,conj,nsubj:pass,conj,asserted,directed,1,1,0,0,dependency
aimed,AIMed.d145.s1229,stanza_craft+coref_cf99e253_0:rel:0,0,1,negative,negative,,,review_only,relational|RELATIONAL|is-a|_|verbal,relational|RELATIONAL|is-a|_,,RELATIONAL,verbal,,appositive,DEP-ParentheticalAlias,entities_a,entities_b,dep,compound,dep,compound,asserted,relational,1,0,0,0,dependency
aimed,AIMed.d146.s1237,stanza_craft+coref_c33f07ce_0:rel:0,0,1,negative,positive,,,applied,structural|AB|mediate|via|passive,structural|mediate,mediate,AB,passive,via,clause,DEP-mediate-passive,sources,targets,nsubjpass,nmod:via,nsubj:pass,obl,asserted,directed,1,1,0,0,dependency
aimed,AIMed.d146.s1237,stanza_craft+coref_c33f07ce_1:rel:0,4,6,negative,positive,,,applied,structural|AB|bind|_|verbal,structural|bind,bind,AB,verbal,,clause,DEP-bind,sources,targets,nsubj,dobj,nsubj,obj,asserted,directed,1,1,0,0,dependency
aimed,AIMed.d146.s1237,stanza_craft+coref_c33f07ce_1:rel:1,5,6,negative,positive,,,applied,structural|AB|bind|_|verbal,structural|bind,bind,AB,verbal,,clause,DEP-bind,sources,targets,nsubj,dobj,nsubj,obj,asserted,directed,0,0,0,0,dependency
aimed,AIMed.d146.s1237,stanza_craft+coref_c33f07ce_2:rel:0,2,4,negative,negative,,,review_only,relational|RELATIONAL|identity|_|verbal,relational|RELATIONAL|identity|_,,RELATIONAL,verbal,,appositive,DEP-LooseIdentityCandidate,entities_a,entities_b,nmod,compound,obl,compound,asserted,relational,1,1,0,0,dependency
aimed,AIMed.d146.s1237,stanza_craft+coref_c33f07ce_2:rel:1,3,4,negative,negative,,,review_only,relational|RELATIONAL|identity|_|verbal,relational|RELATIONAL|identity|_,,RELATIONAL,verbal,,appositive,DEP-LooseIdentityCandidate,entities_a,entities_b,nmod,compound,obl,compound,asserted,relational,1,0,0,0,dependency
aimed,AIMed.d146.s1239,stanza_craft+coref_264137ea_2:rel:0,1,3,negative,positive,,,applied,structural|AB|express|_|verbal,structural|express,express,AB,verbal,,clause,DEP-express,sources,targets,dobj,dobj,obj,obj,asserted,directed,1,1,0,0,dependency
aimed,AIMed.d146.s1239,stanza_craft+coref_264137ea_2:rel:1,1,4,negative,positive,,,applied,structural|AB|express|_|verbal,structural|express,express,AB,verbal,,clause,DEP-express,sources,targets,dobj,dobj,obj,obj,asserted,directed,1,1,0,0,dependency
aimed,AIMed.d146.s1239,stanza_craft+coref_264137ea_2:rel:2,2,3,negative,positive,,,applied,structural|AB|express|_|verbal,structural|express,express,AB,verbal,,clause,DEP-express,sources,targets,dobj,dobj,obj,obj,asserted,directed,1,1,0,0,dependency
aimed,AIMed.d146.s1239,stanza_craft+coref_264137ea_2:rel:3,2,4,negative,positive,,,applied,structural|AB|express|_|verbal,structural|express,express,AB,verbal,,clause,DEP-express,sources,targets,dobj,dobj,obj,obj,asserted,directed,1,1,0,0,dependency
aimed,AIMed.d146.s1241,stanza_craft+coref_b6607f00_1:rel:0,2,4,negative,negative,,,review_only,relational|RELATIONAL|variant|_|verbal,relational|RELATIONAL|variant|_,variant,RELATIONAL,verbal,,clause,DEP-CopulaIsA,entities_a,entities_b,nsubj,ccomp,nsubj,ccomp,asserted,relational,1,1,0,0,dependency
aimed,AIMed.d146.s1241,stanza_craft+coref_b6607f00_1:rel:1,3,4,negative,negative,,,review_only,relational|RELATIONAL|variant|_|verbal,relational|RELATIONAL|variant|_,variant,RELATIONAL,verbal,,clause,DEP-CopulaIsA,entities_a,entities_b,nsubj,ccomp,nsubj,ccomp,asserted,relational,0,1,0,0,dependency
aimed,AIMed.d146.s1242,stanza_craft+coref_d6ff68eb_2:rel:0,0,2,negative,negative,,,review_only,relational|RELATIONAL|homologue|_|nominalized,relational|RELATIONAL|homologue|_,homologue,RELATIONAL,nominalized,,clause,DEP-CopulaIsA,entities_a,entities_b,nsubj,ccomp,nsubj,ccomp,asserted,relational,1,1,0,1,dependency
aimed,AIMed.d146.s1242,stanza_craft+coref_d6ff68eb_2:rel:1,1,2,negative,negative,,,review_only,relational|RELATIONAL|homologue|_|nominalized,relational|RELATIONAL|homologue|_,homologue,RELATIONAL,nominalized,,clause,DEP-CopulaIsA,entities_a,entities_b,nsubj,ccomp,nsubj,ccomp,asserted,relational,0,1,0,1,dependency
aimed,AIMed.d147.s1245,stanza_craft+coref_583e3d61_3:rel:0,0,1,negative,negative,,,review_only,relational|RELATIONAL|is-a|_|verbal,relational|RELATIONAL|is-a|_,,RELATIONAL,verbal,,appositive,DEP-Apposition,entities_a,entities_b,nsubj,appos,nsubj,appos,asserted,relational,1,1,0,0,dependency
aimed,AIMed.d147.s1248,stanza_craft+coref_e97417bf_2:rel:0,0,2,positive,positive,,,applied,structural|AB|clone|_|passive,structural|clone,clone,AB,passive,,clause,DEP-clone-passive,sources,targets,nmod,nmod,obl,nmod,asserted,directed,0,1,0,0,dependency
aimed,AIMed.d147.s1248,stanza_craft+coref_e97417bf_2:rel:1,1,2,positive,positive,,,applied,structural|AB|clone|_|passive,structural|clone,clone,AB,passive,,clause,DEP-clone-passive,sources,targets,nmod,nmod,obl,nmod,asserted,directed,0,1,0,0,dependency
aimed,AIMed.d147.s1248,stanza_craft+coref_e97417bf_3:rel:0,0,1,negative,negative,,,review_only,relational|RELATIONAL|is-a|_|verbal,relational|RELATIONAL|is-a|_,,RELATIONAL,verbal,,appositive,DEP-Apposition,entities_a,entities_b,nmod,appos,nmod,appos,asserted,relational,0,1,0,0,dependency
aimed,AIMed.d147.s1250,stanza_craft+coref_e85a2a70_1:rel:0,0,2,negative,positive,,,applied,structural|AB|dissociate|in|passive,structural|dissociate,dissociate,AB,passive,in,clause,DEP-dissociate-passive,sources,targets,dobj,nmod:in,obj,obl,asserted,directed,1,1,0,0,dependency
aimed,AIMed.d147.s1250,stanza_craft+coref_e85a2a70_1:rel:1,1,2,negative,positive,,,applied,structural|AB|dissociate|in|passive,structural|dissociate,dissociate,AB,passive,in,clause,DEP-dissociate-passive,sources,targets,dobj,nmod:in,obj,obl,asserted,directed,1,1,0,0,dependency
aimed,AIMed.d148.s1251,stanza_craft+coref_691a1333_0:rel:0,0,2,positive,positive,,,applied,structural|AB|share|_|verbal,structural|share,share,AB,verbal,,clause,DEP-share,sources,targets,nsubj,conj,nsubj,conj,asserted,directed,1,1,0,0,dependency
aimed,AIMed.d148.s1251,stanza_craft+coref_691a1333_0:rel:1,1,2,positive,positive,,,applied,structural|AB|share|_|verbal,structural|share,share,AB,verbal,,clause,DEP-share,sources,targets,nsubj,conj,nsubj,conj,asserted,directed,1,1,0,0,dependency
aimed,AIMed.d148.s1251,stanza_craft+coref_691a1333_1:rel:0,0,1,negative,negative,,,review_only,relational|RELATIONAL|is-a|_|verbal,relational|RELATIONAL|is-a|_,,RELATIONAL,verbal,,appositive,DEP-Apposition,entities_a,entities_b,nsubj,appos,nsubj,appos,asserted,relational,0,1,0,0,dependency
aimed,AIMed.d148.s1252,stanza_craft+coref_20b1a885_2:rel:0,1,2,negative,negative,,,review_only,relational|RELATIONAL|is-a|_|verbal,relational|RELATIONAL|is-a|_,,RELATIONAL,verbal,,appositive,DEP-ParentheticalAlias,entities_a,entities_b,nmod,dep,obl,dep,asserted,relational,0,0,0,0,dependency
aimed,AIMed.d148.s1253,stanza_craft+coref_e32c3ad7_1:rel:0,0,1,negative,negative,,,review_only,relational|RELATIONAL|is-a|_|verbal,relational|RELATIONAL|is-a|_,,RELATIONAL,verbal,,appositive,DEP-ParentheticalAlias,entities_a,entities_b,dobj,dep,obj,dep,asserted,relational,0,0,0,0,dependency
aimed,AIMed.d148.s1257,stanza_craft+coref_3993c33d_1:rel:0,0,2,positive,positive,,,applied,structural|AB|phosphorylate|_|passive,structural|phosphorylate,phosphorylate,AB,passive,,clause,DEP-phosphorylate-passive,sources,targets,nmod,nsubjpass,obl,nsubj:pass,asserted,directed,0,0,0,0,dependency
aimed,AIMed.d148.s1258,stanza_craft+coref_adee2319_2:rel:0,0,1,positive,positive,,,applied,structural|AB|associate|with|verbal,structural|associate,associate,AB,verbal,with,clause,DEP-associate,sources,targets,nsubjpass,nmod:with,nsubj:pass,obl,asserted,directed,0,0,0,0,dependency
aimed,AIMed.d148.s1259,stanza_craft+coref_cf6e3157_0:rel:0,0,1,positive,positive,,,applied,structural|AB|associate|with|passive,structural|associate,associate,AB,passive,with,clause,DEP-associate-passive,sources,targets,nsubjpass,nmod:with,nsubj:pass,obl,asserted,directed,0,0,0,0,dependency
aimed,AIMed.d148.s1259,stanza_craft+coref_cf6e3157_0:rel:1,0,2,positive,positive,,,applied,structural|AB|associate|with|passive,structural|associate,associate,AB,passive,with,clause,DEP-associate-passive,sources,targets,nsubjpass,nmod:with,nsubj:pass,conj,asserted,directed,0,0,0,0,dependency
aimed,AIMed.d149.s1262,stanza_craft+coref_38120bed_0:rel:0,0,1,positive,positive,,,applied,structural|AB|interact|with|verbal,structural|interact,interact,AB,verbal,with,clause,DEP-interact,sources,targets,nsubj,nmod:with,nsubj,obl,asserted,directed,0,1,0,0,dependency
aimed,AIMed.d149.s1262,stanza_craft+coref_38120bed_0:rel:1,0,2,positive,positive,,,applied,structural|AB|interact|with|verbal,structural|interact,interact,AB,verbal,with,clause,DEP-interact,sources,targets,nsubj,nmod:with,nsubj,conj,asserted,directed,0,1,0,0,dependency
aimed,AIMed.d149.s1265,stanza_craft+coref_2a779578_0:rel:0,0,1,negative,positive,,,applied,structural|AB|form|in|verbal,structural|form,form,AB,verbal,in,clause,DEP-form,sources,targets,nsubj,nmod:in,nsubj,obl,asserted,directed,0,1,0,0,dependency
aimed,AIMed.d149.s1267,stanza_craft+coref_e7d679e4_0:rel:0,0,1,negative,positive,,,applied,structural|AB|require|_|verbal,structural|require,require,AB,verbal,,clause,DEP-require,sources,targets,nsubj,dobj,nsubj,obj,asserted,directed,0,1,0,0,dependency
aimed,AIMed.d149.s1267,stanza_craft+coref_e7d679e4_1:rel:0,0,2,negative,positive,,,applied,structural|AB|mediate|_|passive,structural|mediate,mediate,AB,passive,,clause,DEP-mediate-passive,sources,targets,nmod,nsubj,obl,nsubj,asserted,directed,0,1,0,0,dependency
aimed,AIMed.d149.s1267,stanza_craft+coref_e7d679e4_1:rel:1,0,3,negative,positive,,,applied,structural|AB|mediate|_|passive,structural|mediate,mediate,AB,passive,,clause,DEP-mediate-passive,sources,targets,nmod,nsubj,obl,nsubj,asserted,directed,0,1,0,0,dependency
aimed,AIMed.d149.s1267,stanza_craft+coref_e7d679e4_1:rel:2,0,4,negative,positive,,,applied,structural|AB|mediate|_|passive,structural|mediate,mediate,AB,passive,,clause,DEP-mediate-passive,sources,targets,nmod,nsubj,obl,nsubj,asserted,directed,0,1,0,0,dependency
aimed,AIMed.d149.s1268,stanza_craft+coref_503c1e7d_0:rel:0,0,1,positive,positive,,,applied,structural|AB|associate|with|verbal,structural|associate,associate,AB,verbal,with,clause,DEP-associate,sources,targets,nsubj,nmod:with,nsubj,obl,asserted,directed,0,0,0,0,dependency
aimed,AIMed.d149.s1268,stanza_craft+coref_503c1e7d_0:rel:1,0,2,positive,positive,,,applied,structural|AB|associate|with|verbal,structural|associate,associate,AB,verbal,with,clause,DEP-associate,sources,targets,nsubj,nmod:with,nsubj,conj,asserted,directed,0,0,0,0,dependency
aimed,AIMed.d149.s1268,stanza_craft+coref_503c1e7d_1:rel:0,0,3,negative,negative,,,not_applied,structural|AB|phosphorylate|after|passive,structural|phosphorylate,phosphorylate,AB,passive,after,clause,DEP-phosphorylate-passive,sources,targets,nsubjpass,nmod:after,nsubj,obl,negated,directed,1,1,0,0,dependency
aimed,AIMed.d149.s1270,stanza_craft+coref_f60c1091_0:rel:0,0,2,positive,positive,,,applied,structural|AB|bind|on|verbal,structural|bind,bind,AB,verbal,on,clause,DEP-bind,sources,targets,nsubj,nmod:on,nsubj,obl,asserted,directed,1,1,0,0,dependency
aimed,AIMed.d149.s1270,stanza_craft+coref_f60c1091_0:rel:1,1,2,positive,positive,,,applied,structural|AB|bind|on|verbal,structural|bind,bind,AB,verbal,on,clause,DEP-bind,sources,targets,conj,nmod:on,conj,obl,asserted,directed,1,1,0,0,dependency
aimed,AIMed.d15.s126,stanza_craft+coref_735f722f_3:rel:0,0,1,negative,negative,,,review_only,relational|RELATIONAL|is-a|_|verbal,relational|RELATIONAL|is-a|_,,RELATIONAL,verbal,,appositive,DEP-Apposition,entities_a,entities_b,nmod,appos,nmod,appos,uncertain,relational,0,1,0,0,dependency
aimed,AIMed.d15.s126,stanza_craft+coref_735f722f_3:rel:1,0,2,negative,negative,,,review_only,relational|RELATIONAL|is-a|_|verbal,relational|RELATIONAL|is-a|_,,RELATIONAL,verbal,,appositive,DEP-Apposition,entities_a,entities_b,nmod,appos,nmod,appos,uncertain,relational,0,1,0,0,dependency
aimed,AIMed.d15.s126,stanza_craft+coref_735f722f_3:rel:2,0,3,negative,negative,,,review_only,relational|RELATIONAL|is-a|_|verbal,relational|RELATIONAL|is-a|_,,RELATIONAL,verbal,,appositive,DEP-Apposition,entities_a,entities_b,nmod,appos,nmod,appos,uncertain,relational,0,1,0,0,dependency
aimed,AIMed.d150.s1273,stanza_craft+coref_7a8cea8b_0:rel:0,1,2,positive,positive,,,applied,structural|AB|bind|to|verbal,structural|bind,bind,AB,verbal,to,clause,DEP-bind,sources,targets,ROOT,nmod:to,root,obl,asserted,directed,1,1,0,0,dependency
aimed,AIMed.d150.s1273,stanza_craft+coref_7a8cea8b_1:rel:0,0,1,negative,negative,,,review_only,relational|RELATIONAL|is-a|_|verbal,relational|RELATIONAL|is-a|_,,RELATIONAL,verbal,,appositive,DEP-Apposition,entities_a,entities_b,nmod,dep,nmod,dep,asserted,relational,0,1,1,0,dependency
aimed,AIMed.d150.s1275,stanza_craft+coref_48c1ec80_1:rel:0,0,1,negative,negative,,,review_only,relational|RELATIONAL|factor|_|verbal,relational|RELATIONAL|factor|_,factor,RELATIONAL,verbal,,clause,DEP-CopulaIsA,entities_a,entities_b,nsubj,ROOT,nsubj,root,asserted,relational,1,1,0,0,dependency
aimed,AIMed.d150.s1277,stanza_craft+coref_ca7dd18f_2:rel:0,0,2,negative,negative,,,not_applied,structural|AB|bind|to|verbal,structural|bind,bind,AB,verbal,to,clause,DEP-bind,sources,targets,nsubj,nmod:to,nsubj,obl,negated,directed,1,1,0,0,dependency
aimed,AIMed.d150.s1278,stanza_craft+coref_68751d0c_0:rel:0,0,1,positive,positive,,,applied,structural|AA|associate|between|nominalized,structural|associate,associate,AA,nominalized,between,clause,DEP-association-nestedinner,participants,participants,nmod:between,nmod:between,nmod,conj,asserted,undirected,0,0,0,1,dependency
aimed,AIMed.d150.s1279,stanza_craft+coref_e6532f73_0:rel:0,0,1,negative,positive,,,applied,structural|AB|result|in|verbal,structural|result,result,AB,verbal,in,clause,DEP-result,sources,targets,nsubj,nmod:in,nsubj,obl,asserted,directed,0,1,0,0,dependency
aimed,AIMed.d150.s1280,stanza_craft+coref_581c7e84_0:rel:0,0,1,negative,positive,,,applied,structural|AB|inhibit|_|verbal,structural|inhibit,inhibit,AB,verbal,,clause,DEP-inhibit,sources,targets,nsubj,dobj,nsubj,obj,asserted,directed,1,1,0,0,dependency
aimed,AIMed.d150.s1281,stanza_craft+coref_aed6f6b2_0:rel:0,0,1,negative,positive,,,applied,structural|AB|interact|with|verbal,structural|interact,interact,AB,verbal,with,clause,DEP-interact,sources,targets,nsubj,nmod:with,nsubj,obl,asserted,directed,1,1,0,0,dependency
aimed,AIMed.d151.s1284,stanza_craft+coref_e659614d_1:rel:0,0,1,negative,negative,,,review_only,relational|RELATIONAL|is-a|_|verbal,relational|RELATIONAL|is-a|_,,RELATIONAL,verbal,,appositive,DEP-ParentheticalAlias,entities_a,entities_b,nsubj,dep,nsubj,dep,asserted,relational,0,0,0,0,dependency
aimed,AIMed.d151.s1288,stanza_craft+coref_95591507_0:rel:0,0,2,negative,positive,,,applied,structural|AB|associate|with|nominalized,structural|associate,associate,AB,nominalized,with,clause,DEP-association-nestedinner-directed,sources,targets,nmod:of,nmod:with,nmod,nmod,asserted,directed,0,0,0,1,dependency
aimed,AIMed.d151.s1288,stanza_craft+coref_95591507_1:rel:0,3,5,negative,positive,,,applied,structural|AB|contain|_|verbal,structural|contain,contain,AB,verbal,,clause,DEP-contain,sources,targets,nmod,dobj,nmod,obj,asserted,directed,0,1,1,0,dependency
aimed,AIMed.d151.s1288,stanza_craft+coref_95591507_1:rel:1,3,6,negative,positive,,,applied,structural|AB|contain|_|verbal,structural|contain,contain,AB,verbal,,clause,DEP-contain,sources,targets,nmod,dobj,nmod,obj,asserted,directed,0,1,1,0,dependency
aimed,AIMed.d151.s1288,stanza_craft+coref_95591507_1:rel:2,4,5,negative,positive,,,applied,structural|AB|contain|_|verbal,structural|contain,contain,AB,verbal,,clause,DEP-contain,sources,targets,nmod,dobj,nmod,obj,asserted,directed,0,1,0,0,dependency
aimed,AIMed.d151.s1288,stanza_craft+coref_95591507_1:rel:3,4,6,negative,positive,,,applied,structural|AB|contain|_|verbal,structural|contain,contain,AB,verbal,,clause,DEP-contain,sources,targets,nmod,dobj,nmod,obj,asserted,directed,0,1,0,0,dependency
aimed,AIMed.d151.s1288,stanza_craft+coref_95591507_2:rel:0,3,4,negative,positive,,,applied,structural|AA|complex|_|compound_state,structural|complex,complex,AA,compound_state,,state_nominal,DEP-Complex,participants,participants,nmod,nmod,nmod,nmod,asserted,undirected,0,1,1,1,dependency
aimed,AIMed.d151.s1288,stanza_craft+coref_95591507_3:rel:0,5,6,negative,positive,,,applied,structural|AA|complex|_|compound_state,structural|complex,complex,AA,compound_state,,state_nominal,DEP-Complex,participants,participants,dobj,dobj,obj,obj,asserted,undirected,0,1,0,1,dependency
aimed,AIMed.d151.s1288,stanza_craft+coref_95591507_4:rel:0,0,1,negative,negative,,,review_only,relational|RELATIONAL|is-a|_|verbal,relational|RELATIONAL|is-a|_,,RELATIONAL,verbal,,appositive,DEP-ParentheticalAlias,entities_a,entities_b,nmod,dep,nmod,dep,asserted,relational,0,0,0,0,dependency
aimed,AIMed.d151.s1289,stanza_craft+coref_3b006c87_0:rel:0,1,2,negative,positive,,,applied,structural|AB|interact|with|nominalized,structural|interact,interact,AB,nominalized,with,clause,DEP-interaction-nestedinner-directed,sources,targets,nmod:of,nmod:with,nmod,nmod,asserted,directed,0,1,0,1,dependency
aimed,AIMed.d151.s1289,stanza_craft+coref_3b006c87_2:rel:0,3,4,negative,positive,,,applied,structural|AB|associate|with|nominalized,structural|associate,associate,AB,nominalized,with,event_nominal,DEP-nom-association,sources,targets,nmod:of,nmod:with,nmod,nmod,asserted,directed,0,0,0,1,dependency
aimed,AIMed.d151.s1289,stanza_craft+coref_3b006c87_3:rel:0,7,8,negative,positive,,,applied,structural|AA|interact|between|nominalized,structural|interact,interact,AA,nominalized,between,event_nominal,DEP-nom-interaction-undirected,participants,participants,nmod:between,nmod:between,nmod,conj,asserted,undirected,0,0,0,1,dependency
aimed,AIMed.d152.s1291,stanza_craft+coref_1d6a0566_0:rel:0,0,4,negative,positive,,,applied,structural|AB|define|_|verbal,structural|define,define,AB,verbal,,clause,DEP-define,sources,targets,nsubj,dobj,nsubj,obj,asserted,directed,1,1,0,0,dependency
aimed,AIMed.d152.s1291,stanza_craft+coref_1d6a0566_0:rel:1,1,4,negative,positive,,,applied,structural|AB|define|_|verbal,structural|define,define,AB,verbal,,clause,DEP-define,sources,targets,nsubj,dobj,nsubj,obj,asserted,directed,1,1,0,0,dependency
aimed,AIMed.d152.s1291,stanza_craft+coref_1d6a0566_0:rel:2,2,4,negative,positive,,,applied,structural|AB|define|_|verbal,structural|define,define,AB,verbal,,clause,DEP-define,sources,targets,nsubj,dobj,nsubj,obj,asserted,directed,1,1,0,0,dependency
aimed,AIMed.d152.s1291,stanza_craft+coref_1d6a0566_0:rel:3,3,4,negative,positive,,,applied,structural|AB|define|_|verbal,structural|define,define,AB,verbal,,clause,DEP-define,sources,targets,nsubj,dobj,nsubj,obj,asserted,directed,1,1,0,0,dependency
aimed,AIMed.d152.s1291,stanza_craft+coref_1d6a0566_1:rel:0,0,1,positive,positive,,,applied,structural|AA|interact|_|nominalized,structural|interact,interact,AA,nominalized,,event_nominal,DEP-nom-interaction-subject-undirected,participants,participants,compound,compound,compound,compound,asserted,undirected,1,0,0,1,dependency
aimed,AIMed.d152.s1291,stanza_craft+coref_1d6a0566_1:rel:1,0,2,negative,positive,,,applied,structural|AA|interact|_|nominalized,structural|interact,interact,AA,nominalized,,event_nominal,DEP-nom-interaction-subject-undirected,participants,participants,compound,compound,compound,conj,asserted,undirected,1,0,0,1,dependency
aimed,AIMed.d152.s1291,stanza_craft+coref_1d6a0566_1:rel:2,0,3,negative,positive,,,applied,structural|AA|interact|_|nominalized,structural|interact,interact,AA,nominalized,,event_nominal,DEP-nom-interaction-subject-undirected,participants,participants,compound,compound,compound,conj,asserted,undirected,1,0,0,1,dependency
aimed,AIMed.d152.s1291,stanza_craft+coref_1d6a0566_1:rel:3,1,2,negative,positive,,,applied,structural|AA|interact|_|nominalized,structural|interact,interact,AA,nominalized,,event_nominal,DEP-nom-interaction-subject-undirected,participants,participants,compound,compound,compound,conj,asserted,undirected,1,0,0,1,dependency
aimed,AIMed.d152.s1291,stanza_craft+coref_1d6a0566_1:rel:4,1,3,negative,positive,,,applied,structural|AA|interact|_|nominalized,structural|interact,interact,AA,nominalized,,event_nominal,DEP-nom-interaction-subject-undirected,participants,participants,compound,compound,compound,conj,asserted,undirected,1,0,0,1,dependency
aimed,AIMed.d152.s1291,stanza_craft+coref_1d6a0566_1:rel:5,2,3,positive,positive,,,applied,structural|AA|interact|_|nominalized,structural|interact,interact,AA,nominalized,,event_nominal,DEP-nom-interaction-subject-undirected,participants,participants,compound,compound,conj,conj,asserted,undirected,1,0,0,1,dependency
aimed,AIMed.d152.s1292,stanza_craft+coref_98f0097c_3:rel:0,1,2,negative,negative,,,review_only,relational|RELATIONAL|is-a|_|verbal,relational|RELATIONAL|is-a|_,,RELATIONAL,verbal,,appositive,DEP-ParentheticalAlias,entities_a,entities_b,nmod,dep,obl,dep,asserted,relational,0,0,0,0,dependency
aimed,AIMed.d152.s1294,stanza_craft+coref_dc356a68_0:rel:0,0,1,positive,positive,,,applied,structural|AB|interact|with|verbal,structural|interact,interact,AB,verbal,with,clause,DEP-interact,sources,targets,nsubj,nmod:with,nsubj,obl,asserted,directed,0,0,0,0,dependency
aimed,AIMed.d152.s1294,stanza_craft+coref_dc356a68_0:rel:1,0,2,positive,positive,,,applied,structural|AB|interact|with|verbal,structural|interact,interact,AB,verbal,with,clause,DEP-interact,sources,targets,nsubj,nmod:with,nsubj,conj,asserted,directed,0,0,0,0,dependency
aimed,AIMed.d152.s1295,stanza_craft+coref_394b1eb7_2:rel:0,0,1,negative,positive,,,applied,relational|RELATIONAL|inhibitor|_|nominalized,relational|RELATIONAL|inhibitor|_,inhibitor,RELATIONAL,nominalized,,clause,DEP-CopulaIsA,entities_a,entities_b,nsubj,ROOT,nsubj,root,asserted,relational,1,1,0,1,dependency
aimed,AIMed.d152.s1297,stanza_craft+coref_4265874c_1:rel:0,0,2,negative,positive,,,applied,structural|AB|bifurcate|at|verbal,structural|bifurcate,bifurcate,AB,verbal,at,clause,DEP-bifurcate,sources,targets,nsubj,nmod:at,nsubj,obl,asserted,directed,1,1,0,0,dependency
aimed,AIMed.d152.s1297,stanza_craft+coref_4265874c_1:rel:1,1,2,negative,positive,,,applied,structural|AB|bifurcate|at|verbal,structural|bifurcate,bifurcate,AB,verbal,at,clause,DEP-bifurcate,sources,targets,nsubj,nmod:at,nsubj,obl,asserted,directed,1,1,0,0,dependency
aimed,AIMed.d153.s1298,stanza_craft+coref_51f30982_0:rel:0,0,1,positive,positive,,,applied,structural|AB|characterize|to|nominalized,structural|characterize,characterize,AB,nominalized,to,event_nominal,DEP-nom-characterization,sources,targets,nmod:of,nmod:to,compound,nmod,asserted,directed,1,0,0,1,dependency
aimed,AIMed.d153.s1299,stanza_craft+coref_c537ec3b_1:rel:0,0,2,positive,positive,,,applied,structural|AB|associate|with|passive,structural|associate,associate,AB,passive,with,clause,DEP-associate-passive,sources,targets,nsubjpass,nmod:with,nsubj:pass,obl,asserted,directed,0,0,0,0,dependency
aimed,AIMed.d153.s1299,stanza_craft+coref_c537ec3b_2:rel:0,2,3,negative,negative,,,review_only,relational|RELATIONAL|is-a|_|verbal,relational|RELATIONAL|is-a|_,,RELATIONAL,verbal,,appositive,DEP-ParentheticalAlias,entities_a,entities_b,nmod,dep,obl,dep,asserted,relational,0,0,0,0,dependency
aimed,AIMed.d153.s1300,stanza_craft+coref_746293fa_0:rel:0,0,1,positive,negative,,,not_applied,structural|AA|bind|of|nominalized,structural|bind,bind,AA,nominalized,of,clause,DEP-binding-nestedinner,participants,participants,nmod:of,nmod:of,nmod,conj,asserted,undirected,0,0,0,1,dependency
aimed,AIMed.d153.s1301,stanza_craft+coref_a6af94fc_0:rel:0,0,1,positive,positive,,,applied,structural|AB|associate|with|passive,structural|associate,associate,AB,passive,with,clause,DEP-associate-passive,sources,targets,nsubjpass,nmod:with,nsubj:pass,obl,asserted,directed,0,0,0,0,dependency
aimed,AIMed.d153.s1301,stanza_craft+coref_a6af94fc_4:rel:0,4,5,positive,positive,,,applied,structural|AA|associate|between|nominalized,structural|associate,associate,AA,nominalized,between,event_nominal,DEP-nom-association-subject-undirected,participants,participants,nmod:between,nmod:between,nmod,conj,asserted,undirected,0,0,0,1,dependency
aimed,AIMed.d153.s1302,stanza_craft+coref_4757225d_3:rel:0,2,3,negative,negative,,,not_applied,structural|AB|transport|_|verbal,structural|transport,transport,AB,verbal,,clause,DEP-transport,sources,targets,nsubj,dobj,nsubj,obj,negated,directed,0,0,0,0,dependency
aimed,AIMed.d153.s1304,stanza_craft+coref_ecf02de1_0:rel:0,0,1,negative,positive,,,applied,structural|AB|inhibit|_|verbal,structural|inhibit,inhibit,AB,verbal,,clause,DEP-inhibit,sources,targets,nsubj,conj,nsubj,conj,asserted,directed,1,1,0,0,dependency
aimed,AIMed.d153.s1306,stanza_craft+coref_fb275e89_2:rel:0,1,2,positive,positive,,,applied,structural|AB|bind|to|verbal,structural|bind,bind,AB,verbal,to,clause,DEP-bind,sources,targets,nsubj,nmod:to,nsubj,obl,asserted,directed,0,0,0,0,dependency
aimed,AIMed.d155.s1317,stanza_craft+coref_517adffe_0:rel:0,0,1,negative,positive,,,applied,structural|AB|identify|_|verbal,structural|identify,identify,AB,verbal,,clause,DEP-identify,sources,targets,nsubj,dobj,nsubj,obj,asserted,directed,1,1,0,0,dependency
aimed,AIMed.d155.s1317,stanza_craft+coref_517adffe_4:rel:0,1,2,negative,negative,,,review_only,relational|RELATIONAL|is-a|_|verbal,relational|RELATIONAL|is-a|_,,RELATIONAL,verbal,,appositive,DEP-ParentheticalAlias,entities_a,entities_b,compound,dep,compound,dep,asserted,relational,1,0,0,0,dependency
aimed,AIMed.d156.s1320,stanza_craft+coref_01335431_0:rel:0,0,1,positive,positive,,,applied,structural|AB|associate|with|passive,structural|associate,associate,AB,passive,with,clause,DEP-associate-passive,sources,targets,ROOT,nmod:with,root,obl,asserted,directed,0,0,0,0,dependency
aimed,AIMed.d156.s1321,stanza_craft+coref_2f7bdce6_0:rel:0,0,2,positive,positive,,,applied,structural|AB|mediate|_|passive,structural|mediate,mediate,AB,passive,,clause,DEP-mediate-passive,sources,targets,nmod,nsubjpass,obl,nsubj:pass,asserted,directed,0,1,0,0,dependency
aimed,AIMed.d156.s1321,stanza_craft+coref_2f7bdce6_0:rel:1,1,2,positive,positive,,,applied,structural|AB|mediate|_|passive,structural|mediate,mediate,AB,passive,,clause,DEP-mediate-passive,sources,targets,nmod,nsubjpass,obl,nsubj:pass,asserted,directed,0,1,0,0,dependency
aimed,AIMed.d156.s1321,stanza_craft+coref_2f7bdce6_1:rel:0,0,1,negative,negative,,,review_only,relational|RELATIONAL|is-a|_|verbal,relational|RELATIONAL|is-a|_,,RELATIONAL,verbal,,appositive,DEP-ParentheticalAlias,entities_a,entities_b,nmod,dep,nmod,dep,asserted,relational,0,0,0,0,dependency
aimed,AIMed.d156.s1322,stanza_craft+coref_3bf3c4ab_3:rel:0,1,2,negative,negative,,,review_only,relational|RELATIONAL|is-a|_|verbal,relational|RELATIONAL|is-a|_,,RELATIONAL,verbal,,appositive,DEP-Apposition,entities_a,entities_b,nmod,dep,nmod,dep,asserted,relational,0,1,0,0,dependency
aimed,AIMed.d156.s1322,stanza_craft+coref_3bf3c4ab_4:rel:0,1,2,negative,negative,,,review_only,relational|RELATIONAL|is-a|_|verbal,relational|RELATIONAL|is-a|_,,RELATIONAL,verbal,,appositive,DEP-ParentheticalAlias,entities_a,entities_b,dep,dep,dep,dep,asserted,relational,0,0,0,0,dependency
aimed,AIMed.d156.s1324,stanza_craft+coref_6d087796_2:rel:0,2,3,positive,positive,,,applied,structural|AB|associate|with|verbal,structural|associate,associate,AB,verbal,with,clause,DEP-associate,sources,targets,nsubj,nmod:with,nsubj,obl,asserted,directed,1,1,0,0,dependency
aimed,AIMed.d157.s1328,stanza_craft+coref_b6efb7c0_0:rel:0,0,4,negative,positive,,,applied,structural|AB|complex|_|passive,structural|complex,complex,AB,passive,,clause,DEP-complex-passive,sources,targets,nmod,nsubjpass,obl,nsubj:pass,asserted,directed,0,1,0,0,dependency
aimed,AIMed.d157.s1328,stanza_craft+coref_b6efb7c0_0:rel:1,0,5,negative,positive,,,applied,structural|AB|complex|_|passive,structural|complex,complex,AB,passive,,clause,DEP-complex-passive,sources,targets,nmod,nsubjpass,obl,nsubj:pass,asserted,directed,0,1,0,0,dependency
aimed,AIMed.d157.s1328,stanza_craft+coref_b6efb7c0_0:rel:2,1,4,negative,positive,,,applied,structural|AB|complex|_|passive,structural|complex,complex,AB,passive,,clause,DEP-complex-passive,sources,targets,nmod,conj,obl,conj,asserted,directed,0,0,0,0,dependency
aimed,AIMed.d157.s1328,stanza_craft+coref_b6efb7c0_0:rel:3,1,5,negative,positive,,,applied,structural|AB|complex|_|passive,structural|complex,complex,AB,passive,,clause,DEP-complex-passive,sources,targets,nmod,conj,obl,conj,asserted,directed,0,0,0,0,dependency
aimed,AIMed.d157.s1328,stanza_craft+coref_b6efb7c0_1:rel:0,4,5,negative,negative,,,review_only,relational|RELATIONAL|is-a|_|verbal,relational|RELATIONAL|is-a|_,,RELATIONAL,verbal,,appositive,DEP-Apposition,entities_a,entities_b,nmod,appos,obl,appos,asserted,relational,0,0,0,0,dependency
aimed,AIMed.d157.s1328,stanza_craft+coref_b6efb7c0_2:rel:0,2,3,negative,negative,,,review_only,relational|RELATIONAL|is-a|_|verbal,relational|RELATIONAL|is-a|_,,RELATIONAL,verbal,,appositive,DEP-ParentheticalAlias,entities_a,entities_b,dep,dep,dep,dep,asserted,relational,0,0,0,0,dependency
aimed,AIMed.d157.s1329,stanza_craft+coref_c6f6a431_0:rel:0,0,2,negative,positive,,,applied,structural|AB|bind|_|verbal,structural|bind,bind,AB,verbal,,clause,DEP-bind,sources,targets,nsubj,dobj,nsubj,obj,asserted,directed,0,1,0,0,dependency
aimed,AIMed.d157.s1329,stanza_craft+coref_c6f6a431_2:rel:0,0,1,negative,negative,,,review_only,relational|RELATIONAL|is-a|_|verbal,relational|RELATIONAL|is-a|_,,RELATIONAL,verbal,,appositive,DEP-ParentheticalAlias,entities_a,entities_b,appos,dep,appos,dep,asserted,relational,0,0,0,0,dependency
aimed,AIMed.d158.s1332,stanza_craft+coref_732fe361_0:rel:0,0,1,negative,positive,,,applied,structural|AB|recruit|to|nominalized,structural|recruit,recruit,AB,nominalized,to,event_nominal,DEP-nom-recruitment,sources,targets,nmod:of,nmod:to,dep,compound,asserted,directed,1,0,0,1,dependency
aimed,AIMed.d158.s1333,stanza_craft+coref_ca790955_3:rel:0,0,1,negative,negative,,,review_only,relational|RELATIONAL|is-a|_|verbal,relational|RELATIONAL|is-a|_,,RELATIONAL,verbal,,appositive,DEP-ParentheticalAlias,entities_a,entities_b,nmod,dep,nmod,dep,asserted,relational,0,0,0,0,dependency
aimed,AIMed.d158.s1334,stanza_craft+coref_197e1fc5_0:rel:0,0,1,positive,positive,,,applied,structural|AB|interact|with|verbal,structural|interact,interact,AB,verbal,with,clause,DEP-interact,sources,targets,nsubj,nmod:with,nsubj,obl,asserted,directed,0,0,0,0,dependency
aimed,AIMed.d158.s1335,stanza_craft+coref_776c7ced_0:rel:0,0,1,negative,positive,,,applied,structural|AB|recruit|_|passive,structural|recruit,recruit,AB,passive,,clause,DEP-recruit-passive,sources,targets,nmod,nsubj,obl,nsubj,asserted,directed,0,0,0,0,dependency
aimed,AIMed.d158.s1335,stanza_craft+coref_776c7ced_0:rel:1,1,2,negative,positive,,,applied,structural|AB|recruit|to|passive,structural|recruit,recruit,AB,passive,to,clause,DEP-recruit-passive,sources,targets,nmod,nmod:to,obl,obl,asserted,directed,0,0,0,0,dependency
aimed,AIMed.d158.s1336,stanza_craft+coref_8b352bc1_0:rel:0,0,1,negative,positive,,,applied,structural|AB|induce|_|verbal,structural|induce,induce,AB,verbal,,clause,DEP-induce,sources,targets,nsubj,dobj,nsubj,obj,asserted,directed,1,1,0,0,dependency
aimed,AIMed.d158.s1337,stanza_craft+coref_c8781a6b_1:rel:0,0,1,negative,positive,,,applied,structural|AB|inhibit|_|verbal,structural|inhibit,inhibit,AB,verbal,,clause,DEP-inhibit,sources,targets,nsubj,dobj,nsubj,obj,asserted,directed,1,1,0,0,dependency
aimed,AIMed.d159.s1340,stanza_craft+coref_845dc846_0:rel:0,0,1,positive,positive,,,applied,structural|AB|interact|with|verbal,structural|interact,interact,AB,verbal,with,clause,DEP-interact,sources,targets,nsubjpass,nmod:with,nsubj:pass,obl,asserted,directed,0,1,0,0,dependency
aimed,AIMed.d159.s1340,stanza_craft+coref_845dc846_1:rel:0,1,2,negative,negative,,,review_only,relational|RELATIONAL|identity|_|verbal,relational|RELATIONAL|identity|_,,RELATIONAL,verbal,,appositive,DEP-LooseIdentityCandidate,entities_a,entities_b,nmod,compound,obl,compound,asserted,relational,1,0,0,0,dependency
aimed,AIMed.d16.s136,stanza_craft+coref_bd827966_1:rel:0,0,2,negative,negative,,,review_only,relational|RELATIONAL|is-a|_|verbal,relational|RELATIONAL|is-a|_,,RELATIONAL,verbal,,appositive,DEP-Apposition,entities_a,entities_b,nmod,appos,nmod,appos,asserted,relational,0,1,0,0,dependency
aimed,AIMed.d16.s136,stanza_craft+coref_bd827966_1:rel:1,0,4,negative,negative,,,review_only,relational|RELATIONAL|is-a|_|verbal,relational|RELATIONAL|is-a|_,,RELATIONAL,verbal,,appositive,DEP-Apposition,entities_a,entities_b,nmod,appos,nmod,appos,asserted,relational,0,1,0,0,dependency
aimed,AIMed.d16.s136,stanza_craft+coref_bd827966_2:rel:0,0,1,negative,negative,,,review_only,relational|RELATIONAL|is-a|_|verbal,relational|RELATIONAL|is-a|_,,RELATIONAL,verbal,,appositive,DEP-ParentheticalAlias,entities_a,entities_b,appos,dep,appos,dep,asserted,relational,0,0,0,0,dependency
aimed,AIMed.d16.s136,stanza_craft+coref_bd827966_3:rel:0,2,3,negative,negative,,,review_only,relational|RELATIONAL|is-a|_|verbal,relational|RELATIONAL|is-a|_,,RELATIONAL,verbal,,appositive,DEP-ParentheticalAlias,entities_a,entities_b,conj,dep,conj,dep,asserted,relational,0,0,0,0,dependency
aimed,AIMed.d16.s139,stanza_craft+coref_cb93e887_0:rel:0,0,3,negative,positive,,,applied,structural|AB|coexpress|with|passive,structural|coexpress,coexpress,AB,passive,with,clause,DEP-coexpress-passive,sources,targets,nsubjpass,nmod:with,nsubj:pass,obl,asserted,directed,0,1,0,0,dependency
aimed,AIMed.d16.s139,stanza_craft+coref_cb93e887_0:rel:1,0,4,negative,positive,,,applied,structural|AB|coexpress|with|passive,structural|coexpress,coexpress,AB,passive,with,clause,DEP-coexpress-passive,sources,targets,nsubjpass,nmod:with,nsubj:pass,obl,asserted,directed,0,1,0,0,dependency
aimed,AIMed.d16.s139,stanza_craft+coref_cb93e887_0:rel:2,0,5,negative,positive,,,applied,structural|AB|coexpress|with|passive,structural|coexpress,coexpress,AB,passive,with,clause,DEP-coexpress-passive,sources,targets,nsubjpass,nmod:with,nsubj:pass,obl,asserted,directed,0,1,0,0,dependency
aimed,AIMed.d16.s139,stanza_craft+coref_cb93e887_0:rel:3,1,3,negative,positive,,,applied,structural|AB|coexpress|with|passive,structural|coexpress,coexpress,AB,passive,with,clause,DEP-coexpress-passive,sources,targets,conj,nmod:with,conj,obl,asserted,directed,0,1,0,0,dependency
aimed,AIMed.d16.s139,stanza_craft+coref_cb93e887_0:rel:4,1,4,negative,positive,,,applied,structural|AB|coexpress|with|passive,structural|coexpress,coexpress,AB,passive,with,clause,DEP-coexpress-passive,sources,targets,conj,nmod:with,conj,obl,asserted,directed,0,1,0,0,dependency
aimed,AIMed.d16.s139,stanza_craft+coref_cb93e887_0:rel:5,1,5,negative,positive,,,applied,structural|AB|coexpress|with|passive,structural|coexpress,coexpress,AB,passive,with,clause,DEP-coexpress-passive,sources,targets,conj,nmod:with,conj,obl,asserted,directed,0,1,0,0,dependency
aimed,AIMed.d16.s139,stanza_craft+coref_cb93e887_0:rel:6,2,3,negative,positive,,,applied,structural|AB|coexpress|with|passive,structural|coexpress,coexpress,AB,passive,with,clause,DEP-coexpress-passive,sources,targets,conj,nmod:with,conj,obl,asserted,directed,0,1,0,0,dependency
aimed,AIMed.d16.s139,stanza_craft+coref_cb93e887_0:rel:7,2,4,negative,positive,,,applied,structural|AB|coexpress|with|passive,structural|coexpress,coexpress,AB,passive,with,clause,DEP-coexpress-passive,sources,targets,conj,nmod:with,conj,obl,asserted,directed,0,1,0,0,dependency
aimed,AIMed.d16.s139,stanza_craft+coref_cb93e887_0:rel:8,2,5,negative,positive,,,applied,structural|AB|coexpress|with|passive,structural|coexpress,coexpress,AB,passive,with,clause,DEP-coexpress-passive,sources,targets,conj,nmod:with,conj,obl,asserted,directed,0,1,0,0,dependency
aimed,AIMed.d16.s139,stanza_craft+coref_cb93e887_1:rel:0,3,4,negative,negative,,,review_only,relational|RELATIONAL|is-a|_|verbal,relational|RELATIONAL|is-a|_,,RELATIONAL,verbal,,appositive,DEP-Apposition,entities_a,entities_b,nmod,appos,obl,appos,asserted,relational,0,1,0,0,dependency
aimed,AIMed.d16.s139,stanza_craft+coref_cb93e887_1:rel:1,3,5,negative,negative,,,review_only,relational|RELATIONAL|is-a|_|verbal,relational|RELATIONAL|is-a|_,,RELATIONAL,verbal,,appositive,DEP-Apposition,entities_a,entities_b,nmod,appos,obl,appos,asserted,relational,0,1,0,0,dependency
aimed,AIMed.d160.s1344,stanza_craft+coref_eb12ecc3_1:rel:0,0,1,negative,negative,,,review_only,relational|RELATIONAL|is-a|_|verbal,relational|RELATIONAL|is-a|_,,RELATIONAL,verbal,,appositive,DEP-ParentheticalAlias,entities_a,entities_b,dep,compound,dep,compound,asserted,relational,1,0,0,0,dependency
aimed,AIMed.d160.s1345,stanza_craft+coref_ac51e933_0:rel:0,0,1,negative,positive,,,applied,structural|AB|mediate|via|verbal,structural|mediate,mediate,AB,verbal,via,clause,DEP-mediate,sources,targets,nsubj,nmod:via,nsubj,obl,asserted,directed,0,1,0,0,dependency
aimed,AIMed.d160.s1345,stanza_craft+coref_ac51e933_0:rel:1,0,3,negative,positive,,,applied,structural|AB|mediate|via|verbal,structural|mediate,mediate,AB,verbal,via,clause,DEP-mediate,sources,targets,nsubj,nmod:via,nsubj,obl,asserted,directed,0,1,0,0,dependency
aimed,AIMed.d160.s1345,stanza_craft+coref_ac51e933_0:rel:2,0,5,negative,positive,,,applied,structural|AB|mediate|via|verbal,structural|mediate,mediate,AB,verbal,via,clause,DEP-mediate,sources,targets,nsubj,nmod:via,nsubj,obl,asserted,directed,0,1,0,0,dependency
aimed,AIMed.d160.s1345,stanza_craft+coref_ac51e933_1:rel:0,1,3,negative,negative,,,review_only,relational|RELATIONAL|is-a|_|verbal,relational|RELATIONAL|is-a|_,,RELATIONAL,verbal,,appositive,DEP-Apposition,entities_a,entities_b,nmod,appos,obl,appos,asserted,relational,0,1,0,0,dependency
aimed,AIMed.d160.s1345,stanza_craft+coref_ac51e933_1:rel:1,1,5,negative,negative,,,review_only,relational|RELATIONAL|is-a|_|verbal,relational|RELATIONAL|is-a|_,,RELATIONAL,verbal,,appositive,DEP-Apposition,entities_a,entities_b,nmod,appos,obl,appos,asserted,relational,0,1,0,0,dependency
aimed,AIMed.d160.s1345,stanza_craft+coref_ac51e933_2:rel:0,1,3,negative,negative,,,review_only,relational|RELATIONAL|is-a|_|verbal,relational|RELATIONAL|is-a|_,,RELATIONAL,verbal,,appositive,DEP-Apposition,entities_a,entities_b,nmod,appos,obl,appos,asserted,relational,0,1,0,0,dependency
aimed,AIMed.d160.s1345,stanza_craft+coref_ac51e933_2:rel:1,3,5,negative,negative,,,review_only,relational|RELATIONAL|is-a|_|verbal,relational|RELATIONAL|is-a|_,,RELATIONAL,verbal,,appositive,DEP-Apposition,entities_a,entities_b,nmod,appos,obl,appos,asserted,relational,0,1,0,0,dependency
aimed,AIMed.d160.s1345,stanza_craft+coref_ac51e933_3:rel:0,1,2,negative,negative,,,review_only,relational|RELATIONAL|is-a|_|verbal,relational|RELATIONAL|is-a|_,,RELATIONAL,verbal,,appositive,DEP-ParentheticalAlias,entities_a,entities_b,appos,dep,appos,dep,asserted,relational,0,0,0,0,dependency
aimed,AIMed.d160.s1345,stanza_craft+coref_ac51e933_4:rel:0,3,4,negative,negative,,,review_only,relational|RELATIONAL|is-a|_|verbal,relational|RELATIONAL|is-a|_,,RELATIONAL,verbal,,appositive,DEP-ParentheticalAlias,entities_a,entities_b,appos,dep,appos,dep,asserted,relational,0,0,0,0,dependency
aimed,AIMed.d160.s1346,stanza_craft+coref_3d00ffe8_2:rel:0,1,2,negative,negative,,,not_applied,structural|AA|bind|to|nominalized,structural|bind,bind,AA,nominalized,to,clause,DEP-binding-nestedinner,participants,participants,nmod:to,nmod:to,nmod,nmod,asserted,undirected,1,1,0,1,dependency
aimed,AIMed.d160.s1346,stanza_craft+coref_3d00ffe8_3:rel:0,0,1,negative,negative,,,not_applied,structural|NESTED|mediate|_|nested,structural|NESTED|mediate|_,mediate,NESTED,nested,,clause,DEP-mediate-nested,sources,targets:event_ref:stanza_craft+coref_3d00ffe8_2,dobj,nmod:to,obj,nmod,asserted,nested_review,1,1,0,0,dependency
aimed,AIMed.d160.s1346,stanza_craft+coref_3d00ffe8_3:rel:1,0,2,negative,negative,,,not_applied,structural|NESTED|mediate|_|nested,structural|NESTED|mediate|_,mediate,NESTED,nested,,clause,DEP-mediate-nested,sources,targets:event_ref:stanza_craft+coref_3d00ffe8_2,dobj,nmod:to,obj,nmod,asserted,nested_review,0,1,0,0,dependency
aimed,AIMed.d160.s1346,stanza_craft+coref_3d00ffe8_3:rel:2,0,1,negative,negative,,,not_applied,structural|NESTED|mediate|_|nested,structural|NESTED|mediate|_,mediate,NESTED,nested,,clause,DEP-mediate-nested,sources,targets:event_ref:stanza_craft+coref_3d00ffe8_2,dobj,nmod:to,obj,nmod,asserted,nested_review,1,1,0,0,dependency
aimed,AIMed.d160.s1346,stanza_craft+coref_3d00ffe8_3:rel:3,0,2,negative,negative,,,not_applied,structural|NESTED|mediate|_|nested,structural|NESTED|mediate|_,mediate,NESTED,nested,,clause,DEP-mediate-nested,sources,targets:event_ref:stanza_craft+coref_3d00ffe8_2,dobj,nmod:to,obj,nmod,asserted,nested_review,0,1,0,0,dependency
aimed,AIMed.d160.s1349,stanza_craft+coref_4892a72a_0:rel:0,0,1,negative,positive,,,applied,structural|AB|have|_|verbal,structural|have,have,AB,verbal,,clause,DEP-have,sources,targets,nsubj,dobj,nsubj,obj,asserted,directed,1,1,0,0,dependency
aimed,AIMed.d161.s1355,stanza_craft+coref_a9a907dc_0:rel:0,0,1,negative,positive,,,applied,structural|AB|associate|with|verbal,structural|associate,associate,AB,verbal,with,clause,DEP-associate,sources,targets,nsubj,nmod:with,nsubj,obl,asserted,directed,1,1,0,0,dependency
aimed,AIMed.d161.s1355,stanza_craft+coref_a9a907dc_0:rel:1,0,2,positive,positive,,,applied,structural|AB|associate|with|verbal,structural|associate,associate,AB,verbal,with,clause,DEP-associate,sources,targets,nsubj,nmod:with,nsubj,obl,asserted,directed,1,1,0,0,dependency
aimed,AIMed.d161.s1355,stanza_craft+coref_a9a907dc_0:rel:2,0,3,negative,positive,,,applied,structural|AB|associate|with|verbal,structural|associate,associate,AB,verbal,with,clause,DEP-associate,sources,targets,nsubj,nmod:with,nsubj,obl,asserted,directed,0,0,0,0,dependency
aimed,AIMed.d161.s1355,stanza_craft+coref_a9a907dc_1:rel:0,4,5,negative,positive,,,applied,structural|AB|promote|_|verbal,structural|promote,promote,AB,verbal,,clause,DEP-promote,sources,targets,nsubj,dobj,nsubj,obj,asserted,directed,0,1,0,0,dependency
aimed,AIMed.d161.s1357,stanza_craft+coref_55e274cb_2:rel:0,1,2,positive,positive,,,applied,structural|AB|interact|with|verbal,structural|interact,interact,AB,verbal,with,clause,DEP-interact,sources,targets,nsubj,nmod:with,nsubj,obl,asserted,directed,0,1,0,0,dependency
aimed,AIMed.d161.s1359,stanza_craft+coref_83ce6535_0:rel:0,0,1,positive,positive,,,applied,structural|AB|bind|to|verbal,structural|bind,bind,AB,verbal,to,clause,DEP-bind,sources,targets,nsubj,nmod:to,nsubj,obl,asserted,directed,0,0,0,0,dependency
aimed,AIMed.d162.s1367,stanza_craft+coref_ae62e921_0:rel:0,0,2,positive,positive,,,applied,structural|AB|interact|with|verbal,structural|interact,interact,AB,verbal,with,clause,DEP-interact,sources,targets,nsubj,nmod:with,nsubj,obl,asserted,directed,0,0,0,0,dependency
aimed,AIMed.d162.s1367,stanza_craft+coref_ae62e921_1:rel:0,0,1,negative,negative,,,review_only,relational|RELATIONAL|is-a|_|verbal,relational|RELATIONAL|is-a|_,,RELATIONAL,verbal,,appositive,DEP-ParentheticalAlias,entities_a,entities_b,nsubj,dep,nsubj,dep,asserted,relational,0,0,0,0,dependency
aimed,AIMed.d162.s1368,stanza_craft+coref_8dec5134_0:rel:0,0,2,negative,positive,,,applied,structural|AB|inhibit|_|passive,structural|inhibit,inhibit,AB,passive,,clause,DEP-inhibit-passive,sources,targets,nmod,nsubjpass,obl,nsubj:pass,asserted,directed,0,1,0,0,dependency
aimed,AIMed.d162.s1368,stanza_craft+coref_8dec5134_0:rel:1,1,2,negative,positive,,,applied,structural|AB|inhibit|_|passive,structural|inhibit,inhibit,AB,passive,,clause,DEP-inhibit-passive,sources,targets,nmod,nsubjpass,obl,nsubj:pass,asserted,directed,0,1,0,0,dependency
aimed,AIMed.d162.s1368,stanza_craft+coref_8dec5134_1:rel:0,0,1,positive,positive,,,applied,structural|AB|bind|to|nominalized,structural|bind,bind,AB,nominalized,to,event_nominal,DEP-nom-binding-subject,sources,targets,nmod:of,nmod:to,nmod,nmod,asserted,directed,0,0,0,1,dependency
aimed,AIMed.d162.s1369,stanza_craft+coref_7098bab4_0:rel:0,0,1,positive,positive,,,applied,structural|AB|repress|_|verbal,structural|repress,repress,AB,verbal,,clause,DEP-repress,sources,targets,nsubj,dobj,nsubj,obj,asserted,directed,0,1,0,0,dependency
aimed,AIMed.d162.s1370,stanza_craft+coref_a4b82ee9_1:rel:0,0,1,negative,positive,,,applied,structural|AB|activate|_|verbal,structural|activate,activate,AB,verbal,,clause,DEP-activate,sources,targets,nsubj,dobj,nsubj,obj,asserted,directed,0,1,0,0,dependency
aimed,AIMed.d163.s1372,stanza_craft+coref_06a9270e_0:rel:0,0,1,negative,positive,,,applied,structural|AB|degrade|_|nominalized,structural|degrade,degrade,AB,nominalized,,event_nominal,DEP-nom-degradation,sources,targets,nmod:of,nmod,compound,nmod,asserted,directed,1,0,0,1,dependency
aimed,AIMed.d163.s1372,stanza_craft+coref_06a9270e_0:rel:1,0,2,negative,positive,,,applied,structural|AB|degrade|_|nominalized,structural|degrade,degrade,AB,nominalized,,event_nominal,DEP-nom-degradation,sources,targets,nmod:of,nmod,compound,nmod,asserted,directed,1,0,0,1,dependency
aimed,AIMed.d163.s1372,stanza_craft+coref_06a9270e_1:rel:0,1,2,negative,negative,,,review_only,relational|RELATIONAL|is-a|_|verbal,relational|RELATIONAL|is-a|_,,RELATIONAL,verbal,,appositive,DEP-Apposition,entities_a,entities_b,nmod,appos,nmod,appos,asserted,relational,0,0,0,0,dependency
aimed,AIMed.d163.s1374,stanza_craft+coref_a8ef231a_4:rel:0,0,1,negative,negative,,,review_only,relational|RELATIONAL|is-a|_|verbal,relational|RELATIONAL|is-a|_,,RELATIONAL,verbal,,appositive,DEP-ParentheticalAlias,entities_a,entities_b,appos,dep,appos,dep,asserted,relational,0,0,0,0,dependency
aimed,AIMed.d163.s1374,stanza_craft+coref_a8ef231a_5:rel:0,2,3,negative,negative,,,review_only,relational|RELATIONAL|is-a|_|verbal,relational|RELATIONAL|is-a|_,,RELATIONAL,verbal,,appositive,DEP-ParentheticalAlias,entities_a,entities_b,nmod,dep,nmod,dep,asserted,relational,0,0,0,0,dependency
aimed,AIMed.d163.s1375,stanza_craft+coref_844a7b35_1:rel:0,1,2,negative,positive,,,applied,structural|AB|decrease|_|verbal,structural|decrease,decrease,AB,verbal,,clause,DEP-decrease,sources,targets,nsubj,dobj,nsubj,obj,asserted,directed,0,1,0,0,dependency
aimed,AIMed.d163.s1376,stanza_craft+coref_2294aeb3_1:rel:0,0,1,negative,positive,,,applied,structural|AB|sorting|_|verbal,structural|sorting,sorting,AB,verbal,,clause,DEP-sorting,sources,targets,nsubj,dobj,nsubj,obj,asserted,directed,0,0,0,0,dependency
aimed,AIMed.d164.s1378,stanza_craft+coref_f836d42e_1:rel:0,0,1,positive,positive,,,applied,structural|AA|heterodimer|_|compound_state,structural|heterodimer,heterodimer,AA,compound_state,,state_nominal,DEP-Complex,participants,participants,ROOT,ROOT,root,root,asserted,undirected,0,1,0,1,dependency
aimed,AIMed.d164.s1378,stanza_craft+coref_f836d42e_2:rel:0,0,1,positive,positive,,,review_only,relational|RELATIONAL|is-a|_|verbal,relational|RELATIONAL|is-a|_,,RELATIONAL,verbal,,appositive,DEP-Apposition,entities_a,entities_b,nmod,appos,nmod,appos,asserted,relational,0,1,0,0,dependency
aimed,AIMed.d164.s1382,stanza_craft+coref_105c5f3c_1:rel:0,0,1,negative,positive,,,applied,structural|AB|mediate|_|verbal,structural|mediate,mediate,AB,verbal,,clause,DEP-mediate,sources,targets,nsubj,dobj,nsubj,obj,asserted,directed,0,1,0,0,dependency
aimed,AIMed.d164.s1383,stanza_craft+coref_475088ec_1:rel:0,0,2,negative,positive,,,applied,structural|AB|recruit|_|verbal,structural|recruit,recruit,AB,verbal,,clause,DEP-recruit,sources,targets,nsubj,dobj,nsubj,obj,asserted,directed,0,0,0,0,dependency
aimed,AIMed.d165.s1384,stanza_craft+coref_24589e4a_1:rel:0,0,2,negative,positive,,,applied,structural|AA|complex|_|compound_state,structural|complex,complex,AA,compound_state,,state_nominal,DEP-Complex,participants,participants,dobj,dobj,obj,obj,asserted,undirected,0,1,0,1,dependency
aimed,AIMed.d165.s1384,stanza_craft+coref_24589e4a_2:rel:0,0,1,negative,negative,,,review_only,relational|RELATIONAL|identity|_|verbal,relational|RELATIONAL|identity|_,,RELATIONAL,verbal,,appositive,DEP-LooseIdentityCandidate,entities_a,entities_b,dep,dep,dep,dep,asserted,relational,0,0,0,0,dependency
aimed,AIMed.d165.s1389,stanza_craft+coref_2ee88188_1:rel:0,0,5,negative,positive,,,applied,structural|AB|encode|_|verbal,structural|encode,encode,AB,verbal,,clause,DEP-encode,sources,targets,compound,dobj,compound,obj,asserted,directed,1,1,0,0,dependency
aimed,AIMed.d165.s1389,stanza_craft+coref_2ee88188_1:rel:1,1,5,negative,positive,,,applied,structural|AB|encode|_|verbal,structural|encode,encode,AB,verbal,,clause,DEP-encode,sources,targets,nmod,dobj,nmod,obj,asserted,directed,0,1,0,0,dependency
aimed,AIMed.d165.s1389,stanza_craft+coref_2ee88188_1:rel:2,2,5,negative,positive,,,applied,structural|AB|encode|_|verbal,structural|encode,encode,AB,verbal,,clause,DEP-encode,sources,targets,nmod,dobj,nmod,obj,asserted,directed,0,1,0,0,dependency
aimed,AIMed.d165.s1389,stanza_craft+coref_2ee88188_1:rel:3,3,5,negative,positive,,,applied,structural|AB|encode|_|verbal,structural|encode,encode,AB,verbal,,clause,DEP-encode,sources,targets,nmod,dobj,nmod,obj,asserted,directed,0,1,0,0,dependency
aimed,AIMed.d165.s1389,stanza_craft+coref_2ee88188_1:rel:4,4,5,negative,positive,,,applied,structural|AB|encode|_|verbal,structural|encode,encode,AB,verbal,,clause,DEP-encode,sources,targets,nmod,dobj,nmod,obj,asserted,directed,0,1,0,0,dependency
aimed,AIMed.d165.s1390,stanza_craft+coref_e3c67659_0:rel:0,0,2,negative,positive,,,applied,structural|AA|interact|between|nominalized,structural|interact,interact,AA,nominalized,between,clause,DEP-interaction-nestedinner,participants,participants,nmod:between,compound,nmod,conj,asserted,undirected,1,1,0,1,dependency
aimed,AIMed.d165.s1391,stanza_craft+coref_8edb6532_0:rel:0,0,1,positive,positive,,,applied,structural|AA|interact|_|verbal,structural|interact,interact,AA,verbal,,clause,DEP-interact-undirected,participants,participants,compound,nsubj,compound,nsubj,asserted,undirected,1,1,0,0,dependency
aimed,AIMed.d165.s1391,stanza_craft+coref_8edb6532_0:rel:1,0,2,negative,positive,,,applied,structural|AA|interact|_|verbal,structural|interact,interact,AA,verbal,,clause,DEP-interact-undirected,participants,participants,compound,nsubj,compound,nsubj,asserted,undirected,1,1,0,0,dependency
aimed,AIMed.d165.s1391,stanza_craft+coref_8edb6532_0:rel:2,0,3,negative,positive,,,applied,structural|AA|interact|_|verbal,structural|interact,interact,AA,verbal,,clause,DEP-interact-undirected,participants,participants,compound,nsubj,compound,nsubj,asserted,undirected,1,1,0,0,dependency
aimed,AIMed.d165.s1391,stanza_craft+coref_8edb6532_0:rel:3,1,2,negative,positive,,,applied,structural|AA|interact|_|verbal,structural|interact,interact,AA,verbal,,clause,DEP-interact-undirected,participants,participants,nsubj,nsubj,nsubj,nsubj,asserted,undirected,0,1,0,0,dependency
aimed,AIMed.d165.s1391,stanza_craft+coref_8edb6532_0:rel:4,1,3,negative,positive,,,applied,structural|AA|interact|_|verbal,structural|interact,interact,AA,verbal,,clause,DEP-interact-undirected,participants,participants,nsubj,nsubj,nsubj,nsubj,asserted,undirected,0,1,0,0,dependency
aimed,AIMed.d165.s1391,stanza_craft+coref_8edb6532_0:rel:5,2,3,negative,positive,,,applied,structural|AA|interact|_|verbal,structural|interact,interact,AA,verbal,,clause,DEP-interact-undirected,participants,participants,nsubj,nsubj,nsubj,nsubj,asserted,undirected,0,1,0,0,dependency
aimed,AIMed.d165.s1392,stanza_craft+coref_3aa4dc36_0:rel:0,0,1,negative,positive,,,applied,structural|AB|interact|with|verbal,structural|interact,interact,AB,verbal,with,clause,DEP-interact,sources,targets,nsubj,nmod:with,nsubj,obl,asserted,directed,1,1,0,0,dependency
aimed,AIMed.d165.s1392,stanza_craft+coref_3aa4dc36_0:rel:1,0,2,positive,positive,,,applied,structural|AB|interact|with|verbal,structural|interact,interact,AB,verbal,with,clause,DEP-interact,sources,targets,nsubj,nmod:with,nsubj,obl,asserted,directed,1,1,0,0,dependency
aimed,AIMed.d166.s1394,stanza_craft+coref_4e5b139e_0:rel:0,0,4,negative,positive,,,applied,structural|AB|identify|_|passive,structural|identify,identify,AB,passive,,clause,DEP-identify-passive,sources,targets,nmod,nsubjpass,obl,nsubj:pass,asserted,directed,0,1,0,0,dependency
aimed,AIMed.d166.s1394,stanza_craft+coref_4e5b139e_0:rel:1,1,4,negative,positive,,,applied,structural|AB|identify|_|passive,structural|identify,identify,AB,passive,,clause,DEP-identify-passive,sources,targets,nmod,nsubjpass,obl,nsubj:pass,asserted,directed,0,1,0,0,dependency
aimed,AIMed.d166.s1394,stanza_craft+coref_4e5b139e_1:rel:0,2,3,negative,positive,,,applied,structural|AA|bind|to|nominalized,structural|bind,bind,AA,nominalized,to,event_nominal,DEP-nom-binding-undirected,participants,participants,nmod:to,nmod:to,nmod,conj,asserted,undirected,0,0,0,1,dependency
aimed,AIMed.d166.s1394,stanza_craft+coref_4e5b139e_2:rel:0,0,1,negative,negative,,,review_only,relational|RELATIONAL|is-a|_|verbal,relational|RELATIONAL|is-a|_,,RELATIONAL,verbal,,appositive,DEP-ParentheticalAlias,entities_a,entities_b,nmod,dep,nmod,dep,asserted,relational,0,0,0,0,dependency
aimed,AIMed.d166.s1397,stanza_craft+coref_6b6e6311_0:rel:0,0,1,positive,positive,,,applied,structural|AB|contribute|_|verbal,structural|contribute,contribute,AB,verbal,,clause,DEP-contribute,sources,targets,nsubjpass,dobj,nsubj:pass,obj,asserted,directed,1,1,0,0,dependency
aimed,AIMed.d166.s1399,stanza_craft+coref_a0be0dc0_1:rel:0,0,1,positive,positive,,,applied,structural|AB|have|_|verbal,structural|have,have,AB,verbal,,clause,DEP-have,sources,targets,nsubj,dobj,nsubj,obj,asserted,directed,1,1,0,0,dependency
aimed,AIMed.d166.s1400,stanza_craft+coref_dbd1c015_1:rel:0,0,1,positive,positive,,,applied,structural|AB|bind|_|verbal,structural|bind,bind,AB,verbal,,clause,DEP-bind,sources,targets,nsubjpass,dobj,nsubj:pass,obj,asserted,directed,1,1,0,0,dependency
aimed,AIMed.d166.s1401,stanza_craft+coref_d3d93cb9_0:rel:0,0,2,negative,positive,,,applied,structural|AB|create|_|verbal,structural|create,create,AB,verbal,,clause,DEP-create,sources,targets,nsubj,dobj,nsubj,obj,asserted,directed,1,1,0,0,dependency
aimed,AIMed.d166.s1401,stanza_craft+coref_d3d93cb9_0:rel:1,1,2,negative,positive,,,applied,structural|AB|create|_|verbal,structural|create,create,AB,verbal,,clause,DEP-create,sources,targets,nsubj,dobj,nsubj,obj,asserted,directed,1,1,0,0,dependency
aimed,AIMed.d167.s1402,stanza_craft+coref_62b1aaa0_0:rel:0,0,1,positive,positive,,,applied,structural|AB|interact|with|verbal,structural|interact,interact,AB,verbal,with,clause,DEP-interact,sources,targets,nsubj,nmod:with,nsubj,obl,asserted,directed,1,1,0,0,dependency
aimed,AIMed.d167.s1402,stanza_craft+coref_62b1aaa0_0:rel:1,0,2,positive,positive,,,applied,structural|AB|interact|with|verbal,structural|interact,interact,AB,verbal,with,clause,DEP-interact,sources,targets,nsubj,nmod:with,nsubj,conj,asserted,directed,1,1,0,0,dependency
aimed,AIMed.d167.s1405,stanza_craft+coref_a6d63724_1:rel:0,0,1,negative,negative,,,review_only,relational|RELATIONAL|is-a|_|verbal,relational|RELATIONAL|is-a|_,,RELATIONAL,verbal,,appositive,DEP-Apposition,entities_a,entities_b,nmod,dep,nmod,dep,asserted,relational,0,1,0,0,dependency
aimed,AIMed.d167.s1405,stanza_craft+coref_a6d63724_2:rel:0,0,1,negative,negative,,,review_only,relational|RELATIONAL|is-a|_|verbal,relational|RELATIONAL|is-a|_,,RELATIONAL,verbal,,appositive,DEP-ParentheticalAlias,entities_a,entities_b,dep,dep,dep,dep,asserted,relational,0,0,0,0,dependency
aimed,AIMed.d167.s1408,stanza_craft+coref_7192c5b2_0:rel:0,1,3,negative,positive,,,applied,structural|AA|interact|_|nominalized,structural|interact,interact,AA,nominalized,,event_nominal,DEP-nom-interaction-subject-undirected,participants,participants,compound,compound,compound,conj,asserted,undirected,1,0,0,1,dependency
aimed,AIMed.d167.s1408,stanza_craft+coref_7192c5b2_1:rel:0,4,5,negative,negative,,,review_only,relational|RELATIONAL|identity|_|verbal,relational|RELATIONAL|identity|_,,RELATIONAL,verbal,,appositive,DEP-LooseIdentityCandidate,entities_a,entities_b,nmod,compound,nmod,compound,asserted,relational,1,0,0,0,dependency
aimed,AIMed.d167.s1409,stanza_craft+coref_6f0fbc00_1:rel:0,0,1,negative,negative,,,not_applied,structural|AB|associate|with|verbal,structural|associate,associate,AB,verbal,with,clause,DEP-associate,sources,targets,nsubj,nmod:with,nsubj,obl,negated,directed,1,1,0,0,dependency
aimed,AIMed.d167.s1409,stanza_craft+coref_6f0fbc00_1:rel:1,0,2,negative,negative,,,not_applied,structural|AB|associate|with|verbal,structural|associate,associate,AB,verbal,with,clause,DEP-associate,sources,targets,nsubj,nmod:with,nsubj,conj,negated,directed,1,1,0,0,dependency
aimed,AIMed.d167.s1410,stanza_craft+coref_58feea65_0:rel:0,0,2,positive,positive,,,applied,structural|AB|interact|with|verbal,structural|interact,interact,AB,verbal,with,clause,DEP-interact,sources,targets,nsubjpass,nmod:with,nsubj:pass,obl,asserted,directed,0,0,0,0,dependency
aimed,AIMed.d167.s1410,stanza_craft+coref_58feea65_2:rel:0,0,1,negative,negative,,,review_only,relational|RELATIONAL|identity|_|verbal,relational|RELATIONAL|identity|_,,RELATIONAL,verbal,,appositive,DEP-LooseIdentityCandidate,entities_a,entities_b,nsubjpass,nmod,nsubj:pass,nmod,asserted,relational,0,0,0,0,dependency
aimed,AIMed.d167.s1411,stanza_craft+coref_e2d0f974_0:rel:0,0,2,positive,positive,,,applied,structural|AB|interact|with|verbal,structural|interact,interact,AB,verbal,with,clause,DEP-interact,sources,targets,nsubj,nmod:with,nsubj,obl,asserted,directed,0,0,0,0,dependency
aimed,AIMed.d167.s1411,stanza_craft+coref_e2d0f974_0:rel:1,1,2,positive,positive,,,applied,structural|AB|interact|with|verbal,structural|interact,interact,AB,verbal,with,clause,DEP-interact,sources,targets,conj,nmod:with,conj,obl,asserted,directed,0,0,0,0,dependency
aimed,AIMed.d168.s1413,stanza_craft+coref_0b6db0e9_1:rel:0,0,2,positive,negative,,,review_only,relational|RELATIONAL|is-a|_|verbal,relational|RELATIONAL|is-a|_,,RELATIONAL,verbal,,appositive,DEP-ParentheticalAlias,entities_a,entities_b,nsubj,dep,nsubj,dep,asserted,relational,1,1,0,0,dependency
aimed,AIMed.d168.s1413,stanza_craft+coref_0b6db0e9_1:rel:1,1,2,negative,negative,,,review_only,relational|RELATIONAL|is-a|_|verbal,relational|RELATIONAL|is-a|_,,RELATIONAL,verbal,,appositive,DEP-ParentheticalAlias,entities_a,entities_b,nsubj,dep,nsubj,dep,asserted,relational,0,0,0,0,dependency
aimed,AIMed.d168.s1414,stanza_craft+coref_a40a5614_4:rel:0,1,2,negative,negative,,,review_only,relational|RELATIONAL|is-a|_|verbal,relational|RELATIONAL|is-a|_,,RELATIONAL,verbal,,appositive,DEP-ParentheticalAlias,entities_a,entities_b,dep,compound,dep,compound,asserted,relational,1,0,0,0,dependency
aimed,AIMed.d168.s1419,stanza_craft+coref_f0590426_1:rel:0,0,1,positive,positive,,,applied,structural|AB|abolish|_|verbal,structural|abolish,abolish,AB,verbal,,clause,DEP-abolish,sources,targets,nsubj,dobj,nsubj,obj,asserted,directed,1,1,0,0,dependency
aimed,AIMed.d169.s1424,stanza_craft+coref_26a0a224_0:rel:0,0,1,negative,positive,,,applied,structural|AB|relate|to|passive,structural|relate,relate,AB,passive,to,clause,DEP-relate-passive,sources,targets,nmod,nmod:to,nmod,obl,asserted,directed,1,1,0,0,dependency
aimed,AIMed.d169.s1424,stanza_craft+coref_26a0a224_0:rel:1,0,2,negative,positive,,,applied,structural|AB|relate|to|passive,structural|relate,relate,AB,passive,to,clause,DEP-relate-passive,sources,targets,nmod,nmod:to,nmod,obl,asserted,directed,1,1,0,0,dependency
aimed,AIMed.d169.s1425,stanza_craft+coref_802e8ae6_2:rel:0,0,1,negative,negative,,,review_only,relational|RELATIONAL|is-a|_|verbal,relational|RELATIONAL|is-a|_,,RELATIONAL,verbal,,appositive,DEP-ParentheticalAlias,entities_a,entities_b,nsubj,dep,nsubj,dep,asserted,relational,0,0,0,0,dependency
aimed,AIMed.d17.s146,stanza_craft+coref_06b424cd_1:rel:0,0,1,negative,negative,,,review_only,relational|RELATIONAL|is-a|_|verbal,relational|RELATIONAL|is-a|_,,RELATIONAL,verbal,,appositive,DEP-ParentheticalAlias,entities_a,entities_b,nmod,dep,nmod,dep,asserted,relational,0,0,0,0,dependency
aimed,AIMed.d17.s147,stanza_craft+coref_67500440_1:rel:0,0,1,negative,negative,,,review_only,relational|RELATIONAL|identity|_|verbal,relational|RELATIONAL|identity|_,,RELATIONAL,verbal,,appositive,DEP-LooseIdentityCandidate,entities_a,entities_b,nmod,nmod,nmod,nmod,asserted,relational,0,0,0,0,dependency
aimed,AIMed.d170.s1438,stanza_craft+coref_311add06_0:rel:0,1,2,negative,positive,,,applied,structural|AB|comprise|of|passive,structural|comprise,comprise,AB,passive,of,clause,DEP-comprise-passive,sources,targets,nmod,nmod:of,nmod,obl,asserted,directed,0,0,0,0,dependency
aimed,AIMed.d170.s1438,stanza_craft+coref_311add06_0:rel:1,1,3,negative,positive,,,applied,structural|AB|comprise|of|passive,structural|comprise,comprise,AB,passive,of,clause,DEP-comprise-passive,sources,targets,nmod,nmod:of,nmod,conj,asserted,directed,0,0,0,0,dependency
aimed,AIMed.d170.s1438,stanza_craft+coref_311add06_0:rel:2,2,4,negative,positive,,,applied,structural|AB|comprise|of|passive,structural|comprise,comprise,AB,passive,of,clause,DEP-comprise-passive,sources,targets,conj,nmod:of,conj,obl,asserted,directed,0,1,0,0,dependency
aimed,AIMed.d170.s1438,stanza_craft+coref_311add06_0:rel:3,2,5,negative,positive,,,applied,structural|AB|comprise|of|passive,structural|comprise,comprise,AB,passive,of,clause,DEP-comprise-passive,sources,targets,conj,nmod:of,conj,obl,asserted,directed,0,1,0,0,dependency
aimed,AIMed.d170.s1438,stanza_craft+coref_311add06_0:rel:4,2,6,negative,positive,,,applied,structural|AB|comprise|of|passive,structural|comprise,comprise,AB,passive,of,clause,DEP-comprise-passive,sources,targets,conj,nmod:of,conj,obl,asserted,directed,0,1,0,0,dependency
aimed,AIMed.d170.s1438,stanza_craft+coref_311add06_0:rel:5,3,4,negative,positive,,,applied,structural|AB|comprise|of|passive,structural|comprise,comprise,AB,passive,of,clause,DEP-comprise-passive,sources,targets,conj,nmod:of,conj,conj,asserted,directed,0,1,0,0,dependency
aimed,AIMed.d170.s1438,stanza_craft+coref_311add06_0:rel:6,3,5,negative,positive,,,applied,structural|AB|comprise|of|passive,structural|comprise,comprise,AB,passive,of,clause,DEP-comprise-passive,sources,targets,conj,nmod:of,conj,conj,asserted,directed,0,1,0,0,dependency
aimed,AIMed.d170.s1438,stanza_craft+coref_311add06_0:rel:7,3,6,negative,positive,,,applied,structural|AB|comprise|of|passive,structural|comprise,comprise,AB,passive,of,clause,DEP-comprise-passive,sources,targets,conj,nmod:of,conj,conj,asserted,directed,0,1,0,0,dependency
aimed,AIMed.d170.s1438,stanza_craft+coref_311add06_3:rel:0,0,1,negative,negative,,,review_only,relational|RELATIONAL|complex|_|verbal,relational|RELATIONAL|complex|_,complex,RELATIONAL,verbal,,clause,DEP-CopulaIsA,entities_a,entities_b,nsubj,ROOT,nsubj,root,asserted,relational,0,1,0,0,dependency
aimed,AIMed.d170.s1438,stanza_craft+coref_311add06_3:rel:1,0,4,negative,negative,,,review_only,relational|RELATIONAL|complex|_|verbal,relational|RELATIONAL|complex|_,complex,RELATIONAL,verbal,,clause,DEP-CopulaIsA,entities_a,entities_b,nsubj,ROOT,nsubj,root,asserted,relational,0,1,0,0,dependency
aimed,AIMed.d170.s1438,stanza_craft+coref_311add06_3:rel:2,0,5,negative,negative,,,review_only,relational|RELATIONAL|complex|_|verbal,relational|RELATIONAL|complex|_,complex,RELATIONAL,verbal,,clause,DEP-CopulaIsA,entities_a,entities_b,nsubj,ROOT,nsubj,root,asserted,relational,0,1,0,0,dependency
aimed,AIMed.d170.s1438,stanza_craft+coref_311add06_3:rel:3,0,6,negative,negative,,,review_only,relational|RELATIONAL|complex|_|verbal,relational|RELATIONAL|complex|_,complex,RELATIONAL,verbal,,clause,DEP-CopulaIsA,entities_a,entities_b,nsubj,ROOT,nsubj,root,asserted,relational,0,1,0,0,dependency
aimed,AIMed.d170.s1438,stanza_craft+coref_311add06_5:rel:0,1,4,negative,positive,,,applied,structural|AA|complex|_|compound_state,structural|complex,complex,AA,compound_state,,state_nominal,DEP-Complex,participants,participants,ROOT,ROOT,root,root,asserted,undirected,0,1,0,1,dependency
aimed,AIMed.d170.s1438,stanza_craft+coref_311add06_5:rel:1,1,5,negative,positive,,,applied,structural|AA|complex|_|compound_state,structural|complex,complex,AA,compound_state,,state_nominal,DEP-Complex,participants,participants,ROOT,ROOT,root,root,asserted,undirected,0,1,0,1,dependency
aimed,AIMed.d170.s1438,stanza_craft+coref_311add06_5:rel:2,1,6,negative,positive,,,applied,structural|AA|complex|_|compound_state,structural|complex,complex,AA,compound_state,,state_nominal,DEP-Complex,participants,participants,ROOT,ROOT,root,root,asserted,undirected,0,1,0,1,dependency
aimed,AIMed.d170.s1438,stanza_craft+coref_311add06_5:rel:3,4,5,positive,positive,,,applied,structural|AA|complex|_|compound_state,structural|complex,complex,AA,compound_state,,state_nominal,DEP-Complex,participants,participants,ROOT,ROOT,root,root,asserted,undirected,0,1,0,1,dependency
aimed,AIMed.d170.s1438,stanza_craft+coref_311add06_5:rel:4,4,6,negative,positive,,,applied,structural|AA|complex|_|compound_state,structural|complex,complex,AA,compound_state,,state_nominal,DEP-Complex,participants,participants,ROOT,ROOT,root,root,asserted,undirected,0,1,0,1,dependency
aimed,AIMed.d170.s1438,stanza_craft+coref_311add06_5:rel:5,5,6,negative,positive,,,applied,structural|AA|complex|_|compound_state,structural|complex,complex,AA,compound_state,,state_nominal,DEP-Complex,participants,participants,ROOT,ROOT,root,root,asserted,undirected,0,1,0,1,dependency
aimed,AIMed.d170.s1439,stanza_craft+coref_66c3bd8a_0:rel:0,0,2,negative,positive,,,applied,structural|AB|bind|to|verbal,structural|bind,bind,AB,verbal,to,clause,DEP-bind,sources,targets,nmod,nmod:to,nmod,obl,asserted,directed,0,1,0,0,dependency
aimed,AIMed.d170.s1439,stanza_craft+coref_66c3bd8a_0:rel:1,1,2,positive,positive,,,applied,structural|AB|bind|to|verbal,structural|bind,bind,AB,verbal,to,clause,DEP-bind,sources,targets,nmod,nmod:to,nmod,obl,asserted,directed,0,1,0,0,dependency
aimed,AIMed.d171.s1441,stanza_craft+coref_2e89a273_0:rel:0,0,1,positive,positive,,,applied,structural|AB|bind|to|verbal,structural|bind,bind,AB,verbal,to,clause,DEP-bind,sources,targets,nsubj,nmod:to,nsubj,obl,asserted,directed,1,1,0,0,dependency
aimed,AIMed.d171.s1441,stanza_craft+coref_2e89a273_0:rel:1,0,2,positive,positive,,,applied,structural|AB|bind|to|verbal,structural|bind,bind,AB,verbal,to,clause,DEP-bind,sources,targets,nsubj,nmod:to,nsubj,obl,asserted,directed,1,1,0,0,dependency
aimed,AIMed.d171.s1441,stanza_craft+coref_2e89a273_1:rel:0,1,2,positive,positive,,,applied,structural|AA|complex|_|compound_state,structural|complex,complex,AA,compound_state,,state_nominal,DEP-Complex,participants,participants,compound,compound,compound,compound,asserted,undirected,1,1,0,1,dependency
aimed,AIMed.d171.s1442,stanza_craft+coref_8bba5bbb_0:rel:0,0,3,positive,positive,,,applied,structural|AB|bind|to|passive,structural|bind,bind,AB,passive,to,clause,DEP-bind-passive,sources,targets,nmod,nmod:to,nmod,obl,asserted,directed,1,1,0,0,dependency
aimed,AIMed.d171.s1442,stanza_craft+coref_8bba5bbb_2:rel:0,1,3,positive,negative,,,review_only,relational|RELATIONAL|is-a|_|verbal,relational|RELATIONAL|is-a|_,,RELATIONAL,verbal,,appositive,DEP-ParentheticalAlias,entities_a,entities_b,dep,compound,dep,compound,asserted,relational,1,1,0,0,dependency
aimed,AIMed.d171.s1442,stanza_craft+coref_8bba5bbb_2:rel:1,2,3,negative,negative,,,review_only,relational|RELATIONAL|is-a|_|verbal,relational|RELATIONAL|is-a|_,,RELATIONAL,verbal,,appositive,DEP-ParentheticalAlias,entities_a,entities_b,dep,compound,dep,compound,asserted,relational,1,0,0,0,dependency
aimed,AIMed.d172.s1448,stanza_craft+coref_e9cab4d2_2:rel:0,0,2,positive,positive,,,applied,structural|AB|activate|_|passive,structural|activate,activate,AB,passive,,clause,DEP-activate-passive,sources,targets,nmod,nsubj,obl,nsubj,asserted,directed,0,0,0,0,dependency
aimed,AIMed.d172.s1448,stanza_craft+coref_e9cab4d2_2:rel:1,1,2,positive,positive,,,applied,structural|AB|activate|_|passive,structural|activate,activate,AB,passive,,clause,DEP-activate-passive,sources,targets,nmod,nsubj,obl,nsubj,asserted,directed,0,0,0,0,dependency
aimed,AIMed.d172.s1448,stanza_craft+coref_e9cab4d2_3:rel:0,2,3,negative,negative,,,review_only,relational|RELATIONAL|is-a|_|verbal,relational|RELATIONAL|is-a|_,,RELATIONAL,verbal,,appositive,DEP-ParentheticalAlias,entities_a,entities_b,nmod,dep,obl,dep,asserted,relational,0,0,0,0,dependency
aimed,AIMed.d172.s1451,stanza_craft+coref_fd5bafc5_2:rel:0,1,4,negative,positive,,,applied,structural|AB|stimulate|_|verbal,structural|stimulate,stimulate,AB,verbal,,clause,DEP-stimulate,sources,targets,nsubj,dobj,nsubj,obj,asserted,directed,0,1,0,0,dependency
aimed,AIMed.d172.s1451,stanza_craft+coref_fd5bafc5_5:rel:0,0,2,negative,negative,,,review_only,relational|RELATIONAL|is-a|_|verbal,relational|RELATIONAL|is-a|_,,RELATIONAL,verbal,,appositive,DEP-ParentheticalAlias,entities_a,entities_b,xcomp,dep,xcomp,dep,asserted,relational,1,1,0,0,dependency
aimed,AIMed.d172.s1451,stanza_craft+coref_fd5bafc5_5:rel:1,1,2,negative,negative,,,review_only,relational|RELATIONAL|is-a|_|verbal,relational|RELATIONAL|is-a|_,,RELATIONAL,verbal,,appositive,DEP-ParentheticalAlias,entities_a,entities_b,xcomp,dep,xcomp,dep,asserted,relational,0,0,0,0,dependency
aimed,AIMed.d173.s1456,stanza_craft+coref_6468e686_0:rel:0,0,1,negative,negative,,,review_only,relational|RELATIONAL|is-a|_|verbal,relational|RELATIONAL|is-a|_,,RELATIONAL,verbal,,appositive,DEP-ParentheticalAlias,entities_a,entities_b,nmod,dep,nmod,dep,asserted,relational,0,0,0,0,dependency
aimed,AIMed.d173.s1460,stanza_craft+coref_da33020a_2:rel:0,0,1,negative,negative,,,review_only,relational|RELATIONAL|is-a|_|verbal,relational|RELATIONAL|is-a|_,,RELATIONAL,verbal,,appositive,DEP-ParentheticalAlias,entities_a,entities_b,compound,dep,compound,dep,asserted,relational,1,0,0,0,dependency
aimed,AIMed.d173.s1460,stanza_craft+coref_da33020a_3:rel:0,2,3,negative,negative,,,review_only,relational|RELATIONAL|is-a|_|verbal,relational|RELATIONAL|is-a|_,,RELATIONAL,verbal,,appositive,DEP-ParentheticalAlias,entities_a,entities_b,conj,dep,conj,dep,asserted,relational,0,0,0,0,dependency
aimed,AIMed.d173.s1462,stanza_craft+coref_578ef2bf_0:rel:0,0,1,negative,positive,,,applied,structural|AB|fuse|to|passive,structural|fuse,fuse,AB,passive,to,clause,DEP-fuse-passive,sources,targets,nsubj,nmod:to,nsubj,obl,asserted,directed,1,1,0,0,dependency
aimed,AIMed.d173.s1462,stanza_craft+coref_578ef2bf_0:rel:1,0,3,negative,positive,,,applied,structural|AB|fuse|to|passive,structural|fuse,fuse,AB,passive,to,clause,DEP-fuse-passive,sources,targets,nsubj,nmod:to,nsubj,obl,asserted,directed,1,1,0,0,dependency
aimed,AIMed.d173.s1462,stanza_craft+coref_578ef2bf_2:rel:0,0,4,negative,negative,,,not_applied,structural|AB|interact|with|verbal,structural|interact,interact,AB,verbal,with,clause,DEP-interact,sources,targets,nsubj,nmod:with,nsubj,obl,negated,directed,1,1,0,0,dependency
aimed,AIMed.d173.s1462,stanza_craft+coref_578ef2bf_3:rel:0,4,5,negative,positive,,,applied,structural|AB|fuse|to|passive,structural|fuse,fuse,AB,passive,to,clause,DEP-fuse-passive,sources,targets,nmod,nmod:to,obl,obl,asserted,directed,1,1,0,0,dependency
aimed,AIMed.d173.s1462,stanza_craft+coref_578ef2bf_5:rel:0,1,3,negative,negative,,,review_only,relational|RELATIONAL|is-a|_|verbal,relational|RELATIONAL|is-a|_,,RELATIONAL,verbal,,appositive,DEP-Apposition,entities_a,entities_b,nmod,dep,obl,dep,asserted,relational,0,1,0,0,dependency
aimed,AIMed.d173.s1463,stanza_craft+coref_d4de68ae_0:rel:0,2,3,negative,positive,,,applied,structural|AB|fuse|to|passive,structural|fuse,fuse,AB,passive,to,clause,DEP-fuse-passive,sources,targets,nsubjpass,nmod:to,nsubj:pass,obl,asserted,directed,1,1,0,0,dependency
aimed,AIMed.d174.s1466,stanza_craft+coref_89a67d9e_0:rel:0,1,2,negative,positive,,,applied,structural|AB|influence|on|nominalized,structural|influence,influence,AB,nominalized,on,event_nominal,DEP-nom-influence,sources,targets,nmod:of,nmod:on,compound,compound,asserted,directed,1,0,0,1,dependency
aimed,AIMed.d174.s1466,stanza_craft+coref_89a67d9e_0:rel:1,1,3,negative,positive,,,applied,structural|AB|influence|on|nominalized,structural|influence,influence,AB,nominalized,on,event_nominal,DEP-nom-influence,sources,targets,nmod:of,nmod:on,compound,compound,asserted,directed,1,0,0,1,dependency
aimed,AIMed.d174.s1466,stanza_craft+coref_89a67d9e_0:rel:2,0,2,negative,positive,,,applied,structural|AB|influence|on|nominalized,structural|influence,influence,AB,nominalized,on,event_nominal,DEP-nom-influence,sources,targets,nmod:of,nmod:on,dep,compound,asserted,directed,1,0,0,1,dependency
aimed,AIMed.d174.s1466,stanza_craft+coref_89a67d9e_0:rel:3,0,3,negative,positive,,,applied,structural|AB|influence|on|nominalized,structural|influence,influence,AB,nominalized,on,event_nominal,DEP-nom-influence,sources,targets,nmod:of,nmod:on,dep,compound,asserted,directed,1,0,0,1,dependency
aimed,AIMed.d174.s1466,stanza_craft+coref_89a67d9e_2:rel:0,2,3,negative,positive,,,applied,structural|AA|complex|_|compound_state,structural|complex,complex,AA,compound_state,,state_nominal,DEP-Complex,participants,participants,nmod,nmod,nmod,nmod,asserted,undirected,1,1,0,1,dependency
aimed,AIMed.d174.s1466,stanza_craft+coref_89a67d9e_3:rel:0,0,1,negative,negative,,,review_only,relational|RELATIONAL|is-a|_|verbal,relational|RELATIONAL|is-a|_,,RELATIONAL,verbal,,appositive,DEP-ParentheticalAlias,entities_a,entities_b,dep,compound,dep,compound,asserted,relational,1,0,0,0,dependency
aimed,AIMed.d174.s1467,stanza_craft+coref_8a903cdf_0:rel:0,1,3,negative,positive,,,applied,structural|AB|consist|_|verbal,structural|consist,consist,AB,verbal,,clause,DEP-consist,sources,targets,nsubj,conj,nsubj,conj,asserted,directed,1,1,0,0,dependency
aimed,AIMed.d174.s1467,stanza_craft+coref_8a903cdf_0:rel:1,1,4,negative,positive,,,applied,structural|AB|consist|_|verbal,structural|consist,consist,AB,verbal,,clause,DEP-consist,sources,targets,nsubj,conj,nsubj,conj,asserted,directed,1,1,0,0,dependency
aimed,AIMed.d174.s1467,stanza_craft+coref_8a903cdf_0:rel:2,1,5,negative,positive,,,applied,structural|AB|consist|_|verbal,structural|consist,consist,AB,verbal,,clause,DEP-consist,sources,targets,nsubj,conj,nsubj,conj,asserted,directed,1,1,0,0,dependency
aimed,AIMed.d174.s1467,stanza_craft+coref_8a903cdf_0:rel:3,1,2,negative,positive,,,applied,structural|AB|consist|of|verbal,structural|consist,consist,AB,verbal,of,clause,DEP-consist,sources,targets,nsubj,nmod:of,nsubj,obl,asserted,directed,1,1,0,0,dependency
aimed,AIMed.d174.s1467,stanza_craft+coref_8a903cdf_1:rel:0,0,1,negative,negative,,,review_only,relational|RELATIONAL|is-a|_|verbal,relational|RELATIONAL|is-a|_,,RELATIONAL,verbal,,appositive,DEP-ParentheticalAlias,entities_a,entities_b,dep,compound,dep,compound,asserted,relational,1,0,0,0,dependency
aimed,AIMed.d174.s1468,stanza_craft+coref_c58648cf_2:rel:0,3,5,positive,negative,,,review_only,relational|RELATIONAL|is-a|_|verbal,relational|RELATIONAL|is-a|_,,RELATIONAL,verbal,,appositive,DEP-ParentheticalAlias,entities_a,entities_b,nmod,dep,nmod,dep,asserted,relational,1,1,0,0,dependency
aimed,AIMed.d174.s1468,stanza_craft+coref_c58648cf_2:rel:1,4,5,negative,negative,,,review_only,relational|RELATIONAL|is-a|_|verbal,relational|RELATIONAL|is-a|_,,RELATIONAL,verbal,,appositive,DEP-ParentheticalAlias,entities_a,entities_b,nmod,dep,nmod,dep,asserted,relational,0,0,0,0,dependency
aimed,AIMed.d174.s1469,stanza_craft+coref_b8a18418_0:rel:0,0,1,positive,positive,,,applied,structural|AB|have|_|verbal,structural|have,have,AB,verbal,,clause,DEP-have,sources,targets,nsubj,dobj,nsubj,obj,asserted,directed,0,1,0,0,dependency
aimed,AIMed.d174.s1471,stanza_craft+coref_cdf10b00_1:rel:0,0,1,positive,positive,,,applied,structural|AB|cross-link|_|verbal,structural|cross-link,cross-link,AB,verbal,,clause,DEP-cross-link,sources,targets,nmod:poss,dobj,nmod,obj,asserted,directed,1,1,0,0,dependency
aimed,AIMed.d174.s1472,stanza_craft+coref_f28cdaeb_1:rel:0,1,4,negative,positive,,,applied,structural|AB|couple|with|verbal,structural|couple,couple,AB,verbal,with,clause,DEP-couple,sources,targets,nsubj,nmod:with,nsubj,obl,asserted,directed,0,1,0,0,dependency
aimed,AIMed.d174.s1472,stanza_craft+coref_f28cdaeb_2:rel:0,2,3,positive,negative,,,review_only,relational|RELATIONAL|is-a|_|verbal,relational|RELATIONAL|is-a|_,,RELATIONAL,verbal,,appositive,DEP-ParentheticalAlias,entities_a,entities_b,dep,compound,dep,compound,asserted,relational,1,0,0,0,dependency
aimed,AIMed.d174.s1473,stanza_craft+coref_93c53525_3:rel:0,0,1,negative,negative,,,not_applied,structural|NESTED|induce|_|nested,structural|NESTED|induce|_,induce,NESTED,nested,,clause,DEP-agentive-process-bridge-induce,sources,targets:event_ref:stanza_craft+coref_93c53525_2,agentive_controller,nmod:of,amod,nmod,asserted,nested_review,0,0,0,0,dependency
aimed,AIMed.d174.s1473,stanza_craft+coref_93c53525_5:rel:0,2,3,positive,positive,,,applied,structural|AA|complex|_|compound_state,structural|complex,complex,AA,compound_state,,state_nominal,DEP-Complex,participants,participants,compound,compound,compound,compound,asserted,undirected,1,1,0,1,dependency
aimed,AIMed.d174.s1473,stanza_craft+coref_93c53525_5:rel:1,2,4,negative,positive,,,applied,structural|AA|complex|_|compound_state,structural|complex,complex,AA,compound_state,,state_nominal,DEP-Complex,participants,participants,compound,compound,compound,compound,asserted,undirected,1,1,0,1,dependency
aimed,AIMed.d174.s1473,stanza_craft+coref_93c53525_5:rel:2,3,4,negative,positive,,,applied,structural|AA|complex|_|compound_state,structural|complex,complex,AA,compound_state,,state_nominal,DEP-Complex,participants,participants,compound,compound,compound,compound,asserted,undirected,1,1,0,1,dependency
aimed,AIMed.d174.s1474,stanza_craft+coref_2289453c_2:rel:0,0,1,positive,positive,,,applied,structural|AA|complex|_|compound_state,structural|complex,complex,AA,compound_state,,state_nominal,DEP-Complex,participants,participants,nsubj,nsubj,nsubj,nsubj,asserted,undirected,0,1,0,1,dependency
aimed,AIMed.d174.s1474,stanza_craft+coref_2289453c_2:rel:1,0,2,negative,positive,,,applied,structural|AA|complex|_|compound_state,structural|complex,complex,AA,compound_state,,state_nominal,DEP-Complex,participants,participants,nsubj,nsubj,nsubj,nsubj,asserted,undirected,0,1,0,1,dependency
aimed,AIMed.d174.s1474,stanza_craft+coref_2289453c_2:rel:2,1,2,negative,positive,,,applied,structural|AA|complex|_|compound_state,structural|complex,complex,AA,compound_state,,state_nominal,DEP-Complex,participants,participants,nsubj,nsubj,nsubj,nsubj,asserted,undirected,0,1,0,1,dependency
aimed,AIMed.d174.s1475,stanza_craft+coref_01211397_0:rel:0,0,1,negative,positive,,,applied,structural|AB|couple|with|verbal,structural|couple,couple,AB,verbal,with,clause,DEP-couple,sources,targets,nmod,nmod:with,obl,obl,asserted,directed,0,1,0,0,dependency
aimed,AIMed.d174.s1475,stanza_craft+coref_01211397_2:rel:0,2,3,negative,negative,,,review_only,relational|RELATIONAL|antagonist|_|nominalized,relational|RELATIONAL|antagonist|_,antagonist,RELATIONAL,nominalized,,clause,DEP-CopulaIsA,entities_a,entities_b,nsubj,ccomp,nsubj,ccomp,asserted,relational,1,1,0,1,dependency
aimed,AIMed.d175.s1476,stanza_craft+coref_0b344780_0:rel:0,0,1,positive,positive,,,applied,structural|AB|interact|with|nominalized,structural|interact,interact,AB,nominalized,with,event_nominal,DEP-nom-interaction,sources,targets,nmod:of,nmod:with,nmod,nmod,asserted,directed,0,0,0,1,dependency
aimed,AIMed.d175.s1477,stanza_craft+coref_fe6bb96f_1:rel:0,0,1,negative,positive,,,applied,structural|AB|require|for|verbal,structural|require,require,AB,verbal,for,clause,DEP-require,sources,targets,nsubjpass,nmod:for,nsubj:pass,obl,asserted,directed,0,1,0,0,dependency
aimed,AIMed.d175.s1479,stanza_craft+coref_ae9a4447_1:rel:0,0,1,negative,negative,,,review_only,relational|RELATIONAL|is-a|_|verbal,relational|RELATIONAL|is-a|_,,RELATIONAL,verbal,,clause,DEP-CopulaIsA,entities_a,entities_b,nsubj,ROOT,nsubj,root,asserted,relational,0,0,0,0,dependency
aimed,AIMed.d175.s1480,stanza_craft+coref_ee8e042b_0:rel:0,0,1,positive,positive,,,applied,structural|AB|associate|with|nominalized,structural|associate,associate,AB,nominalized,with,clause,DEP-association-nestedinner-directed,sources,targets,nmod:of,nmod:with,nmod,nmod,asserted,directed,0,1,0,1,dependency
aimed,AIMed.d175.s1481,stanza_craft+coref_2e4391ea_1:rel:0,2,3,positive,positive,,,applied,structural|AB|regulate|through|verbal,structural|regulate,regulate,AB,verbal,through,clause,DEP-regulate,sources,targets,nsubj,nmod:through,nsubj,obl,asserted,directed,0,1,0,0,dependency
aimed,AIMed.d175.s1481,stanza_craft+coref_2e4391ea_2:rel:0,0,1,positive,positive,,,applied,structural|AA|interact|between|nominalized,structural|interact,interact,AA,nominalized,between,event_nominal,DEP-nom-interaction-subject-undirected,participants,participants,nmod:between,nmod:between,nmod,conj,asserted,undirected,0,0,0,1,dependency
aimed,AIMed.d175.s1482,stanza_craft+coref_c51c4e86_0:rel:0,3,4,negative,negative,,,not_applied,structural|AA|link|of|nominalized,structural|link,link,AA,nominalized,of,clause,DEP-link-nestedinner,participants,participants,nmod:of,nmod:of,nmod,conj,asserted,undirected,0,1,0,1,dependency
aimed,AIMed.d175.s1482,stanza_craft+coref_c51c4e86_1:rel:0,0,3,negative,negative,,,not_applied,structural|NESTED|imply|_|nested,structural|NESTED|imply|_,imply,NESTED,nested,,clause,DEP-imply-nested,sources,targets:event_ref:stanza_craft+coref_c51c4e86_0,nsubj,nmod:of,nsubj,nmod,asserted,nested_review,0,1,0,0,dependency
aimed,AIMed.d175.s1482,stanza_craft+coref_c51c4e86_1:rel:1,0,4,negative,negative,,,not_applied,structural|NESTED|imply|_|nested,structural|NESTED|imply|_,imply,NESTED,nested,,clause,DEP-imply-nested,sources,targets:event_ref:stanza_craft+coref_c51c4e86_0,nsubj,nmod:of,nsubj,nmod,asserted,nested_review,0,1,0,0,dependency
aimed,AIMed.d175.s1482,stanza_craft+coref_c51c4e86_1:rel:2,1,3,negative,negative,,,not_applied,structural|NESTED|imply|_|nested,structural|NESTED|imply|_,imply,NESTED,nested,,clause,DEP-imply-nested,sources,targets:event_ref:stanza_craft+coref_c51c4e86_0,nsubj,nmod:of,nsubj,nmod,asserted,nested_review,0,1,0,0,dependency
aimed,AIMed.d175.s1482,stanza_craft+coref_c51c4e86_1:rel:3,1,4,negative,negative,,,not_applied,structural|NESTED|imply|_|nested,structural|NESTED|imply|_,imply,NESTED,nested,,clause,DEP-imply-nested,sources,targets:event_ref:stanza_craft+coref_c51c4e86_0,nsubj,nmod:of,nsubj,nmod,asserted,nested_review,0,1,0,0,dependency
aimed,AIMed.d175.s1482,stanza_craft+coref_c51c4e86_1:rel:4,2,3,negative,negative,,,not_applied,structural|NESTED|imply|_|nested,structural|NESTED|imply|_,imply,NESTED,nested,,clause,DEP-imply-nested,sources,targets:event_ref:stanza_craft+coref_c51c4e86_0,nsubj,nmod:of,nsubj,nmod,asserted,nested_review,0,1,0,0,dependency
aimed,AIMed.d175.s1482,stanza_craft+coref_c51c4e86_1:rel:5,2,4,negative,negative,,,not_applied,structural|NESTED|imply|_|nested,structural|NESTED|imply|_,imply,NESTED,nested,,clause,DEP-imply-nested,sources,targets:event_ref:stanza_craft+coref_c51c4e86_0,nsubj,nmod:of,nsubj,nmod,asserted,nested_review,0,1,0,0,dependency
aimed,AIMed.d175.s1482,stanza_craft+coref_c51c4e86_1:rel:6,0,4,negative,negative,,,not_applied,structural|NESTED|imply|_|nested,structural|NESTED|imply|_,imply,NESTED,nested,,clause,DEP-imply-nested,sources,targets:event_ref:stanza_craft+coref_c51c4e86_0,nsubj,nmod:of,nsubj,conj,asserted,nested_review,0,1,0,0,dependency
aimed,AIMed.d175.s1482,stanza_craft+coref_c51c4e86_1:rel:7,1,4,negative,negative,,,not_applied,structural|NESTED|imply|_|nested,structural|NESTED|imply|_,imply,NESTED,nested,,clause,DEP-imply-nested,sources,targets:event_ref:stanza_craft+coref_c51c4e86_0,nsubj,nmod:of,nsubj,conj,asserted,nested_review,0,1,0,0,dependency
aimed,AIMed.d175.s1482,stanza_craft+coref_c51c4e86_1:rel:8,2,4,negative,negative,,,not_applied,structural|NESTED|imply|_|nested,structural|NESTED|imply|_,imply,NESTED,nested,,clause,DEP-imply-nested,sources,targets:event_ref:stanza_craft+coref_c51c4e86_0,nsubj,nmod:of,nsubj,conj,asserted,nested_review,0,1,0,0,dependency
aimed,AIMed.d175.s1482,stanza_craft+coref_c51c4e86_2:rel:0,0,1,positive,positive,,,applied,structural|AB|associate|with|nominalized,structural|associate,associate,AB,nominalized,with,event_nominal,DEP-nom-association-subject,sources,targets,nmod:of,nmod:with,nmod,nmod,asserted,directed,0,0,0,1,dependency
aimed,AIMed.d175.s1482,stanza_craft+coref_c51c4e86_2:rel:1,0,2,positive,positive,,,applied,structural|AB|associate|with|nominalized,structural|associate,associate,AB,nominalized,with,event_nominal,DEP-nom-association-subject,sources,targets,nmod:of,nmod:with,nmod,conj,asserted,directed,0,0,0,1,dependency
aimed,AIMed.d176.s1483,stanza_craft+coref_c576e624_0:rel:0,0,2,positive,positive,,,applied,structural|AB|interact|with|nominalized,structural|interact,interact,AB,nominalized,with,event_nominal,DEP-nom-interaction,sources,targets,nmod:of,nmod:with,nmod,dep,asserted,directed,0,0,0,1,dependency
aimed,AIMed.d176.s1483,stanza_craft+coref_c576e624_0:rel:1,0,3,positive,positive,,,applied,structural|AB|interact|with|nominalized,structural|interact,interact,AB,nominalized,with,event_nominal,DEP-nom-interaction,sources,targets,nmod:of,nmod:with,nmod,conj,asserted,directed,0,0,0,1,dependency
aimed,AIMed.d176.s1483,stanza_craft+coref_c576e624_1:rel:0,0,1,negative,negative,,,review_only,relational|RELATIONAL|identity|_|verbal,relational|RELATIONAL|identity|_,,RELATIONAL,verbal,,appositive,DEP-LooseIdentityCandidate,entities_a,entities_b,nmod,compound,nmod,compound,asserted,relational,1,0,0,0,dependency
aimed,AIMed.d176.s1484,stanza_craft+coref_9329f9bb_4:rel:0,0,1,negative,negative,,,review_only,relational|RELATIONAL|is-a|_|verbal,relational|RELATIONAL|is-a|_,,RELATIONAL,verbal,,appositive,DEP-ParentheticalAlias,entities_a,entities_b,dep,compound,dep,compound,asserted,relational,1,0,0,0,dependency
aimed,AIMed.d176.s1486,stanza_craft+coref_8342b609_1:rel:0,1,2,negative,positive,,,applied,structural|AB|contain|_|verbal,structural|contain,contain,AB,verbal,,clause,DEP-contain,sources,targets,nmod,dobj,nmod,obj,asserted,directed,1,1,0,0,dependency
aimed,AIMed.d176.s1486,stanza_craft+coref_8342b609_1:rel:1,1,4,negative,positive,,,applied,structural|AB|contain|_|verbal,structural|contain,contain,AB,verbal,,clause,DEP-contain,sources,targets,nmod,conj,nmod,conj,asserted,directed,1,1,0,0,dependency
aimed,AIMed.d176.s1486,stanza_craft+coref_8342b609_3:rel:0,5,6,negative,positive,,,applied,structural|AB|contain|_|verbal,structural|contain,contain,AB,verbal,,clause,DEP-contain,sources,targets,nmod,dobj,nmod,obj,asserted,directed,1,1,0,0,dependency
aimed,AIMed.d176.s1486,stanza_craft+coref_8342b609_3:rel:1,5,7,negative,positive,,,applied,structural|AB|contain|_|verbal,structural|contain,contain,AB,verbal,,clause,DEP-contain,sources,targets,nmod,conj,nmod,conj,asserted,directed,1,1,0,0,dependency
aimed,AIMed.d176.s1486,stanza_craft+coref_8342b609_3:rel:2,5,8,negative,positive,,,applied,structural|AB|contain|_|verbal,structural|contain,contain,AB,verbal,,clause,DEP-contain,sources,targets,nmod,conj,nmod,conj,asserted,directed,1,1,0,0,dependency
aimed,AIMed.d176.s1486,stanza_craft+coref_8342b609_4:rel:0,2,4,negative,positive,,,applied,structural|AA|complex|_|compound_state,structural|complex,complex,AA,compound_state,,state_nominal,DEP-Complex,participants,participants,compound_state,compound_state,nmod,nmod,asserted,undirected,0,1,0,1,dependency
aimed,AIMed.d176.s1486,stanza_craft+coref_8342b609_5:rel:0,6,7,negative,positive,,,applied,structural|AA|complex|_|compound_state,structural|complex,complex,AA,compound_state,,state_nominal,DEP-Complex,participants,participants,compound_state,compound_state,nmod,nmod,asserted,undirected,0,1,0,1,dependency
aimed,AIMed.d176.s1486,stanza_craft+coref_8342b609_5:rel:1,6,8,negative,positive,,,applied,structural|AA|complex|_|compound_state,structural|complex,complex,AA,compound_state,,state_nominal,DEP-Complex,participants,participants,compound_state,compound_state,nmod,nmod,asserted,undirected,0,1,0,1,dependency
aimed,AIMed.d176.s1486,stanza_craft+coref_8342b609_5:rel:2,7,8,negative,positive,,,applied,structural|AA|complex|_|compound_state,structural|complex,complex,AA,compound_state,,state_nominal,DEP-Complex,participants,participants,compound_state,compound_state,nmod,nmod,asserted,undirected,0,1,0,1,dependency
aimed,AIMed.d176.s1486,stanza_craft+coref_8342b609_6:rel:0,2,3,negative,positive,,,review_only,relational|RELATIONAL|is-a|_|verbal,relational|RELATIONAL|is-a|_,,RELATIONAL,verbal,,appositive,DEP-ParentheticalAlias,entities_a,entities_b,dobj,dep,obj,dep,asserted,relational,0,0,0,0,dependency
aimed,AIMed.d176.s1486,stanza_craft+coref_8342b609_7:rel:0,7,8,negative,positive,,,review_only,relational|RELATIONAL|is-a|_|verbal,relational|RELATIONAL|is-a|_,,RELATIONAL,verbal,,appositive,DEP-ParentheticalAlias,entities_a,entities_b,conj,conj,conj,conj,asserted,relational,0,0,0,0,dependency
aimed,AIMed.d176.s1487,stanza_craft+coref_d27a5d66_3:rel:0,2,3,negative,positive,,,applied,structural|AB|lack|_|verbal,structural|lack,lack,AB,verbal,,clause,DEP-lack,sources,targets,nmod,dobj,nmod,obj,asserted,directed,1,1,0,0,dependency
aimed,AIMed.d176.s1488,stanza_craft+coref_fd328bb5_1:rel:0,1,2,negative,positive,,,applied,structural|AA|complex|_|compound_state,structural|complex,complex,AA,compound_state,,state_nominal,DEP-Complex,participants,participants,nmod,nmod,obl,obl,asserted,undirected,0,1,0,1,dependency
aimed,AIMed.d176.s1489,stanza_craft+coref_0c6876a2_0:rel:0,0,1,positive,positive,,,applied,structural|AB|bind|_|verbal,structural|bind,bind,AB,verbal,,clause,DEP-bind,sources,targets,nsubj,dobj,nsubj,obj,asserted,directed,0,0,0,0,dependency
aimed,AIMed.d176.s1489,stanza_craft+coref_0c6876a2_0:rel:1,0,2,positive,positive,,,applied,structural|AB|bind|_|verbal,structural|bind,bind,AB,verbal,,clause,DEP-bind,sources,targets,nsubj,conj,nsubj,conj,asserted,directed,0,0,0,0,dependency
aimed,AIMed.d176.s1490,stanza_craft+coref_3284f9a2_0:rel:0,0,1,negative,negative,,,not_applied,structural|AA|associate|_|verbal,structural|associate,associate,AA,verbal,,clause,DEP-associate-undirected,participants,participants,nsubj,conj,nsubj,conj,negated,undirected,0,0,0,0,dependency
aimed,AIMed.d176.s1490,stanza_craft+coref_3284f9a2_2:rel:0,2,3,negative,negative,,,review_only,relational|RELATIONAL|component|_|verbal,relational|RELATIONAL|component|_,component,RELATIONAL,verbal,,clause,DEP-CopulaIsA,entities_a,entities_b,nsubj,ccomp,nsubj,ccomp,asserted,relational,1,1,0,0,dependency
aimed,AIMed.d176.s1490,stanza_craft+coref_3284f9a2_2:rel:1,2,4,negative,negative,,,review_only,relational|RELATIONAL|component|_|verbal,relational|RELATIONAL|component|_,component,RELATIONAL,verbal,,clause,DEP-CopulaIsA,entities_a,entities_b,nsubj,ccomp,nsubj,ccomp,asserted,relational,1,1,0,0,dependency
aimed,AIMed.d176.s1490,stanza_craft+coref_3284f9a2_2:rel:2,2,5,negative,negative,,,review_only,relational|RELATIONAL|component|_|verbal,relational|RELATIONAL|component|_,component,RELATIONAL,verbal,,clause,DEP-CopulaIsA,entities_a,entities_b,nsubj,ccomp,nsubj,ccomp,asserted,relational,1,1,0,0,dependency
aimed,AIMed.d176.s1490,stanza_craft+coref_3284f9a2_3:rel:0,4,5,negative,positive,,,applied,structural|AA|complex|_|compound_state,structural|complex,complex,AA,compound_state,,state_nominal,DEP-Complex,participants,participants,compound,compound,compound,compound,asserted,undirected,1,1,0,1,dependency
aimed,AIMed.d176.s1490,stanza_craft+coref_3284f9a2_4:rel:0,3,4,positive,positive,,,applied,structural|AA|complex|_|compound_state,structural|complex,complex,AA,compound_state,,state_nominal,DEP-Complex,participants,participants,nmod,nmod,nmod,nmod,asserted,undirected,1,1,0,1,dependency
aimed,AIMed.d176.s1490,stanza_craft+coref_3284f9a2_4:rel:1,3,5,negative,positive,,,applied,structural|AA|complex|_|compound_state,structural|complex,complex,AA,compound_state,,state_nominal,DEP-Complex,participants,participants,nmod,nmod,nmod,nmod,asserted,undirected,1,1,0,1,dependency
aimed,AIMed.d176.s1490,stanza_craft+coref_3284f9a2_4:rel:2,4,5,negative,positive,,,applied,structural|AA|complex|_|compound_state,structural|complex,complex,AA,compound_state,,state_nominal,DEP-Complex,participants,participants,nmod,nmod,nmod,nmod,asserted,undirected,1,1,0,1,dependency
aimed,AIMed.d176.s1492,stanza_craft+coref_c05817cf_2:rel:0,0,1,positive,positive,,,applied,structural|AA|complex|_|compound_state,structural|complex,complex,AA,compound_state,,state_nominal,DEP-Complex,participants,participants,compound,compound,compound,compound,asserted,undirected,1,0,0,1,dependency
aimed,AIMed.d176.s1492,stanza_craft+coref_c05817cf_2:rel:1,0,2,negative,positive,,,applied,structural|AA|complex|_|compound_state,structural|complex,complex,AA,compound_state,,state_nominal,DEP-Complex,participants,participants,compound,compound,compound,compound,asserted,undirected,1,0,0,1,dependency
aimed,AIMed.d176.s1492,stanza_craft+coref_c05817cf_2:rel:2,1,2,negative,positive,,,applied,structural|AA|complex|_|compound_state,structural|complex,complex,AA,compound_state,,state_nominal,DEP-Complex,participants,participants,compound,compound,compound,compound,asserted,undirected,1,0,0,1,dependency
aimed,AIMed.d176.s1493,stanza_craft+coref_fdbd5987_0:rel:0,0,2,negative,positive,,,applied,structural|AB|interact|in|nominalized,structural|interact,interact,AB,nominalized,in,clause,DEP-interaction-nestedinner-directed,sources,targets,nmod:of,nmod:in,nmod,nmod,asserted,directed,1,1,0,1,dependency
aimed,AIMed.d176.s1493,stanza_craft+coref_fdbd5987_0:rel:1,1,2,negative,positive,,,applied,structural|AB|interact|in|nominalized,structural|interact,interact,AB,nominalized,in,clause,DEP-interaction-nestedinner-directed,sources,targets,nmod:of,nmod:in,conj,nmod,asserted,directed,1,1,0,1,dependency
aimed,AIMed.d176.s1493,stanza_craft+coref_fdbd5987_1:rel:0,3,4,negative,positive,,,applied,structural|AA|complex|_|compound_state,structural|complex,complex,AA,compound_state,,state_nominal,DEP-Complex,participants,participants,nmod,nmod,nmod,nmod,asserted,undirected,1,1,0,1,dependency
aimed,AIMed.d176.s1494,stanza_craft+coref_97539a3d_1:rel:0,0,1,negative,negative,,,review_only,relational|RELATIONAL|mediator|_|nominalized,relational|RELATIONAL|mediator|_,mediator,RELATIONAL,nominalized,,clause,DEP-CopulaIsA,entities_a,entities_b,nsubj,ccomp,nsubj,ccomp,asserted,relational,1,1,0,1,dependency
aimed,AIMed.d177.s1503,stanza_craft+coref_07b85c05_2:rel:0,0,1,positive,positive,,,applied,structural|AB|heterodimerize|with|verbal,structural|heterodimerize,heterodimerize,AB,verbal,with,clause,DEP-heterodimerize,sources,targets,nmod:poss,nmod:with,nmod,obl,asserted,directed,0,1,0,0,dependency
aimed,AIMed.d178.s1511,stanza_craft+coref_abe8ec13_0:rel:0,0,1,positive,positive,,,applied,structural|AB|associate|with|verbal,structural|associate,associate,AB,verbal,with,clause,DEP-associate,sources,targets,nsubj,nmod:with,nsubj,obl,asserted,directed,0,1,0,0,dependency
aimed,AIMed.d178.s1511,stanza_craft+coref_abe8ec13_0:rel:1,0,2,positive,positive,,,applied,structural|AB|associate|with|verbal,structural|associate,associate,AB,verbal,with,clause,DEP-associate,sources,targets,nsubj,nmod:with,nsubj,obl,asserted,directed,0,1,0,0,dependency
aimed,AIMed.d178.s1511,stanza_craft+coref_abe8ec13_0:rel:2,0,3,positive,positive,,,applied,structural|AB|associate|with|verbal,structural|associate,associate,AB,verbal,with,clause,DEP-associate,sources,targets,nsubj,nmod:with,nsubj,obl,asserted,directed,0,1,0,0,dependency
aimed,AIMed.d178.s1513,stanza_craft+coref_24403551_0:rel:0,0,2,positive,positive,,,applied,structural|AB|associate|with|passive,structural|associate,associate,AB,passive,with,clause,DEP-associate-passive,sources,targets,nsubj,nmod:with,nsubj,obl,asserted,directed,0,1,0,0,dependency
aimed,AIMed.d178.s1513,stanza_craft+coref_24403551_0:rel:1,1,2,positive,positive,,,applied,structural|AB|associate|with|passive,structural|associate,associate,AB,passive,with,clause,DEP-associate-passive,sources,targets,nsubj,nmod:with,nsubj,obl,asserted,directed,0,1,0,0,dependency
aimed,AIMed.d178.s1513,stanza_craft+coref_24403551_2:rel:0,3,4,positive,positive,,,applied,structural|AB|associate|with|passive,structural|associate,associate,AB,passive,with,clause,DEP-associate-passive,sources,targets,nsubj,nmod:with,nsubj,obl,asserted,directed,0,1,0,0,dependency
aimed,AIMed.d178.s1516,stanza_craft+coref_25bd19b6_2:rel:0,1,3,negative,positive,,,applied,structural|AB|mediate|_|verbal,structural|mediate,mediate,AB,verbal,,clause,DEP-mediate,sources,targets,nsubj,dobj,nsubj,obj,asserted,directed,1,1,0,0,dependency
aimed,AIMed.d178.s1517,stanza_craft+coref_116b6f1a_0:rel:0,0,1,positive,positive,,,applied,structural|AB|contain|_|verbal,structural|contain,contain,AB,verbal,,clause,DEP-contain,sources,targets,nsubj,dobj,nsubj,obj,asserted,directed,1,1,0,0,dependency
aimed,AIMed.d178.s1517,stanza_craft+coref_116b6f1a_1:rel:0,0,2,negative,negative,,,not_applied,structural|AB|phosphorylate|_|verbal,structural|phosphorylate,phosphorylate,AB,verbal,,clause,DEP-phosphorylate,sources,targets,nsubj,dobj,nsubj,obj,negated,directed,1,1,0,0,dependency
aimed,AIMed.d178.s1518,stanza_craft+coref_5b1da8f6_0:rel:0,0,1,negative,positive,,,applied,structural|AB|sequester|_|verbal,structural|sequester,sequester,AB,verbal,,clause,DEP-sequester,sources,targets,nsubj,dobj,nsubj,obj,asserted,directed,1,1,0,0,dependency
aimed,AIMed.d178.s1518,stanza_craft+coref_5b1da8f6_0:rel:1,0,2,negative,positive,,,applied,structural|AB|sequester|_|verbal,structural|sequester,sequester,AB,verbal,,clause,DEP-sequester,sources,targets,nsubj,dobj,nsubj,obj,asserted,directed,1,1,0,0,dependency
aimed,AIMed.d179.s1519,stanza_craft+coref_4372f418_0:rel:0,4,5,negative,negative,,,not_applied,structural|AA|associate|with|nominalized,structural|associate,associate,AA,nominalized,with,clause,DEP-association-nestedinner,participants,participants,nmod:with,nmod:with,nmod,conj,asserted,undirected,0,0,0,1,dependency
aimed,AIMed.d179.s1519,stanza_craft+coref_4372f418_1:rel:0,0,1,negative,positive,,,applied,structural|AB|stimulate|_|verbal,structural|stimulate,stimulate,AB,verbal,,clause,DEP-stimulate-nested,sources,targets,nsubj,dobj,nsubj,obj,asserted,directed,1,1,0,0,dependency
aimed,AIMed.d179.s1519,stanza_craft+coref_4372f418_1:rel:1,0,2,negative,positive,,,applied,structural|AB|stimulate|_|verbal,structural|stimulate,stimulate,AB,verbal,,clause,DEP-stimulate-nested,sources,targets,nsubj,dobj,nsubj,obj,asserted,directed,1,1,0,0,dependency
aimed,AIMed.d179.s1519,stanza_craft+coref_4372f418_1:rel:2,0,3,positive,positive,,,applied,structural|AB|stimulate|_|verbal,structural|stimulate,stimulate,AB,verbal,,clause,DEP-stimulate-nested,sources,targets,nsubj,dobj,nsubj,obj,asserted,directed,0,1,0,0,dependency
aimed,AIMed.d179.s1519,stanza_craft+coref_4372f418_1:rel:3,0,4,negative,negative,,,not_selected,structural|NESTED|stimulate|_|nested,structural|NESTED|stimulate|_,stimulate,NESTED,nested,,clause,DEP-stimulate-nested,sources,targets:event_ref:stanza_craft+coref_4372f418_0,nsubj,nmod:with,nsubj,nmod,asserted,nested_review,0,0,0,0,dependency
aimed,AIMed.d179.s1519,stanza_craft+coref_4372f418_1:rel:4,0,5,negative,negative,,,not_selected,structural|NESTED|stimulate|_|nested,structural|NESTED|stimulate|_,stimulate,NESTED,nested,,clause,DEP-stimulate-nested,sources,targets:event_ref:stanza_craft+coref_4372f418_0,nsubj,nmod:with,nsubj,conj,asserted,nested_review,0,0,0,0,dependency
aimed,AIMed.d179.s1522,stanza_craft+coref_6653360e_0:rel:0,0,1,negative,positive,,,applied,structural|AB|stimulate|_|verbal,structural|stimulate,stimulate,AB,verbal,,clause,DEP-stimulate,sources,targets,nsubj,dobj,nsubj,obj,asserted,directed,1,1,0,0,dependency
aimed,AIMed.d179.s1522,stanza_craft+coref_6653360e_0:rel:1,0,2,positive,positive,,,applied,structural|AB|stimulate|_|verbal,structural|stimulate,stimulate,AB,verbal,,clause,DEP-stimulate,sources,targets,nsubj,dobj,nsubj,obj,asserted,directed,0,1,0,0,dependency
aimed,AIMed.d179.s1522,stanza_craft+coref_6653360e_0:rel:2,0,3,positive,positive,,,applied,structural|AB|stimulate|_|verbal,structural|stimulate,stimulate,AB,verbal,,clause,DEP-stimulate,sources,targets,nsubj,dobj,nsubj,obj,asserted,directed,0,1,0,0,dependency
aimed,AIMed.d179.s1522,stanza_craft+coref_6653360e_0:rel:3,0,4,negative,positive,,,applied,structural|AB|stimulate|_|verbal,structural|stimulate,stimulate,AB,verbal,,clause,DEP-stimulate,sources,targets,nsubj,dobj,nsubj,obj,asserted,directed,1,1,0,0,dependency
aimed,AIMed.d179.s1522,stanza_craft+coref_6653360e_0:rel:4,0,5,negative,positive,,,applied,structural|AB|stimulate|_|verbal,structural|stimulate,stimulate,AB,verbal,,clause,DEP-stimulate,sources,targets,nsubj,dobj,nsubj,obj,asserted,directed,0,1,0,0,dependency
aimed,AIMed.d179.s1522,stanza_craft+coref_6653360e_1:rel:0,1,4,negative,negative,,,review_only,relational|RELATIONAL|substrate|_|nominalized,relational|RELATIONAL|substrate|_,substrate,RELATIONAL,nominalized,,appositive,DEP-Apposition,entities_a,entities_b,nmod,appos,nmod,appos,asserted,relational,1,1,0,1,dependency
aimed,AIMed.d179.s1522,stanza_craft+coref_6653360e_1:rel:1,1,5,negative,negative,,,review_only,relational|RELATIONAL|substrate|_|nominalized,relational|RELATIONAL|substrate|_,substrate,RELATIONAL,nominalized,,appositive,DEP-Apposition,entities_a,entities_b,nmod,appos,nmod,appos,asserted,relational,1,1,0,1,dependency
aimed,AIMed.d179.s1522,stanza_craft+coref_6653360e_1:rel:2,2,4,negative,negative,,,review_only,relational|RELATIONAL|substrate|_|nominalized,relational|RELATIONAL|substrate|_,substrate,RELATIONAL,nominalized,,appositive,DEP-Apposition,entities_a,entities_b,nmod,appos,nmod,appos,asserted,relational,1,1,0,1,dependency
aimed,AIMed.d179.s1522,stanza_craft+coref_6653360e_1:rel:3,2,5,negative,negative,,,review_only,relational|RELATIONAL|substrate|_|nominalized,relational|RELATIONAL|substrate|_,substrate,RELATIONAL,nominalized,,appositive,DEP-Apposition,entities_a,entities_b,nmod,appos,nmod,appos,asserted,relational,0,1,0,1,dependency
aimed,AIMed.d179.s1522,stanza_craft+coref_6653360e_2:rel:0,1,3,negative,negative,,,review_only,relational|RELATIONAL|is-a|_|verbal,relational|RELATIONAL|is-a|_,,RELATIONAL,verbal,,appositive,DEP-ParentheticalAlias,entities_a,entities_b,nmod,dep,nmod,dep,asserted,relational,1,1,0,0,dependency
aimed,AIMed.d179.s1522,stanza_craft+coref_6653360e_2:rel:1,2,3,negative,negative,,,review_only,relational|RELATIONAL|is-a|_|verbal,relational|RELATIONAL|is-a|_,,RELATIONAL,verbal,,appositive,DEP-ParentheticalAlias,entities_a,entities_b,nmod,dep,nmod,dep,asserted,relational,0,0,0,0,dependency
aimed,AIMed.d179.s1523,stanza_craft+coref_65953d24_3:rel:0,0,1,positive,negative,,,not_applied,structural|NESTED|induce|_|nested,structural|NESTED|induce|_,induce,NESTED,nested,,clause,DEP-agentive-process-bridge-induce,sources,targets:event_ref:stanza_craft+coref_65953d24_2,agentive_controller,nmod:of,dep,nmod,asserted,nested_review,0,0,0,0,dependency
aimed,AIMed.d179.s1525,stanza_craft+coref_b835dafb_0:rel:0,3,4,negative,negative,,,review_only,relational|RELATIONAL|is-a|_|verbal,relational|RELATIONAL|is-a|_,,RELATIONAL,verbal,,appositive,DEP-ParentheticalAlias,entities_a,entities_b,nmod,dep,nmod,dep,asserted,relational,0,0,0,0,dependency
aimed,AIMed.d179.s1526,stanza_craft+coref_35a9f22d_1:rel:0,3,4,negative,positive,,,applied,structural|AB|lead|to|verbal,structural|lead,lead,AB,verbal,to,clause,DEP-lead,sources,targets,nsubj,nmod:to,nsubj,obl,asserted,directed,0,1,0,0,dependency
aimed,AIMed.d179.s1527,stanza_craft+coref_1c6af505_0:rel:0,0,3,negative,positive,,,applied,structural|AB|contribute|to|verbal,structural|contribute,contribute,AB,verbal,to,clause,DEP-contribute,sources,targets,nsubj,nmod:to,nsubj,obl,asserted,directed,1,1,0,0,dependency
aimed,AIMed.d179.s1527,stanza_craft+coref_1c6af505_0:rel:1,0,4,negative,positive,,,applied,structural|AB|contribute|to|verbal,structural|contribute,contribute,AB,verbal,to,clause,DEP-contribute,sources,targets,nsubj,nmod:to,nsubj,obl,asserted,directed,0,1,0,0,dependency
aimed,AIMed.d179.s1527,stanza_craft+coref_1c6af505_0:rel:2,1,3,negative,positive,,,applied,structural|AB|contribute|to|verbal,structural|contribute,contribute,AB,verbal,to,clause,DEP-contribute,sources,targets,conj,nmod:to,conj,obl,asserted,directed,1,1,0,0,dependency
aimed,AIMed.d179.s1527,stanza_craft+coref_1c6af505_0:rel:3,1,4,negative,positive,,,applied,structural|AB|contribute|to|verbal,structural|contribute,contribute,AB,verbal,to,clause,DEP-contribute,sources,targets,conj,nmod:to,conj,obl,asserted,directed,1,1,0,0,dependency
aimed,AIMed.d179.s1527,stanza_craft+coref_1c6af505_0:rel:4,2,3,negative,positive,,,applied,structural|AB|contribute|to|verbal,structural|contribute,contribute,AB,verbal,to,clause,DEP-contribute,sources,targets,conj,nmod:to,conj,obl,asserted,directed,1,1,0,0,dependency
aimed,AIMed.d179.s1527,stanza_craft+coref_1c6af505_0:rel:5,2,4,negative,positive,,,applied,structural|AB|contribute|to|verbal,structural|contribute,contribute,AB,verbal,to,clause,DEP-contribute,sources,targets,conj,nmod:to,conj,obl,asserted,directed,1,1,0,0,dependency
aimed,AIMed.d179.s1527,stanza_craft+coref_1c6af505_1:rel:0,1,2,positive,positive,,,applied,structural|AA|associate|with|nominalized,structural|associate,associate,AA,nominalized,with,event_nominal,DEP-nom-association-undirected,participants,participants,nmod:with,nmod:with,compound,compound,asserted,undirected,1,0,0,1,dependency
aimed,AIMed.d179.s1527,stanza_craft+coref_1c6af505_2:rel:0,1,2,positive,positive,,,applied,structural|AA|complex|_|compound_state,structural|complex,complex,AA,compound_state,,state_nominal,DEP-Complex,participants,participants,nmod,nmod,nmod,nmod,asserted,undirected,1,1,0,1,dependency
aimed,AIMed.d179.s1528,stanza_craft+coref_52806c93_0:rel:0,0,1,positive,positive,,,applied,structural|AB|interact|with|verbal,structural|interact,interact,AB,verbal,with,clause,DEP-interact,sources,targets,nsubj,nmod:with,nsubj,obl,asserted,directed,0,0,0,0,dependency
aimed,AIMed.d179.s1528,stanza_craft+coref_52806c93_0:rel:1,0,2,negative,positive,,,applied,structural|AB|interact|in|verbal,structural|interact,interact,AB,verbal,in,clause,DEP-interact,sources,targets,nsubj,nmod:in,nsubj,obl,asserted,directed,0,1,0,0,dependency
aimed,AIMed.d18.s151,stanza_craft+coref_8ff33403_2:rel:0,6,7,negative,negative,,,review_only,relational|RELATIONAL|is-a|_|verbal,relational|RELATIONAL|is-a|_,,RELATIONAL,verbal,,appositive,DEP-ParentheticalAlias,entities_a,entities_b,conj,dep,conj,dep,asserted,relational,0,0,0,0,dependency
aimed,AIMed.d180.s1532,stanza_craft+coref_913663b5_1:rel:0,0,1,negative,negative,,,review_only,relational|RELATIONAL|is-a|_|verbal,relational|RELATIONAL|is-a|_,,RELATIONAL,verbal,,appositive,DEP-Apposition,entities_a,entities_b,compound,appos,compound,appos,asserted,relational,1,1,0,0,dependency
aimed,AIMed.d180.s1532,stanza_craft+coref_913663b5_1:rel:1,0,3,negative,negative,,,review_only,relational|RELATIONAL|is-a|_|verbal,relational|RELATIONAL|is-a|_,,RELATIONAL,verbal,,appositive,DEP-Apposition,entities_a,entities_b,compound,appos,compound,appos,asserted,relational,1,0,0,0,dependency
aimed,AIMed.d180.s1532,stanza_craft+coref_913663b5_1:rel:2,1,3,negative,negative,,,review_only,relational|RELATIONAL|is-a|_|verbal,relational|RELATIONAL|is-a|_,,RELATIONAL,verbal,,appositive,DEP-Apposition,entities_a,entities_b,compound,appos,compound,appos,asserted,relational,1,1,0,0,dependency
aimed,AIMed.d180.s1532,stanza_craft+coref_913663b5_2:rel:0,4,5,negative,negative,,,review_only,relational|RELATIONAL|is-a|_|verbal,relational|RELATIONAL|is-a|_,,RELATIONAL,verbal,,appositive,DEP-ParentheticalAlias,entities_a,entities_b,conj,dep,conj,dep,asserted,relational,0,0,0,0,dependency
aimed,AIMed.d180.s1533,stanza_craft+coref_5996d70b_0:rel:0,2,3,negative,negative,,,review_only,relational|RELATIONAL|is-a|_|verbal,relational|RELATIONAL|is-a|_,,RELATIONAL,verbal,,appositive,DEP-ParentheticalAlias,entities_a,entities_b,conj,dep,conj,dep,asserted,relational,0,0,0,0,dependency
aimed,AIMed.d180.s1534,stanza_craft+coref_ed0c982e_0:rel:0,0,1,positive,positive,,,applied,structural|AB|phosphorylate|_|verbal,structural|phosphorylate,phosphorylate,AB,verbal,,clause,DEP-phosphorylate,sources,targets,nsubj,dobj,nsubj,obj,asserted,directed,0,0,0,0,dependency
aimed,AIMed.d180.s1536,stanza_craft+coref_f999d379_0:rel:0,0,1,positive,positive,,,applied,structural|AB|bind|_|verbal,structural|bind,bind,AB,verbal,,clause,DEP-bind,sources,targets,nsubj,dobj,nsubj,obj,asserted,directed,0,1,0,0,dependency
aimed,AIMed.d180.s1536,stanza_craft+coref_f999d379_1:rel:0,0,2,negative,positive,,,applied,structural|AB|do|_|verbal,structural|do,do,AB,verbal,,clause,DEP-do,sources,targets,nsubj,dobj,nsubj,obj,asserted,directed,0,1,0,0,dependency
aimed,AIMed.d180.s1537,stanza_craft+coref_ee1ac405_1:rel:0,0,1,positive,positive,,,applied,structural|AA|interact|between|nominalized,structural|interact,interact,AA,nominalized,between,event_nominal,DEP-nom-interaction-undirected,participants,participants,nmod:between,nmod:between,nmod,conj,asserted,undirected,0,0,0,1,dependency
aimed,AIMed.d181.s1541,stanza_craft+coref_dcb87546_0:rel:0,0,1,positive,positive,,,applied,structural|AB|bind|to|verbal,structural|bind,bind,AB,verbal,to,clause,DEP-bind,sources,targets,nsubj,nmod:to,nsubj,obl,asserted,directed,1,1,0,0,dependency
aimed,AIMed.d181.s1543,stanza_craft+coref_ebb80101_0:rel:0,0,1,positive,positive,,,applied,structural|AB|disrupt|_|verbal,structural|disrupt,disrupt,AB,verbal,,clause,DEP-disrupt,sources,targets,nsubj,dobj,nsubj,obj,asserted,directed,1,1,0,0,dependency
aimed,AIMed.d181.s1544,stanza_craft+coref_e225bf84_2:rel:0,0,2,negative,positive,,,applied,structural|AB|have|in|verbal,structural|have,have,AB,verbal,in,clause,DEP-have,sources,targets,nsubj,nmod:in,nsubj,obl,asserted,directed,1,1,0,0,dependency
aimed,AIMed.d181.s1544,stanza_craft+coref_e225bf84_2:rel:1,1,2,negative,positive,,,applied,structural|AB|have|in|verbal,structural|have,have,AB,verbal,in,clause,DEP-have,sources,targets,nsubj,nmod:in,nsubj,obl,asserted,directed,1,1,0,0,dependency
aimed,AIMed.d181.s1544,stanza_craft+coref_e225bf84_3:rel:0,0,1,positive,positive,,,applied,structural|AA|complex|_|compound_state,structural|complex,complex,AA,compound_state,,state_nominal,DEP-Complex,participants,participants,nsubj,nsubj,nsubj,nsubj,asserted,undirected,1,1,0,1,dependency
aimed,AIMed.d182.s1545,stanza_craft+coref_62941e71_0:rel:0,0,1,positive,positive,,,applied,structural|AB|bind|to|verbal,structural|bind,bind,AB,verbal,to,clause,DEP-bind,sources,targets,nsubj,nmod:to,nsubj,obl,asserted,directed,1,1,0,0,dependency
aimed,AIMed.d182.s1546,stanza_craft+coref_b1336f9c_3:rel:0,0,1,positive,positive,,,applied,relational|RELATIONAL|inhibitor|_|nominalized,relational|RELATIONAL|inhibitor|_,inhibitor,RELATIONAL,nominalized,,clause,DEP-CopulaIsA,entities_a,entities_b,nsubj,ROOT,nsubj,root,asserted,relational,1,1,0,1,dependency
aimed,AIMed.d182.s1548,stanza_craft+coref_1a0f2a60_0:rel:0,0,1,positive,positive,,,applied,structural|AB|bind|to|verbal,structural|bind,bind,AB,verbal,to,clause,DEP-bind,sources,targets,nsubj,nmod:to,nsubj,obl,asserted,directed,0,1,0,0,dependency
aimed,AIMed.d182.s1549,stanza_craft+coref_7c1ea4df_0:rel:0,0,2,negative,positive,,,applied,structural|AB|complementarity|on|nominalized,structural|complementarity,complementarity,AB,nominalized,on,clause,DEP-complementarity-nestedinner-directed,sources,targets,nmod:between,nmod:on,nmod,conj,asserted,directed,1,1,0,1,dependency
aimed,AIMed.d182.s1549,stanza_craft+coref_7c1ea4df_2:rel:0,2,3,positive,positive,,,applied,structural|AB|insert|into|verbal,structural|insert,insert,AB,verbal,into,clause,DEP-insert,sources,targets,nmod,nmod:into,nmod,obl,asserted,directed,1,1,0,0,dependency
aimed,AIMed.d182.s1550,stanza_craft+coref_b8769478_2:rel:0,1,2,positive,positive,,,applied,structural|AB|inactivate|_|verbal,structural|inactivate,inactivate,AB,verbal,,clause,DEP-inactivate,sources,targets,nsubj,dobj,nsubj,obj,asserted,directed,0,0,0,0,dependency
aimed,AIMed.d183.s1552,stanza_craft+coref_b70c7738_0:rel:0,0,1,positive,positive,,,applied,structural|AB|activate|_|verbal,structural|activate,activate,AB,verbal,,clause,DEP-activate,sources,targets,nsubj,dobj,nsubj,obj,asserted,directed,0,1,0,0,dependency
aimed,AIMed.d183.s1553,stanza_craft+coref_5bcb79e2_0:rel:0,0,1,positive,positive,,,applied,structural|AB|interact|with|verbal,structural|interact,interact,AB,verbal,with,clause,DEP-interact,sources,targets,nsubjpass,nmod:with,nsubj:pass,obl,asserted,directed,0,0,0,0,dependency
aimed,AIMed.d183.s1553,stanza_craft+coref_5bcb79e2_1:rel:0,1,2,negative,negative,,,review_only,relational|RELATIONAL|identity|_|verbal,relational|RELATIONAL|identity|_,,RELATIONAL,verbal,,appositive,DEP-LooseIdentityCandidate,entities_a,entities_b,nmod,compound,obl,compound,asserted,relational,1,0,0,0,dependency
aimed,AIMed.d183.s1554,stanza_craft+coref_ee3aeb97_2:rel:0,0,3,negative,positive,,,applied,structural|AB|stimulate|_|verbal,structural|stimulate,stimulate,AB,verbal,,clause,DEP-stimulate,sources,targets,nsubjpass,dobj,nsubj:pass,obj,asserted,directed,1,1,0,0,dependency
aimed,AIMed.d183.s1554,stanza_craft+coref_ee3aeb97_2:rel:1,0,4,negative,positive,,,applied,structural|AB|stimulate|_|verbal,structural|stimulate,stimulate,AB,verbal,,clause,DEP-stimulate,sources,targets,nsubjpass,dobj,nsubj:pass,obj,asserted,directed,1,1,0,0,dependency
aimed,AIMed.d183.s1554,stanza_craft+coref_ee3aeb97_2:rel:2,0,5,negative,positive,,,applied,structural|AB|stimulate|toward|verbal,structural|stimulate,stimulate,AB,verbal,toward,clause,DEP-stimulate,sources,targets,nsubjpass,nmod:toward,nsubj:pass,obl,asserted,directed,0,0,0,0,dependency
aimed,AIMed.d183.s1555,stanza_craft+coref_e7fe8a75_0:rel:0,0,1,positive,positive,,,applied,structural|AB|activate|_|passive,structural|activate,activate,AB,passive,,clause,DEP-activate-passive,sources,targets,nmod,nsubjpass,obl,nsubj:pass,asserted,directed,0,0,0,0,dependency
aimed,AIMed.d183.s1555,stanza_craft+coref_e7fe8a75_0:rel:1,1,2,negative,positive,,,applied,structural|AB|activate|in|passive,structural|activate,activate,AB,passive,in,clause,DEP-activate-passive,sources,targets,nmod,nmod:in,obl,obl,asserted,directed,0,1,0,0,dependency
aimed,AIMed.d183.s1556,stanza_craft+coref_d8bc74c5_0:rel:0,0,1,positive,positive,,,applied,structural|AA|complex|_|compound_state,structural|complex,complex,AA,compound_state,,state_nominal,DEP-Complex,participants,participants,nsubjpass,nsubjpass,nsubj:pass,nsubj:pass,asserted,undirected,0,1,0,1,dependency
aimed,AIMed.d183.s1556,stanza_craft+coref_d8bc74c5_0:rel:1,0,2,negative,positive,,,applied,structural|AA|complex|_|compound_state,structural|complex,complex,AA,compound_state,,state_nominal,DEP-Complex,participants,participants,nsubjpass,nsubjpass,nsubj:pass,nsubj:pass,asserted,undirected,0,1,0,1,dependency
aimed,AIMed.d183.s1556,stanza_craft+coref_d8bc74c5_0:rel:2,1,2,negative,positive,,,applied,structural|AA|complex|_|compound_state,structural|complex,complex,AA,compound_state,,state_nominal,DEP-Complex,participants,participants,nsubjpass,nsubjpass,nsubj:pass,nsubj:pass,asserted,undirected,0,1,0,1,dependency
aimed,AIMed.d183.s1557,stanza_craft+coref_959e2431_0:rel:0,0,1,negative,negative,,,not_selected,structural|AB|result|in|verbal,structural|result,result,AB,verbal,in,clause,DEP-result,sources,targets,nsubj,nmod:in,nsubj,obl,asserted,directed,0,1,0,0,dependency
aimed,AIMed.d183.s1557,stanza_craft+coref_959e2431_0:rel:1,0,2,negative,negative,,,not_selected,structural|AB|result|in|verbal,structural|result,result,AB,verbal,in,clause,DEP-result,sources,targets,nsubj,nmod:in,nsubj,obl,asserted,directed,0,1,0,0,dependency
aimed,AIMed.d183.s1557,stanza_craft+coref_959e2431_0:rel:2,1,3,negative,positive,,,applied,structural|AB|result|in|verbal,structural|result,result,AB,verbal,in,clause,DEP-result,sources,targets,nsubj,nmod:in,nsubj,obl,asserted,directed,1,1,0,0,dependency
aimed,AIMed.d183.s1557,stanza_craft+coref_959e2431_0:rel:3,2,3,negative,positive,,,applied,structural|AB|result|in|verbal,structural|result,result,AB,verbal,in,clause,DEP-result,sources,targets,nsubj,nmod:in,nsubj,obl,asserted,directed,1,1,0,0,dependency
aimed,AIMed.d183.s1558,stanza_craft+coref_14d5aec3_0:rel:0,0,1,positive,positive,,,applied,structural|AB|phosphorylate|_|verbal,structural|phosphorylate,phosphorylate,AB,verbal,,clause,DEP-phosphorylate,sources,targets,nsubj,dobj,nsubj,obj,asserted,directed,0,0,0,0,dependency
aimed,AIMed.d183.s1559,stanza_craft+coref_6ddfbe26_1:rel:0,0,1,positive,positive,,,applied,structural|AB|coimmunoprecipitate|with|verbal,structural|coimmunoprecipitate,coimmunoprecipitate,AB,verbal,with,clause,DEP-coimmunoprecipitate,sources,targets,nsubj,nmod:with,nsubj,obl,asserted,directed,0,1,0,0,dependency
aimed,AIMed.d183.s1560,stanza_craft+coref_3f2c952a_3:rel:0,0,2,negative,positive,,,applied,structural|AB|activate|_|verbal,structural|activate,activate,AB,verbal,,clause,DEP-activate,sources,targets,nsubj,dobj,nsubj,obj,asserted,directed,0,0,0,0,dependency
aimed,AIMed.d183.s1560,stanza_craft+coref_3f2c952a_3:rel:1,1,2,negative,positive,,,applied,structural|AB|activate|_|verbal,structural|activate,activate,AB,verbal,,clause,DEP-activate,sources,targets,conj,dobj,conj,obj,asserted,directed,0,0,0,0,dependency
aimed,AIMed.d184.s1561,stanza_craft+coref_a7d5614f_0:rel:0,1,2,negative,positive,,,applied,structural|AB|interact|with|nominalized,structural|interact,interact,AB,nominalized,with,event_nominal,DEP-nom-interaction,sources,targets,nmod:of,nmod:with,compound,dep,asserted,directed,1,0,0,1,dependency
aimed,AIMed.d184.s1562,stanza_craft+coref_85b6c1e7_1:rel:0,0,1,negative,negative,,,review_only,relational|RELATIONAL|is-a|_|verbal,relational|RELATIONAL|is-a|_,,RELATIONAL,verbal,,appositive,DEP-Apposition,entities_a,entities_b,dobj,appos,obj,appos,asserted,relational,0,1,0,0,dependency
aimed,AIMed.d184.s1563,stanza_craft+coref_b43f03de_0:rel:0,0,2,positive,positive,,,applied,structural|AB|interact|with|verbal,structural|interact,interact,AB,verbal,with,clause,DEP-interact,sources,targets,nsubj,nmod:with,nsubj,obl,asserted,directed,0,1,0,0,dependency
aimed,AIMed.d184.s1563,stanza_craft+coref_b43f03de_0:rel:1,1,2,positive,positive,,,applied,structural|AB|interact|with|verbal,structural|interact,interact,AB,verbal,with,clause,DEP-interact,sources,targets,nsubj,nmod:with,nsubj,obl,asserted,directed,0,1,0,0,dependency
aimed,AIMed.d184.s1563,stanza_craft+coref_b43f03de_1:rel:0,3,4,negative,negative,,,not_applied,structural|AA|bind|of|nominalized,structural|bind,bind,AA,nominalized,of,clause,DEP-binding-nestedinner,participants,participants,nmod:of,nmod:of,nmod,nmod,asserted,undirected,1,1,0,1,dependency
aimed,AIMed.d184.s1563,stanza_craft+coref_b43f03de_1:rel:1,3,5,negative,negative,,,not_applied,structural|AA|bind|of|nominalized,structural|bind,bind,AA,nominalized,of,clause,DEP-binding-nestedinner,participants,participants,nmod:of,nmod:of,nmod,nmod,asserted,undirected,1,1,0,1,dependency
aimed,AIMed.d184.s1563,stanza_craft+coref_b43f03de_1:rel:2,4,5,negative,negative,,,not_applied,structural|AA|bind|of|nominalized,structural|bind,bind,AA,nominalized,of,clause,DEP-binding-nestedinner,participants,participants,nmod:of,nmod:of,nmod,nmod,asserted,undirected,0,1,0,1,dependency
aimed,AIMed.d184.s1563,stanza_craft+coref_b43f03de_2:rel:0,0,3,negative,negative,,,not_applied,structural|NESTED|inhibit|_|nested,structural|NESTED|inhibit|_,inhibit,NESTED,nested,,clause,DEP-inhibit-nested,sources,targets:event_ref:stanza_craft+coref_b43f03de_1,nsubj,nmod:of,nsubj,nmod,asserted,nested_review,1,1,0,0,dependency
aimed,AIMed.d184.s1563,stanza_craft+coref_b43f03de_2:rel:1,0,4,negative,negative,,,not_applied,structural|NESTED|inhibit|_|nested,structural|NESTED|inhibit|_,inhibit,NESTED,nested,,clause,DEP-inhibit-nested,sources,targets:event_ref:stanza_craft+coref_b43f03de_1,nsubj,nmod:of,nsubj,nmod,asserted,nested_review,0,1,0,0,dependency
aimed,AIMed.d184.s1563,stanza_craft+coref_b43f03de_2:rel:2,0,5,negative,negative,,,not_applied,structural|NESTED|inhibit|_|nested,structural|NESTED|inhibit|_,inhibit,NESTED,nested,,clause,DEP-inhibit-nested,sources,targets:event_ref:stanza_craft+coref_b43f03de_1,nsubj,nmod:of,nsubj,nmod,asserted,nested_review,0,1,0,0,dependency
aimed,AIMed.d184.s1563,stanza_craft+coref_b43f03de_2:rel:3,1,3,negative,negative,,,not_applied,structural|NESTED|inhibit|_|nested,structural|NESTED|inhibit|_,inhibit,NESTED,nested,,clause,DEP-inhibit-nested,sources,targets:event_ref:stanza_craft+coref_b43f03de_1,nsubj,nmod:of,nsubj,nmod,asserted,nested_review,1,1,0,0,dependency
aimed,AIMed.d184.s1563,stanza_craft+coref_b43f03de_2:rel:4,1,4,negative,negative,,,not_applied,structural|NESTED|inhibit|_|nested,structural|NESTED|inhibit|_,inhibit,NESTED,nested,,clause,DEP-inhibit-nested,sources,targets:event_ref:stanza_craft+coref_b43f03de_1,nsubj,nmod:of,nsubj,nmod,asserted,nested_review,0,1,0,0,dependency
aimed,AIMed.d184.s1563,stanza_craft+coref_b43f03de_2:rel:5,1,5,negative,negative,,,not_applied,structural|NESTED|inhibit|_|nested,structural|NESTED|inhibit|_,inhibit,NESTED,nested,,clause,DEP-inhibit-nested,sources,targets:event_ref:stanza_craft+coref_b43f03de_1,nsubj,nmod:of,nsubj,nmod,asserted,nested_review,0,1,0,0,dependency
aimed,AIMed.d184.s1563,stanza_craft+coref_b43f03de_2:rel:6,0,3,negative,negative,,,not_applied,structural|NESTED|inhibit|_|nested,structural|NESTED|inhibit|_,inhibit,NESTED,nested,,clause,DEP-inhibit-nested,sources,targets:event_ref:stanza_craft+coref_b43f03de_1,nsubj,nmod:of,nsubj,nmod,asserted,nested_review,1,1,0,0,dependency
aimed,AIMed.d184.s1563,stanza_craft+coref_b43f03de_2:rel:7,0,4,negative,negative,,,not_applied,structural|NESTED|inhibit|_|nested,structural|NESTED|inhibit|_,inhibit,NESTED,nested,,clause,DEP-inhibit-nested,sources,targets:event_ref:stanza_craft+coref_b43f03de_1,nsubj,nmod:of,nsubj,nmod,asserted,nested_review,0,1,0,0,dependency
aimed,AIMed.d184.s1563,stanza_craft+coref_b43f03de_2:rel:8,0,5,negative,negative,,,not_applied,structural|NESTED|inhibit|_|nested,structural|NESTED|inhibit|_,inhibit,NESTED,nested,,clause,DEP-inhibit-nested,sources,targets:event_ref:stanza_craft+coref_b43f03de_1,nsubj,nmod:of,nsubj,nmod,asserted,nested_review,0,1,0,0,dependency
aimed,AIMed.d184.s1563,stanza_craft+coref_b43f03de_2:rel:9,1,3,negative,negative,,,not_applied,structural|NESTED|inhibit|_|nested,structural|NESTED|inhibit|_,inhibit,NESTED,nested,,clause,DEP-inhibit-nested,sources,targets:event_ref:stanza_craft+coref_b43f03de_1,nsubj,nmod:of,nsubj,nmod,asserted,nested_review,1,1,0,0,dependency
aimed,AIMed.d184.s1563,stanza_craft+coref_b43f03de_2:rel:10,1,4,negative,negative,,,not_applied,structural|NESTED|inhibit|_|nested,structural|NESTED|inhibit|_,inhibit,NESTED,nested,,clause,DEP-inhibit-nested,sources,targets:event_ref:stanza_craft+coref_b43f03de_1,nsubj,nmod:of,nsubj,nmod,asserted,nested_review,0,1,0,0,dependency
aimed,AIMed.d184.s1563,stanza_craft+coref_b43f03de_2:rel:11,1,5,negative,negative,,,not_applied,structural|NESTED|inhibit|_|nested,structural|NESTED|inhibit|_,inhibit,NESTED,nested,,clause,DEP-inhibit-nested,sources,targets:event_ref:stanza_craft+coref_b43f03de_1,nsubj,nmod:of,nsubj,nmod,asserted,nested_review,0,1,0,0,dependency
aimed,AIMed.d184.s1563,stanza_craft+coref_b43f03de_2:rel:12,0,3,negative,negative,,,not_applied,structural|NESTED|inhibit|_|nested,structural|NESTED|inhibit|_,inhibit,NESTED,nested,,clause,DEP-inhibit-nested,sources,targets:event_ref:stanza_craft+coref_b43f03de_1,nsubj,conj,nsubj,conj,asserted,nested_review,0,1,0,0,dependency
aimed,AIMed.d184.s1563,stanza_craft+coref_b43f03de_2:rel:13,0,4,negative,negative,,,not_applied,structural|NESTED|inhibit|_|nested,structural|NESTED|inhibit|_,inhibit,NESTED,nested,,clause,DEP-inhibit-nested,sources,targets:event_ref:stanza_craft+coref_b43f03de_1,nsubj,conj,nsubj,conj,asserted,nested_review,0,1,0,0,dependency
aimed,AIMed.d184.s1563,stanza_craft+coref_b43f03de_2:rel:14,0,5,negative,negative,,,not_applied,structural|NESTED|inhibit|_|nested,structural|NESTED|inhibit|_,inhibit,NESTED,nested,,clause,DEP-inhibit-nested,sources,targets:event_ref:stanza_craft+coref_b43f03de_1,nsubj,conj,nsubj,conj,asserted,nested_review,0,1,0,0,dependency
aimed,AIMed.d184.s1563,stanza_craft+coref_b43f03de_2:rel:15,1,3,negative,negative,,,not_applied,structural|NESTED|inhibit|_|nested,structural|NESTED|inhibit|_,inhibit,NESTED,nested,,clause,DEP-inhibit-nested,sources,targets:event_ref:stanza_craft+coref_b43f03de_1,nsubj,conj,nsubj,conj,asserted,nested_review,0,1,0,0,dependency
aimed,AIMed.d184.s1563,stanza_craft+coref_b43f03de_2:rel:16,1,4,negative,negative,,,not_applied,structural|NESTED|inhibit|_|nested,structural|NESTED|inhibit|_,inhibit,NESTED,nested,,clause,DEP-inhibit-nested,sources,targets:event_ref:stanza_craft+coref_b43f03de_1,nsubj,conj,nsubj,conj,asserted,nested_review,0,1,0,0,dependency
aimed,AIMed.d184.s1563,stanza_craft+coref_b43f03de_2:rel:17,1,5,negative,negative,,,not_applied,structural|NESTED|inhibit|_|nested,structural|NESTED|inhibit|_,inhibit,NESTED,nested,,clause,DEP-inhibit-nested,sources,targets:event_ref:stanza_craft+coref_b43f03de_1,nsubj,conj,nsubj,conj,asserted,nested_review,0,1,0,0,dependency
aimed,AIMed.d184.s1563,stanza_craft+coref_b43f03de_3:rel:0,0,1,positive,positive,,,applied,structural|AA|complex|_|compound_state,structural|complex,complex,AA,compound_state,,state_nominal,DEP-Complex,participants,participants,nsubj,nsubj,nsubj,nsubj,asserted,undirected,0,1,0,1,dependency
aimed,AIMed.d184.s1563,stanza_craft+coref_b43f03de_4:rel:0,3,4,negative,negative,,,review_only,relational|RELATIONAL|is-a|_|verbal,relational|RELATIONAL|is-a|_,,RELATIONAL,verbal,,appositive,DEP-Apposition,entities_a,entities_b,nmod,appos,nmod,appos,asserted,relational,1,1,0,0,dependency
aimed,AIMed.d184.s1563,stanza_craft+coref_b43f03de_4:rel:1,4,5,negative,negative,,,review_only,relational|RELATIONAL|is-a|_|verbal,relational|RELATIONAL|is-a|_,,RELATIONAL,verbal,,appositive,DEP-Apposition,entities_a,entities_b,nmod,appos,nmod,appos,asserted,relational,0,1,0,0,dependency
aimed,AIMed.d184.s1564,stanza_craft+coref_68cf2e27_1:rel:0,0,1,positive,positive,,,applied,structural|AA|interact|between|nominalized,structural|interact,interact,AA,nominalized,between,event_nominal,DEP-nom-interaction-undirected,participants,participants,nmod:between,nmod:between,nmod,conj,asserted,undirected,0,0,0,1,dependency
aimed,AIMed.d184.s1565,stanza_craft+coref_32c5b39e_0:rel:0,1,2,positive,positive,,,applied,structural|AA|interact|between|nominalized,structural|interact,interact,AA,nominalized,between,clause,DEP-interaction-nestedinner,participants,participants,nmod:between,nmod:between,nmod,conj,asserted,undirected,1,1,0,1,dependency
aimed,AIMed.d184.s1565,stanza_craft+coref_32c5b39e_1:rel:0,0,1,negative,negative,,,review_only,relational|RELATIONAL|identity|_|verbal,relational|RELATIONAL|identity|_,,RELATIONAL,verbal,,appositive,DEP-LooseIdentityCandidate,entities_a,entities_b,nmod,compound,nmod,compound,negated,relational,1,0,0,0,dependency
aimed,AIMed.d184.s1566,stanza_craft+coref_2e3aae89_1:rel:0,0,2,positive,positive,,,applied,structural|AB|interact|with|verbal,structural|interact,interact,AB,verbal,with,clause,DEP-interact,sources,targets,nsubj,nmod:with,nsubj,obl,asserted,directed,1,1,0,0,dependency
aimed,AIMed.d184.s1567,stanza_craft+coref_2760f0e2_1:rel:0,2,4,positive,positive,,,applied,structural|AB|interact|with|nominalized,structural|interact,interact,AB,nominalized,with,clause,DEP-interaction-nestedinner-directed,sources,targets,nmod:of,nmod:with,nmod,obl,asserted,directed,1,1,0,1,dependency
aimed,AIMed.d184.s1567,stanza_craft+coref_2760f0e2_1:rel:1,3,4,positive,positive,,,applied,structural|AB|interact|with|nominalized,structural|interact,interact,AB,nominalized,with,clause,DEP-interaction-nestedinner-directed,sources,targets,nmod:of,nmod:with,nmod,obl,asserted,directed,1,1,0,1,dependency
aimed,AIMed.d184.s1568,stanza_craft+coref_399ef76a_1:rel:0,0,1,negative,positive,,,applied,structural|AB|create|_|verbal,structural|create,create,AB,verbal,,clause,DEP-create,sources,targets,nsubj,dobj,nsubj,obj,asserted,directed,0,1,0,0,dependency
aimed,AIMed.d185.s1569,stanza_craft+coref_22e8f8f3_0:rel:0,0,1,negative,positive,,,applied,structural|AB|recruit|_|nominalized,structural|recruit,recruit,AB,nominalized,,event_nominal,DEP-nom-recruitment,sources,targets,nmod:by,compound,compound,compound,asserted,directed,1,0,0,1,dependency
aimed,AIMed.d185.s1569,stanza_craft+coref_22e8f8f3_0:rel:1,0,2,positive,positive,,,applied,structural|AB|recruit|_|nominalized,structural|recruit,recruit,AB,nominalized,,event_nominal,DEP-nom-recruitment,sources,targets,nmod:by,compound,compound,compound,asserted,directed,1,0,0,1,dependency
aimed,AIMed.d185.s1571,stanza_craft+coref_9efc9c11_5:rel:0,0,3,negative,negative,,,review_only,relational|RELATIONAL|identity|_|verbal,relational|RELATIONAL|identity|_,,RELATIONAL,verbal,,appositive,DEP-LooseIdentityCandidate,entities_a,entities_b,nmod,nmod,nmod,obl,asserted,relational,1,1,0,0,dependency
aimed,AIMed.d185.s1571,stanza_craft+coref_9efc9c11_5:rel:1,1,3,negative,negative,,,review_only,relational|RELATIONAL|identity|_|verbal,relational|RELATIONAL|identity|_,,RELATIONAL,verbal,,appositive,DEP-LooseIdentityCandidate,entities_a,entities_b,nmod,nmod,nmod,obl,asserted,relational,1,1,0,0,dependency
aimed,AIMed.d185.s1571,stanza_craft+coref_9efc9c11_5:rel:2,2,3,negative,negative,,,review_only,relational|RELATIONAL|identity|_|verbal,relational|RELATIONAL|identity|_,,RELATIONAL,verbal,,appositive,DEP-LooseIdentityCandidate,entities_a,entities_b,nmod,nmod,nmod,obl,asserted,relational,0,0,0,0,dependency
aimed,AIMed.d185.s1572,stanza_craft+coref_102769f0_1:rel:0,0,1,positive,positive,,,applied,structural|AB|activate|_|verbal,structural|activate,activate,AB,verbal,,clause,DEP-activate,sources,targets,nsubj,dobj,nsubj,obj,asserted,directed,0,0,0,0,dependency
aimed,AIMed.d185.s1572,stanza_craft+coref_102769f0_1:rel:1,0,2,positive,positive,,,applied,structural|AB|activate|_|verbal,structural|activate,activate,AB,verbal,,clause,DEP-activate,sources,targets,nsubj,conj,nsubj,conj,asserted,directed,0,0,0,0,dependency
aimed,AIMed.d185.s1572,stanza_craft+coref_102769f0_4:rel:0,1,2,negative,positive,,,applied,structural|AA|complex|_|compound_state,structural|complex,complex,AA,compound_state,,state_nominal,DEP-Complex,participants,participants,dobj,dobj,obj,obj,asserted,undirected,0,1,0,1,dependency
aimed,AIMed.d185.s1573,stanza_craft+coref_d4e1ca7a_0:rel:0,0,1,positive,positive,,,applied,structural|AB|activate|_|verbal,structural|activate,activate,AB,verbal,,clause,DEP-activate,sources,targets,nsubj,dobj,nsubj,obj,asserted,directed,0,0,0,0,dependency
aimed,AIMed.d185.s1573,stanza_craft+coref_d4e1ca7a_2:rel:0,2,3,negative,negative,,,review_only,relational|RELATIONAL|is-a|_|verbal,relational|RELATIONAL|is-a|_,,RELATIONAL,verbal,,appositive,DEP-Apposition,entities_a,entities_b,dobj,dep,obj,dep,asserted,relational,0,0,0,0,dependency
aimed,AIMed.d185.s1574,stanza_craft+coref_c9938b53_3:rel:0,0,1,negative,negative,,,review_only,relational|RELATIONAL|is-a|_|verbal,relational|RELATIONAL|is-a|_,,RELATIONAL,verbal,,appositive,DEP-Apposition,entities_a,entities_b,nmod,dep,nmod,dep,asserted,relational,0,0,0,0,dependency
aimed,AIMed.d185.s1575,stanza_craft+coref_ff0c9753_4:rel:0,2,3,negative,negative,,,not_applied,structural|NESTED|induce|_|nested,structural|NESTED|induce|_,induce,NESTED,nested,,clause,DEP-agentive-process-bridge-induce,sources,targets:event_ref:stanza_craft+coref_ff0c9753_3,agentive_controller,compound,dep,compound,asserted,nested_review,1,0,0,0,dependency
aimed,AIMed.d185.s1577,stanza_craft+coref_79751d6a_0:rel:0,0,3,negative,positive,,,applied,structural|AB|recruit|to|passive,structural|recruit,recruit,AB,passive,to,clause,DEP-recruit-passive,sources,targets,nsubjpass,nmod:to,nsubj:pass,obl,asserted,directed,1,1,0,0,dependency
aimed,AIMed.d185.s1577,stanza_craft+coref_79751d6a_0:rel:1,0,4,positive,positive,,,applied,structural|AB|recruit|to|passive,structural|recruit,recruit,AB,passive,to,clause,DEP-recruit-passive,sources,targets,nsubjpass,nmod:to,nsubj:pass,obl,asserted,directed,0,0,0,0,dependency
aimed,AIMed.d185.s1577,stanza_craft+coref_79751d6a_0:rel:2,1,3,negative,negative,,,not_selected,structural|AB|recruit|to|passive,structural|recruit,recruit,AB,passive,to,clause,DEP-recruit-passive,sources,targets,conj,nmod:to,conj,obl,negated,directed,1,1,0,0,dependency
aimed,AIMed.d185.s1577,stanza_craft+coref_79751d6a_0:rel:3,1,4,negative,negative,,,not_selected,structural|AB|recruit|to|passive,structural|recruit,recruit,AB,passive,to,clause,DEP-recruit-passive,sources,targets,conj,nmod:to,conj,obl,negated,directed,0,0,0,0,dependency
aimed,AIMed.d185.s1577,stanza_craft+coref_79751d6a_0:rel:4,2,3,negative,negative,,,not_selected,structural|AB|recruit|to|passive,structural|recruit,recruit,AB,passive,to,clause,DEP-recruit-passive,sources,targets,conj,nmod:to,conj,obl,negated,directed,1,1,0,0,dependency
aimed,AIMed.d185.s1577,stanza_craft+coref_79751d6a_0:rel:5,2,4,negative,negative,,,not_selected,structural|AB|recruit|to|passive,structural|recruit,recruit,AB,passive,to,clause,DEP-recruit-passive,sources,targets,conj,nmod:to,conj,obl,negated,directed,0,0,0,0,dependency
aimed,AIMed.d186.s1579,stanza_craft+coref_726408c6_0:rel:0,0,2,negative,negative,,,review_only,relational|RELATIONAL|is-a|_|verbal,relational|RELATIONAL|is-a|_,,RELATIONAL,verbal,,appositive,DEP-Apposition,entities_a,entities_b,nmod,dep,nmod,dep,asserted,relational,1,1,0,0,dependency
aimed,AIMed.d186.s1579,stanza_craft+coref_726408c6_0:rel:1,1,2,negative,negative,,,review_only,relational|RELATIONAL|is-a|_|verbal,relational|RELATIONAL|is-a|_,,RELATIONAL,verbal,,appositive,DEP-Apposition,entities_a,entities_b,nmod,dep,nmod,dep,asserted,relational,0,0,0,0,dependency
aimed,AIMed.d186.s1580,stanza_craft+coref_dfe7ddce_2:rel:0,0,2,negative,negative,,,review_only,relational|RELATIONAL|is-a|_|verbal,relational|RELATIONAL|is-a|_,,RELATIONAL,verbal,,appositive,DEP-Apposition,entities_a,entities_b,nmod,dep,obl,dep,asserted,relational,1,1,0,0,dependency
aimed,AIMed.d186.s1580,stanza_craft+coref_dfe7ddce_2:rel:1,1,2,negative,negative,,,review_only,relational|RELATIONAL|is-a|_|verbal,relational|RELATIONAL|is-a|_,,RELATIONAL,verbal,,appositive,DEP-Apposition,entities_a,entities_b,nmod,dep,obl,dep,asserted,relational,0,0,0,0,dependency
aimed,AIMed.d186.s1580,stanza_craft+coref_dfe7ddce_3:rel:0,2,3,negative,negative,,,review_only,relational|RELATIONAL|is-a|_|verbal,relational|RELATIONAL|is-a|_,,RELATIONAL,verbal,,appositive,DEP-ParentheticalAlias,entities_a,entities_b,dep,dep,dep,dep,asserted,relational,0,0,0,0,dependency
aimed,AIMed.d186.s1583,stanza_craft+coref_697a2434_0:rel:0,0,3,positive,positive,,,applied,structural|AB|serve|for|verbal,structural|serve,serve,AB,verbal,for,clause,DEP-serve,sources,targets,nsubj,nmod:for,nsubj,obl,asserted,directed,1,1,0,0,dependency
aimed,AIMed.d186.s1583,stanza_craft+coref_697a2434_1:rel:0,0,4,negative,negative,,,not_applied,structural|AB|replace|_|verbal,structural|replace,replace,AB,verbal,,clause,DEP-replace,sources,targets,nsubj,dobj,nsubj,obj,negated,directed,0,1,0,0,dependency
aimed,AIMed.d186.s1583,stanza_craft+coref_697a2434_3:rel:0,1,2,negative,negative,,,review_only,relational|RELATIONAL|is-a|_|verbal,relational|RELATIONAL|is-a|_,,RELATIONAL,verbal,,appositive,DEP-ParentheticalAlias,entities_a,entities_b,dep,nmod,dep,nmod,asserted,relational,0,0,0,0,dependency
aimed,AIMed.d187.s1585,stanza_craft+coref_ff3dc8f9_0:rel:0,0,1,positive,positive,,,applied,structural|AB|interact|with|nominalized,structural|interact,interact,AB,nominalized,with,event_nominal,DEP-nom-interaction,sources,targets,nmod:of,nmod:with,nmod,nmod,asserted,directed,0,0,0,1,dependency
aimed,AIMed.d187.s1586,stanza_craft+coref_cb2e1696_0:rel:0,0,1,negative,negative,,,review_only,relational|RELATIONAL|is-a|_|verbal,relational|RELATIONAL|is-a|_,,RELATIONAL,verbal,,appositive,DEP-ParentheticalAlias,entities_a,entities_b,nsubj,dep,nsubj,dep,asserted,relational,0,0,0,0,dependency
aimed,AIMed.d187.s1589,stanza_craft+coref_6ab818fb_0:rel:0,0,2,positive,positive,,,applied,structural|AB|form|with|verbal,structural|form,form,AB,verbal,with,clause,DEP-form,sources,targets,nsubj,nmod:with,nsubj,obl,asserted,directed,0,0,0,0,dependency
aimed,AIMed.d187.s1589,stanza_craft+coref_6ab818fb_1:rel:0,0,3,negative,positive,,,applied,structural|AB|decrease|_|verbal,structural|decrease,decrease,AB,verbal,,clause,DEP-decrease,sources,targets,nsubj,dobj,nsubj,obj,asserted,directed,1,1,0,0,dependency
aimed,AIMed.d187.s1589,stanza_craft+coref_6ab818fb_3:rel:0,0,1,negative,negative,,,review_only,relational|RELATIONAL|is-a|_|verbal,relational|RELATIONAL|is-a|_,,RELATIONAL,verbal,,appositive,DEP-ParentheticalAlias,entities_a,entities_b,nsubj,dep,nsubj,dep,asserted,relational,0,0,0,0,dependency
aimed,AIMed.d187.s1590,stanza_craft+coref_b8866df4_0:rel:0,0,1,negative,positive,,,applied,structural|AB|decrease|_|verbal,structural|decrease,decrease,AB,verbal,,clause,DEP-decrease,sources,targets,nsubj,dobj,nsubj,obj,asserted,directed,1,1,0,0,dependency
aimed,AIMed.d187.s1591,stanza_craft+coref_69ba193e_0:rel:0,0,1,positive,positive,,,applied,structural|AA|complex|_|compound_state,structural|complex,complex,AA,compound_state,,state_nominal,DEP-Complex,participants,participants,compound,compound,compound,compound,asserted,undirected,1,0,0,1,dependency
aimed,AIMed.d187.s1592,stanza_craft+coref_d052c943_2:rel:0,0,1,positive,positive,,,applied,structural|AB|interact|with|verbal,structural|interact,interact,AB,verbal,with,clause,DEP-interact,sources,targets,nmod,nmod:with,nmod,obl,asserted,directed,1,1,0,0,dependency
aimed,AIMed.d188.s1599,stanza_craft+coref_5af1fc05_2:rel:0,0,1,negative,negative,,,review_only,relational|RELATIONAL|is-a|_|verbal,relational|RELATIONAL|is-a|_,,RELATIONAL,verbal,,appositive,DEP-ParentheticalAlias,entities_a,entities_b,ccomp,dep,ccomp,dep,asserted,relational,0,0,0,0,dependency
aimed,AIMed.d188.s1600,stanza_craft+coref_fc47b3be_1:rel:0,1,2,negative,positive,,,applied,structural|AB|relate|_|passive,structural|relate,relate,AB,passive,,clause,DEP-hyphen-participle-merged-passive-relate,sources,targets,amod:agent,appos,amod,conj,asserted,directed,0,0,0,0,dependency
aimed,AIMed.d188.s1600,stanza_craft+coref_fc47b3be_2:rel:0,1,2,negative,positive,,,review_only,relational|RELATIONAL|protein|_|verbal,relational|RELATIONAL|protein|_,protein,RELATIONAL,verbal,,appositive,DEP-Apposition,entities_a,entities_b,conj,appos,conj,appos,asserted,relational,0,0,1,0,dependency
aimed,AIMed.d189.s1603,stanza_craft+coref_82c883d6_0:rel:0,0,1,positive,positive,,,applied,structural|AB|associate|with|nominalized,structural|associate,associate,AB,nominalized,with,event_nominal,DEP-nom-association,sources,targets,nmod:of,nmod:with,nmod,compound,asserted,directed,1,0,0,1,dependency
aimed,AIMed.d189.s1603,stanza_craft+coref_82c883d6_0:rel:1,0,2,positive,positive,,,applied,structural|AB|associate|with|nominalized,structural|associate,associate,AB,nominalized,with,event_nominal,DEP-nom-association,sources,targets,nmod:of,nmod:with,nmod,conj,asserted,directed,0,0,0,1,dependency
aimed,AIMed.d189.s1603,stanza_craft+coref_82c883d6_0:rel:2,0,3,positive,positive,,,applied,structural|AB|associate|with|nominalized,structural|associate,associate,AB,nominalized,with,event_nominal,DEP-nom-association,sources,targets,nmod:of,nmod:with,nmod,conj,asserted,directed,0,0,0,1,dependency
aimed,AIMed.d189.s1603,stanza_craft+coref_82c883d6_0:rel:3,0,4,positive,positive,,,applied,structural|AB|associate|with|nominalized,structural|associate,associate,AB,nominalized,with,event_nominal,DEP-nom-association,sources,targets,nmod:of,nmod:with,nmod,conj,asserted,directed,0,0,0,1,dependency
aimed,AIMed.d189.s1606,stanza_craft+coref_cc8b2a00_3:rel:0,2,3,positive,positive,,,applied,structural|AB|interact|with|verbal,structural|interact,interact,AB,verbal,with,clause,DEP-interact,sources,targets,dobj,nmod:with,obj,obl,asserted,directed,0,1,0,0,dependency
aimed,AIMed.d189.s1606,stanza_craft+coref_cc8b2a00_3:rel:1,2,4,positive,positive,,,applied,structural|AB|interact|with|verbal,structural|interact,interact,AB,verbal,with,clause,DEP-interact,sources,targets,dobj,nmod:with,obj,conj,asserted,directed,0,1,0,0,dependency
aimed,AIMed.d189.s1606,stanza_craft+coref_cc8b2a00_3:rel:2,2,5,positive,positive,,,applied,structural|AB|interact|with|verbal,structural|interact,interact,AB,verbal,with,clause,DEP-interact,sources,targets,dobj,nmod:with,obj,conj,asserted,directed,0,1,0,0,dependency
aimed,AIMed.d189.s1606,stanza_craft+coref_cc8b2a00_3:rel:3,2,6,positive,positive,,,applied,structural|AB|interact|with|verbal,structural|interact,interact,AB,verbal,with,clause,DEP-interact,sources,targets,dobj,nmod:with,obj,conj,asserted,directed,0,1,0,0,dependency
aimed,AIMed.d189.s1606,stanza_craft+coref_cc8b2a00_4:rel:0,1,2,negative,negative,,,review_only,relational|RELATIONAL|homolog|_|nominalized,relational|RELATIONAL|homolog|_,homolog,RELATIONAL,nominalized,,appositive,DEP-NominalAlias,entities_a,entities_b,dobj,nmod,obj,nmod,asserted,relational,0,1,0,1,dependency
aimed,AIMed.d189.s1607,stanza_craft+coref_1c06a72c_2:rel:0,1,2,negative,negative,,,review_only,relational|RELATIONAL|is-a|_|verbal,relational|RELATIONAL|is-a|_,,RELATIONAL,verbal,,appositive,DEP-ParentheticalAlias,entities_a,entities_b,appos,dep,appos,dep,asserted,relational,0,0,0,0,dependency
aimed,AIMed.d189.s1608,stanza_craft+coref_31333bff_0:rel:0,0,1,positive,positive,,,applied,structural|AB|interact|with|nominalized,structural|interact,interact,AB,nominalized,with,clause,DEP-interaction-nestedinner-directed,sources,targets,nmod:of,nmod:with,nmod,nmod,asserted,directed,0,0,0,1,dependency
aimed,AIMed.d189.s1609,stanza_craft+coref_dc737aa6_1:rel:0,0,2,negative,positive,,,applied,structural|AB|interact|through|verbal,structural|interact,interact,AB,verbal,through,clause,DEP-interact,sources,targets,nsubj,nmod:through,nsubj,obl,asserted,directed,0,1,0,0,dependency
aimed,AIMed.d19.s162,stanza_craft+coref_f4775898_1:rel:0,1,2,negative,positive,,,applied,structural|AB|code|for|verbal,structural|code,code,AB,verbal,for,clause,DEP-code,sources,targets,dep,nmod:for,dep,obl,asserted,directed,1,1,0,0,dependency
aimed,AIMed.d19.s162,stanza_craft+coref_f4775898_3:rel:0,0,1,negative,negative,,,review_only,relational|RELATIONAL|is-a|_|verbal,relational|RELATIONAL|is-a|_,,RELATIONAL,verbal,,appositive,DEP-ParentheticalAlias,entities_a,entities_b,dep,compound,dep,compound,asserted,relational,1,0,0,0,dependency
aimed,AIMed.d190.s1610,stanza_craft+coref_e8a03faf_1:rel:0,0,3,negative,positive,,,applied,structural|AA|interact|with|nominalized,structural|interact,interact,AA,nominalized,with,event_nominal,DEP-nom-interaction-subject-undirected,participants,participants,nmod:with,nmod:with,compound,conj,asserted,undirected,1,1,0,1,dependency
aimed,AIMed.d190.s1610,stanza_craft+coref_e8a03faf_1:rel:1,1,3,negative,positive,,,applied,structural|AA|interact|with|nominalized,structural|interact,interact,AA,nominalized,with,event_nominal,DEP-nom-interaction-subject-undirected,participants,participants,nmod:with,nmod:with,compound,conj,asserted,undirected,1,0,0,1,dependency
aimed,AIMed.d190.s1610,stanza_craft+coref_e8a03faf_1:rel:2,0,1,positive,positive,,,applied,structural|AA|interact|with|nominalized,structural|interact,interact,AA,nominalized,with,event_nominal,DEP-nom-interaction-subject-undirected,participants,participants,nmod:with,nmod:with,compound,compound,asserted,undirected,1,1,0,1,dependency
aimed,AIMed.d190.s1610,stanza_craft+coref_e8a03faf_1:rel:3,0,2,negative,positive,,,applied,structural|AA|interact|with|nominalized,structural|interact,interact,AA,nominalized,with,event_nominal,DEP-nom-interaction-subject-undirected,participants,participants,nmod:with,nmod:with,compound,compound,asserted,undirected,1,1,0,1,dependency
aimed,AIMed.d190.s1610,stanza_craft+coref_e8a03faf_1:rel:4,1,2,negative,positive,,,applied,structural|AA|interact|with|nominalized,structural|interact,interact,AA,nominalized,with,event_nominal,DEP-nom-interaction-subject-undirected,participants,participants,nmod:with,nmod:with,compound,compound,asserted,undirected,1,0,0,1,dependency
aimed,AIMed.d190.s1610,stanza_craft+coref_e8a03faf_1:rel:5,2,3,negative,positive,,,applied,structural|AA|interact|with|nominalized,structural|interact,interact,AA,nominalized,with,event_nominal,DEP-nom-interaction-subject-undirected,participants,participants,nmod:with,nmod:with,conj,compound,asserted,undirected,1,0,0,1,dependency
aimed,AIMed.d190.s1610,stanza_craft+coref_e8a03faf_2:rel:0,0,1,positive,positive,,,applied,structural|AA|complex|_|compound_state,structural|complex,complex,AA,compound_state,,state_nominal,DEP-CollectiveSlashPair,participants,participants,orthographic_member,orthographic_member,compound,compound,asserted,undirected,1,0,0,1,dependency
aimed,AIMed.d190.s1610,stanza_craft+coref_e8a03faf_3:rel:0,0,1,positive,positive,,,applied,structural|AA|complex|_|compound_state,structural|complex,complex,AA,compound_state,,state_nominal,DEP-Complex,participants,participants,compound,compound,compound,compound,asserted,undirected,1,1,0,1,dependency
aimed,AIMed.d190.s1610,stanza_craft+coref_e8a03faf_4:rel:0,1,2,negative,positive,,,applied,structural|AA|complex|_|compound_state,structural|complex,complex,AA,compound_state,,state_nominal,DEP-Complex,participants,participants,nmod,nmod,nmod,nmod,asserted,undirected,1,1,0,1,dependency
aimed,AIMed.d190.s1610,stanza_craft+coref_e8a03faf_4:rel:1,1,3,negative,positive,,,applied,structural|AA|complex|_|compound_state,structural|complex,complex,AA,compound_state,,state_nominal,DEP-Complex,participants,participants,nmod,nmod,nmod,nmod,asserted,undirected,1,1,0,1,dependency
aimed,AIMed.d190.s1610,stanza_craft+coref_e8a03faf_4:rel:2,2,3,negative,positive,,,applied,structural|AA|complex|_|compound_state,structural|complex,complex,AA,compound_state,,state_nominal,DEP-Complex,participants,participants,nmod,nmod,nmod,nmod,asserted,undirected,1,1,0,1,dependency
aimed,AIMed.d190.s1612,stanza_craft+coref_90d5f298_0:rel:0,1,2,positive,positive,,,not_applied,structural|AA|interact|of|nominalized,structural|interact,interact,AA,nominalized,of,clause,DEP-interaction-nestedinner,participants,participants,nmod:of,nmod:of,nmod,nmod,asserted,undirected,1,1,0,1,dependency
aimed,AIMed.d190.s1612,stanza_craft+coref_90d5f298_3:rel:0,1,2,positive,positive,,,applied,structural|AA|complex|_|compound_state,structural|complex,complex,AA,compound_state,,state_nominal,DEP-CollectiveSlashPair,participants,participants,orthographic_member,orthographic_member,compound,compound,asserted,undirected,1,0,0,1,dependency
aimed,AIMed.d190.s1612,stanza_craft+coref_90d5f298_4:rel:0,1,2,positive,positive,,,applied,structural|AA|complex|_|compound_state,structural|complex,complex,AA,compound_state,,state_nominal,DEP-Complex,participants,participants,compound,compound,compound,compound,asserted,undirected,1,1,0,1,dependency
aimed,AIMed.d190.s1613,stanza_craft+coref_154b2e51_1:rel:0,0,4,negative,positive,,,applied,structural|AB|induce|_|verbal,structural|induce,induce,AB,verbal,,clause,DEP-induce,sources,targets,compound,dobj,compound,obj,asserted,directed,1,1,0,0,dependency
aimed,AIMed.d190.s1613,stanza_craft+coref_154b2e51_1:rel:1,1,4,negative,positive,,,applied,structural|AB|induce|_|verbal,structural|induce,induce,AB,verbal,,clause,DEP-induce,sources,targets,nsubj,dobj,nsubj,obj,asserted,directed,1,1,0,0,dependency
aimed,AIMed.d190.s1613,stanza_craft+coref_154b2e51_1:rel:2,2,4,positive,positive,,,applied,structural|AB|induce|_|verbal,structural|induce,induce,AB,verbal,,clause,DEP-induce,sources,targets,nsubj,dobj,nsubj,obj,asserted,directed,1,1,0,0,dependency
aimed,AIMed.d190.s1613,stanza_craft+coref_154b2e51_1:rel:3,3,4,positive,positive,,,applied,structural|AB|induce|_|verbal,structural|induce,induce,AB,verbal,,clause,DEP-induce,sources,targets,nsubj,dobj,nsubj,obj,asserted,directed,1,1,0,0,dependency
aimed,AIMed.d190.s1613,stanza_craft+coref_154b2e51_2:rel:0,0,2,negative,negative,,,review_only,relational|RELATIONAL|is-a|_|verbal,relational|RELATIONAL|is-a|_,,RELATIONAL,verbal,,appositive,DEP-Apposition,entities_a,entities_b,nsubj,appos,nsubj,appos,asserted,relational,1,1,0,0,dependency
aimed,AIMed.d190.s1613,stanza_craft+coref_154b2e51_2:rel:1,1,2,negative,negative,,,review_only,relational|RELATIONAL|is-a|_|verbal,relational|RELATIONAL|is-a|_,,RELATIONAL,verbal,,appositive,DEP-Apposition,entities_a,entities_b,nsubj,appos,nsubj,appos,asserted,relational,0,1,0,0,dependency
aimed,AIMed.d190.s1613,stanza_craft+coref_154b2e51_2:rel:2,2,3,negative,negative,,,review_only,relational|RELATIONAL|is-a|_|verbal,relational|RELATIONAL|is-a|_,,RELATIONAL,verbal,,appositive,DEP-Apposition,entities_a,entities_b,nsubj,appos,nsubj,appos,asserted,relational,0,1,0,0,dependency
aimed,AIMed.d190.s1614,stanza_craft+coref_57ad0b99_0:rel:0,0,1,positive,positive,,,applied,structural|AB|bind|_|verbal,structural|bind,bind,AB,verbal,,clause,DEP-bind,sources,targets,nsubj,dobj,nsubj,obj,asserted,directed,0,1,0,0,dependency
aimed,AIMed.d190.s1615,stanza_craft+coref_6f5eac1e_0:rel:0,1,2,negative,positive,,,applied,structural|AB|interact|through|verbal,structural|interact,interact,AB,verbal,through,clause,DEP-interact,sources,targets,nsubj,nmod:through,nsubj,obl,asserted,directed,1,1,0,0,dependency
aimed,AIMed.d190.s1615,stanza_craft+coref_6f5eac1e_0:rel:1,1,4,negative,positive,,,applied,structural|AB|interact|with|verbal,structural|interact,interact,AB,verbal,with,clause,DEP-interact,sources,targets,nsubj,nmod:with,nsubj,obl,asserted,directed,1,1,0,0,dependency
aimed,AIMed.d190.s1615,stanza_craft+coref_6f5eac1e_1:rel:0,3,4,positive,positive,,,applied,structural|AB|activate|_|passive,structural|activate,activate,AB,passive,,clause,DEP-hyphen-participle-passive-activate,sources,targets,amod:agent,nmod,dep,obl,asserted,directed,0,0,0,0,dependency
aimed,AIMed.d190.s1615,stanza_craft+coref_6f5eac1e_2:rel:0,0,1,positive,positive,,,applied,structural|AA|complex|_|compound_state,structural|complex,complex,AA,compound_state,,state_nominal,DEP-CollectiveSlashPair,participants,participants,orthographic_member,orthographic_member,compound,compound,asserted,undirected,1,0,0,1,dependency
aimed,AIMed.d190.s1615,stanza_craft+coref_6f5eac1e_3:rel:0,0,1,positive,positive,,,applied,structural|AA|complex|_|compound_state,structural|complex,complex,AA,compound_state,,state_nominal,DEP-Complex,participants,participants,compound,compound,compound,compound,asserted,undirected,1,1,0,1,dependency
aimed,AIMed.d190.s1616,stanza_craft+coref_80b012f7_1:rel:0,1,2,positive,positive,,,applied,structural|AB|contain|_|verbal,structural|contain,contain,AB,verbal,,clause,DEP-contain,sources,targets,nmod,dobj,nmod,obj,asserted,directed,1,1,0,0,dependency
aimed,AIMed.d190.s1617,stanza_craft+coref_86267c86_1:rel:0,1,2,positive,positive,,,applied,structural|AB|associate|with|nominalized,structural|associate,associate,AB,nominalized,with,clause,DEP-association-nestedinner-directed,sources,targets,nmod:of,nmod:with,nmod,obl,asserted,directed,0,0,0,1,dependency
aimed,AIMed.d190.s1617,stanza_craft+coref_86267c86_2:rel:0,0,1,negative,negative,,,not_applied,structural|NESTED|mediate|_|nested,structural|NESTED|mediate|_,mediate,NESTED,nested,,clause,DEP-mediate-nested,sources,targets:event_ref:stanza_craft+coref_86267c86_1,nsubj,nmod:of,nsubj,nmod,asserted,nested_review,0,0,0,0,dependency
aimed,AIMed.d190.s1617,stanza_craft+coref_86267c86_2:rel:1,0,2,negative,negative,,,not_applied,structural|NESTED|mediate|_|nested,structural|NESTED|mediate|_,mediate,NESTED,nested,,clause,DEP-mediate-nested,sources,targets:event_ref:stanza_craft+coref_86267c86_1,nsubj,nmod:with,nsubj,obl,asserted,nested_review,0,0,0,0,dependency
aimed,AIMed.d190.s1618,stanza_craft+coref_fdd86a7f_0:rel:0,2,3,negative,positive,,,applied,structural|AB|recruit|_|verbal,structural|recruit,recruit,AB,verbal,,clause,DEP-recruit,sources,targets,nsubj,dobj,nsubj,obj,asserted,directed,1,1,0,0,dependency
aimed,AIMed.d190.s1618,stanza_craft+coref_fdd86a7f_0:rel:1,0,2,negative,positive,,,applied,structural|AB|recruit|upon|verbal,structural|recruit,recruit,AB,verbal,upon,clause,DEP-recruit,sources,targets,nsubj,nmod:upon,nsubj,obl,asserted,directed,1,1,0,0,dependency
aimed,AIMed.d190.s1618,stanza_craft+coref_fdd86a7f_0:rel:2,2,4,negative,positive,,,applied,structural|AB|recruit|via|verbal,structural|recruit,recruit,AB,verbal,via,clause,DEP-recruit,sources,targets,nsubj,nmod:via,nsubj,obl,asserted,directed,1,1,0,0,dependency
aimed,AIMed.d190.s1618,stanza_craft+coref_fdd86a7f_1:rel:0,1,2,positive,positive,,,applied,structural|AA|complex|_|compound_state,structural|complex,complex,AA,compound_state,,state_nominal,DEP-CollectiveSlashPair,participants,participants,orthographic_member,orthographic_member,compound,compound,asserted,undirected,1,0,0,1,dependency
aimed,AIMed.d190.s1618,stanza_craft+coref_fdd86a7f_2:rel:0,1,2,positive,positive,,,applied,structural|AA|complex|_|compound_state,structural|complex,complex,AA,compound_state,,state_nominal,DEP-Complex,participants,participants,compound,compound,compound,compound,asserted,undirected,1,1,0,1,dependency
aimed,AIMed.d190.s1620,stanza_craft+coref_08624ca8_5:rel:0,1,2,positive,positive,,,applied,structural|AA|complex|_|compound_state,structural|complex,complex,AA,compound_state,,state_nominal,DEP-CollectiveSlashPair,participants,participants,orthographic_member,orthographic_member,compound,compound,asserted,undirected,1,0,0,1,dependency
aimed,AIMed.d190.s1620,stanza_craft+coref_08624ca8_6:rel:0,1,2,positive,positive,,,applied,structural|AA|complex|_|compound_state,structural|complex,complex,AA,compound_state,,state_nominal,DEP-Complex,participants,participants,compound,compound,compound,compound,asserted,undirected,1,1,0,1,dependency
aimed,AIMed.d191.s1623,stanza_craft+coref_50f48e8f_2:rel:0,0,1,negative,positive,,,applied,structural|AA|bind|_|nominalized,structural|bind,bind,AA,nominalized,,event_nominal,DEP-nom-binding-undirected,participants,participants,compound,compound,compound,conj,asserted,undirected,1,0,0,1,dependency
aimed,AIMed.d191.s1631,stanza_craft+coref_ed41b1b0_0:rel:0,0,1,positive,positive,,,applied,structural|AB|interact|with|verbal,structural|interact,interact,AB,verbal,with,clause,DEP-interact,sources,targets,nsubj,nmod:with,nsubj,obl,asserted,directed,0,0,0,0,dependency
aimed,AIMed.d191.s1631,stanza_craft+coref_ed41b1b0_0:rel:1,0,2,negative,positive,,,applied,structural|AB|interact|with|verbal,structural|interact,interact,AB,verbal,with,clause,DEP-interact,sources,targets,nsubj,nmod:with,nsubj,conj,asserted,directed,0,0,0,0,dependency
aimed,AIMed.d191.s1631,stanza_craft+coref_ed41b1b0_0:rel:2,0,3,negative,positive,,,applied,structural|AB|interact|with|verbal,structural|interact,interact,AB,verbal,with,clause,DEP-interact,sources,targets,nsubj,nmod:with,nsubj,obl,asserted,directed,1,1,0,0,dependency
aimed,AIMed.d192.s1635,stanza_craft+coref_2f555246_0:rel:0,0,2,negative,positive,,,applied,structural|AB|mediate|_|passive,structural|mediate,mediate,AB,passive,,clause,DEP-mediate-passive,sources,targets,nmod,nmod,obl,nmod,asserted,directed,1,1,0,0,dependency
aimed,AIMed.d192.s1635,stanza_craft+coref_2f555246_0:rel:1,1,2,negative,positive,,,applied,structural|AB|mediate|_|passive,structural|mediate,mediate,AB,passive,,clause,DEP-mediate-passive,sources,targets,nmod,nmod,obl,nmod,asserted,directed,1,1,0,0,dependency
aimed,AIMed.d192.s1635,stanza_craft+coref_2f555246_0:rel:2,0,3,negative,positive,,,applied,structural|AB|mediate|_|passive,structural|mediate,mediate,AB,passive,,clause,DEP-mediate-passive,sources,targets,nmod,nmod,obl,nmod,asserted,directed,1,1,0,0,dependency
aimed,AIMed.d192.s1635,stanza_craft+coref_2f555246_0:rel:3,1,3,positive,positive,,,applied,structural|AB|mediate|_|passive,structural|mediate,mediate,AB,passive,,clause,DEP-mediate-passive,sources,targets,nmod,nmod,obl,nmod,asserted,directed,0,0,0,0,dependency
aimed,AIMed.d192.s1636,stanza_craft+coref_f3d705f9_0:rel:0,0,4,negative,positive,,,applied,structural|AB|process|_|verbal,structural|process,process,AB,verbal,,clause,DEP-process,sources,targets,nsubj,dobj,nsubj,obj,asserted,directed,1,1,0,0,dependency
aimed,AIMed.d192.s1636,stanza_craft+coref_f3d705f9_0:rel:1,1,4,negative,positive,,,applied,structural|AB|process|_|verbal,structural|process,process,AB,verbal,,clause,DEP-process,sources,targets,nsubj,dobj,nsubj,obj,asserted,directed,1,1,0,0,dependency
aimed,AIMed.d192.s1636,stanza_craft+coref_f3d705f9_1:rel:0,0,2,negative,negative,,,review_only,relational|RELATIONAL|is-a|_|verbal,relational|RELATIONAL|is-a|_,,RELATIONAL,verbal,,appositive,DEP-Apposition,entities_a,entities_b,nsubj,dep,nsubj,dep,asserted,relational,1,1,0,0,dependency
aimed,AIMed.d192.s1636,stanza_craft+coref_f3d705f9_1:rel:1,1,2,negative,negative,,,review_only,relational|RELATIONAL|is-a|_|verbal,relational|RELATIONAL|is-a|_,,RELATIONAL,verbal,,appositive,DEP-Apposition,entities_a,entities_b,nsubj,dep,nsubj,dep,asserted,relational,0,0,0,0,dependency
aimed,AIMed.d192.s1636,stanza_craft+coref_f3d705f9_2:rel:0,2,3,positive,negative,,,review_only,relational|RELATIONAL|is-a|_|verbal,relational|RELATIONAL|is-a|_,,RELATIONAL,verbal,,appositive,DEP-ParentheticalAlias,entities_a,entities_b,dep,dep,dep,dep,asserted,relational,0,0,0,0,dependency
aimed,AIMed.d192.s1637,stanza_craft+coref_8840a18d_0:rel:0,0,1,negative,positive,,,applied,structural|AB|cleave|_|verbal,structural|cleave,cleave,AB,verbal,,clause,DEP-cleave,sources,targets,nsubjpass,dobj,nsubj:pass,obj,asserted,directed,1,1,0,0,dependency
aimed,AIMed.d192.s1637,stanza_craft+coref_8840a18d_0:rel:1,0,2,positive,positive,,,applied,structural|AB|cleave|_|verbal,structural|cleave,cleave,AB,verbal,,clause,DEP-cleave,sources,targets,nsubjpass,dobj,nsubj:pass,obj,asserted,directed,0,1,0,0,dependency
aimed,AIMed.d192.s1637,stanza_craft+coref_8840a18d_0:rel:2,0,3,positive,positive,,,applied,structural|AB|cleave|_|verbal,structural|cleave,cleave,AB,verbal,,clause,DEP-cleave,sources,targets,nsubjpass,dobj,nsubj:pass,obj,asserted,directed,0,1,0,0,dependency
aimed,AIMed.d192.s1637,stanza_craft+coref_8840a18d_1:rel:0,0,4,positive,positive,,,applied,structural|AB|activate|_|verbal,structural|activate,activate,AB,verbal,,clause,DEP-activate,sources,targets,nsubjpass,dobj,nsubj:pass,obj,asserted,directed,0,0,0,0,dependency
aimed,AIMed.d192.s1637,stanza_craft+coref_8840a18d_3:rel:0,1,3,negative,negative,,,review_only,relational|RELATIONAL|is-a|_|verbal,relational|RELATIONAL|is-a|_,,RELATIONAL,verbal,,appositive,DEP-ParentheticalAlias,entities_a,entities_b,nmod,dep,nmod,dep,asserted,relational,1,1,0,0,dependency
aimed,AIMed.d192.s1637,stanza_craft+coref_8840a18d_3:rel:1,2,3,negative,negative,,,review_only,relational|RELATIONAL|is-a|_|verbal,relational|RELATIONAL|is-a|_,,RELATIONAL,verbal,,appositive,DEP-ParentheticalAlias,entities_a,entities_b,nmod,dep,nmod,dep,asserted,relational,0,0,0,0,dependency
aimed,AIMed.d193.s1641,stanza_craft+coref_8d5e476f_1:rel:0,0,1,positive,positive,,,applied,structural|AA|interact|between|nominalized,structural|interact,interact,AA,nominalized,between,event_nominal,DEP-nom-interaction-subject-undirected,participants,participants,nmod:between,nmod:between,dep,conj,asserted,undirected,0,0,0,1,dependency
aimed,AIMed.d193.s1642,stanza_craft+coref_bf469634_2:rel:0,0,3,negative,positive,,,applied,structural|AB|interact|with|verbal,structural|interact,interact,AB,verbal,with,clause,DEP-interact,sources,targets,nmod,nmod:with,nmod,obl,asserted,directed,1,1,0,0,dependency
aimed,AIMed.d193.s1642,stanza_craft+coref_bf469634_2:rel:1,1,3,positive,positive,,,applied,structural|AB|interact|with|verbal,structural|interact,interact,AB,verbal,with,clause,DEP-interact,sources,targets,nmod,nmod:with,nmod,obl,asserted,directed,0,1,0,0,dependency
aimed,AIMed.d193.s1642,stanza_craft+coref_bf469634_4:rel:0,0,1,negative,negative,,,review_only,relational|RELATIONAL|is-a|_|verbal,relational|RELATIONAL|is-a|_,,RELATIONAL,verbal,,appositive,DEP-Apposition,entities_a,entities_b,nmod,appos,nmod,appos,asserted,relational,1,1,0,0,dependency
aimed,AIMed.d193.s1644,stanza_craft+coref_bb785981_1:rel:0,0,3,negative,positive,,,applied,structural|AB|inhibit|_|verbal,structural|inhibit,inhibit,AB,verbal,,clause,DEP-inhibit,sources,targets,nsubj,dobj,nsubj,obj,asserted,directed,1,1,0,0,dependency
aimed,AIMed.d193.s1644,stanza_craft+coref_bb785981_1:rel:1,1,3,negative,positive,,,applied,structural|AB|inhibit|_|verbal,structural|inhibit,inhibit,AB,verbal,,clause,DEP-inhibit,sources,targets,nsubj,dobj,nsubj,obj,asserted,directed,1,1,0,0,dependency
aimed,AIMed.d193.s1644,stanza_craft+coref_bb785981_1:rel:2,2,3,negative,positive,,,applied,structural|AB|inhibit|_|verbal,structural|inhibit,inhibit,AB,verbal,,clause,DEP-inhibit,sources,targets,nsubj,dobj,nsubj,obj,asserted,directed,1,1,0,0,dependency
aimed,AIMed.d193.s1646,stanza_craft+coref_68592a7f_0:rel:0,0,1,negative,positive,,,applied,structural|AB|inhibit|_|verbal,structural|inhibit,inhibit,AB,verbal,,clause,DEP-inhibit,sources,targets,nsubj,dobj,nsubj,obj,asserted,directed,1,1,0,0,dependency
aimed,AIMed.d193.s1647,stanza_craft+coref_807f5765_3:rel:0,0,1,positive,positive,,,applied,structural|AA|heterodimer|_|compound_state,structural|heterodimer,heterodimer,AA,compound_state,,state_nominal,DEP-CollectiveSlashPair,participants,participants,orthographic_member,orthographic_member,compound,compound,asserted,undirected,1,0,0,1,dependency
aimed,AIMed.d193.s1647,stanza_craft+coref_807f5765_4:rel:0,0,1,positive,positive,,,applied,structural|AA|heterodimer|_|compound_state,structural|heterodimer,heterodimer,AA,compound_state,,state_nominal,DEP-Complex,participants,participants,compound,compound,compound,compound,asserted,undirected,1,1,0,1,dependency
aimed,AIMed.d195.s1660,stanza_craft+coref_b7d3ae78_0:rel:0,0,2,positive,positive,,,applied,structural|AB|bind|to|nominalized,structural|bind,bind,AB,nominalized,to,event_nominal,DEP-nom-binding,sources,targets,nmod:of,nmod:to,nmod,nmod,asserted,directed,0,0,0,1,dependency
aimed,AIMed.d195.s1660,stanza_craft+coref_b7d3ae78_0:rel:1,1,2,positive,positive,,,applied,structural|AB|bind|to|nominalized,structural|bind,bind,AB,nominalized,to,event_nominal,DEP-nom-binding,sources,targets,nmod:of,nmod:to,conj,nmod,asserted,directed,0,0,0,1,dependency
aimed,AIMed.d195.s1662,stanza_craft+coref_6eaf9e02_3:rel:0,5,6,negative,positive,,,applied,structural|AB|bind|to|verbal,structural|bind,bind,AB,verbal,to,clause,DEP-bind,sources,targets,nsubj,nmod:to,nsubj,obl,asserted,directed,1,1,0,0,dependency
aimed,AIMed.d195.s1662,stanza_craft+coref_6eaf9e02_3:rel:1,5,7,negative,positive,,,applied,structural|AB|bind|to|verbal,structural|bind,bind,AB,verbal,to,clause,DEP-bind,sources,targets,nsubj,nmod:to,nsubj,obl,asserted,directed,0,1,0,0,dependency
aimed,AIMed.d195.s1662,stanza_craft+coref_6eaf9e02_3:rel:2,5,8,positive,positive,,,applied,structural|AB|bind|to|verbal,structural|bind,bind,AB,verbal,to,clause,DEP-bind,sources,targets,nsubj,nmod:to,nsubj,obl,asserted,directed,0,1,0,0,dependency
aimed,AIMed.d195.s1662,stanza_craft+coref_6eaf9e02_4:rel:0,5,9,positive,positive,,,applied,structural|AB|immunoprecipitate|with|passive,structural|immunoprecipitate,immunoprecipitate,AB,passive,with,clause,DEP-immunoprecipitate-passive,sources,targets,nsubj,nmod:with,nsubj,conj,asserted,directed,0,0,0,0,dependency
aimed,AIMed.d195.s1663,stanza_craft+coref_9c63a5aa_0:rel:0,0,1,negative,positive,,,applied,structural|AA|bind|_|nominalized,structural|bind,bind,AA,nominalized,,clause,DEP-binding-nestedinner,participants,participants,compound,compound,compound,compound,asserted,undirected,1,0,0,1,dependency
aimed,AIMed.d195.s1663,stanza_craft+coref_9c63a5aa_1:rel:0,0,2,negative,negative,,,not_applied,structural|NESTED|antagonize|_|nested,structural|NESTED|antagonize|_,antagonize,NESTED,nested,,clause,DEP-antagonize-passive-nested,sources,targets:event_ref:stanza_craft+coref_9c63a5aa_0,nmod,compound,obl,compound,asserted,nested_review,1,0,0,0,dependency
aimed,AIMed.d195.s1663,stanza_craft+coref_9c63a5aa_1:rel:1,1,2,negative,negative,,,not_applied,structural|NESTED|antagonize|_|nested,structural|NESTED|antagonize|_,antagonize,NESTED,nested,,clause,DEP-antagonize-passive-nested,sources,targets:event_ref:stanza_craft+coref_9c63a5aa_0,nmod,compound,obl,compound,asserted,nested_review,1,0,0,0,dependency
aimed,AIMed.d196.s1665,stanza_craft+coref_3d0319eb_0:rel:0,0,1,positive,positive,,,applied,structural|AB|interact|with|verbal,structural|interact,interact,AB,verbal,with,clause,DEP-interact,sources,targets,nsubj,nmod:with,nsubj,obl,asserted,directed,0,1,0,0,dependency
aimed,AIMed.d196.s1665,stanza_craft+coref_3d0319eb_0:rel:1,0,2,positive,positive,,,applied,structural|AB|interact|with|verbal,structural|interact,interact,AB,verbal,with,clause,DEP-interact,sources,targets,nsubj,nmod:with,nsubj,obl,asserted,directed,0,1,0,0,dependency
aimed,AIMed.d196.s1669,stanza_craft+coref_43c76162_0:rel:0,0,1,negative,positive,,,applied,structural|AB|interact|with|verbal,structural|interact,interact,AB,verbal,with,clause,DEP-interact,sources,targets,nsubj,nmod:with,nsubj,obl,asserted,directed,1,1,0,0,dependency
aimed,AIMed.d196.s1669,stanza_craft+coref_43c76162_0:rel:1,0,2,positive,positive,,,applied,structural|AB|interact|with|verbal,structural|interact,interact,AB,verbal,with,clause,DEP-interact,sources,targets,nsubj,nmod:with,nsubj,obl,asserted,directed,0,0,0,0,dependency
aimed,AIMed.d196.s1669,stanza_craft+coref_43c76162_0:rel:2,0,4,positive,positive,,,applied,structural|AB|interact|with|verbal,structural|interact,interact,AB,verbal,with,clause,DEP-interact,sources,targets,nsubj,nmod:with,nsubj,conj,asserted,directed,0,0,0,0,dependency
aimed,AIMed.d196.s1669,stanza_craft+coref_43c76162_1:rel:0,1,3,negative,negative,,,review_only,relational|RELATIONAL|is-a|_|verbal,relational|RELATIONAL|is-a|_,,RELATIONAL,verbal,,appositive,DEP-ParentheticalAlias,entities_a,entities_b,nmod,dep,obl,dep,asserted,relational,1,1,0,0,dependency
aimed,AIMed.d196.s1669,stanza_craft+coref_43c76162_1:rel:1,2,3,negative,negative,,,review_only,relational|RELATIONAL|is-a|_|verbal,relational|RELATIONAL|is-a|_,,RELATIONAL,verbal,,appositive,DEP-ParentheticalAlias,entities_a,entities_b,nmod,dep,obl,dep,asserted,relational,0,0,0,0,dependency
aimed,AIMed.d196.s1669,stanza_craft+coref_43c76162_2:rel:0,4,5,negative,negative,,,review_only,relational|RELATIONAL|is-a|_|verbal,relational|RELATIONAL|is-a|_,,RELATIONAL,verbal,,appositive,DEP-ParentheticalAlias,entities_a,entities_b,conj,dep,conj,dep,asserted,relational,0,0,0,0,dependency
aimed,AIMed.d196.s1673,stanza_craft+coref_e70a12d3_0:rel:0,0,1,positive,positive,,,applied,structural|AB|target|_|verbal,structural|target,target,AB,verbal,,clause,DEP-target,sources,targets,nsubj,dobj,nsubj,obj,asserted,directed,0,0,0,0,dependency
aimed,AIMed.d196.s1673,stanza_craft+coref_e70a12d3_0:rel:1,0,2,positive,positive,,,applied,structural|AB|target|_|verbal,structural|target,target,AB,verbal,,clause,DEP-target,sources,targets,nsubj,conj,nsubj,conj,asserted,directed,0,0,0,0,dependency
aimed,AIMed.d197.s1676,stanza_craft+coref_aa7aa5a5_0:rel:0,0,5,negative,negative,,,review_only,relational|RELATIONAL|step|_|verbal,relational|RELATIONAL|step|_,step,RELATIONAL,verbal,,clause,DEP-CopulaIsA,entities_a,entities_b,nsubj,ROOT,nsubj,root,asserted,relational,1,1,0,0,dependency
aimed,AIMed.d197.s1676,stanza_craft+coref_aa7aa5a5_0:rel:1,1,5,negative,negative,,,review_only,relational|RELATIONAL|step|_|verbal,relational|RELATIONAL|step|_,step,RELATIONAL,verbal,,clause,DEP-CopulaIsA,entities_a,entities_b,nsubj,ROOT,nsubj,root,asserted,relational,1,1,0,0,dependency
aimed,AIMed.d197.s1676,stanza_craft+coref_aa7aa5a5_0:rel:2,2,5,negative,negative,,,review_only,relational|RELATIONAL|step|_|verbal,relational|RELATIONAL|step|_,step,RELATIONAL,verbal,,clause,DEP-CopulaIsA,entities_a,entities_b,nsubj,ROOT,nsubj,root,asserted,relational,1,1,0,0,dependency
aimed,AIMed.d197.s1676,stanza_craft+coref_aa7aa5a5_0:rel:3,3,5,negative,negative,,,review_only,relational|RELATIONAL|step|_|verbal,relational|RELATIONAL|step|_,step,RELATIONAL,verbal,,clause,DEP-CopulaIsA,entities_a,entities_b,nsubj,ROOT,nsubj,root,asserted,relational,1,1,0,0,dependency
aimed,AIMed.d197.s1676,stanza_craft+coref_aa7aa5a5_0:rel:4,4,5,negative,negative,,,review_only,relational|RELATIONAL|step|_|verbal,relational|RELATIONAL|step|_,step,RELATIONAL,verbal,,clause,DEP-CopulaIsA,entities_a,entities_b,nsubj,ROOT,nsubj,root,asserted,relational,1,1,0,0,dependency
aimed,AIMed.d197.s1676,stanza_craft+coref_aa7aa5a5_1:rel:0,0,2,negative,positive,,,applied,structural|AA|interact|between|nominalized,structural|interact,interact,AA,nominalized,between,event_nominal,DEP-nom-interaction-subject-undirected,participants,participants,nmod:between,nmod:between,nmod,conj,asserted,undirected,1,1,0,1,dependency
aimed,AIMed.d197.s1676,stanza_craft+coref_aa7aa5a5_1:rel:1,0,3,positive,positive,,,applied,structural|AA|interact|between|nominalized,structural|interact,interact,AA,nominalized,between,event_nominal,DEP-nom-interaction-subject-undirected,participants,participants,nmod:between,nmod:between,nmod,conj,asserted,undirected,0,0,0,1,dependency
aimed,AIMed.d197.s1676,stanza_craft+coref_aa7aa5a5_1:rel:2,2,3,negative,positive,,,applied,structural|AA|interact|between|nominalized,structural|interact,interact,AA,nominalized,between,event_nominal,DEP-nom-interaction-subject-undirected,participants,participants,nmod:between,nmod:between,conj,conj,asserted,undirected,1,1,0,1,dependency
aimed,AIMed.d197.s1676,stanza_craft+coref_aa7aa5a5_2:rel:0,0,1,negative,positive,,,review_only,relational|RELATIONAL|is-a|_|verbal,relational|RELATIONAL|is-a|_,,RELATIONAL,verbal,,appositive,DEP-ParentheticalAlias,entities_a,entities_b,nmod,dep,nmod,dep,asserted,relational,0,0,0,0,dependency
aimed,AIMed.d197.s1676,stanza_craft+coref_aa7aa5a5_3:rel:0,2,4,positive,positive,,,review_only,relational|RELATIONAL|is-a|_|verbal,relational|RELATIONAL|is-a|_,,RELATIONAL,verbal,,appositive,DEP-ParentheticalAlias,entities_a,entities_b,conj,dep,conj,dep,asserted,relational,1,1,0,0,dependency
aimed,AIMed.d197.s1676,stanza_craft+coref_aa7aa5a5_3:rel:1,3,4,negative,positive,,,review_only,relational|RELATIONAL|is-a|_|verbal,relational|RELATIONAL|is-a|_,,RELATIONAL,verbal,,appositive,DEP-ParentheticalAlias,entities_a,entities_b,conj,dep,conj,dep,asserted,relational,0,0,0,0,dependency
aimed,AIMed.d197.s1678,stanza_craft+coref_a1983a7c_1:rel:0,0,1,negative,negative,,,review_only,relational|RELATIONAL|is-a|_|verbal,relational|RELATIONAL|is-a|_,,RELATIONAL,verbal,,appositive,DEP-ParentheticalAlias,entities_a,entities_b,dep,compound,dep,compound,asserted,relational,1,0,0,0,dependency
aimed,AIMed.d197.s1682,stanza_craft+coref_f4b5b1cc_3:rel:0,0,1,positive,positive,,,applied,structural|AA|complex|_|compound_state,structural|complex,complex,AA,compound_state,,state_nominal,DEP-CollectiveSlashPair,participants,participants,orthographic_member,orthographic_member,compound,compound,asserted,undirected,1,0,0,1,dependency
aimed,AIMed.d197.s1682,stanza_craft+coref_f4b5b1cc_4:rel:0,0,1,positive,positive,,,applied,structural|AA|complex|_|compound_state,structural|complex,complex,AA,compound_state,,state_nominal,DEP-Complex,participants,participants,compound,compound,compound,compound,asserted,undirected,1,1,0,1,dependency
aimed,AIMed.d198.s1687,stanza_craft+coref_95904a79_3:rel:0,0,2,positive,negative,,,review_only,relational|RELATIONAL|is-a|_|verbal,relational|RELATIONAL|is-a|_,,RELATIONAL,verbal,,appositive,DEP-ParentheticalAlias,entities_a,entities_b,nmod,dep,nmod,dep,asserted,relational,1,1,0,0,dependency
aimed,AIMed.d198.s1687,stanza_craft+coref_95904a79_3:rel:1,1,2,negative,negative,,,review_only,relational|RELATIONAL|is-a|_|verbal,relational|RELATIONAL|is-a|_,,RELATIONAL,verbal,,appositive,DEP-ParentheticalAlias,entities_a,entities_b,nmod,dep,nmod,dep,asserted,relational,0,0,0,0,dependency
aimed,AIMed.d198.s1687,stanza_craft+coref_95904a79_4:rel:0,3,4,negative,negative,,,review_only,relational|RELATIONAL|is-a|_|verbal,relational|RELATIONAL|is-a|_,,RELATIONAL,verbal,,appositive,DEP-ParentheticalAlias,entities_a,entities_b,dep,compound,dep,compound,asserted,relational,1,0,0,0,dependency
aimed,AIMed.d198.s1688,stanza_craft+coref_9c086955_3:rel:0,0,1,negative,negative,,,review_only,relational|RELATIONAL|is-a|_|verbal,relational|RELATIONAL|is-a|_,,RELATIONAL,verbal,,appositive,DEP-Identity,entities_a,entities_b,acl,nmod,acl,obl,asserted,relational,1,1,0,0,dependency
aimed,AIMed.d198.s1688,stanza_craft+coref_9c086955_3:rel:1,0,2,positive,negative,,,review_only,relational|RELATIONAL|is-a|_|verbal,relational|RELATIONAL|is-a|_,,RELATIONAL,verbal,,appositive,DEP-Identity,entities_a,entities_b,acl,nmod,acl,obl,asserted,relational,1,1,0,0,dependency
aimed,AIMed.d198.s1688,stanza_craft+coref_9c086955_3:rel:2,1,2,negative,negative,,,review_only,relational|RELATIONAL|is-a|_|verbal,relational|RELATIONAL|is-a|_,,RELATIONAL,verbal,,appositive,DEP-Identity,entities_a,entities_b,acl,nmod,acl,obl,asserted,relational,0,1,0,0,dependency
aimed,AIMed.d199.s1695,stanza_craft+coref_fccf2a45_1:rel:0,0,1,negative,negative,,,review_only,relational|RELATIONAL|is-a|_|verbal,relational|RELATIONAL|is-a|_,,RELATIONAL,verbal,,appositive,DEP-ParentheticalAlias,entities_a,entities_b,nmod,dep,nmod,dep,asserted,relational,0,0,0,0,dependency
aimed,AIMed.d199.s1696,stanza_craft+coref_3996ae64_4:rel:0,1,5,negative,positive,,,applied,structural|AB|result|from|verbal,structural|result,result,AB,verbal,from,clause,DEP-result,sources,targets,nmod,nmod:from,obl,obl,asserted,directed,1,1,0,0,dependency
aimed,AIMed.d199.s1696,stanza_craft+coref_3996ae64_4:rel:1,4,5,negative,positive,,,applied,structural|AB|result|from|verbal,structural|result,result,AB,verbal,from,clause,DEP-result,sources,targets,nmod,nmod:from,obl,obl,asserted,directed,1,1,0,0,dependency
aimed,AIMed.d199.s1696,stanza_craft+coref_3996ae64_6:rel:0,1,4,negative,negative,,,review_only,relational|RELATIONAL|is-a|_|verbal,relational|RELATIONAL|is-a|_,,RELATIONAL,verbal,,appositive,DEP-Apposition,entities_a,entities_b,nmod,appos,obl,appos,asserted,relational,0,1,0,0,dependency
aimed,AIMed.d199.s1697,stanza_craft+coref_a2343faf_0:rel:0,0,2,negative,positive,,,applied,structural|AB|confer|to|verbal,structural|confer,confer,AB,verbal,to,clause,DEP-confer,sources,targets,nsubj,nmod:to,nsubj,obl,asserted,directed,1,1,0,0,dependency
aimed,AIMed.d199.s1697,stanza_craft+coref_a2343faf_0:rel:1,1,2,negative,positive,,,applied,structural|AB|confer|to|verbal,structural|confer,confer,AB,verbal,to,clause,DEP-confer,sources,targets,nsubj,nmod:to,nsubj,obl,asserted,directed,0,1,0,0,dependency
aimed,AIMed.d199.s1697,stanza_craft+coref_a2343faf_1:rel:0,3,5,negative,positive,,,applied,structural|AB|respond|to|verbal,structural|respond,respond,AB,verbal,to,clause,DEP-respond,sources,targets,nsubj,nmod:to,nsubj,obl,asserted,directed,1,1,0,0,dependency
aimed,AIMed.d199.s1698,stanza_craft+coref_687ae600_0:rel:0,0,1,negative,positive,,,applied,structural|AB|result|in|verbal,structural|result,result,AB,verbal,in,clause,DEP-result,sources,targets,nsubj,nmod:in,nsubj,obl,asserted,directed,1,1,0,0,dependency
aimed,AIMed.d199.s1699,stanza_craft+coref_b9bea2dd_1:rel:0,1,2,negative,positive,,,applied,structural|AB|link|to|verbal,structural|link,link,AB,verbal,to,clause,DEP-link,sources,targets,dobj,nmod:to,obj,obl,asserted,directed,0,1,0,0,dependency
aimed,AIMed.d199.s1700,stanza_craft+coref_64b5193b_0:rel:0,0,1,positive,positive,,,applied,structural|AB|interact|with|verbal,structural|interact,interact,AB,verbal,with,clause,DEP-interact,sources,targets,nsubj,nmod:with,nsubj,obl,asserted,directed,0,0,0,0,dependency
aimed,AIMed.d199.s1706,stanza_craft+coref_d4b167a2_0:rel:0,0,1,negative,positive,,,applied,structural|AB|link|to|verbal,structural|link,link,AB,verbal,to,clause,DEP-link,sources,targets,nsubj,nmod:to,nsubj,obl,asserted,directed,0,0,0,0,dependency
aimed,AIMed.d199.s1707,stanza_craft+coref_a5899add_0:rel:0,0,1,negative,positive,,,applied,structural|AA|complex|_|compound_state,structural|complex,complex,AA,compound_state,,state_nominal,DEP-Complex,participants,participants,ROOT,ROOT,root,root,asserted,undirected,1,1,0,1,dependency
aimed,AIMed.d199.s1709,stanza_craft+coref_d8e663e0_0:rel:0,0,1,negative,positive,,,applied,structural|AA|complex|_|compound_state,structural|complex,complex,AA,compound_state,,state_nominal,DEP-Complex,participants,participants,ROOT,ROOT,root,root,asserted,undirected,1,1,0,1,dependency
aimed,AIMed.d199.s1710,stanza_craft+coref_5b8c5125_0:rel:0,0,2,negative,positive,,,applied,structural|AB|utilize|_|verbal,structural|utilize,utilize,AB,verbal,,clause,DEP-utilize,sources,targets,nsubj,dobj,nsubj,obj,asserted,directed,1,1,0,0,dependency
aimed,AIMed.d199.s1715,stanza_craft+coref_187510bc_0:rel:0,0,1,negative,positive,,,applied,structural|AB|result|in|verbal,structural|result,result,AB,verbal,in,clause,DEP-result,sources,targets,nsubjpass,nmod:in,nsubj:pass,obl,asserted,directed,0,1,0,0,dependency
aimed,AIMed.d199.s1715,stanza_craft+coref_187510bc_0:rel:1,0,2,negative,positive,,,applied,structural|AB|result|in|verbal,structural|result,result,AB,verbal,in,clause,DEP-result,sources,targets,nsubjpass,nmod:in,nsubj:pass,conj,asserted,directed,0,1,0,0,dependency
aimed,AIMed.d2.s17,stanza_craft+coref_d5ed8566_1:rel:0,0,2,negative,positive,,,applied,structural|AB|ratio|to|nominalized,structural|ratio,ratio,AB,nominalized,to,event_nominal,DEP-nom-ratio-subject,sources,targets,nmod:of,nmod:to,nmod,nmod,asserted,directed,0,0,0,1,dependency
aimed,AIMed.d2.s17,stanza_craft+coref_d5ed8566_2:rel:0,0,1,negative,negative,,,review_only,relational|RELATIONAL|is-a|_|verbal,relational|RELATIONAL|is-a|_,,RELATIONAL,verbal,,appositive,DEP-ParentheticalAlias,entities_a,entities_b,nmod,dep,nmod,dep,asserted,relational,0,0,0,0,dependency
aimed,AIMed.d2.s17,stanza_craft+coref_d5ed8566_3:rel:0,2,3,negative,negative,,,review_only,relational|RELATIONAL|is-a|_|verbal,relational|RELATIONAL|is-a|_,,RELATIONAL,verbal,,appositive,DEP-ParentheticalAlias,entities_a,entities_b,nmod,dep,nmod,dep,asserted,relational,0,0,0,0,dependency
aimed,AIMed.d2.s18,stanza_craft+coref_89a5c984_3:rel:0,0,2,negative,positive,,,applied,structural|AB|ratio|to|nominalized,structural|ratio,ratio,AB,nominalized,to,event_nominal,DEP-nom-ratio,sources,targets,nmod:of,nmod:to,nmod,nmod,asserted,directed,0,0,0,1,dependency
aimed,AIMed.d2.s18,stanza_craft+coref_89a5c984_4:rel:0,0,1,negative,negative,,,review_only,relational|RELATIONAL|is-a|_|verbal,relational|RELATIONAL|is-a|_,,RELATIONAL,verbal,,appositive,DEP-ParentheticalAlias,entities_a,entities_b,nmod,dep,nmod,dep,asserted,relational,0,0,0,0,dependency
aimed,AIMed.d2.s18,stanza_craft+coref_89a5c984_5:rel:0,2,3,negative,negative,,,review_only,relational|RELATIONAL|is-a|_|verbal,relational|RELATIONAL|is-a|_,,RELATIONAL,verbal,,appositive,DEP-ParentheticalAlias,entities_a,entities_b,nmod,dep,nmod,dep,asserted,relational,0,0,0,0,dependency
aimed,AIMed.d20.s168,stanza_craft+coref_2d7b0496_1:rel:0,0,1,negative,positive,,,applied,structural|AA|associate|with|nominalized,structural|associate,associate,AA,nominalized,with,event_nominal,DEP-nom-association-undirected,participants,participants,nmod:with,nmod:with,dep,conj,asserted,undirected,0,0,0,1,dependency
aimed,AIMed.d20.s168,stanza_craft+coref_2d7b0496_1:rel:1,0,2,negative,positive,,,applied,structural|AA|associate|with|nominalized,structural|associate,associate,AA,nominalized,with,event_nominal,DEP-nom-association-undirected,participants,participants,nmod:with,nmod:with,dep,conj,asserted,undirected,0,0,0,1,dependency
aimed,AIMed.d20.s168,stanza_craft+coref_2d7b0496_1:rel:2,0,4,negative,positive,,,applied,structural|AA|associate|with|nominalized,structural|associate,associate,AA,nominalized,with,event_nominal,DEP-nom-association-undirected,participants,participants,nmod:with,nmod:with,dep,conj,asserted,undirected,0,0,0,1,dependency
aimed,AIMed.d20.s168,stanza_craft+coref_2d7b0496_1:rel:3,0,5,negative,positive,,,applied,structural|AA|associate|with|nominalized,structural|associate,associate,AA,nominalized,with,event_nominal,DEP-nom-association-undirected,participants,participants,nmod:with,nmod:with,dep,conj,asserted,undirected,0,0,0,1,dependency
aimed,AIMed.d20.s168,stanza_craft+coref_2d7b0496_1:rel:4,0,3,negative,positive,,,applied,structural|AA|associate|with|nominalized,structural|associate,associate,AA,nominalized,with,event_nominal,DEP-nom-association-undirected,participants,participants,nmod:with,nmod:with,dep,dep,asserted,undirected,0,0,0,1,dependency
aimed,AIMed.d20.s168,stanza_craft+coref_2d7b0496_1:rel:5,1,2,negative,positive,,,applied,structural|AA|associate|with|nominalized,structural|associate,associate,AA,nominalized,with,event_nominal,DEP-nom-association-undirected,participants,participants,nmod:with,nmod:with,conj,conj,asserted,undirected,0,0,0,1,dependency
aimed,AIMed.d20.s168,stanza_craft+coref_2d7b0496_1:rel:6,1,4,negative,positive,,,applied,structural|AA|associate|with|nominalized,structural|associate,associate,AA,nominalized,with,event_nominal,DEP-nom-association-undirected,participants,participants,nmod:with,nmod:with,conj,conj,asserted,undirected,0,0,0,1,dependency
aimed,AIMed.d20.s168,stanza_craft+coref_2d7b0496_1:rel:7,1,5,negative,positive,,,applied,structural|AA|associate|with|nominalized,structural|associate,associate,AA,nominalized,with,event_nominal,DEP-nom-association-undirected,participants,participants,nmod:with,nmod:with,conj,conj,asserted,undirected,0,0,0,1,dependency
aimed,AIMed.d20.s168,stanza_craft+coref_2d7b0496_1:rel:8,1,3,negative,positive,,,applied,structural|AA|associate|with|nominalized,structural|associate,associate,AA,nominalized,with,event_nominal,DEP-nom-association-undirected,participants,participants,nmod:with,nmod:with,conj,dep,asserted,undirected,0,0,0,1,dependency
aimed,AIMed.d20.s168,stanza_craft+coref_2d7b0496_1:rel:9,2,4,negative,positive,,,applied,structural|AA|associate|with|nominalized,structural|associate,associate,AA,nominalized,with,event_nominal,DEP-nom-association-undirected,participants,participants,nmod:with,nmod:with,conj,conj,asserted,undirected,0,0,0,1,dependency
aimed,AIMed.d20.s168,stanza_craft+coref_2d7b0496_1:rel:10,2,5,negative,positive,,,applied,structural|AA|associate|with|nominalized,structural|associate,associate,AA,nominalized,with,event_nominal,DEP-nom-association-undirected,participants,participants,nmod:with,nmod:with,conj,conj,asserted,undirected,0,0,0,1,dependency
aimed,AIMed.d20.s168,stanza_craft+coref_2d7b0496_1:rel:11,2,3,negative,positive,,,applied,structural|AA|associate|with|nominalized,structural|associate,associate,AA,nominalized,with,event_nominal,DEP-nom-association-undirected,participants,participants,nmod:with,nmod:with,conj,dep,asserted,undirected,0,0,0,1,dependency
aimed,AIMed.d20.s168,stanza_craft+coref_2d7b0496_1:rel:12,4,5,negative,positive,,,applied,structural|AA|associate|with|nominalized,structural|associate,associate,AA,nominalized,with,event_nominal,DEP-nom-association-undirected,participants,participants,nmod:with,nmod:with,conj,conj,asserted,undirected,0,0,0,1,dependency
aimed,AIMed.d20.s168,stanza_craft+coref_2d7b0496_1:rel:13,3,4,negative,positive,,,applied,structural|AA|associate|with|nominalized,structural|associate,associate,AA,nominalized,with,event_nominal,DEP-nom-association-undirected,participants,participants,nmod:with,nmod:with,conj,dep,asserted,undirected,0,0,0,1,dependency
aimed,AIMed.d20.s168,stanza_craft+coref_2d7b0496_1:rel:14,3,5,negative,positive,,,applied,structural|AA|associate|with|nominalized,structural|associate,associate,AA,nominalized,with,event_nominal,DEP-nom-association-undirected,participants,participants,nmod:with,nmod:with,conj,dep,asserted,undirected,0,0,0,1,dependency
aimed,AIMed.d200.s1722,stanza_craft+coref_69ecb49c_2:rel:0,0,1,positive,positive,,,applied,structural|AB|interact|with|nominalized,structural|interact,interact,AB,nominalized,with,clause,DEP-interaction-nestedinner-directed,sources,targets,nmod:of,nmod:with,nmod,nmod,asserted,directed,1,1,0,1,dependency
aimed,AIMed.d200.s1725,stanza_craft+coref_3fdf20b7_0:rel:0,0,1,negative,negative,,,not_applied,structural|AA|interact|with|nominalized,structural|interact,interact,AA,nominalized,with,clause,DEP-interaction-nestedinner,participants,participants,nmod:with,nmod:with,nmod,conj,asserted,undirected,0,0,0,1,dependency
aimed,AIMed.d201.s1727,stanza_craft+coref_5e53919e_0:rel:0,0,1,negative,positive,,,applied,structural|AB|communicate|with|verbal,structural|communicate,communicate,AB,verbal,with,clause,DEP-communicate,sources,targets,nsubj,nmod:with,nsubj,obl,asserted,directed,0,0,0,0,dependency
aimed,AIMed.d201.s1727,stanza_craft+coref_5e53919e_0:rel:1,0,2,negative,positive,,,applied,structural|AB|communicate|with|verbal,structural|communicate,communicate,AB,verbal,with,clause,DEP-communicate,sources,targets,nsubj,nmod:with,nsubj,conj,asserted,directed,0,0,0,0,dependency
aimed,AIMed.d201.s1730,stanza_craft+coref_665f5137_0:rel:0,0,1,positive,positive,,,applied,structural|AB|interact|with|verbal,structural|interact,interact,AB,verbal,with,clause,DEP-interact,sources,targets,nsubj,nmod:with,nsubj,obl,asserted,directed,0,0,0,0,dependency
aimed,AIMed.d201.s1730,stanza_craft+coref_665f5137_4:rel:0,1,2,negative,negative,,,review_only,relational|RELATIONAL|is-a|_|verbal,relational|RELATIONAL|is-a|_,,RELATIONAL,verbal,,appositive,DEP-ParentheticalAlias,entities_a,entities_b,nmod,dep,obl,dep,asserted,relational,0,0,0,0,dependency
aimed,AIMed.d201.s1732,stanza_craft+coref_18b814c7_0:rel:0,0,2,negative,positive,,,applied,structural|AB|bind|to|verbal,structural|bind,bind,AB,verbal,to,clause,DEP-bind,sources,targets,nsubj,nmod:to,nsubj,obl,asserted,directed,0,0,0,0,dependency
aimed,AIMed.d201.s1732,stanza_craft+coref_18b814c7_0:rel:1,1,2,negative,positive,,,applied,structural|AB|bind|to|verbal,structural|bind,bind,AB,verbal,to,clause,DEP-bind,sources,targets,conj,nmod:to,conj,obl,asserted,directed,0,0,0,0,dependency
aimed,AIMed.d201.s1732,stanza_craft+coref_18b814c7_1:rel:0,2,3,negative,negative,,,review_only,relational|RELATIONAL|is-a|_|verbal,relational|RELATIONAL|is-a|_,,RELATIONAL,verbal,,appositive,DEP-ParentheticalAlias,entities_a,entities_b,nmod,dep,obl,dep,asserted,relational,0,0,0,0,dependency
aimed,AIMed.d201.s1735,stanza_craft+coref_904118ef_2:rel:0,0,1,negative,negative,,,not_applied,structural|NESTED|exhibit|_|nested,structural|NESTED|exhibit|_,exhibit,NESTED,nested,,clause,DEP-exhibit-nested,sources,targets:event_ref:stanza_craft+coref_904118ef_1,nsubj,alternative,nsubj,nmod,asserted,nested_review,1,1,0,0,dependency
aimed,AIMed.d201.s1735,stanza_craft+coref_904118ef_2:rel:1,0,2,positive,negative,,,not_applied,structural|NESTED|exhibit|_|nested,structural|NESTED|exhibit|_,exhibit,NESTED,nested,,clause,DEP-exhibit-nested,sources,targets:event_ref:stanza_craft+coref_904118ef_1,nsubj,alternative,nsubj,conj,asserted,nested_review,1,1,0,0,dependency
aimed,AIMed.d201.s1735,stanza_craft+coref_904118ef_4:rel:0,4,5,negative,negative,,,not_applied,structural|AA|interact|of|nominalized,structural|interact,interact,AA,nominalized,of,clause,DEP-interaction-nestedinner,participants,participants,nmod:of,nmod:of,nmod,conj,asserted,undirected,0,0,0,1,dependency
aimed,AIMed.d201.s1735,stanza_craft+coref_904118ef_5:rel:0,3,4,positive,negative,,,not_applied,structural|NESTED|require|_|nested,structural|NESTED|require|_,require,NESTED,nested,,clause,DEP-require-nested,sources,targets:event_ref:stanza_craft+coref_904118ef_4,nsubj,nmod:of,nsubj,nmod,asserted,nested_review,1,1,0,0,dependency
aimed,AIMed.d201.s1735,stanza_craft+coref_904118ef_5:rel:1,3,5,negative,negative,,,not_applied,structural|NESTED|require|_|nested,structural|NESTED|require|_,require,NESTED,nested,,clause,DEP-require-nested,sources,targets:event_ref:stanza_craft+coref_904118ef_4,nsubj,nmod:of,nsubj,conj,asserted,nested_review,1,1,0,0,dependency
aimed,AIMed.d202.s1737,stanza_craft+coref_3ef73fb7_0:rel:0,0,2,positive,positive,,,applied,structural|AB|complex|with|passive,structural|complex,complex,AB,passive,with,clause,DEP-complex-passive,sources,targets,nmod,nmod:with,nmod,obl,asserted,directed,1,1,0,0,dependency
aimed,AIMed.d202.s1737,stanza_craft+coref_3ef73fb7_0:rel:1,1,2,negative,positive,,,applied,structural|AB|complex|with|passive,structural|complex,complex,AB,passive,with,clause,DEP-complex-passive,sources,targets,nmod,nmod:with,nmod,obl,asserted,directed,0,0,0,0,dependency
aimed,AIMed.d202.s1738,stanza_craft+coref_e371c4b4_0:rel:0,0,1,negative,negative,,,review_only,relational|RELATIONAL|is-a|_|verbal,relational|RELATIONAL|is-a|_,,RELATIONAL,verbal,,appositive,DEP-ParentheticalAlias,entities_a,entities_b,nsubj,dep,nsubj,dep,asserted,relational,0,0,0,0,dependency
aimed,AIMed.d202.s1739,stanza_craft+coref_df298ac7_0:rel:0,0,1,negative,positive,,,applied,structural|AB|consist|of|verbal,structural|consist,consist,AB,verbal,of,clause,DEP-consist,sources,targets,nsubj,nmod:of,nsubj,obl,asserted,directed,1,1,0,0,dependency
aimed,AIMed.d202.s1739,stanza_craft+coref_df298ac7_0:rel:1,0,2,negative,positive,,,applied,structural|AB|consist|of|verbal,structural|consist,consist,AB,verbal,of,clause,DEP-consist,sources,targets,nsubj,nmod:of,nsubj,obl,asserted,directed,1,1,0,0,dependency
aimed,AIMed.d202.s1739,stanza_craft+coref_df298ac7_0:rel:2,0,3,negative,positive,,,applied,structural|AB|consist|of|verbal,structural|consist,consist,AB,verbal,of,clause,DEP-consist,sources,targets,nsubj,nmod:of,nsubj,conj,asserted,directed,1,1,0,0,dependency
aimed,AIMed.d202.s1739,stanza_craft+coref_df298ac7_1:rel:0,1,2,negative,negative,,,review_only,relational|RELATIONAL|is-a|_|verbal,relational|RELATIONAL|is-a|_,,RELATIONAL,verbal,,appositive,DEP-Apposition,entities_a,entities_b,nmod,appos,obl,appos,asserted,relational,0,1,0,0,dependency
aimed,AIMed.d202.s1740,stanza_craft+coref_d6a238f9_1:rel:0,0,2,negative,negative,,,review_only,relational|RELATIONAL|is-a|_|verbal,relational|RELATIONAL|is-a|_,,RELATIONAL,verbal,,appositive,DEP-ParentheticalAlias,entities_a,entities_b,nmod,dep,obl,dep,asserted,relational,1,1,0,0,dependency
aimed,AIMed.d202.s1740,stanza_craft+coref_d6a238f9_1:rel:1,1,2,negative,negative,,,review_only,relational|RELATIONAL|is-a|_|verbal,relational|RELATIONAL|is-a|_,,RELATIONAL,verbal,,appositive,DEP-ParentheticalAlias,entities_a,entities_b,nmod,dep,obl,dep,asserted,relational,0,0,0,0,dependency
aimed,AIMed.d202.s1741,stanza_craft+coref_e62ae66d_1:rel:0,0,3,negative,negative,,,review_only,relational|RELATIONAL|step|_|verbal,relational|RELATIONAL|step|_,step,RELATIONAL,verbal,,clause,DEP-CopulaIsA,entities_a,entities_b,nsubj,ROOT,nsubj,root,asserted,relational,1,1,0,0,dependency
aimed,AIMed.d202.s1741,stanza_craft+coref_e62ae66d_1:rel:1,1,3,negative,negative,,,review_only,relational|RELATIONAL|step|_|verbal,relational|RELATIONAL|step|_,step,RELATIONAL,verbal,,clause,DEP-CopulaIsA,entities_a,entities_b,nsubj,ROOT,nsubj,root,asserted,relational,1,1,0,0,dependency
aimed,AIMed.d202.s1741,stanza_craft+coref_e62ae66d_1:rel:2,2,3,negative,negative,,,review_only,relational|RELATIONAL|step|_|verbal,relational|RELATIONAL|step|_,step,RELATIONAL,verbal,,clause,DEP-CopulaIsA,entities_a,entities_b,nsubj,ROOT,nsubj,root,asserted,relational,1,1,0,0,dependency
aimed,AIMed.d202.s1741,stanza_craft+coref_e62ae66d_2:rel:0,0,2,positive,positive,,,applied,structural|AB|bind|to|nominalized,structural|bind,bind,AB,nominalized,to,event_nominal,DEP-nom-binding-subject,sources,targets,nmod:of,nmod:to,nmod,nmod,asserted,directed,0,0,0,1,dependency
aimed,AIMed.d202.s1741,stanza_craft+coref_e62ae66d_2:rel:1,1,2,positive,positive,,,applied,structural|AB|bind|to|nominalized,structural|bind,bind,AB,nominalized,to,event_nominal,DEP-nom-binding-subject,sources,targets,nmod:of,nmod:to,conj,nmod,asserted,directed,0,0,0,1,dependency
aimed,AIMed.d202.s1742,stanza_craft+coref_d165bee2_1:rel:0,1,2,negative,negative,,,review_only,relational|RELATIONAL|is-a|_|verbal,relational|RELATIONAL|is-a|_,,RELATIONAL,verbal,,appositive,DEP-ParentheticalAlias,entities_a,entities_b,nmod,dep,nmod,dep,asserted,relational,0,0,0,0,dependency
aimed,AIMed.d202.s1743,stanza_craft+coref_76d50d0b_0:rel:0,0,1,positive,positive,,,applied,structural|AB|bind|to|verbal,structural|bind,bind,AB,verbal,to,clause,DEP-bind,sources,targets,nsubj,nmod:to,nsubj,obl,asserted,directed,0,0,0,0,dependency
aimed,AIMed.d203.s1747,stanza_craft+coref_d1335119_4:rel:0,0,1,negative,negative,,,review_only,relational|RELATIONAL|is-a|_|verbal,relational|RELATIONAL|is-a|_,,RELATIONAL,verbal,,appositive,DEP-ParentheticalAlias,entities_a,entities_b,dep,dep,dep,dep,asserted,relational,0,0,0,0,dependency
aimed,AIMed.d203.s1748,stanza_craft+coref_6ab4654f_0:rel:0,0,3,negative,positive,,,applied,structural|AB|exist|_|verbal,structural|exist,exist,AB,verbal,,clause,DEP-exist,sources,targets,nsubj,dobj,nsubj,obj,asserted,directed,1,1,0,0,dependency
aimed,AIMed.d203.s1748,stanza_craft+coref_6ab4654f_0:rel:1,0,4,negative,positive,,,applied,structural|AB|exist|_|verbal,structural|exist,exist,AB,verbal,,clause,DEP-exist,sources,targets,nsubj,dobj,nsubj,obj,asserted,directed,1,1,0,0,dependency
aimed,AIMed.d203.s1748,stanza_craft+coref_6ab4654f_0:rel:2,0,6,negative,positive,,,applied,structural|AB|exist|_|verbal,structural|exist,exist,AB,verbal,,clause,DEP-exist,sources,targets,nsubj,dobj,nsubj,obj,asserted,directed,1,1,0,0,dependency
aimed,AIMed.d203.s1748,stanza_craft+coref_6ab4654f_0:rel:3,1,3,positive,positive,,,applied,structural|AB|exist|_|verbal,structural|exist,exist,AB,verbal,,clause,DEP-exist,sources,targets,nsubj,dobj,nsubj,obj,asserted,directed,0,1,0,0,dependency
aimed,AIMed.d203.s1748,stanza_craft+coref_6ab4654f_0:rel:4,1,4,negative,positive,,,applied,structural|AB|exist|_|verbal,structural|exist,exist,AB,verbal,,clause,DEP-exist,sources,targets,nsubj,dobj,nsubj,obj,asserted,directed,0,1,0,0,dependency
aimed,AIMed.d203.s1748,stanza_craft+coref_6ab4654f_0:rel:5,1,6,negative,positive,,,applied,structural|AB|exist|_|verbal,structural|exist,exist,AB,verbal,,clause,DEP-exist,sources,targets,nsubj,dobj,nsubj,obj,asserted,directed,0,1,0,0,dependency
aimed,AIMed.d203.s1748,stanza_craft+coref_6ab4654f_0:rel:6,2,3,negative,positive,,,applied,structural|AB|exist|_|verbal,structural|exist,exist,AB,verbal,,clause,DEP-exist,sources,targets,nsubj,dobj,nsubj,obj,asserted,directed,0,1,0,0,dependency
aimed,AIMed.d203.s1748,stanza_craft+coref_6ab4654f_0:rel:7,2,4,positive,positive,,,applied,structural|AB|exist|_|verbal,structural|exist,exist,AB,verbal,,clause,DEP-exist,sources,targets,nsubj,dobj,nsubj,obj,asserted,directed,0,1,0,0,dependency
aimed,AIMed.d203.s1748,stanza_craft+coref_6ab4654f_0:rel:8,2,6,negative,positive,,,applied,structural|AB|exist|_|verbal,structural|exist,exist,AB,verbal,,clause,DEP-exist,sources,targets,nsubj,dobj,nsubj,obj,asserted,directed,0,1,0,0,dependency
aimed,AIMed.d203.s1748,stanza_craft+coref_6ab4654f_1:rel:0,7,8,negative,negative,,,review_only,relational|RELATIONAL|is-a|_|verbal,relational|RELATIONAL|is-a|_,,RELATIONAL,verbal,,appositive,DEP-Apposition,entities_a,entities_b,dep,dep,dep,dep,asserted,relational,0,0,0,0,dependency
aimed,AIMed.d203.s1748,stanza_craft+coref_6ab4654f_2:rel:0,0,2,negative,negative,,,review_only,relational|RELATIONAL|is-a|_|verbal,relational|RELATIONAL|is-a|_,,RELATIONAL,verbal,,appositive,DEP-ParentheticalAlias,entities_a,entities_b,dep,nmod,dep,nmod,asserted,relational,1,1,0,0,dependency
aimed,AIMed.d203.s1748,stanza_craft+coref_6ab4654f_2:rel:1,1,2,negative,negative,,,review_only,relational|RELATIONAL|is-a|_|verbal,relational|RELATIONAL|is-a|_,,RELATIONAL,verbal,,appositive,DEP-ParentheticalAlias,entities_a,entities_b,dep,nmod,dep,nmod,asserted,relational,0,0,0,0,dependency
aimed,AIMed.d203.s1750,stanza_craft+coref_b522690b_1:rel:0,0,2,positive,positive,,,applied,structural|AB|complex|with|passive,structural|complex,complex,AB,passive,with,clause,DEP-complex-passive,sources,targets,nmod,nmod:with,nmod,obl,asserted,directed,1,1,0,0,dependency
aimed,AIMed.d203.s1750,stanza_craft+coref_b522690b_1:rel:1,1,2,negative,positive,,,applied,structural|AB|complex|with|passive,structural|complex,complex,AB,passive,with,clause,DEP-complex-passive,sources,targets,nmod,nmod:with,nmod,obl,asserted,directed,0,0,0,0,dependency
aimed,AIMed.d204.s1756,stanza_craft+coref_be08fd76_3:rel:0,0,1,negative,negative,,,review_only,relational|RELATIONAL|is-a|_|verbal,relational|RELATIONAL|is-a|_,,RELATIONAL,verbal,,appositive,DEP-ParentheticalAlias,entities_a,entities_b,nmod,dep,nmod,dep,asserted,relational,0,0,0,0,dependency
aimed,AIMed.d204.s1756,stanza_craft+coref_be08fd76_4:rel:0,2,3,negative,negative,,,review_only,relational|RELATIONAL|is-a|_|verbal,relational|RELATIONAL|is-a|_,,RELATIONAL,verbal,,appositive,DEP-ParentheticalAlias,entities_a,entities_b,appos,dep,appos,dep,asserted,relational,0,0,0,0,dependency
aimed,AIMed.d204.s1757,stanza_craft+coref_df1d99be_2:rel:0,0,1,negative,negative,,,review_only,relational|RELATIONAL|is-a|_|verbal,relational|RELATIONAL|is-a|_,,RELATIONAL,verbal,,appositive,DEP-ParentheticalAlias,entities_a,entities_b,compound,dep,compound,dep,asserted,relational,1,0,0,0,dependency
aimed,AIMed.d204.s1757,stanza_craft+coref_df1d99be_3:rel:0,2,3,negative,negative,,,review_only,relational|RELATIONAL|is-a|_|verbal,relational|RELATIONAL|is-a|_,,RELATIONAL,verbal,,appositive,DEP-ParentheticalAlias,entities_a,entities_b,dep,compound,dep,compound,asserted,relational,1,0,0,0,dependency
aimed,AIMed.d204.s1758,stanza_craft+coref_4d44a9e9_0:rel:0,1,2,negative,positive,,,applied,structural|AB|lack|_|verbal,structural|lack,lack,AB,verbal,,clause,DEP-lack,sources,targets,conj,dobj,conj,obj,asserted,directed,1,1,0,0,dependency
aimed,AIMed.d204.s1763,stanza_craft+coref_842d2713_0:rel:0,1,2,negative,negative,,,not_applied,structural|AB|interact|with|verbal,structural|interact,interact,AB,verbal,with,clause,DEP-interact,sources,targets,nsubj,nmod:with,nsubj,obl,negated,directed,0,1,0,0,dependency
aimed,AIMed.d204.s1763,stanza_craft+coref_842d2713_1:rel:0,0,1,negative,negative,,,review_only,relational|RELATIONAL|is-a|_|verbal,relational|RELATIONAL|is-a|_,,RELATIONAL,verbal,,appositive,DEP-Apposition,entities_a,entities_b,nsubj,appos,nsubj,appos,negated,relational,1,1,0,0,dependency
aimed,AIMed.d204.s1765,stanza_craft+coref_97cf8450_1:rel:0,0,1,positive,positive,,,applied,structural|AB|require|for|passive,structural|require,require,AB,passive,for,clause,DEP-require-passive,sources,targets,nsubjpass,nmod:for,nsubj:pass,obl,asserted,directed,0,1,0,0,dependency
aimed,AIMed.d204.s1765,stanza_craft+coref_97cf8450_2:rel:0,1,2,negative,positive,,,applied,structural|AB|underline|_|verbal,structural|underline,underline,AB,verbal,,clause,DEP-underline,sources,targets,nmod,dobj,nmod,obj,asserted,directed,0,1,0,0,dependency
aimed,AIMed.d205.s1766,stanza_craft+coref_4d66c356_0:rel:0,0,2,positive,positive,,,applied,structural|AB|associate|with|nominalized,structural|associate,associate,AB,nominalized,with,clause,DEP-association-nestedinner-directed,sources,targets,nmod:of,nmod:with,nmod,obl,asserted,directed,0,0,0,1,dependency
aimed,AIMed.d205.s1766,stanza_craft+coref_4d66c356_0:rel:1,1,2,positive,positive,,,applied,structural|AB|associate|with|nominalized,structural|associate,associate,AB,nominalized,with,clause,DEP-association-nestedinner-directed,sources,targets,nmod:of,nmod:with,conj,obl,asserted,directed,0,0,0,1,dependency
aimed,AIMed.d205.s1768,stanza_craft+coref_76c6df71_0:rel:0,0,1,negative,positive,,,applied,structural|AB|implicate|_|verbal,structural|implicate,implicate,AB,verbal,,clause,DEP-implicate,sources,targets,nsubj,dobj,nsubj,obj,asserted,directed,1,1,0,0,dependency
aimed,AIMed.d205.s1770,stanza_craft+coref_3572918c_1:rel:0,0,1,negative,negative,,,review_only,relational|RELATIONAL|is-a|_|verbal,relational|RELATIONAL|is-a|_,,RELATIONAL,verbal,,appositive,DEP-ParentheticalAlias,entities_a,entities_b,dep,dep,dep,dep,asserted,relational,0,0,0,0,dependency
aimed,AIMed.d205.s1771,stanza_craft+coref_b009b94e_1:rel:0,0,1,positive,positive,,,applied,structural|AB|bind|to|verbal,structural|bind,bind,AB,verbal,to,clause,DEP-bind,sources,targets,nsubj,nmod:to,nsubj,obl,uncertain,directed,0,0,0,0,dependency
aimed,AIMed.d205.s1771,stanza_craft+coref_b009b94e_2:rel:0,0,2,negative,negative,,,not_applied,structural|AB|interact|with|verbal,structural|interact,interact,AB,verbal,with,clause,DEP-interact,sources,targets,nsubj,nmod:with,nsubj,obl,uncertain,directed,0,0,0,0,dependency
aimed,AIMed.d205.s1772,stanza_craft+coref_c19e52f8_0:rel:0,1,3,negative,positive,,,applied,structural|AB|associate|with|passive,structural|associate,associate,AB,passive,with,clause,DEP-associate-passive,sources,targets,conj,nmod:with,conj,obl,asserted,directed,1,1,0,0,dependency
aimed,AIMed.d205.s1772,stanza_craft+coref_c19e52f8_0:rel:1,2,3,positive,positive,,,applied,structural|AB|associate|with|passive,structural|associate,associate,AB,passive,with,clause,DEP-associate-passive,sources,targets,conj,nmod:with,conj,obl,asserted,directed,0,1,0,0,dependency
aimed,AIMed.d205.s1775,stanza_craft+coref_2e8e11e7_0:rel:0,0,2,positive,positive,,,applied,structural|AB|associate|with|passive,structural|associate,associate,AB,passive,with,clause,DEP-associate-passive,sources,targets,ROOT,nmod:with,root,obl,asserted,directed,0,0,0,0,dependency
aimed,AIMed.d205.s1775,stanza_craft+coref_2e8e11e7_1:rel:0,0,1,negative,negative,,,review_only,relational|RELATIONAL|is-a|_|verbal,relational|RELATIONAL|is-a|_,,RELATIONAL,verbal,,appositive,DEP-ParentheticalAlias,entities_a,entities_b,ROOT,dep,root,dep,asserted,relational,0,0,0,0,dependency
aimed,AIMed.d207.s1787,stanza_craft+coref_ca1790b3_0:rel:0,0,1,negative,positive,,,applied,structural|AB|prevent|_|verbal,structural|prevent,prevent,AB,verbal,,clause,DEP-prevent,sources,targets,nsubj,dobj,nsubj,obj,asserted,directed,1,1,0,0,dependency
aimed,AIMed.d207.s1787,stanza_craft+coref_ca1790b3_0:rel:1,0,2,negative,positive,,,applied,structural|AB|prevent|_|verbal,structural|prevent,prevent,AB,verbal,,clause,DEP-prevent,sources,targets,nsubj,dobj,nsubj,obj,asserted,directed,0,0,0,0,dependency
aimed,AIMed.d207.s1787,stanza_craft+coref_ca1790b3_1:rel:0,1,3,negative,positive,,,applied,structural|AB|contain|_|verbal,structural|contain,contain,AB,verbal,,clause,DEP-contain,sources,targets,dobj,dobj,obj,obj,asserted,directed,1,1,0,0,dependency
aimed,AIMed.d207.s1787,stanza_craft+coref_ca1790b3_1:rel:1,2,3,negative,positive,,,applied,structural|AB|contain|_|verbal,structural|contain,contain,AB,verbal,,clause,DEP-contain,sources,targets,dobj,dobj,obj,obj,asserted,directed,1,1,0,0,dependency
aimed,AIMed.d207.s1788,stanza_craft+coref_45829375_1:rel:0,0,1,negative,negative,,,review_only,relational|RELATIONAL|is-a|_|verbal,relational|RELATIONAL|is-a|_,,RELATIONAL,verbal,,appositive,DEP-ParentheticalAlias,entities_a,entities_b,dep,compound,dep,compound,asserted,relational,1,0,0,0,dependency
aimed,AIMed.d207.s1791,stanza_craft+coref_681745d8_0:rel:0,0,1,negative,positive,,,applied,structural|AB|contain|_|verbal,structural|contain,contain,AB,verbal,,clause,DEP-contain,sources,targets,nsubj,dobj,nsubj,obj,asserted,directed,1,1,0,0,dependency
aimed,AIMed.d207.s1791,stanza_craft+coref_681745d8_0:rel:1,0,2,negative,positive,,,applied,structural|AB|contain|_|verbal,structural|contain,contain,AB,verbal,,clause,DEP-contain,sources,targets,nsubj,conj,nsubj,conj,asserted,directed,1,1,0,0,dependency
aimed,AIMed.d207.s1791,stanza_craft+coref_681745d8_0:rel:2,0,3,negative,positive,,,applied,structural|AB|contain|_|verbal,structural|contain,contain,AB,verbal,,clause,DEP-contain,sources,targets,nsubj,conj,nsubj,conj,asserted,directed,1,1,0,0,dependency
aimed,AIMed.d207.s1791,stanza_craft+coref_681745d8_0:rel:3,0,4,negative,positive,,,applied,structural|AB|contain|_|verbal,structural|contain,contain,AB,verbal,,clause,DEP-contain,sources,targets,nsubj,dobj,nsubj,obj,asserted,directed,1,1,0,0,dependency
aimed,AIMed.d207.s1791,stanza_craft+coref_681745d8_4:rel:0,5,6,positive,positive,,,applied,structural|AA|complex|_|compound_state,structural|complex,complex,AA,compound_state,,state_nominal,DEP-CollectiveSlashPair,participants,participants,orthographic_member,orthographic_member,compound,dep,asserted,undirected,1,0,0,1,dependency
aimed,AIMed.d207.s1791,stanza_craft+coref_681745d8_5:rel:0,1,3,positive,positive,,,applied,structural|AA|complex|_|compound_state,structural|complex,complex,AA,compound_state,,state_nominal,DEP-Complex,participants,participants,compound_state,compound_state,nsubj,nsubj,asserted,undirected,0,1,0,1,dependency
aimed,AIMed.d207.s1791,stanza_craft+coref_681745d8_6:rel:0,7,8,negative,positive,,,applied,structural|AA|complex|_|compound_state,structural|complex,complex,AA,compound_state,,state_nominal,DEP-Complex,participants,participants,dobj,dobj,obj,obj,asserted,undirected,1,1,0,1,dependency
aimed,AIMed.d207.s1794,stanza_craft+coref_d5559feb_2:rel:0,1,2,negative,positive,,,applied,structural|AA|complex|_|compound_state,structural|complex,complex,AA,compound_state,,state_nominal,DEP-CollectiveSlashPair,participants,participants,orthographic_member,orthographic_member,compound,conj,asserted,undirected,1,0,0,1,dependency
aimed,AIMed.d207.s1794,stanza_craft+coref_d5559feb_3:rel:0,0,1,positive,negative,,,not_selected,structural|AA|complex|_|compound_state,structural|complex,complex,AA,compound_state,,state_nominal,DEP-Complex,participants,participants,nmod,nmod,nmod,nmod,asserted,undirected,1,1,0,1,dependency
aimed,AIMed.d207.s1794,stanza_craft+coref_d5559feb_3:rel:1,0,2,positive,positive,,,applied,structural|AA|complex|_|compound_state,structural|complex,complex,AA,compound_state,,state_nominal,DEP-Complex,participants,participants,nmod,nmod,nmod,nmod,asserted,undirected,1,1,0,1,dependency
aimed,AIMed.d207.s1794,stanza_craft+coref_d5559feb_3:rel:2,1,2,negative,positive,,,not_selected,structural|AA|complex|_|compound_state,structural|complex,complex,AA,compound_state,,state_nominal,DEP-Complex,participants,participants,nmod,nmod,nmod,nmod,asserted,undirected,0,1,0,1,dependency
aimed,AIMed.d207.s1795,stanza_craft+coref_e345621a_2:rel:0,4,5,negative,positive,,,applied,structural|AB|prevent|_|verbal,structural|prevent,prevent,AB,verbal,,clause,DEP-prevent,sources,targets,nsubj,dobj,nsubj,obj,asserted,directed,1,1,0,0,dependency
aimed,AIMed.d207.s1795,stanza_craft+coref_e345621a_2:rel:1,4,6,negative,positive,,,applied,structural|AB|prevent|_|verbal,structural|prevent,prevent,AB,verbal,,clause,DEP-prevent,sources,targets,nsubj,dobj,nsubj,obj,asserted,directed,1,1,0,0,dependency
aimed,AIMed.d207.s1796,stanza_craft+coref_e7d6f015_3:rel:0,1,2,negative,positive,,,applied,structural|AB|upregulate|_|nominalized,structural|upregulate,upregulate,AB,nominalized,,event_nominal,DEP-nom-upregulation,sources,targets,nmod:of,compound,compound,compound,asserted,directed,1,0,0,1,dependency
aimed,AIMed.d208.s1803,stanza_craft+coref_4aa1fb61_1:rel:0,0,6,positive,positive,,,applied,structural|AB|associate|with|passive,structural|associate,associate,AB,passive,with,clause,DEP-associate-passive,sources,targets,nmod,nmod:with,nmod,nmod,asserted,directed,1,1,0,0,dependency
aimed,AIMed.d208.s1803,stanza_craft+coref_4aa1fb61_1:rel:1,0,7,positive,positive,,,applied,structural|AB|associate|with|passive,structural|associate,associate,AB,passive,with,clause,DEP-associate-passive,sources,targets,nmod,nmod:with,nmod,nmod,asserted,directed,0,1,0,0,dependency
aimed,AIMed.d208.s1803,stanza_craft+coref_4aa1fb61_1:rel:2,2,6,positive,positive,,,applied,structural|AB|associate|with|passive,structural|associate,associate,AB,passive,with,clause,DEP-associate-passive,sources,targets,nmod,nmod:with,nmod,nmod,asserted,directed,1,1,0,0,dependency
aimed,AIMed.d208.s1803,stanza_craft+coref_4aa1fb61_1:rel:3,2,7,positive,positive,,,applied,structural|AB|associate|with|passive,structural|associate,associate,AB,passive,with,clause,DEP-associate-passive,sources,targets,nmod,nmod:with,nmod,nmod,asserted,directed,0,1,0,0,dependency
aimed,AIMed.d208.s1803,stanza_craft+coref_4aa1fb61_1:rel:4,3,6,negative,positive,,,applied,structural|AB|associate|with|passive,structural|associate,associate,AB,passive,with,clause,DEP-associate-passive,sources,targets,nmod,nmod:with,nmod,nmod,asserted,directed,1,1,0,0,dependency
aimed,AIMed.d208.s1803,stanza_craft+coref_4aa1fb61_1:rel:5,3,7,negative,positive,,,applied,structural|AB|associate|with|passive,structural|associate,associate,AB,passive,with,clause,DEP-associate-passive,sources,targets,nmod,nmod:with,nmod,nmod,asserted,directed,0,1,0,0,dependency
aimed,AIMed.d208.s1803,stanza_craft+coref_4aa1fb61_1:rel:6,5,6,positive,positive,,,applied,structural|AB|associate|with|passive,structural|associate,associate,AB,passive,with,clause,DEP-associate-passive,sources,targets,nmod,nmod:with,nmod,nmod,asserted,directed,1,1,0,0,dependency
aimed,AIMed.d208.s1803,stanza_craft+coref_4aa1fb61_1:rel:7,5,7,positive,positive,,,applied,structural|AB|associate|with|passive,structural|associate,associate,AB,passive,with,clause,DEP-associate-passive,sources,targets,nmod,nmod:with,nmod,nmod,asserted,directed,0,1,0,0,dependency
aimed,AIMed.d209.s1806,stanza_craft+coref_d5ef7347_1:rel:0,1,2,negative,negative,,,review_only,relational|RELATIONAL|is-a|_|verbal,relational|RELATIONAL|is-a|_,,RELATIONAL,verbal,,appositive,DEP-Identity,entities_a,entities_b,ROOT,nmod,root,obl,asserted,relational,1,1,0,0,dependency
aimed,AIMed.d209.s1807,stanza_craft+coref_588c1613_0:rel:0,0,1,positive,positive,,,applied,structural|AB|interact|with|verbal,structural|interact,interact,AB,verbal,with,clause,DEP-interact,sources,targets,nsubj,nmod:with,nsubj,obl,asserted,directed,0,0,0,0,dependency
aimed,AIMed.d209.s1808,stanza_craft+coref_f33a3f54_1:rel:0,0,2,negative,positive,,,applied,structural|AB|employ|_|verbal,structural|employ,employ,AB,verbal,,clause,DEP-employ,sources,targets,nsubj,dobj,nsubj,obj,asserted,directed,1,1,0,0,dependency
aimed,AIMed.d209.s1808,stanza_craft+coref_f33a3f54_4:rel:0,3,4,positive,negative,,,review_only,relational|RELATIONAL|identity|_|verbal,relational|RELATIONAL|identity|_,,RELATIONAL,verbal,,appositive,DEP-LooseIdentityCandidate,entities_a,entities_b,nmod,compound,nmod,compound,asserted,relational,1,0,0,0,dependency
aimed,AIMed.d209.s1809,stanza_craft+coref_9bf91501_2:rel:0,2,3,negative,positive,,,applied,structural|AA|similarity|between|nominalized,structural|similarity,similarity,AA,nominalized,between,clause,DEP-similarity-nestedinner,participants,participants,nmod:between,compound,nmod,conj,asserted,undirected,1,1,0,1,dependency
aimed,AIMed.d209.s1810,stanza_craft+coref_c2b9b47d_2:rel:0,0,1,positive,negative,,,review_only,relational|RELATIONAL|domain|_|verbal,relational|RELATIONAL|domain|_,domain,RELATIONAL,verbal,,appositive,DEP-NominalAlias,entities_a,entities_b,nsubj,nmod,nsubj,nmod,asserted,relational,1,1,0,0,dependency
aimed,AIMed.d21.s176,stanza_craft+coref_d872ecb0_1:rel:0,0,1,negative,negative,,,review_only,relational|RELATIONAL|is-a|_|verbal,relational|RELATIONAL|is-a|_,,RELATIONAL,verbal,,appositive,DEP-ParentheticalAlias,entities_a,entities_b,nmod,dep,nmod,dep,asserted,relational,0,0,0,0,dependency
aimed,AIMed.d21.s176,stanza_craft+coref_d872ecb0_2:rel:0,2,3,negative,negative,,,review_only,relational|RELATIONAL|is-a|_|verbal,relational|RELATIONAL|is-a|_,,RELATIONAL,verbal,,appositive,DEP-ParentheticalAlias,entities_a,entities_b,conj,dep,conj,dep,asserted,relational,0,0,0,0,dependency
aimed,AIMed.d210.s1817,stanza_craft+coref_e1cb49e6_0:rel:0,0,2,negative,positive,,,applied,structural|AB|result|in|verbal,structural|result,result,AB,verbal,in,clause,DEP-result,sources,targets,nsubj,nmod:in,nsubj,obl,asserted,directed,1,1,0,0,dependency
aimed,AIMed.d210.s1817,stanza_craft+coref_e1cb49e6_0:rel:1,1,2,negative,positive,,,applied,structural|AB|result|in|verbal,structural|result,result,AB,verbal,in,clause,DEP-result,sources,targets,nsubj,nmod:in,nsubj,obl,asserted,directed,1,1,0,0,dependency
aimed,AIMed.d210.s1817,stanza_craft+coref_e1cb49e6_1:rel:0,0,1,positive,positive,,,applied,structural|AA|interact|between|nominalized,structural|interact,interact,AA,nominalized,between,event_nominal,DEP-nom-interaction-subject-undirected,participants,participants,nmod:between,nmod:between,compound,conj,asserted,undirected,1,0,0,1,dependency
aimed,AIMed.d210.s1820,stanza_craft+coref_1e96a6c7_0:rel:0,0,1,positive,positive,,,applied,structural|AB|interact|with|verbal,structural|interact,interact,AB,verbal,with,clause,DEP-interact,sources,targets,nsubjpass,nmod:with,nsubj:pass,obl,asserted,directed,0,1,0,0,dependency
aimed,AIMed.d210.s1821,stanza_craft+coref_8789c904_0:rel:0,0,1,positive,positive,,,applied,structural|AB|interact|with|verbal,structural|interact,interact,AB,verbal,with,clause,DEP-interact,sources,targets,nsubj,nmod:with,nsubj,obl,asserted,directed,0,0,0,0,dependency
aimed,AIMed.d210.s1821,stanza_craft+coref_8789c904_1:rel:0,2,3,negative,negative,,,review_only,relational|RELATIONAL|is-a|_|verbal,relational|RELATIONAL|is-a|_,,RELATIONAL,verbal,,appositive,DEP-Apposition,entities_a,entities_b,conj,appos,conj,appos,asserted,relational,0,1,0,0,dependency
aimed,AIMed.d210.s1821,stanza_craft+coref_8789c904_1:rel:1,2,4,negative,negative,,,review_only,relational|RELATIONAL|is-a|_|verbal,relational|RELATIONAL|is-a|_,,RELATIONAL,verbal,,appositive,DEP-Apposition,entities_a,entities_b,conj,appos,conj,appos,asserted,relational,0,1,0,0,dependency
aimed,AIMed.d210.s1821,stanza_craft+coref_8789c904_1:rel:2,2,5,negative,negative,,,review_only,relational|RELATIONAL|is-a|_|verbal,relational|RELATIONAL|is-a|_,,RELATIONAL,verbal,,appositive,DEP-Apposition,entities_a,entities_b,conj,appos,conj,appos,asserted,relational,0,1,0,0,dependency
aimed,AIMed.d210.s1822,stanza_craft+coref_ceb7badb_0:rel:0,0,1,positive,positive,,,applied,structural|AB|require|for|passive,structural|require,require,AB,passive,for,clause,DEP-require-passive,sources,targets,conj,nmod:for,conj,obl,asserted,directed,0,1,0,0,dependency
aimed,AIMed.d210.s1823,stanza_craft+coref_3175133c_0:rel:0,0,1,positive,positive,,,applied,structural|AA|associate|between|nominalized,structural|associate,associate,AA,nominalized,between,clause,DEP-association-nestedinner,participants,participants,nmod:between,nmod:between,nmod,conj,asserted,undirected,0,0,0,1,dependency
aimed,AIMed.d210.s1824,stanza_craft+coref_3c89a5d0_0:rel:0,0,1,negative,positive,,,applied,structural|AB|lead|to|verbal,structural|lead,lead,AB,verbal,to,clause,DEP-lead,sources,targets,nsubj,nmod:to,nsubj,obl,asserted,directed,1,1,0,0,dependency
aimed,AIMed.d210.s1825,stanza_craft+coref_25714501_0:rel:0,0,1,negative,positive,,,applied,structural|AB|restore|_|verbal,structural|restore,restore,AB,verbal,,clause,DEP-restore,sources,targets,nsubj,dobj,nsubj,obj,asserted,directed,1,1,0,0,dependency
aimed,AIMed.d210.s1826,stanza_craft+coref_213acd37_0:rel:0,0,1,positive,positive,,,applied,structural|AA|interact|_|verbal,structural|interact,interact,AA,verbal,,clause,DEP-interact-undirected,participants,participants,nsubj,conj,nsubj,conj,asserted,undirected,0,0,0,0,dependency
aimed,AIMed.d211.s1831,stanza_craft+coref_042f0d33_2:rel:0,1,2,negative,negative,,,review_only,relational|RELATIONAL|is-a|_|verbal,relational|RELATIONAL|is-a|_,,RELATIONAL,verbal,,appositive,DEP-ParentheticalAlias,entities_a,entities_b,dep,dep,dep,dep,asserted,relational,0,0,0,0,dependency
aimed,AIMed.d211.s1833,stanza_craft+coref_c9e866e0_0:rel:0,0,1,positive,positive,,,applied,structural|AB|induce|_|verbal,structural|induce,induce,AB,verbal,,clause,DEP-induce,sources,targets,nsubj,dobj,nsubj,obj,asserted,directed,0,1,0,0,dependency
aimed,AIMed.d211.s1833,stanza_craft+coref_c9e866e0_0:rel:1,0,2,positive,positive,,,applied,structural|AB|induce|_|verbal,structural|induce,induce,AB,verbal,,clause,DEP-induce,sources,targets,nsubj,dobj,nsubj,obj,asserted,directed,0,1,0,0,dependency
aimed,AIMed.d211.s1833,stanza_craft+coref_c9e866e0_0:rel:2,0,3,positive,positive,,,applied,structural|AB|induce|_|verbal,structural|induce,induce,AB,verbal,,clause,DEP-induce,sources,targets,nsubj,dobj,nsubj,obj,asserted,directed,0,1,0,0,dependency
aimed,AIMed.d211.s1834,stanza_craft+coref_fca58839_0:rel:0,0,1,positive,positive,,,applied,structural|AB|activate|_|verbal,structural|activate,activate,AB,verbal,,clause,DEP-activate,sources,targets,nsubj,dobj,nsubj,obj,asserted,directed,0,1,0,0,dependency
aimed,AIMed.d211.s1834,stanza_craft+coref_fca58839_0:rel:1,0,2,positive,positive,,,applied,structural|AB|activate|_|verbal,structural|activate,activate,AB,verbal,,clause,DEP-activate,sources,targets,nsubj,dobj,nsubj,obj,asserted,directed,0,1,0,0,dependency
aimed,AIMed.d211.s1834,stanza_craft+coref_fca58839_2:rel:0,3,4,negative,positive,,,applied,structural|AB|mediate|_|passive,structural|mediate,mediate,AB,passive,,clause,DEP-mediate-passive,sources,targets,nmod,nsubjpass,obl,nsubj:pass,asserted,directed,1,1,0,0,dependency
aimed,AIMed.d211.s1834,stanza_craft+coref_fca58839_2:rel:1,3,5,negative,positive,,,applied,structural|AB|mediate|_|passive,structural|mediate,mediate,AB,passive,,clause,DEP-mediate-passive,sources,targets,nmod,nsubjpass,obl,nsubj:pass,asserted,directed,0,1,0,0,dependency
aimed,AIMed.d212.s1835,stanza_craft+coref_b932d577_0:rel:0,0,1,positive,positive,,,applied,structural|AA|interact|between|nominalized,structural|interact,interact,AA,nominalized,between,event_nominal,DEP-nom-interaction-undirected,participants,participants,nmod:between,nmod:between,compound,conj,asserted,undirected,1,0,0,1,dependency
aimed,AIMed.d212.s1836,stanza_craft+coref_70a3cda0_1:rel:0,0,1,negative,positive,,,applied,structural|AB|designate|for|passive,structural|designate,designate,AB,passive,for,clause,DEP-designate-passive,sources,targets,nsubj,nmod:for,nsubj,obl,asserted,directed,0,1,0,0,dependency
aimed,AIMed.d212.s1838,stanza_craft+coref_720d801d_2:rel:0,1,2,positive,positive,,,applied,structural|AB|interact|with|verbal,structural|interact,interact,AB,verbal,with,clause,DEP-interact,sources,targets,nsubj,nmod:with,nsubj,obl,asserted,directed,0,0,0,0,dependency
aimed,AIMed.d212.s1839,stanza_craft+coref_25bb3f85_0:rel:0,0,1,positive,positive,,,applied,structural|AB|bind|_|verbal,structural|bind,bind,AB,verbal,,clause,DEP-bind,sources,targets,nsubj,dobj,nsubj,obj,asserted,directed,0,0,0,0,dependency
aimed,AIMed.d213.s1851,stanza_craft+coref_81fa3dc2_0:rel:0,0,1,positive,positive,,,applied,structural|AA|interact|between|nominalized,structural|interact,interact,AA,nominalized,between,event_nominal,DEP-nom-interaction-subject-undirected,participants,participants,nmod:between,nmod:between,nmod,conj,asserted,undirected,0,0,0,1,dependency
aimed,AIMed.d213.s1851,stanza_craft+coref_81fa3dc2_1:rel:0,1,2,positive,negative,,,review_only,relational|RELATIONAL|identity|_|verbal,relational|RELATIONAL|identity|_,,RELATIONAL,verbal,,appositive,DEP-LooseIdentityCandidate,entities_a,entities_b,conj,nmod,conj,nmod,asserted,relational,0,0,0,0,dependency
aimed,AIMed.d214.s1857,stanza_craft+coref_c887c32a_0:rel:0,0,1,positive,positive,,,applied,structural|AB|interact|with|verbal,structural|interact,interact,AB,verbal,with,clause,DEP-interact,sources,targets,nsubj,nmod:with,nsubj,obl,asserted,directed,0,0,0,0,dependency
aimed,AIMed.d214.s1858,stanza_craft+coref_cbb76078_0:rel:0,0,1,negative,positive,,,applied,structural|AB|phosphorylate|follow|passive,structural|phosphorylate,phosphorylate,AB,passive,follow,clause,DEP-phosphorylate-passive,sources,targets,nsubjpass,nmod:follow,nsubj:pass,obl,asserted,directed,0,1,0,0,dependency
aimed,AIMed.d214.s1858,stanza_craft+coref_cbb76078_1:rel:0,0,3,positive,positive,,,applied,structural|AB|associate|with|verbal,structural|associate,associate,AB,verbal,with,clause,DEP-associate,sources,targets,nsubjpass,nmod:with,nsubj:pass,obl,asserted,directed,0,1,0,0,dependency
aimed,AIMed.d214.s1858,stanza_craft+coref_cbb76078_1:rel:1,0,4,positive,positive,,,applied,structural|AB|associate|with|verbal,structural|associate,associate,AB,verbal,with,clause,DEP-associate,sources,targets,nsubjpass,nmod:with,nsubj:pass,obl,asserted,directed,0,1,0,0,dependency
aimed,AIMed.d214.s1858,stanza_craft+coref_cbb76078_1:rel:2,0,5,positive,positive,,,applied,structural|AB|associate|with|verbal,structural|associate,associate,AB,verbal,with,clause,DEP-associate,sources,targets,nsubjpass,nmod:with,nsubj:pass,obl,asserted,directed,0,1,0,0,dependency
aimed,AIMed.d214.s1858,stanza_craft+coref_cbb76078_2:rel:0,3,4,negative,positive,,,applied,structural|AA|interact|_|verbal,structural|interact,interact,AA,verbal,,clause,DEP-interact-undirected,participants,participants,nmod,nmod,obl,obl,asserted,undirected,0,1,0,0,dependency
aimed,AIMed.d214.s1858,stanza_craft+coref_cbb76078_2:rel:1,3,5,negative,positive,,,applied,structural|AA|interact|_|verbal,structural|interact,interact,AA,verbal,,clause,DEP-interact-undirected,participants,participants,nmod,nmod,obl,obl,asserted,undirected,0,1,0,0,dependency
aimed,AIMed.d214.s1858,stanza_craft+coref_cbb76078_2:rel:2,4,5,negative,positive,,,applied,structural|AA|interact|_|verbal,structural|interact,interact,AA,verbal,,clause,DEP-interact-undirected,participants,participants,nmod,nmod,obl,obl,asserted,undirected,0,1,0,0,dependency
aimed,AIMed.d214.s1859,stanza_craft+coref_18fecf2e_1:rel:0,0,1,negative,positive,,,applied,structural|AB|link|_|verbal,structural|link,link,AB,verbal,,clause,DEP-link,sources,targets,nsubj,dobj,nsubj,obj,asserted,directed,1,1,0,0,dependency
aimed,AIMed.d214.s1860,stanza_craft+coref_62b2fd53_1:rel:0,1,2,negative,positive,,,applied,structural|AB|have|follow|verbal,structural|have,have,AB,verbal,follow,clause,DEP-have,sources,targets,nsubj,nmod:follow,nsubj,obl,asserted,directed,0,1,0,0,dependency
aimed,AIMed.d214.s1862,stanza_craft+coref_277b8806_2:rel:0,0,1,positive,positive,,,applied,structural|AA|interact|_|compound_state,structural|interact,interact,AA,compound_state,,state_nominal,DEP-CollectiveSlashPair,participants,participants,orthographic_member,orthographic_member,compound,compound,asserted,undirected,1,0,0,1,dependency
aimed,AIMed.d214.s1863,stanza_craft+coref_9d68193e_0:rel:0,0,1,positive,positive,,,applied,structural|AA|interact|between|nominalized,structural|interact,interact,AA,nominalized,between,clause,DEP-interaction-nestedinner,participants,participants,nmod:between,nmod:between,nmod,conj,asserted,undirected,0,0,0,1,dependency
aimed,AIMed.d214.s1865,stanza_craft+coref_fe470974_1:rel:0,0,1,negative,positive,,,applied,structural|AB|regulate|_|verbal,structural|regulate,regulate,AB,verbal,,clause,DEP-regulate,sources,targets,nsubj,dobj,nsubj,obj,asserted,directed,0,1,0,0,dependency
aimed,AIMed.d215.s1866,stanza_craft+coref_4015a809_0:rel:0,0,1,positive,positive,,,applied,structural|AB|cleave|_|nominalized,structural|cleave,cleave,AB,nominalized,,event_nominal,DEP-nom-cleavage,sources,targets,nmod:of,compound,nmod,compound,asserted,directed,1,0,0,1,dependency
aimed,AIMed.d215.s1868,stanza_craft+coref_43498e46_1:rel:0,0,2,positive,positive,,,applied,structural|AB|cleave|of|nominalized,structural|cleave,cleave,AB,nominalized,of,event_nominal,DEP-nom-cleavage-subject,sources,targets,nmod:by,nmod:of,nmod,nmod,asserted,directed,0,0,0,1,dependency
aimed,AIMed.d215.s1868,stanza_craft+coref_43498e46_2:rel:0,0,1,negative,negative,,,review_only,relational|RELATIONAL|is-a|_|verbal,relational|RELATIONAL|is-a|_,,RELATIONAL,verbal,,appositive,DEP-ParentheticalAlias,entities_a,entities_b,nmod,dep,nmod,dep,asserted,relational,0,0,0,0,dependency
aimed,AIMed.d215.s1868,stanza_craft+coref_43498e46_3:rel:0,2,3,negative,negative,,,review_only,relational|RELATIONAL|is-a|_|verbal,relational|RELATIONAL|is-a|_,,RELATIONAL,verbal,,appositive,DEP-ParentheticalAlias,entities_a,entities_b,nmod,dep,nmod,dep,asserted,relational,0,0,0,0,dependency
aimed,AIMed.d215.s1869,stanza_craft+coref_fbd73a72_0:rel:0,0,1,positive,positive,,,applied,structural|AB|cleave|_|verbal,structural|cleave,cleave,AB,verbal,,clause,DEP-cleave,sources,targets,nsubj,dobj,nsubj,obj,asserted,directed,1,1,0,0,dependency
aimed,AIMed.d215.s1869,stanza_craft+coref_fbd73a72_0:rel:1,0,2,negative,positive,,,applied,structural|AB|cleave|_|verbal,structural|cleave,cleave,AB,verbal,,clause,DEP-cleave,sources,targets,nsubj,dobj,nsubj,obj,asserted,directed,1,1,0,0,dependency
aimed,AIMed.d215.s1869,stanza_craft+coref_fbd73a72_1:rel:0,0,3,negative,positive,,,applied,structural|AB|expose|_|verbal,structural|expose,expose,AB,verbal,,clause,DEP-expose,sources,targets,nsubj,dobj,nsubj,obj,asserted,directed,0,1,0,0,dependency
aimed,AIMed.d215.s1871,stanza_craft+coref_f7b563a0_1:rel:0,0,1,positive,positive,,,applied,structural|AB|cleave|of|nominalized,structural|cleave,cleave,AB,nominalized,of,event_nominal,DEP-nom-cleavage-subject,sources,targets,nmod:by,nmod:of,nmod,nmod,asserted,directed,0,0,0,1,dependency
aimed,AIMed.d216.s1872,stanza_craft+coref_8fe4aebc_0:rel:0,0,1,positive,positive,,,applied,structural|AA|complex|_|compound_state,structural|complex,complex,AA,compound_state,,state_nominal,DEP-Complex,participants,participants,ROOT,ROOT,root,root,asserted,undirected,1,1,0,1,dependency
aimed,AIMed.d216.s1873,stanza_craft+coref_1b3b807d_0:rel:0,0,1,negative,positive,,,applied,structural|AB|bind|to|passive,structural|bind,bind,AB,passive,to,clause,DEP-bind-passive,sources,targets,nmod,nmod:to,nmod,conj,asserted,directed,0,1,0,0,dependency
aimed,AIMed.d216.s1873,stanza_craft+coref_1b3b807d_0:rel:1,0,2,positive,positive,,,applied,structural|AB|bind|to|passive,structural|bind,bind,AB,passive,to,clause,DEP-bind-passive,sources,targets,nmod,nmod:to,nmod,conj,asserted,directed,0,1,0,0,dependency
aimed,AIMed.d216.s1873,stanza_craft+coref_1b3b807d_0:rel:2,0,3,positive,positive,,,applied,structural|AB|bind|to|passive,structural|bind,bind,AB,passive,to,clause,DEP-bind-passive,sources,targets,nmod,nmod:to,nmod,conj,asserted,directed,0,1,0,0,dependency
aimed,AIMed.d216.s1873,stanza_craft+coref_1b3b807d_2:rel:0,1,2,negative,negative,,,review_only,relational|RELATIONAL|is-a|_|verbal,relational|RELATIONAL|is-a|_,,RELATIONAL,verbal,,appositive,DEP-Apposition,entities_a,entities_b,nmod,dep,nmod,dep,asserted,relational,0,0,0,0,dependency
aimed,AIMed.d216.s1873,stanza_craft+coref_1b3b807d_3:rel:0,2,3,negative,negative,,,review_only,relational|RELATIONAL|is-a|_|verbal,relational|RELATIONAL|is-a|_,,RELATIONAL,verbal,,appositive,DEP-ParentheticalAlias,entities_a,entities_b,dep,dep,dep,dep,asserted,relational,0,0,0,0,dependency
aimed,AIMed.d216.s1876,stanza_craft+coref_0b31e9af_0:rel:0,0,1,positive,positive,,,applied,structural|AB|stabilize|_|passive,structural|stabilize,stabilize,AB,passive,,clause,DEP-stabilize-passive,sources,targets,nmod,nsubjpass,obl,nsubj:pass,asserted,directed,0,1,0,0,dependency
aimed,AIMed.d216.s1876,stanza_craft+coref_0b31e9af_1:rel:0,0,2,negative,positive,,,applied,structural|AB|allow|_|verbal,structural|allow,allow,AB,verbal,,clause,DEP-allow,sources,targets,nsubjpass,dobj,nsubj:pass,obj,asserted,directed,0,1,0,0,dependency
aimed,AIMed.d217.s1879,stanza_craft+coref_62d152bd_1:rel:0,3,4,negative,positive,,,applied,structural|AA|interact|_|nominalized,structural|interact,interact,AA,nominalized,,event_nominal,DEP-nom-interaction-undirected,participants,participants,compound,compound,compound,compound,asserted,undirected,1,0,0,1,dependency
aimed,AIMed.d217.s1880,stanza_craft+coref_e66f7130_3:rel:0,1,2,negative,negative,,,review_only,relational|RELATIONAL|is-a|_|verbal,relational|RELATIONAL|is-a|_,,RELATIONAL,verbal,,appositive,DEP-Apposition,entities_a,entities_b,nmod,dep,obl,dep,asserted,relational,0,1,0,0,dependency
aimed,AIMed.d217.s1880,stanza_craft+coref_e66f7130_3:rel:1,1,3,positive,negative,,,review_only,relational|RELATIONAL|is-a|_|verbal,relational|RELATIONAL|is-a|_,,RELATIONAL,verbal,,appositive,DEP-Apposition,entities_a,entities_b,nmod,dep,obl,dep,asserted,relational,0,1,0,0,dependency
aimed,AIMed.d217.s1880,stanza_craft+coref_e66f7130_4:rel:0,2,3,negative,negative,,,review_only,relational|RELATIONAL|is-a|_|verbal,relational|RELATIONAL|is-a|_,,RELATIONAL,verbal,,appositive,DEP-ParentheticalAlias,entities_a,entities_b,dep,dep,dep,dep,asserted,relational,0,0,0,0,dependency
aimed,AIMed.d217.s1882,stanza_craft+coref_2355ef3c_0:rel:0,2,3,positive,positive,,,applied,structural|AB|bind|to|passive,structural|bind,bind,AB,passive,to,clause,DEP-bind-passive,sources,targets,nmod,nmod:to,nmod,obl,asserted,directed,1,1,0,0,dependency
aimed,AIMed.d217.s1882,stanza_craft+coref_2355ef3c_3:rel:0,0,1,positive,positive,,,applied,structural|AA|complex|_|compound_state,structural|complex,complex,AA,compound_state,,state_nominal,DEP-Complex,participants,participants,compound,compound,compound,compound,asserted,undirected,1,1,0,1,dependency
aimed,AIMed.d217.s1886,stanza_craft+coref_bda41061_1:rel:0,0,1,positive,positive,,,applied,structural|AB|interact|with|verbal,structural|interact,interact,AB,verbal,with,clause,DEP-interact,sources,targets,nsubj,nmod:with,nsubj,obl,asserted,directed,0,1,0,0,dependency
aimed,AIMed.d218.s1889,stanza_craft+coref_ffff6103_0:rel:0,0,1,negative,negative,,,review_only,relational|RELATIONAL|is-a|_|verbal,relational|RELATIONAL|is-a|_,,RELATIONAL,verbal,,appositive,DEP-ParentheticalAlias,entities_a,entities_b,nsubj,dep,nsubj,dep,asserted,relational,0,0,0,0,dependency
aimed,AIMed.d218.s1890,stanza_craft+coref_20459fd1_3:rel:0,0,1,positive,positive,,,applied,structural|AB|activate|_|verbal,structural|activate,activate,AB,verbal,,clause,DEP-activate,sources,targets,nsubj,dobj,nsubj,obj,asserted,directed,0,1,0,0,dependency
aimed,AIMed.d218.s1891,stanza_craft+coref_33fd4154_0:rel:0,0,2,negative,positive,,,applied,structural|AB|fuse|to|passive,structural|fuse,fuse,AB,passive,to,clause,DEP-fuse-passive,sources,targets,nsubjpass,nmod:to,nsubj:pass,obl,asserted,directed,1,1,0,0,dependency
aimed,AIMed.d218.s1891,stanza_craft+coref_33fd4154_1:rel:0,0,1,negative,negative,,,review_only,relational|RELATIONAL|domain|_|verbal,relational|RELATIONAL|domain|_,domain,RELATIONAL,verbal,,appositive,DEP-NominalAlias,entities_a,entities_b,nsubjpass,nmod,nsubj:pass,nmod,asserted,relational,0,1,0,0,dependency
aimed,AIMed.d219.s1899,stanza_craft+coref_50ad5caf_0:rel:0,0,1,positive,positive,,,applied,structural|AB|regulate|_|verbal,structural|regulate,regulate,AB,verbal,,clause,DEP-regulate,sources,targets,nsubj,dobj,nsubj,obj,asserted,directed,1,1,0,0,dependency
aimed,AIMed.d219.s1900,stanza_craft+coref_8949945c_0:rel:0,2,3,negative,positive,,,applied,structural|AB|promote|_|verbal,structural|promote,promote,AB,verbal,,clause,DEP-promote,sources,targets,nsubj,dobj,nsubj,obj,asserted,directed,1,1,0,0,dependency
aimed,AIMed.d219.s1900,stanza_craft+coref_8949945c_3:rel:0,0,1,negative,negative,,,review_only,relational|RELATIONAL|effector|_|nominalized,relational|RELATIONAL|effector|_,effector,RELATIONAL,nominalized,,clause,DEP-CopulaIsA,entities_a,entities_b,nsubj,advcl,nsubj,advcl,asserted,relational,0,1,0,1,dependency
aimed,AIMed.d219.s1901,stanza_craft+coref_e410ef02_0:rel:0,0,1,negative,positive,,,applied,structural|AB|interact|with|nominalized,structural|interact,interact,AB,nominalized,with,clause,DEP-interaction-nestedinner-directed,sources,targets,nmod:,nmod:with,compound,nmod,asserted,directed,1,1,0,1,dependency
aimed,AIMed.d219.s1901,stanza_craft+coref_e410ef02_0:rel:1,0,2,positive,positive,,,applied,structural|AB|interact|with|nominalized,structural|interact,interact,AB,nominalized,with,clause,DEP-interaction-nestedinner-directed,sources,targets,nmod:,nmod:with,compound,nmod,asserted,directed,1,0,0,1,dependency
aimed,AIMed.d219.s1901,stanza_craft+coref_e410ef02_1:rel:0,0,4,negative,negative,,,not_applied,structural|NESTED|require|_|nested,structural|NESTED|require|_,require,NESTED,nested,,clause,DEP-require-passive-nested,outer_arguments,targets:event_ref:stanza_craft+coref_e410ef02_0,nmod:for,nmod:,obl,compound,asserted,nested_review,1,1,0,0,dependency
aimed,AIMed.d219.s1901,stanza_craft+coref_e410ef02_1:rel:1,1,4,negative,negative,,,not_applied,structural|NESTED|require|_|nested,structural|NESTED|require|_,require,NESTED,nested,,clause,DEP-require-passive-nested,outer_arguments,targets:event_ref:stanza_craft+coref_e410ef02_0,nmod:for,nmod:with,obl,nmod,asserted,nested_review,1,1,0,0,dependency
aimed,AIMed.d219.s1901,stanza_craft+coref_e410ef02_1:rel:2,2,4,negative,negative,,,not_applied,structural|NESTED|require|_|nested,structural|NESTED|require|_,require,NESTED,nested,,clause,DEP-require-passive-nested,outer_arguments,targets:event_ref:stanza_craft+coref_e410ef02_0,nmod:for,nmod:with,obl,nmod,asserted,nested_review,1,1,0,0,dependency
aimed,AIMed.d219.s1901,stanza_craft+coref_e410ef02_1:rel:3,1,4,negative,negative,,,not_applied,structural|NESTED|require|_|nested,structural|NESTED|require|_,require,NESTED,nested,,clause,DEP-require-passive-nested,outer_arguments,targets:event_ref:stanza_craft+coref_e410ef02_0,nmod:for,nmod:with,obl,nmod,asserted,nested_review,1,1,0,0,dependency
aimed,AIMed.d219.s1901,stanza_craft+coref_e410ef02_1:rel:4,2,4,negative,negative,,,not_applied,structural|NESTED|require|_|nested,structural|NESTED|require|_,require,NESTED,nested,,clause,DEP-require-passive-nested,outer_arguments,targets:event_ref:stanza_craft+coref_e410ef02_0,nmod:for,nmod:with,obl,nmod,asserted,nested_review,1,1,0,0,dependency
aimed,AIMed.d219.s1901,stanza_craft+coref_e410ef02_1:rel:5,1,4,negative,negative,,,not_applied,structural|NESTED|require|_|nested,structural|NESTED|require|_,require,NESTED,nested,,clause,DEP-require-passive-nested,outer_arguments,targets:event_ref:stanza_craft+coref_e410ef02_0,nmod:for,nmod:with,obl,nmod,asserted,nested_review,1,1,0,0,dependency
aimed,AIMed.d219.s1901,stanza_craft+coref_e410ef02_1:rel:6,2,4,negative,negative,,,not_applied,structural|NESTED|require|_|nested,structural|NESTED|require|_,require,NESTED,nested,,clause,DEP-require-passive-nested,outer_arguments,targets:event_ref:stanza_craft+coref_e410ef02_0,nmod:for,nmod:with,obl,nmod,asserted,nested_review,1,1,0,0,dependency
aimed,AIMed.d219.s1905,stanza_craft+coref_0c28b574_0:rel:0,0,1,positive,positive,,,applied,structural|AB|bind|to|verbal,structural|bind,bind,AB,verbal,to,clause,DEP-bind,sources,targets,nsubj,nmod:to,nsubj,obl,asserted,directed,0,0,0,0,dependency
aimed,AIMed.d219.s1906,stanza_craft+coref_c3107cbb_0:rel:0,1,2,negative,negative,,,not_applied,structural|AB|bind|to|nominalized,structural|bind,bind,AB,nominalized,to,clause,DEP-binding-nestedinner-directed,sources,targets,nmod:of,nmod:to,conj,obl,negated,directed,0,0,0,1,dependency
aimed,AIMed.d219.s1906,stanza_craft+coref_c3107cbb_1:rel:0,0,1,positive,negative,,,not_applied,structural|NESTED|impair|_|nested,structural|NESTED|impair|_,impair,NESTED,nested,,clause,DEP-impair-nested,sources,targets:event_ref:stanza_craft+coref_c3107cbb_0,nsubj,nmod:of,nsubj,conj,negated,nested_review,1,1,0,0,dependency
aimed,AIMed.d219.s1906,stanza_craft+coref_c3107cbb_1:rel:1,0,2,positive,negative,,,not_applied,structural|NESTED|impair|_|nested,structural|NESTED|impair|_,impair,NESTED,nested,,clause,DEP-impair-nested,sources,targets:event_ref:stanza_craft+coref_c3107cbb_0,nsubj,nmod:to,nsubj,obl,asserted,nested_review,1,1,0,0,dependency
aimed,AIMed.d219.s1908,stanza_craft+coref_c115f0e0_0:rel:0,0,1,negative,positive,,,applied,structural|AB|serve|in|verbal,structural|serve,serve,AB,verbal,in,clause,DEP-serve,sources,targets,nsubj,nmod:in,nsubj,obl,asserted,directed,1,1,0,0,dependency
aimed,AIMed.d22.s184,stanza_craft+coref_d09a7620_0:rel:0,0,1,negative,positive,,,applied,structural|AA|relation|between|nominalized,structural|relation,relation,AA,nominalized,between,clause,DEP-relation-nestedinner,participants,participants,nmod:between,nmod:between,nmod,conj,asserted,undirected,0,0,0,1,dependency
aimed,AIMed.d220.s1910,stanza_craft+coref_a8ff395c_2:rel:0,2,3,negative,negative,,,review_only,relational|RELATIONAL|is-a|_|verbal,relational|RELATIONAL|is-a|_,,RELATIONAL,verbal,,appositive,DEP-ParentheticalAlias,entities_a,entities_b,nmod,dep,nmod,dep,asserted,relational,0,0,0,0,dependency
aimed,AIMed.d220.s1920,stanza_craft+coref_3f25c726_3:rel:0,0,1,negative,negative,,,review_only,relational|RELATIONAL|domain|_|verbal,relational|RELATIONAL|domain|_,domain,RELATIONAL,verbal,,appositive,DEP-NominalAlias,entities_a,entities_b,nmod,nmod,nmod,nmod,asserted,relational,0,1,0,0,dependency
aimed,AIMed.d220.s1920,stanza_craft+coref_3f25c726_3:rel:1,0,2,negative,negative,,,review_only,relational|RELATIONAL|domain|_|verbal,relational|RELATIONAL|domain|_,domain,RELATIONAL,verbal,,appositive,DEP-NominalAlias,entities_a,entities_b,nmod,nmod,nmod,nmod,asserted,relational,0,1,0,0,dependency
aimed,AIMed.d221.s1921,stanza_craft+coref_c998d087_0:rel:0,0,2,negative,positive,,,applied,structural|AB|interact|with|verbal,structural|interact,interact,AB,verbal,with,clause,DEP-interact,sources,targets,nsubj,nmod:with,nsubj,obl,asserted,directed,1,1,0,0,dependency
aimed,AIMed.d221.s1921,stanza_craft+coref_c998d087_0:rel:1,1,2,positive,positive,,,applied,structural|AB|interact|with|verbal,structural|interact,interact,AB,verbal,with,clause,DEP-interact,sources,targets,nsubj,nmod:with,nsubj,obl,asserted,directed,0,1,0,0,dependency
aimed,AIMed.d221.s1921,stanza_craft+coref_c998d087_1:rel:0,0,3,negative,positive,,,applied,structural|AB|activate|_|verbal,structural|activate,activate,AB,verbal,,clause,DEP-activate,sources,targets,nsubj,dobj,nsubj,obj,asserted,directed,1,1,0,0,dependency
aimed,AIMed.d221.s1921,stanza_craft+coref_c998d087_1:rel:1,1,3,negative,positive,,,applied,structural|AB|activate|_|verbal,structural|activate,activate,AB,verbal,,clause,DEP-activate,sources,targets,nsubj,dobj,nsubj,obj,asserted,directed,1,1,0,0,dependency
aimed,AIMed.d221.s1922,stanza_craft+coref_508eddcc_0:rel:0,0,3,negative,positive,,,applied,structural|AB|require|for|passive,structural|require,require,AB,passive,for,clause,DEP-require-passive,sources,targets,nsubjpass,nmod:for,nsubj:pass,obl,asserted,directed,0,1,0,0,dependency
aimed,AIMed.d221.s1922,stanza_craft+coref_508eddcc_0:rel:1,1,3,negative,positive,,,applied,structural|AB|require|for|passive,structural|require,require,AB,passive,for,clause,DEP-require-passive,sources,targets,nsubjpass,nmod:for,nsubj:pass,obl,asserted,directed,0,1,0,0,dependency
aimed,AIMed.d221.s1922,stanza_craft+coref_508eddcc_0:rel:2,2,3,negative,positive,,,applied,structural|AB|require|for|passive,structural|require,require,AB,passive,for,clause,DEP-require-passive,sources,targets,nsubjpass,nmod:for,nsubj:pass,obl,asserted,directed,0,1,0,0,dependency
aimed,AIMed.d221.s1922,stanza_craft+coref_508eddcc_2:rel:0,0,1,negative,negative,,,review_only,relational|RELATIONAL|is-a|_|verbal,relational|RELATIONAL|is-a|_,,RELATIONAL,verbal,,appositive,DEP-Apposition,entities_a,entities_b,nmod,dep,nmod,dep,asserted,relational,0,0,0,0,dependency
aimed,AIMed.d221.s1922,stanza_craft+coref_508eddcc_3:rel:0,1,2,negative,negative,,,review_only,relational|RELATIONAL|is-a|_|verbal,relational|RELATIONAL|is-a|_,,RELATIONAL,verbal,,appositive,DEP-Apposition,entities_a,entities_b,dep,dep,dep,dep,asserted,relational,0,0,0,0,dependency
aimed,AIMed.d222.s1928,stanza_craft+coref_800fd19a_1:rel:0,0,1,positive,positive,,,applied,structural|AB|interact|with|verbal,structural|interact,interact,AB,verbal,with,clause,DEP-interact,sources,targets,nsubjpass,nmod:with,nsubj:pass,obl,asserted,directed,1,1,0,0,dependency
aimed,AIMed.d222.s1928,stanza_craft+coref_800fd19a_1:rel:1,0,2,positive,positive,,,applied,structural|AB|interact|with|verbal,structural|interact,interact,AB,verbal,with,clause,DEP-interact,sources,targets,nsubjpass,nmod:with,nsubj:pass,obl,asserted,directed,1,1,0,0,dependency
aimed,AIMed.d222.s1928,stanza_craft+coref_800fd19a_1:rel:2,0,3,positive,positive,,,applied,structural|AB|interact|with|verbal,structural|interact,interact,AB,verbal,with,clause,DEP-interact,sources,targets,nsubjpass,nmod:with,nsubj:pass,obl,asserted,directed,1,1,0,0,dependency
aimed,AIMed.d222.s1929,stanza_craft+coref_4f45236e_1:rel:0,1,2,negative,positive,,,applied,relational|RELATIONAL|regulator|_|nominalized,relational|RELATIONAL|regulator|_,regulator,RELATIONAL,nominalized,,clause,DEP-CopulaIsA,entities_a,entities_b,nsubj,ccomp,nsubj,ccomp,asserted,relational,1,1,0,1,dependency
aimed,AIMed.d222.s1929,stanza_craft+coref_4f45236e_1:rel:1,1,3,positive,positive,,,applied,relational|RELATIONAL|regulator|_|nominalized,relational|RELATIONAL|regulator|_,regulator,RELATIONAL,nominalized,,clause,DEP-CopulaIsA,entities_a,entities_b,nsubj,ccomp,nsubj,ccomp,asserted,relational,0,1,0,1,dependency
aimed,AIMed.d222.s1931,stanza_craft+coref_30e40207_2:rel:0,1,2,negative,positive,,,applied,structural|AB|contain|_|verbal,structural|contain,contain,AB,verbal,,clause,DEP-contain,sources,targets,conj,dobj,conj,obj,asserted,directed,0,1,0,0,dependency
aimed,AIMed.d223.s1934,stanza_craft+coref_6e250a2c_1:rel:0,0,1,positive,positive,,,applied,structural|AA|interact|between|nominalized,structural|interact,interact,AA,nominalized,between,event_nominal,DEP-nom-interaction-subject-undirected,participants,participants,nmod:between,nmod:between,conj,conj,asserted,undirected,0,0,0,1,dependency
aimed,AIMed.d223.s1938,stanza_craft+coref_97c71ebd_2:rel:0,2,3,negative,positive,,,applied,structural|AA|interact|with|verbal,structural|interact,interact,AA,verbal,with,clause,DEP-interact-undirected,participants,participants,nmod:with,nmod:with,obl,obl,asserted,undirected,1,1,0,0,dependency
aimed,AIMed.d223.s1938,stanza_craft+coref_97c71ebd_3:rel:0,2,3,negative,positive,,,review_only,relational|RELATIONAL|is-a|_|verbal,relational|RELATIONAL|is-a|_,,RELATIONAL,verbal,,appositive,DEP-Apposition,entities_a,entities_b,nmod,appos,obl,appos,asserted,relational,1,1,0,0,dependency
aimed,AIMed.d223.s1940,stanza_craft+coref_cf1ed5fc_2:rel:0,0,1,negative,positive,,,applied,structural|AA|homodimer|_|compound_state,structural|homodimer,homodimer,AA,compound_state,,state_nominal,DEP-Complex,participants,participants,dobj,dobj,obj,obj,asserted,undirected,1,1,0,1,dependency
aimed,AIMed.d223.s1941,stanza_craft+coref_4a2ec632_2:rel:0,0,1,positive,positive,,,applied,structural|AA|interact|of|nominalized,structural|interact,interact,AA,nominalized,of,event_nominal,DEP-nom-interaction-undirected,participants,participants,nmod:of,nmod:of,nmod,conj,asserted,undirected,0,0,0,1,dependency
aimed,AIMed.d223.s1944,stanza_craft+coref_eb451880_1:rel:0,0,1,positive,positive,,,applied,structural|AB|regulate|_|passive,structural|regulate,regulate,AB,passive,,clause,DEP-regulate-passive,sources,targets,nmod,nsubjpass,obl,nsubj:pass,asserted,directed,1,1,0,0,dependency
aimed,AIMed.d224.s1950,stanza_craft+coref_c2b9e6f3_0:rel:0,1,2,positive,positive,,,applied,structural|AB|associate|with|verbal,structural|associate,associate,AB,verbal,with,clause,DEP-associate,sources,targets,nsubj,nmod:with,nsubj,obl,asserted,directed,0,0,0,0,dependency
aimed,AIMed.d224.s1950,stanza_craft+coref_c2b9e6f3_0:rel:1,1,4,positive,positive,,,applied,structural|AB|associate|with|verbal,structural|associate,associate,AB,verbal,with,clause,DEP-associate,sources,targets,nsubj,nmod:with,nsubj,conj,asserted,directed,0,0,0,0,dependency
aimed,AIMed.d224.s1950,stanza_craft+coref_c2b9e6f3_1:rel:0,5,6,negative,negative,,,review_only,relational|RELATIONAL|is-a|_|verbal,relational|RELATIONAL|is-a|_,,RELATIONAL,verbal,,clause,DEP-CopulaIsA,entities_a,entities_b,nsubj,conj,nsubj,conj,asserted,relational,1,1,0,0,dependency
aimed,AIMed.d224.s1950,stanza_craft+coref_c2b9e6f3_2:rel:0,2,3,negative,negative,,,review_only,relational|RELATIONAL|is-a|_|verbal,relational|RELATIONAL|is-a|_,,RELATIONAL,verbal,,appositive,DEP-ParentheticalAlias,entities_a,entities_b,nmod,dep,obl,dep,asserted,relational,0,0,0,0,dependency
aimed,AIMed.d224.s1951,stanza_craft+coref_58ab199b_0:rel:0,0,1,positive,positive,,,applied,structural|AB|dissociate|from|verbal,structural|dissociate,dissociate,AB,verbal,from,clause,DEP-dissociate,sources,targets,nsubj,nmod:from,nsubj,obl,asserted,directed,0,0,0,0,dependency
aimed,AIMed.d224.s1954,stanza_craft+coref_ebcf0b4b_3:rel:0,0,2,negative,positive,,,applied,structural|AB|load|onto|verbal,structural|load,load,AB,verbal,onto,clause,DEP-load,sources,targets,nsubjpass,nmod:onto,nsubj:pass,obl,asserted,directed,1,1,0,0,dependency
aimed,AIMed.d23.s189,stanza_craft+coref_068573e0_3:rel:0,0,1,negative,negative,,,review_only,relational|RELATIONAL|is-a|_|verbal,relational|RELATIONAL|is-a|_,,RELATIONAL,verbal,,appositive,DEP-ParentheticalAlias,entities_a,entities_b,conj,dep,conj,dep,asserted,relational,0,0,0,0,dependency
aimed,AIMed.d25.s204,stanza_craft+coref_6f60aef6_4:rel:0,0,1,negative,negative,,,review_only,relational|RELATIONAL|is-a|_|verbal,relational|RELATIONAL|is-a|_,,RELATIONAL,verbal,,appositive,DEP-ParentheticalAlias,entities_a,entities_b,nmod,dep,nmod,dep,asserted,relational,0,0,0,0,dependency
aimed,AIMed.d25.s204,stanza_craft+coref_6f60aef6_5:rel:0,3,4,negative,negative,,,review_only,relational|RELATIONAL|is-a|_|verbal,relational|RELATIONAL|is-a|_,,RELATIONAL,verbal,,appositive,DEP-ParentheticalAlias,entities_a,entities_b,conj,conj,conj,conj,uncertain,relational,0,0,0,0,dependency
aimed,AIMed.d27.s226,stanza_craft+coref_2c79bacd_1:rel:0,0,1,negative,negative,,,review_only,relational|RELATIONAL|identity|_|verbal,relational|RELATIONAL|identity|_,,RELATIONAL,verbal,,appositive,DEP-LooseIdentityCandidate,entities_a,entities_b,nsubj,compound,nsubj,compound,asserted,relational,1,0,0,0,dependency
aimed,AIMed.d28.s234,stanza_craft+coref_6fa10bfb_2:rel:0,4,5,negative,negative,,,review_only,relational|RELATIONAL|is-a|_|verbal,relational|RELATIONAL|is-a|_,,RELATIONAL,verbal,,appositive,DEP-Apposition,entities_a,entities_b,nmod,dep,nmod,dep,asserted,relational,0,0,0,0,dependency
aimed,AIMed.d28.s234,stanza_craft+coref_6fa10bfb_3:rel:0,0,2,positive,negative,,,review_only,relational|RELATIONAL|is-a|_|verbal,relational|RELATIONAL|is-a|_,,RELATIONAL,verbal,,appositive,DEP-ParentheticalAlias,entities_a,entities_b,xcomp,dep,xcomp,dep,asserted,relational,1,1,0,0,dependency
aimed,AIMed.d28.s234,stanza_craft+coref_6fa10bfb_3:rel:1,1,2,negative,negative,,,review_only,relational|RELATIONAL|is-a|_|verbal,relational|RELATIONAL|is-a|_,,RELATIONAL,verbal,,appositive,DEP-ParentheticalAlias,entities_a,entities_b,xcomp,dep,xcomp,dep,asserted,relational,0,0,0,0,dependency
aimed,AIMed.d28.s235,stanza_craft+coref_1f10a218_0:rel:0,0,1,negative,positive,,,applied,structural|AB|map|near|passive,structural|map,map,AB,passive,near,clause,DEP-map-passive,sources,targets,ROOT,nmod:near,root,obl,asserted,directed,1,1,0,0,dependency
aimed,AIMed.d28.s235,stanza_craft+coref_1f10a218_0:rel:1,0,2,negative,positive,,,applied,structural|AB|map|near|passive,structural|map,map,AB,passive,near,clause,DEP-map-passive,sources,targets,ROOT,nmod:near,root,obl,asserted,directed,1,1,0,0,dependency
aimed,AIMed.d28.s239,stanza_craft+coref_de773263_0:rel:0,0,2,negative,positive,,,applied,structural|AB|activate|_|verbal,structural|activate,activate,AB,verbal,,clause,DEP-activate,sources,targets,nsubj,dobj,nsubj,obj,asserted,directed,0,1,0,0,dependency
aimed,AIMed.d28.s239,stanza_craft+coref_de773263_0:rel:1,1,2,negative,positive,,,applied,structural|AB|activate|_|verbal,structural|activate,activate,AB,verbal,,clause,DEP-activate,sources,targets,nsubj,dobj,nsubj,obj,asserted,directed,0,1,0,0,dependency
aimed,AIMed.d28.s239,stanza_craft+coref_de773263_6:rel:0,3,4,negative,negative,,,review_only,relational|RELATIONAL|is-a|_|verbal,relational|RELATIONAL|is-a|_,,RELATIONAL,verbal,,appositive,DEP-ParentheticalAlias,entities_a,entities_b,dobj,dep,obj,dep,asserted,relational,0,0,0,0,dependency
aimed,AIMed.d28.s239,stanza_craft+coref_de773263_7:rel:0,6,7,negative,negative,,,review_only,relational|RELATIONAL|is-a|_|verbal,relational|RELATIONAL|is-a|_,,RELATIONAL,verbal,,appositive,DEP-ParentheticalAlias,entities_a,entities_b,conj,dep,conj,dep,asserted,relational,0,0,0,0,dependency
aimed,AIMed.d29.s243,stanza_craft+coref_feb40b08_1:rel:0,0,1,negative,negative,,,review_only,relational|RELATIONAL|is-a|_|verbal,relational|RELATIONAL|is-a|_,,RELATIONAL,verbal,,appositive,DEP-ParentheticalAlias,entities_a,entities_b,nmod,dep,obl,dep,asserted,relational,0,0,0,0,dependency
aimed,AIMed.d29.s244,stanza_craft+coref_f08264e2_0:rel:0,0,1,negative,positive,,,applied,structural|AB|reduce|_|verbal,structural|reduce,reduce,AB,verbal,,clause,DEP-reduce,sources,targets,nsubj,nmod,nsubj,obl,asserted,directed,1,1,0,0,dependency
aimed,AIMed.d29.s244,stanza_craft+coref_f08264e2_0:rel:1,0,2,negative,positive,,,applied,structural|AB|reduce|_|verbal,structural|reduce,reduce,AB,verbal,,clause,DEP-reduce,sources,targets,nsubj,nmod,nsubj,obl,asserted,directed,0,1,0,0,dependency
aimed,AIMed.d29.s244,stanza_craft+coref_f08264e2_0:rel:2,0,3,negative,positive,,,applied,structural|AB|reduce|_|verbal,structural|reduce,reduce,AB,verbal,,clause,DEP-reduce,sources,targets,nsubj,nmod,nsubj,obl,asserted,directed,0,1,0,0,dependency
aimed,AIMed.d29.s244,stanza_craft+coref_f08264e2_0:rel:3,0,4,negative,positive,,,applied,structural|AB|reduce|_|verbal,structural|reduce,reduce,AB,verbal,,clause,DEP-reduce,sources,targets,nsubj,nmod,nsubj,obl,asserted,directed,0,1,0,0,dependency
aimed,AIMed.d29.s244,stanza_craft+coref_f08264e2_0:rel:4,0,5,negative,positive,,,applied,structural|AB|reduce|_|verbal,structural|reduce,reduce,AB,verbal,,clause,DEP-reduce,sources,targets,nsubj,nmod,nsubj,obl,asserted,directed,0,1,0,0,dependency
aimed,AIMed.d29.s244,stanza_craft+coref_f08264e2_1:rel:0,1,3,positive,negative,,,review_only,relational|RELATIONAL|is-a|_|verbal,relational|RELATIONAL|is-a|_,,RELATIONAL,verbal,,appositive,DEP-ParentheticalAlias,entities_a,entities_b,nmod,dep,nmod,dep,asserted,relational,1,1,0,0,dependency
aimed,AIMed.d29.s244,stanza_craft+coref_f08264e2_1:rel:1,2,3,negative,negative,,,review_only,relational|RELATIONAL|is-a|_|verbal,relational|RELATIONAL|is-a|_,,RELATIONAL,verbal,,appositive,DEP-ParentheticalAlias,entities_a,entities_b,nmod,dep,nmod,dep,asserted,relational,0,0,0,0,dependency
aimed,AIMed.d29.s249,stanza_craft+coref_1f93a29c_0:rel:0,0,1,positive,positive,,,applied,structural|AB|recognize|_|verbal,structural|recognize,recognize,AB,verbal,,clause,DEP-recognize,sources,targets,nsubj,dobj,nsubj,obj,asserted,directed,0,0,0,0,dependency
aimed,AIMed.d29.s249,stanza_craft+coref_1f93a29c_0:rel:1,0,2,positive,positive,,,applied,structural|AB|recognize|_|verbal,structural|recognize,recognize,AB,verbal,,clause,DEP-recognize,sources,targets,nsubj,conj,nsubj,conj,asserted,directed,0,0,0,0,dependency
aimed,AIMed.d29.s249,stanza_craft+coref_1f93a29c_0:rel:2,0,3,positive,positive,,,applied,structural|AB|recognize|_|verbal,structural|recognize,recognize,AB,verbal,,clause,DEP-recognize,sources,targets,nsubj,conj,nsubj,conj,asserted,directed,0,0,0,0,dependency
aimed,AIMed.d3.s30,stanza_craft+coref_44f336ba_2:rel:0,0,2,negative,negative,,,review_only,relational|RELATIONAL|is-a|_|verbal,relational|RELATIONAL|is-a|_,,RELATIONAL,verbal,,appositive,DEP-ParentheticalAlias,entities_a,entities_b,dobj,dep,obj,dep,asserted,relational,1,1,0,0,dependency
aimed,AIMed.d3.s30,stanza_craft+coref_44f336ba_2:rel:1,1,2,negative,negative,,,review_only,relational|RELATIONAL|is-a|_|verbal,relational|RELATIONAL|is-a|_,,RELATIONAL,verbal,,appositive,DEP-ParentheticalAlias,entities_a,entities_b,dobj,dep,obj,dep,asserted,relational,0,0,0,0,dependency
aimed,AIMed.d3.s31,stanza_craft+coref_32b389a6_2:rel:0,0,1,negative,negative,,,review_only,relational|RELATIONAL|is-a|_|verbal,relational|RELATIONAL|is-a|_,,RELATIONAL,verbal,,appositive,DEP-ParentheticalAlias,entities_a,entities_b,nmod,dep,nmod,dep,asserted,relational,0,0,0,0,dependency
aimed,AIMed.d3.s31,stanza_craft+coref_32b389a6_3:rel:0,2,3,negative,negative,,,review_only,relational|RELATIONAL|is-a|_|verbal,relational|RELATIONAL|is-a|_,,RELATIONAL,verbal,,appositive,DEP-ParentheticalAlias,entities_a,entities_b,conj,dep,conj,dep,asserted,relational,0,0,0,0,dependency
aimed,AIMed.d3.s33,stanza_craft+coref_e117a335_1:rel:0,2,3,negative,negative,,,review_only,relational|RELATIONAL|is-a|_|verbal,relational|RELATIONAL|is-a|_,,RELATIONAL,verbal,,appositive,DEP-ParentheticalAlias,entities_a,entities_b,conj,conj,conj,conj,asserted,relational,0,0,0,0,dependency
aimed,AIMed.d3.s33,stanza_craft+coref_e117a335_2:rel:0,4,5,negative,negative,,,review_only,relational|RELATIONAL|is-a|_|verbal,relational|RELATIONAL|is-a|_,,RELATIONAL,verbal,,appositive,DEP-ParentheticalAlias,entities_a,entities_b,conj,dep,conj,dep,asserted,relational,0,0,0,0,dependency
aimed,AIMed.d3.s34,stanza_craft+coref_6960b795_2:rel:0,1,2,negative,negative,,,review_only,relational|RELATIONAL|is-a|_|verbal,relational|RELATIONAL|is-a|_,,RELATIONAL,verbal,,appositive,DEP-ParentheticalAlias,entities_a,entities_b,conj,dep,conj,dep,asserted,relational,0,0,0,0,dependency
aimed,AIMed.d3.s34,stanza_craft+coref_6960b795_3:rel:0,3,4,negative,negative,,,review_only,relational|RELATIONAL|is-a|_|verbal,relational|RELATIONAL|is-a|_,,RELATIONAL,verbal,,appositive,DEP-ParentheticalAlias,entities_a,entities_b,conj,dep,conj,dep,asserted,relational,0,0,0,0,dependency
aimed,AIMed.d3.s35,stanza_craft+coref_fee5a991_1:rel:0,1,2,negative,negative,,,review_only,relational|RELATIONAL|is-a|_|verbal,relational|RELATIONAL|is-a|_,,RELATIONAL,verbal,,appositive,DEP-ParentheticalAlias,entities_a,entities_b,conj,dep,conj,dep,asserted,relational,0,0,0,0,dependency
aimed,AIMed.d3.s35,stanza_craft+coref_fee5a991_2:rel:0,3,4,negative,negative,,,review_only,relational|RELATIONAL|is-a|_|verbal,relational|RELATIONAL|is-a|_,,RELATIONAL,verbal,,appositive,DEP-ParentheticalAlias,entities_a,entities_b,conj,dep,conj,dep,asserted,relational,0,0,0,0,dependency
aimed,AIMed.d3.s35,stanza_craft+coref_fee5a991_3:rel:0,5,6,negative,negative,,,review_only,relational|RELATIONAL|is-a|_|verbal,relational|RELATIONAL|is-a|_,,RELATIONAL,verbal,,appositive,DEP-ParentheticalAlias,entities_a,entities_b,conj,dep,conj,dep,asserted,relational,0,0,0,0,dependency
aimed,AIMed.d3.s35,stanza_craft+coref_fee5a991_4:rel:0,7,8,negative,negative,,,review_only,relational|RELATIONAL|is-a|_|verbal,relational|RELATIONAL|is-a|_,,RELATIONAL,verbal,,appositive,DEP-ParentheticalAlias,entities_a,entities_b,conj,dep,conj,dep,asserted,relational,0,0,0,0,dependency
aimed,AIMed.d30.s255,stanza_craft+coref_2758e27b_1:rel:0,0,1,negative,negative,,,review_only,relational|RELATIONAL|is-a|_|verbal,relational|RELATIONAL|is-a|_,,RELATIONAL,verbal,,appositive,DEP-Apposition,entities_a,entities_b,dobj,appos,obj,appos,asserted,relational,0,0,0,0,dependency
aimed,AIMed.d31.s257,stanza_craft+coref_001745d3_0:rel:0,1,2,negative,negative,,,review_only,relational|RELATIONAL|is-a|_|verbal,relational|RELATIONAL|is-a|_,,RELATIONAL,verbal,,appositive,DEP-ParentheticalAlias,entities_a,entities_b,dep,dep,dep,dep,asserted,relational,0,0,0,0,dependency
aimed,AIMed.d31.s262,stanza_craft+coref_46f94274_0:rel:0,0,1,positive,positive,,,applied,structural|AB|bind|_|verbal,structural|bind,bind,AB,verbal,,clause,DEP-bind,sources,targets,nsubj,dobj,nsubj,obj,asserted,directed,0,1,0,0,dependency
aimed,AIMed.d31.s262,stanza_craft+coref_46f94274_0:rel:1,0,4,positive,positive,,,applied,structural|AB|bind|_|verbal,structural|bind,bind,AB,verbal,,clause,DEP-bind,sources,targets,nsubj,dobj,nsubj,obj,asserted,directed,0,1,0,0,dependency
aimed,AIMed.d31.s262,stanza_craft+coref_46f94274_1:rel:0,1,4,negative,negative,,,review_only,relational|RELATIONAL|is-a|_|verbal,relational|RELATIONAL|is-a|_,,RELATIONAL,verbal,,appositive,DEP-Apposition,entities_a,entities_b,dobj,appos,obj,appos,asserted,relational,0,1,0,0,dependency
aimed,AIMed.d31.s265,stanza_craft+coref_564add43_2:rel:0,1,3,positive,negative,,,review_only,relational|RELATIONAL|is-a|_|verbal,relational|RELATIONAL|is-a|_,,RELATIONAL,verbal,,appositive,DEP-ParentheticalAlias,entities_a,entities_b,dep,compound,dep,compound,asserted,relational,1,1,0,0,dependency
aimed,AIMed.d31.s265,stanza_craft+coref_564add43_2:rel:1,2,3,negative,negative,,,review_only,relational|RELATIONAL|is-a|_|verbal,relational|RELATIONAL|is-a|_,,RELATIONAL,verbal,,appositive,DEP-ParentheticalAlias,entities_a,entities_b,dep,compound,dep,compound,asserted,relational,1,0,0,0,dependency
aimed,AIMed.d31.s266,stanza_craft+coref_00e884c8_1:rel:0,1,2,positive,positive,,,applied,structural|AB|interact|with|nominalized,structural|interact,interact,AB,nominalized,with,clause,DEP-interaction-nestedinner-directed,sources,targets,nmod:of,nmod:with,nmod,nmod,asserted,directed,1,1,0,1,dependency
aimed,AIMed.d31.s266,stanza_craft+coref_00e884c8_1:rel:1,1,3,positive,positive,,,applied,structural|AB|interact|with|nominalized,structural|interact,interact,AB,nominalized,with,clause,DEP-interaction-nestedinner-directed,sources,targets,nmod:of,nmod:with,nmod,nmod,asserted,directed,0,0,0,1,dependency
aimed,AIMed.d31.s266,stanza_craft+coref_00e884c8_1:rel:2,1,4,positive,positive,,,applied,structural|AB|interact|with|nominalized,structural|interact,interact,AB,nominalized,with,clause,DEP-interaction-nestedinner-directed,sources,targets,nmod:of,nmod:with,nmod,conj,asserted,directed,0,0,0,1,dependency
aimed,AIMed.d31.s266,stanza_craft+coref_00e884c8_2:rel:0,0,1,negative,negative,,,not_applied,structural|NESTED|inhibit|_|nested,structural|NESTED|inhibit|_,inhibit,NESTED,nested,,clause,DEP-inhibit-nested,sources,targets:event_ref:stanza_craft+coref_00e884c8_1,nsubj,nmod:of,nsubj,nmod,asserted,nested_review,0,0,0,0,dependency
aimed,AIMed.d31.s266,stanza_craft+coref_00e884c8_2:rel:1,0,2,negative,negative,,,not_applied,structural|NESTED|inhibit|_|nested,structural|NESTED|inhibit|_,inhibit,NESTED,nested,,clause,DEP-inhibit-nested,sources,targets:event_ref:stanza_craft+coref_00e884c8_1,nsubj,nmod:with,nsubj,nmod,asserted,nested_review,1,1,0,0,dependency
aimed,AIMed.d31.s266,stanza_craft+coref_00e884c8_2:rel:2,0,3,negative,negative,,,not_applied,structural|NESTED|inhibit|_|nested,structural|NESTED|inhibit|_,inhibit,NESTED,nested,,clause,DEP-inhibit-nested,sources,targets:event_ref:stanza_craft+coref_00e884c8_1,nsubj,nmod:with,nsubj,nmod,asserted,nested_review,0,0,0,0,dependency
aimed,AIMed.d31.s266,stanza_craft+coref_00e884c8_2:rel:3,0,2,negative,negative,,,not_applied,structural|NESTED|inhibit|_|nested,structural|NESTED|inhibit|_,inhibit,NESTED,nested,,clause,DEP-inhibit-nested,sources,targets:event_ref:stanza_craft+coref_00e884c8_1,nsubj,nmod:with,nsubj,nmod,asserted,nested_review,1,1,0,0,dependency
aimed,AIMed.d31.s266,stanza_craft+coref_00e884c8_2:rel:4,0,3,negative,negative,,,not_applied,structural|NESTED|inhibit|_|nested,structural|NESTED|inhibit|_,inhibit,NESTED,nested,,clause,DEP-inhibit-nested,sources,targets:event_ref:stanza_craft+coref_00e884c8_1,nsubj,nmod:with,nsubj,nmod,asserted,nested_review,0,0,0,0,dependency
aimed,AIMed.d31.s266,stanza_craft+coref_00e884c8_2:rel:5,0,4,negative,negative,,,not_applied,structural|NESTED|inhibit|_|nested,structural|NESTED|inhibit|_,inhibit,NESTED,nested,,clause,DEP-inhibit-nested,sources,targets:event_ref:stanza_craft+coref_00e884c8_1,nsubj,nmod:with,nsubj,conj,asserted,nested_review,0,0,0,0,dependency
aimed,AIMed.d32.s268,stanza_craft+coref_743c4e34_0:rel:0,0,3,negative,positive,,,applied,structural|AB|bind|_|verbal,structural|bind,bind,AB,verbal,,clause,DEP-bind,sources,targets,nsubj,dobj,nsubj,obj,asserted,directed,1,1,0,0,dependency
aimed,AIMed.d32.s268,stanza_craft+coref_743c4e34_0:rel:1,1,3,positive,positive,,,applied,structural|AB|bind|_|verbal,structural|bind,bind,AB,verbal,,clause,DEP-bind,sources,targets,nsubj,dobj,nsubj,obj,asserted,directed,1,1,0,0,dependency
aimed,AIMed.d32.s268,stanza_craft+coref_743c4e34_0:rel:2,2,3,negative,positive,,,applied,structural|AB|bind|_|verbal,structural|bind,bind,AB,verbal,,clause,DEP-bind,sources,targets,nsubj,dobj,nsubj,obj,asserted,directed,0,1,0,0,dependency
aimed,AIMed.d32.s268,stanza_craft+coref_743c4e34_0:rel:3,0,4,negative,positive,,,applied,structural|AB|bind|_|verbal,structural|bind,bind,AB,verbal,,clause,DEP-bind,sources,targets,nsubj,conj,nsubj,conj,asserted,directed,1,1,0,0,dependency
aimed,AIMed.d32.s268,stanza_craft+coref_743c4e34_0:rel:4,1,4,negative,positive,,,applied,structural|AB|bind|_|verbal,structural|bind,bind,AB,verbal,,clause,DEP-bind,sources,targets,nsubj,conj,nsubj,conj,asserted,directed,1,1,0,0,dependency
aimed,AIMed.d32.s268,stanza_craft+coref_743c4e34_0:rel:5,2,4,negative,positive,,,applied,structural|AB|bind|_|verbal,structural|bind,bind,AB,verbal,,clause,DEP-bind,sources,targets,nsubj,conj,nsubj,conj,asserted,directed,0,1,0,0,dependency
aimed,AIMed.d32.s268,stanza_craft+coref_743c4e34_0:rel:6,0,5,negative,positive,,,applied,structural|AB|bind|_|verbal,structural|bind,bind,AB,verbal,,clause,DEP-bind,sources,targets,nsubj,dobj,nsubj,obj,asserted,directed,1,1,0,0,dependency
aimed,AIMed.d32.s268,stanza_craft+coref_743c4e34_0:rel:7,1,5,negative,positive,,,applied,structural|AB|bind|_|verbal,structural|bind,bind,AB,verbal,,clause,DEP-bind,sources,targets,nsubj,dobj,nsubj,obj,asserted,directed,1,1,0,0,dependency
aimed,AIMed.d32.s268,stanza_craft+coref_743c4e34_0:rel:8,2,5,negative,positive,,,applied,structural|AB|bind|_|verbal,structural|bind,bind,AB,verbal,,clause,DEP-bind,sources,targets,nsubj,dobj,nsubj,obj,asserted,directed,0,1,0,0,dependency
aimed,AIMed.d32.s269,stanza_craft+coref_b06b7c3f_0:rel:0,0,4,negative,positive,,,applied,structural|AB|bind|_|verbal,structural|bind,bind,AB,verbal,,clause,DEP-bind,sources,targets,nsubj,dobj,nsubj,obj,asserted,directed,1,1,0,0,dependency
aimed,AIMed.d32.s269,stanza_craft+coref_b06b7c3f_0:rel:1,1,4,positive,positive,,,applied,structural|AB|bind|_|verbal,structural|bind,bind,AB,verbal,,clause,DEP-bind,sources,targets,nsubj,dobj,nsubj,obj,asserted,directed,0,1,0,0,dependency
aimed,AIMed.d32.s269,stanza_craft+coref_b06b7c3f_0:rel:2,2,4,negative,positive,,,applied,structural|AB|bind|_|verbal,structural|bind,bind,AB,verbal,,clause,DEP-bind,sources,targets,nsubj,dobj,nsubj,obj,asserted,directed,0,1,0,0,dependency
aimed,AIMed.d32.s269,stanza_craft+coref_b06b7c3f_0:rel:3,3,4,positive,positive,,,applied,structural|AB|bind|_|verbal,structural|bind,bind,AB,verbal,,clause,DEP-bind,sources,targets,nsubj,dobj,nsubj,obj,asserted,directed,0,1,0,0,dependency
aimed,AIMed.d32.s269,stanza_craft+coref_b06b7c3f_3:rel:0,0,3,positive,negative,,,review_only,relational|RELATIONAL|is-a|_|verbal,relational|RELATIONAL|is-a|_,,RELATIONAL,verbal,,appositive,DEP-ParentheticalAlias,entities_a,entities_b,nmod,dep,nmod,dep,asserted,relational,1,1,0,0,dependency
aimed,AIMed.d32.s269,stanza_craft+coref_b06b7c3f_3:rel:1,2,3,positive,negative,,,review_only,relational|RELATIONAL|is-a|_|verbal,relational|RELATIONAL|is-a|_,,RELATIONAL,verbal,,appositive,DEP-ParentheticalAlias,entities_a,entities_b,nmod,dep,nmod,dep,asserted,relational,0,0,0,0,dependency
aimed,AIMed.d32.s269,stanza_craft+coref_b06b7c3f_4:rel:0,0,1,negative,negative,,,review_only,relational|RELATIONAL|domain|_|verbal,relational|RELATIONAL|domain|_,domain,RELATIONAL,verbal,,appositive,DEP-NominalAlias,entities_a,entities_b,nmod,nmod,nmod,nmod,asserted,relational,1,1,0,0,dependency
aimed,AIMed.d32.s269,stanza_craft+coref_b06b7c3f_4:rel:1,1,2,negative,negative,,,review_only,relational|RELATIONAL|domain|_|verbal,relational|RELATIONAL|domain|_,domain,RELATIONAL,verbal,,appositive,DEP-NominalAlias,entities_a,entities_b,nmod,nmod,nmod,nmod,asserted,relational,0,1,0,0,dependency
aimed,AIMed.d32.s270,stanza_craft+coref_2b6f01b1_1:rel:0,0,1,negative,positive,,,applied,structural|AB|bind|to|passive,structural|bind,bind,AB,passive,to,clause,DEP-bind-passive,sources,targets,nmod,nmod:to,nmod,obl,asserted,directed,1,1,0,0,dependency
aimed,AIMed.d32.s270,stanza_craft+coref_2b6f01b1_1:rel:1,0,2,negative,positive,,,applied,structural|AB|bind|to|passive,structural|bind,bind,AB,passive,to,clause,DEP-bind-passive,sources,targets,nmod,nmod:to,nmod,obl,asserted,directed,0,0,0,0,dependency
aimed,AIMed.d32.s270,stanza_craft+coref_2b6f01b1_3:rel:0,1,3,negative,negative,,,review_only,relational|RELATIONAL|is-a|_|verbal,relational|RELATIONAL|is-a|_,,RELATIONAL,verbal,,appositive,DEP-ParentheticalAlias,entities_a,entities_b,nmod,dep,obl,dep,asserted,relational,1,1,0,0,dependency
aimed,AIMed.d32.s270,stanza_craft+coref_2b6f01b1_3:rel:1,2,3,negative,negative,,,review_only,relational|RELATIONAL|is-a|_|verbal,relational|RELATIONAL|is-a|_,,RELATIONAL,verbal,,appositive,DEP-ParentheticalAlias,entities_a,entities_b,nmod,dep,obl,dep,asserted,relational,0,0,0,0,dependency
aimed,AIMed.d32.s271,stanza_craft+coref_c87fcf29_2:rel:0,2,3,negative,negative,,,not_applied,structural|AA|bind|_|nominalized,structural|bind,bind,AA,nominalized,,clause,DEP-binding-nestedinner,participants,participants,compound,conj,compound,conj,asserted,undirected,1,0,0,1,dependency
aimed,AIMed.d32.s271,stanza_craft+coref_c87fcf29_3:rel:0,1,2,negative,negative,,,not_applied,structural|NESTED|investigate|in|nested,structural|NESTED|investigate|in,investigate,NESTED,nested,in,clause,DEP-investigate-nested,sources,targets:event_ref:stanza_craft+coref_c87fcf29_2,dobj,compound,obj,compound,asserted,nested_review,1,0,0,0,dependency
aimed,AIMed.d32.s271,stanza_craft+coref_c87fcf29_3:rel:1,1,3,negative,negative,,,not_applied,structural|NESTED|investigate|in|nested,structural|NESTED|investigate|in,investigate,NESTED,nested,in,clause,DEP-investigate-nested,sources,targets:event_ref:stanza_craft+coref_c87fcf29_2,dobj,conj,obj,conj,asserted,nested_review,0,0,0,0,dependency
aimed,AIMed.d32.s273,stanza_craft+coref_2c35f8a6_2:rel:0,0,1,negative,positive,,,applied,structural|AA|bind|_|nominalized,structural|bind,bind,AA,nominalized,,event_nominal,DEP-nom-binding-undirected,participants,participants,compound,compound,compound,conj,asserted,undirected,1,0,0,1,dependency
aimed,AIMed.d33.s278,stanza_craft+coref_bee14a0e_2:rel:0,0,1,positive,positive,,,applied,structural|AB|interact|with|nominalized,structural|interact,interact,AB,nominalized,with,clause,DEP-interaction-nestedinner-directed,sources,targets,nmod:of,nmod:with,nmod,nmod,asserted,directed,0,0,0,1,dependency
aimed,AIMed.d33.s279,stanza_craft+coref_8972aacc_0:rel:0,0,1,positive,positive,,,applied,structural|AB|form|with|verbal,structural|form,form,AB,verbal,with,clause,DEP-form,sources,targets,nsubj,nmod:with,nsubj,obl,asserted,directed,0,0,0,0,dependency
aimed,AIMed.d34.s285,stanza_craft+coref_38186be1_1:rel:0,0,1,negative,negative,,,review_only,relational|RELATIONAL|is-a|_|verbal,relational|RELATIONAL|is-a|_,,RELATIONAL,verbal,,appositive,DEP-ParentheticalAlias,entities_a,entities_b,dep,compound,dep,compound,asserted,relational,1,0,0,0,dependency
aimed,AIMed.d34.s288,stanza_craft+coref_0922e864_0:rel:0,0,2,positive,positive,,,applied,structural|AB|interact|_|nominalized,structural|interact,interact,AB,nominalized,,clause,DEP-interaction-nestedinner-alt,sources,targets,conj,compound,conj,nmod,asserted,directed,1,1,0,1,dependency
aimed,AIMed.d34.s288,stanza_craft+coref_0922e864_0:rel:1,1,2,positive,positive,,,applied,structural|AB|interact|_|nominalized,structural|interact,interact,AB,nominalized,,clause,DEP-interaction-nestedinner-alt,sources,targets,conj,compound,conj,nmod,asserted,directed,0,1,0,1,dependency
aimed,AIMed.d35.s292,stanza_craft+coref_87f6354f_1:rel:0,0,1,negative,negative,,,review_only,relational|RELATIONAL|is-a|_|verbal,relational|RELATIONAL|is-a|_,,RELATIONAL,verbal,,appositive,DEP-ParentheticalAlias,entities_a,entities_b,dep,compound,dep,compound,asserted,relational,1,0,0,0,dependency
aimed,AIMed.d35.s299,stanza_craft+coref_e222d81f_0:rel:0,0,1,positive,positive,,,applied,structural|AB|form|with|verbal,structural|form,form,AB,verbal,with,clause,DEP-form,sources,targets,nsubj,nmod:with,nsubj,obl,asserted,directed,0,1,0,0,dependency
aimed,AIMed.d35.s299,stanza_craft+coref_e222d81f_5:rel:0,1,2,negative,negative,,,review_only,relational|RELATIONAL|is-a|_|verbal,relational|RELATIONAL|is-a|_,,RELATIONAL,verbal,,appositive,DEP-ParentheticalAlias,entities_a,entities_b,dep,dep,dep,dep,asserted,relational,0,0,0,0,dependency
aimed,AIMed.d36.s301,stanza_craft+coref_66437abd_1:rel:0,0,1,positive,positive,,,applied,structural|AA|interact|between|nominalized,structural|interact,interact,AA,nominalized,between,event_nominal,DEP-nom-interaction-undirected,participants,participants,nmod:between,nmod:between,compound,conj,asserted,undirected,1,0,0,1,dependency
aimed,AIMed.d36.s302,stanza_craft+coref_3073e0f5_2:rel:0,0,1,negative,negative,,,review_only,relational|RELATIONAL|is-a|_|verbal,relational|RELATIONAL|is-a|_,,RELATIONAL,verbal,,appositive,DEP-ParentheticalAlias,entities_a,entities_b,nmod,dep,nmod,dep,asserted,relational,0,0,0,0,dependency
aimed,AIMed.d36.s303,stanza_craft+coref_bb92415d_0:rel:0,0,2,positive,positive,,,applied,structural|AB|decrease|_|verbal,structural|decrease,decrease,AB,verbal,,clause,DEP-decrease,sources,targets,nsubj,dobj,nsubj,obj,asserted,directed,0,1,0,0,dependency
aimed,AIMed.d36.s303,stanza_craft+coref_bb92415d_0:rel:1,1,2,negative,negative,,,not_selected,structural|AB|decrease|_|verbal,structural|decrease,decrease,AB,verbal,,clause,DEP-decrease,sources,targets,conj,dobj,conj,obj,negated,directed,0,1,0,0,dependency
aimed,AIMed.d36.s306,stanza_craft+coref_34e0301e_0:rel:0,0,1,negative,negative,,,not_applied,structural|AA|interact|of|nominalized,structural|interact,interact,AA,nominalized,of,clause,DEP-interaction-nestedinner,participants,participants,nmod:of,nmod:of,nmod,nmod,asserted,undirected,1,1,0,1,dependency
aimed,AIMed.d37.s315,stanza_craft+coref_5e357f8c_1:rel:0,4,5,negative,negative,,,not_applied,structural|AA|bind|_|nominalized,structural|bind,bind,AA,nominalized,,clause,DEP-binding-nestedinner,participants,participants,compound,conj,compound,conj,asserted,undirected,1,0,0,1,dependency
aimed,AIMed.d37.s315,stanza_craft+coref_5e357f8c_1:rel:1,4,6,negative,negative,,,not_applied,structural|AA|bind|_|nominalized,structural|bind,bind,AA,nominalized,,clause,DEP-binding-nestedinner,participants,participants,compound,conj,compound,conj,asserted,undirected,1,0,0,1,dependency
aimed,AIMed.d37.s315,stanza_craft+coref_5e357f8c_1:rel:2,4,7,negative,negative,,,not_applied,structural|AA|bind|_|nominalized,structural|bind,bind,AA,nominalized,,clause,DEP-binding-nestedinner,participants,participants,compound,conj,compound,conj,asserted,undirected,1,0,0,1,dependency
aimed,AIMed.d37.s315,stanza_craft+coref_5e357f8c_1:rel:3,4,8,negative,negative,,,not_applied,structural|AA|bind|_|nominalized,structural|bind,bind,AA,nominalized,,clause,DEP-binding-nestedinner,participants,participants,compound,conj,compound,conj,asserted,undirected,1,0,0,1,dependency
aimed,AIMed.d37.s315,stanza_craft+coref_5e357f8c_1:rel:4,5,6,negative,negative,,,not_applied,structural|AA|bind|_|nominalized,structural|bind,bind,AA,nominalized,,clause,DEP-binding-nestedinner,participants,participants,conj,conj,conj,conj,asserted,undirected,0,0,0,1,dependency
aimed,AIMed.d37.s315,stanza_craft+coref_5e357f8c_1:rel:5,5,7,negative,negative,,,not_applied,structural|AA|bind|_|nominalized,structural|bind,bind,AA,nominalized,,clause,DEP-binding-nestedinner,participants,participants,conj,conj,conj,conj,asserted,undirected,0,0,0,1,dependency
aimed,AIMed.d37.s315,stanza_craft+coref_5e357f8c_1:rel:6,5,8,negative,negative,,,not_applied,structural|AA|bind|_|nominalized,structural|bind,bind,AA,nominalized,,clause,DEP-binding-nestedinner,participants,participants,conj,conj,conj,conj,asserted,undirected,0,0,0,1,dependency
aimed,AIMed.d37.s315,stanza_craft+coref_5e357f8c_1:rel:7,6,7,negative,negative,,,not_applied,structural|AA|bind|_|nominalized,structural|bind,bind,AA,nominalized,,clause,DEP-binding-nestedinner,participants,participants,conj,conj,conj,conj,asserted,undirected,0,0,0,1,dependency
aimed,AIMed.d37.s315,stanza_craft+coref_5e357f8c_1:rel:8,6,8,negative,negative,,,not_applied,structural|AA|bind|_|nominalized,structural|bind,bind,AA,nominalized,,clause,DEP-binding-nestedinner,participants,participants,conj,conj,conj,conj,asserted,undirected,0,0,0,1,dependency
aimed,AIMed.d37.s315,stanza_craft+coref_5e357f8c_1:rel:9,7,8,negative,negative,,,not_applied,structural|AA|bind|_|nominalized,structural|bind,bind,AA,nominalized,,clause,DEP-binding-nestedinner,participants,participants,conj,conj,conj,conj,asserted,undirected,0,0,0,1,dependency
aimed,AIMed.d37.s316,stanza_craft+coref_8306b030_3:rel:0,2,3,negative,positive,,,applied,structural|AB|inhibit|_|verbal,structural|inhibit,inhibit,AB,verbal,,clause,DEP-inhibit,sources,targets,nsubj,dobj,nsubj,obj,asserted,directed,0,1,0,0,dependency
aimed,AIMed.d37.s319,stanza_craft+coref_735c2351_0:rel:0,0,1,positive,positive,,,applied,structural|AB|compete|for|verbal,structural|compete,compete,AB,verbal,for,clause,DEP-compete,sources,targets,nsubj,nmod:for,nsubj,obl,asserted,directed,1,1,0,0,dependency
aimed,AIMed.d38.s320,stanza_craft+coref_34047344_0:rel:0,0,1,positive,positive,,,applied,relational|RELATIONAL|ligand|_|nominalized,relational|RELATIONAL|ligand|_,ligand,RELATIONAL,nominalized,,clause,DEP-CopulaIsA,entities_a,entities_b,nmod,acl:relcl,nmod,acl:relcl,asserted,relational,0,1,0,1,dependency
aimed,AIMed.d38.s321,stanza_craft+coref_4a8b727b_1:rel:0,0,1,negative,negative,,,review_only,relational|RELATIONAL|is-a|_|verbal,relational|RELATIONAL|is-a|_,,RELATIONAL,verbal,,appositive,DEP-ParentheticalAlias,entities_a,entities_b,dep,compound,dep,compound,asserted,relational,1,0,0,0,dependency
aimed,AIMed.d38.s323,stanza_craft+coref_8f13a0b9_5:rel:0,0,2,negative,negative,,,review_only,relational|RELATIONAL|is-a|_|verbal,relational|RELATIONAL|is-a|_,,RELATIONAL,verbal,,appositive,DEP-ParentheticalAlias,entities_a,entities_b,nmod,dep,nmod,dep,asserted,relational,1,1,0,0,dependency
aimed,AIMed.d38.s323,stanza_craft+coref_8f13a0b9_5:rel:1,1,2,negative,negative,,,review_only,relational|RELATIONAL|is-a|_|verbal,relational|RELATIONAL|is-a|_,,RELATIONAL,verbal,,appositive,DEP-ParentheticalAlias,entities_a,entities_b,nmod,dep,nmod,dep,asserted,relational,0,0,0,0,dependency
aimed,AIMed.d38.s324,stanza_craft+coref_84547ded_1:rel:0,0,2,negative,negative,,,review_only,relational|RELATIONAL|is-a|_|verbal,relational|RELATIONAL|is-a|_,,RELATIONAL,verbal,,appositive,DEP-ParentheticalAlias,entities_a,entities_b,nmod,dep,nmod,dep,asserted,relational,1,1,0,0,dependency
aimed,AIMed.d38.s324,stanza_craft+coref_84547ded_1:rel:1,1,2,negative,negative,,,review_only,relational|RELATIONAL|is-a|_|verbal,relational|RELATIONAL|is-a|_,,RELATIONAL,verbal,,appositive,DEP-ParentheticalAlias,entities_a,entities_b,nmod,dep,nmod,dep,asserted,relational,0,0,0,0,dependency
aimed,AIMed.d38.s324,stanza_craft+coref_84547ded_2:rel:0,3,4,negative,negative,,,review_only,relational|RELATIONAL|is-a|_|verbal,relational|RELATIONAL|is-a|_,,RELATIONAL,verbal,,appositive,DEP-ParentheticalAlias,entities_a,entities_b,conj,dep,conj,dep,asserted,relational,0,0,0,0,dependency
aimed,AIMed.d38.s327,stanza_craft+coref_22a1b968_1:rel:0,1,2,negative,negative,,,review_only,relational|RELATIONAL|is-a|_|verbal,relational|RELATIONAL|is-a|_,,RELATIONAL,verbal,,appositive,DEP-ParentheticalAlias,entities_a,entities_b,dep,dep,dep,dep,asserted,relational,0,0,0,0,dependency
aimed,AIMed.d38.s328,stanza_craft+coref_07b8c39a_0:rel:0,0,1,negative,positive,,,applied,structural|AB|compete|_|verbal,structural|compete,compete,AB,verbal,,clause,DEP-compete,sources,targets,nsubj,dobj,nsubj,obj,asserted,directed,0,1,0,0,dependency
aimed,AIMed.d38.s330,stanza_craft+coref_84b34112_0:rel:0,0,1,positive,positive,,,applied,relational|RELATIONAL|ligand|_|verbal,relational|RELATIONAL|ligand|_,ligand,RELATIONAL,verbal,,clause,DEP-CopulaIsA,entities_a,entities_b,nsubj,ROOT,nsubj,root,asserted,relational,0,1,0,0,dependency
aimed,AIMed.d38.s331,stanza_craft+coref_15f91f33_1:rel:0,0,1,positive,positive,,,applied,structural|AB|potency|as|nominalized,structural|potency,potency,AB,nominalized,as,event_nominal,DEP-nom-potency-subject,sources,targets,nmod:of,nmod:as,nmod,compound,asserted,directed,1,0,0,1,dependency
aimed,AIMed.d39.s334,stanza_craft+coref_e2da5a6d_0:rel:0,0,2,positive,positive,,,applied,structural|AB|interact|with|nominalized,structural|interact,interact,AB,nominalized,with,clause,DEP-interaction-nestedinner-controlled,sources,targets,nsubj,nmod:with,nsubj,nmod,asserted,directed,1,1,0,1,dependency
aimed,AIMed.d39.s334,stanza_craft+coref_e2da5a6d_0:rel:1,0,3,positive,positive,,,applied,structural|AB|interact|with|nominalized,structural|interact,interact,AB,nominalized,with,clause,DEP-interaction-nestedinner-controlled,sources,targets,nsubj,nmod:with,nsubj,nmod,asserted,directed,0,0,0,1,dependency
aimed,AIMed.d39.s334,stanza_craft+coref_e2da5a6d_1:rel:0,0,1,negative,positive,,,applied,structural|AB|suppress|_|verbal,structural|suppress,suppress,AB,verbal,,clause,DEP-suppress-nested,sources,targets,nsubj,dobj,nsubj,obj,asserted,directed,1,1,0,0,dependency
aimed,AIMed.d39.s334,stanza_craft+coref_e2da5a6d_1:rel:1,0,2,positive,positive,,,not_selected,structural|NESTED|suppress|via|nested,structural|NESTED|suppress|via,suppress,NESTED,nested,via,clause,DEP-suppress-nested,sources,targets:event_ref:stanza_craft+coref_e2da5a6d_0,nsubj,nmod:with,nsubj,nmod,asserted,nested_review,1,1,0,0,dependency
aimed,AIMed.d39.s334,stanza_craft+coref_e2da5a6d_1:rel:2,0,3,positive,positive,,,not_selected,structural|NESTED|suppress|via|nested,structural|NESTED|suppress|via,suppress,NESTED,nested,via,clause,DEP-suppress-nested,sources,targets:event_ref:stanza_craft+coref_e2da5a6d_0,nsubj,nmod:with,nsubj,nmod,asserted,nested_review,0,0,0,0,dependency
aimed,AIMed.d39.s334,stanza_craft+coref_e2da5a6d_1:rel:3,0,2,positive,positive,,,not_selected,structural|NESTED|suppress|via|nested,structural|NESTED|suppress|via,suppress,NESTED,nested,via,clause,DEP-suppress-nested,sources,targets:event_ref:stanza_craft+coref_e2da5a6d_0,nsubj,nmod:with,nsubj,nmod,asserted,nested_review,1,1,0,0,dependency
aimed,AIMed.d39.s334,stanza_craft+coref_e2da5a6d_1:rel:4,0,3,positive,positive,,,not_selected,structural|NESTED|suppress|via|nested,structural|NESTED|suppress|via,suppress,NESTED,nested,via,clause,DEP-suppress-nested,sources,targets:event_ref:stanza_craft+coref_e2da5a6d_0,nsubj,nmod:with,nsubj,nmod,asserted,nested_review,0,0,0,0,dependency
aimed,AIMed.d39.s335,stanza_craft+coref_28b0d4ea_1:rel:0,0,1,negative,negative,,,review_only,relational|RELATIONAL|is-a|_|verbal,relational|RELATIONAL|is-a|_,,RELATIONAL,verbal,,appositive,DEP-ParentheticalAlias,entities_a,entities_b,nsubj,dep,nsubj,dep,asserted,relational,0,0,0,0,dependency
aimed,AIMed.d39.s336,stanza_craft+coref_c22f0381_0:rel:0,0,3,negative,positive,,,applied,structural|AB|mediate|_|verbal,structural|mediate,mediate,AB,verbal,,clause,DEP-mediate,sources,targets,nsubj,dobj,nsubj,obj,asserted,directed,1,1,0,0,dependency
aimed,AIMed.d39.s336,stanza_craft+coref_c22f0381_0:rel:1,1,3,negative,positive,,,applied,structural|AB|mediate|_|verbal,structural|mediate,mediate,AB,verbal,,clause,DEP-mediate,sources,targets,nsubj,dobj,nsubj,obj,asserted,directed,0,1,0,0,dependency
aimed,AIMed.d39.s336,stanza_craft+coref_c22f0381_1:rel:0,0,2,positive,negative,,,review_only,relational|RELATIONAL|identity|_|verbal,relational|RELATIONAL|identity|_,,RELATIONAL,verbal,,appositive,DEP-LooseIdentityCandidate,entities_a,entities_b,nsubj,nmod,nsubj,nmod,asserted,relational,1,1,0,0,dependency
aimed,AIMed.d39.s336,stanza_craft+coref_c22f0381_1:rel:1,1,2,positive,negative,,,review_only,relational|RELATIONAL|identity|_|verbal,relational|RELATIONAL|identity|_,,RELATIONAL,verbal,,appositive,DEP-LooseIdentityCandidate,entities_a,entities_b,nsubj,nmod,nsubj,nmod,asserted,relational,0,0,0,0,dependency
aimed,AIMed.d39.s338,stanza_craft+coref_9ec8031e_0:rel:0,0,2,positive,positive,,,applied,structural|AB|bind|to|nominalized,structural|bind,bind,AB,nominalized,to,clause,DEP-binding-nestedinner-directed,sources,targets,nmod:of,nmod:to,nmod,nmod,asserted,directed,1,1,0,1,dependency
aimed,AIMed.d39.s338,stanza_craft+coref_9ec8031e_0:rel:1,1,2,positive,positive,,,applied,structural|AB|bind|to|nominalized,structural|bind,bind,AB,nominalized,to,clause,DEP-binding-nestedinner-directed,sources,targets,nmod:of,nmod:to,nmod,nmod,asserted,directed,0,0,0,1,dependency
aimed,AIMed.d39.s340,stanza_craft+coref_d918e301_1:rel:0,3,4,positive,positive,,,applied,structural|AA|heterodimer|_|compound_state,structural|heterodimer,heterodimer,AA,compound_state,,state_nominal,DEP-CollectiveSlashPair,participants,participants,orthographic_member,orthographic_member,compound,compound,asserted,undirected,1,0,0,1,dependency
aimed,AIMed.d39.s340,stanza_craft+coref_d918e301_2:rel:0,3,4,positive,positive,,,applied,structural|AA|heterodimer|_|compound_state,structural|heterodimer,heterodimer,AA,compound_state,,state_nominal,DEP-Complex,participants,participants,compound,compound,compound,compound,asserted,undirected,1,1,0,1,dependency
aimed,AIMed.d39.s340,stanza_craft+coref_d918e301_3:rel:0,2,4,negative,negative,,,not_applied,structural|AA|heterodimer|_|compound_state,structural|heterodimer,heterodimer,AA,compound_state,,state_nominal,DEP-Complex,participants,participants,conj,conj,conj,conj,negated,undirected,1,1,0,1,dependency
aimed,AIMed.d39.s341,stanza_craft+coref_909384a5_1:rel:0,0,1,negative,positive,,,applied,structural|AB|accelerate|_|verbal,structural|accelerate,accelerate,AB,verbal,,clause,DEP-accelerate,sources,targets,nsubjpass,dobj,nsubj:pass,obj,asserted,directed,0,1,0,0,dependency
aimed,AIMed.d39.s341,stanza_craft+coref_909384a5_2:rel:0,0,2,negative,positive,,,applied,structural|AB|suppress|_|verbal,structural|suppress,suppress,AB,verbal,,clause,DEP-suppress,sources,targets,nsubjpass,dobj,nsubj:pass,obj,asserted,directed,1,1,0,0,dependency
aimed,AIMed.d39.s343,stanza_craft+coref_62eb5113_1:rel:0,0,1,negative,positive,,,applied,structural|AB|function|via|nominalized,structural|function,function,AB,nominalized,via,event_nominal,DEP-nom-function-subject,sources,targets,nmod:of,nmod:via,nmod,nmod,asserted,directed,1,1,0,1,dependency
aimed,AIMed.d39.s343,stanza_craft+coref_62eb5113_1:rel:1,0,2,negative,positive,,,applied,structural|AB|function|via|nominalized,structural|function,function,AB,nominalized,via,event_nominal,DEP-nom-function-subject,sources,targets,nmod:of,nmod:via,nmod,nmod,asserted,directed,0,0,0,1,dependency
aimed,AIMed.d4.s40,stanza_craft+coref_fe962789_1:rel:0,0,1,negative,negative,,,review_only,relational|RELATIONAL|is-a|_|verbal,relational|RELATIONAL|is-a|_,,RELATIONAL,verbal,,appositive,DEP-ParentheticalAlias,entities_a,entities_b,nsubj,dep,nsubj,dep,asserted,relational,0,0,0,0,dependency
aimed,AIMed.d4.s42,stanza_craft+coref_c0d3cbe8_0:rel:0,0,1,negative,positive,,,applied,structural|AB|decrease|_|verbal,structural|decrease,decrease,AB,verbal,,clause,DEP-decrease,sources,targets,nsubj,dobj,nsubj,obj,asserted,directed,1,1,0,0,dependency
aimed,AIMed.d40.s347,stanza_craft+coref_9c6959f1_2:rel:0,0,1,positive,positive,,,applied,structural|AA|complex|_|compound_state,structural|complex,complex,AA,compound_state,,state_nominal,DEP-Complex,participants,participants,dobj,dobj,obj,obj,asserted,undirected,0,1,0,1,dependency
aimed,AIMed.d41.s352,stanza_craft+coref_7c14917f_0:rel:0,0,1,negative,positive,,,applied,structural|AB|complex|with|passive,structural|complex,complex,AB,passive,with,clause,DEP-complex-passive,sources,targets,nmod,nmod:with,nmod,obl,asserted,directed,1,1,0,0,dependency
aimed,AIMed.d41.s352,stanza_craft+coref_7c14917f_0:rel:1,0,2,positive,positive,,,applied,structural|AB|complex|with|passive,structural|complex,complex,AB,passive,with,clause,DEP-complex-passive,sources,targets,nmod,nmod:with,nmod,obl,asserted,directed,0,1,0,0,dependency
aimed,AIMed.d41.s354,stanza_craft+coref_58f0e1b0_0:rel:0,0,1,negative,positive,,,applied,structural|AB|bind|to|verbal,structural|bind,bind,AB,verbal,to,clause,DEP-bind,sources,targets,nsubj,nmod:to,nsubj,obl,asserted,directed,1,1,0,0,dependency
aimed,AIMed.d41.s354,stanza_craft+coref_58f0e1b0_0:rel:1,0,2,positive,positive,,,applied,structural|AB|bind|to|verbal,structural|bind,bind,AB,verbal,to,clause,DEP-bind,sources,targets,nsubj,nmod:to,nsubj,obl,asserted,directed,0,0,0,0,dependency
aimed,AIMed.d41.s354,stanza_craft+coref_58f0e1b0_3:rel:0,1,3,negative,negative,,,review_only,relational|RELATIONAL|is-a|_|verbal,relational|RELATIONAL|is-a|_,,RELATIONAL,verbal,,appositive,DEP-ParentheticalAlias,entities_a,entities_b,nmod,dep,obl,dep,asserted,relational,1,1,0,0,dependency
aimed,AIMed.d41.s354,stanza_craft+coref_58f0e1b0_3:rel:1,2,3,negative,negative,,,review_only,relational|RELATIONAL|is-a|_|verbal,relational|RELATIONAL|is-a|_,,RELATIONAL,verbal,,appositive,DEP-ParentheticalAlias,entities_a,entities_b,nmod,dep,obl,dep,asserted,relational,0,0,0,0,dependency
aimed,AIMed.d41.s355,stanza_craft+coref_d222e59e_0:rel:0,2,3,positive,positive,,,applied,structural|AB|grasp|_|verbal,structural|grasp,grasp,AB,verbal,,clause,DEP-grasp,sources,targets,dobj,dobj,obj,obj,asserted,directed,1,1,0,0,dependency
aimed,AIMed.d41.s355,stanza_craft+coref_d222e59e_2:rel:0,0,1,positive,positive,,,applied,structural|AA|complex|_|compound_state,structural|complex,complex,AA,compound_state,,state_nominal,DEP-Complex,participants,participants,nmod,nmod,nmod,nmod,asserted,undirected,0,1,0,1,dependency
aimed,AIMed.d41.s356,stanza_craft+coref_c2ddd965_3:rel:0,1,2,positive,positive,,,applied,structural|AB|make|_|verbal,structural|make,make,AB,verbal,,clause,DEP-make,sources,targets,nsubj,dobj,nsubj,obj,asserted,directed,1,1,0,0,dependency
aimed,AIMed.d41.s358,stanza_craft+coref_53e18dbb_0:rel:0,0,2,negative,positive,,,applied,structural|AB|suggest|_|verbal,structural|suggest,suggest,AB,verbal,,clause,DEP-suggest,sources,targets,nsubj,dobj,nsubj,obj,asserted,directed,1,1,0,0,dependency
aimed,AIMed.d41.s358,stanza_craft+coref_53e18dbb_0:rel:1,1,2,negative,positive,,,applied,structural|AB|suggest|_|verbal,structural|suggest,suggest,AB,verbal,,clause,DEP-suggest,sources,targets,nsubj,dobj,nsubj,obj,asserted,directed,1,1,0,0,dependency
aimed,AIMed.d41.s358,stanza_craft+coref_53e18dbb_1:rel:0,0,3,negative,positive,,,applied,structural|AB|shed|upon|verbal,structural|shed,shed,AB,verbal,upon,clause,DEP-shed,sources,targets,nsubj,nmod:upon,nsubj,obl,asserted,directed,1,1,0,0,dependency
aimed,AIMed.d41.s358,stanza_craft+coref_53e18dbb_1:rel:1,1,3,negative,positive,,,applied,structural|AB|shed|upon|verbal,structural|shed,shed,AB,verbal,upon,clause,DEP-shed,sources,targets,nsubj,nmod:upon,nsubj,obl,asserted,directed,1,1,0,0,dependency
aimed,AIMed.d41.s358,stanza_craft+coref_53e18dbb_3:rel:0,0,1,positive,positive,,,applied,structural|AA|complex|_|compound_state,structural|complex,complex,AA,compound_state,,state_nominal,DEP-Complex,participants,participants,nsubj,nsubj,nsubj,nsubj,asserted,undirected,1,1,0,1,dependency
aimed,AIMed.d42.s361,stanza_craft+coref_52799e10_2:rel:0,0,1,negative,negative,,,review_only,relational|RELATIONAL|is-a|_|verbal,relational|RELATIONAL|is-a|_,,RELATIONAL,verbal,,appositive,DEP-ParentheticalAlias,entities_a,entities_b,dep,compound,dep,compound,asserted,relational,1,0,0,0,dependency
aimed,AIMed.d42.s364,stanza_craft+coref_9747a5a1_1:rel:0,0,1,negative,positive,,,applied,structural|AA|form|between|nominalized,structural|form,form,AA,nominalized,between,clause,DEP-formation-nestedinner,participants,participants,nmod:between,conj,nmod,conj,asserted,undirected,0,1,0,1,dependency
aimed,AIMed.d42.s364,stanza_craft+coref_9747a5a1_1:rel:1,0,2,negative,positive,,,applied,structural|AA|form|between|nominalized,structural|form,form,AA,nominalized,between,clause,DEP-formation-nestedinner,participants,participants,nmod:between,nmod:between,nmod,conj,asserted,undirected,0,1,0,1,dependency
aimed,AIMed.d42.s364,stanza_craft+coref_9747a5a1_1:rel:2,1,2,negative,positive,,,applied,structural|AA|form|between|nominalized,structural|form,form,AA,nominalized,between,clause,DEP-formation-nestedinner,participants,participants,nmod:between,nmod:between,nmod,conj,asserted,undirected,0,1,0,1,dependency
aimed,AIMed.d42.s364,stanza_craft+coref_9747a5a1_3:rel:0,2,3,negative,positive,,,review_only,relational|RELATIONAL|is-a|_|verbal,relational|RELATIONAL|is-a|_,,RELATIONAL,verbal,,appositive,DEP-ParentheticalAlias,entities_a,entities_b,conj,dep,conj,dep,asserted,relational,0,0,0,0,dependency
aimed,AIMed.d42.s367,stanza_craft+coref_62c651eb_2:rel:0,0,1,positive,positive,,,applied,structural|AA|oligomer|_|compound_state,structural|oligomer,oligomer,AA,compound_state,,state_nominal,DEP-CollectiveSlashPair,participants,participants,orthographic_member,orthographic_member,compound,dep,asserted,undirected,1,0,0,1,dependency
aimed,AIMed.d42.s367,stanza_craft+coref_62c651eb_3:rel:0,2,3,positive,positive,,,applied,structural|AA|oligomer|_|compound_state,structural|oligomer,oligomer,AA,compound_state,,state_nominal,DEP-CollectiveSlashPair,participants,participants,orthographic_member,orthographic_member,compound,conj,asserted,undirected,1,0,0,1,dependency
aimed,AIMed.d42.s367,stanza_craft+coref_62c651eb_4:rel:0,4,5,positive,positive,,,applied,structural|AA|oligomer|_|compound_state,structural|oligomer,oligomer,AA,compound_state,,state_nominal,DEP-CollectiveSlashPair,participants,participants,orthographic_member,orthographic_member,compound,dep,asserted,undirected,1,0,0,1,dependency
aimed,AIMed.d42.s367,stanza_craft+coref_62c651eb_5:rel:0,6,7,positive,positive,,,applied,structural|AA|oligomer|_|compound_state,structural|oligomer,oligomer,AA,compound_state,,state_nominal,DEP-CollectiveSlashPair,participants,participants,orthographic_member,orthographic_member,compound,conj,asserted,undirected,1,0,0,1,dependency
aimed,AIMed.d42.s367,stanza_craft+coref_62c651eb_6:rel:0,8,9,positive,positive,,,applied,structural|AA|oligomer|_|compound_state,structural|oligomer,oligomer,AA,compound_state,,state_nominal,DEP-CollectiveSlashPair,participants,participants,orthographic_member,orthographic_member,compound,conj,asserted,undirected,1,0,0,1,dependency
aimed,AIMed.d42.s367,stanza_craft+coref_62c651eb_7:rel:0,10,11,positive,positive,,,applied,structural|AA|oligomer|_|compound_state,structural|oligomer,oligomer,AA,compound_state,,state_nominal,DEP-CollectiveSlashPair,participants,participants,orthographic_member,orthographic_member,compound,conj,asserted,undirected,1,0,0,1,dependency
aimed,AIMed.d42.s368,stanza_craft+coref_3ee477d1_1:rel:0,0,1,positive,positive,,,applied,structural|AB|increase|except for|verbal,structural|increase,increase,AB,verbal,except for,clause,DEP-increase,sources,targets,nsubj,nmod:except for,nsubj,obl,asserted,directed,1,1,0,0,dependency
aimed,AIMed.d42.s368,stanza_craft+coref_3ee477d1_2:rel:0,1,2,positive,negative,,,not_applied,structural|AB|bind|in|verbal,structural|bind,bind,AB,verbal,in,clause,DEP-bind,sources,targets,nmod,nmod:in,obl,obl,asserted,directed,1,1,0,0,dependency
aimed,AIMed.d43.s375,stanza_craft+coref_0ba60696_0:rel:0,0,1,positive,positive,,,applied,structural|AB|bind|to|nominalized,structural|bind,bind,AB,nominalized,to,clause,DEP-binding-nestedinner-controlled,sources,targets,nsubjpass,nmod:to,nsubj:pass,nmod,asserted,directed,0,1,0,1,dependency
aimed,AIMed.d43.s375,stanza_craft+coref_0ba60696_0:rel:1,1,3,negative,positive,,,applied,structural|AB|bind|to|nominalized,structural|bind,bind,AB,nominalized,to,clause,DEP-binding-nestedinner-controlled,sources,targets,conj,nmod:to,conj,nmod,asserted,directed,0,1,0,1,dependency
aimed,AIMed.d43.s375,stanza_craft+coref_0ba60696_1:rel:0,0,3,negative,negative,,,not_applied,structural|NESTED|involve|in|nested,structural|NESTED|involve|in,involve,NESTED,nested,in,clause,DEP-involve-passive-nested,outer_arguments,targets:event_ref:stanza_craft+coref_0ba60696_0,nsubjpass,conj,nsubj:pass,conj,asserted,nested_review,0,1,0,0,dependency
aimed,AIMed.d43.s375,stanza_craft+coref_0ba60696_1:rel:1,0,1,positive,positive,,,not_applied,structural|NESTED|involve|in|nested,structural|NESTED|involve|in,involve,NESTED,nested,in,clause,DEP-involve-passive-nested,outer_arguments,targets:event_ref:stanza_craft+coref_0ba60696_0,nsubjpass,nmod:to,nsubj:pass,nmod,asserted,nested_review,0,1,0,0,dependency
aimed,AIMed.d43.s375,stanza_craft+coref_0ba60696_1:rel:2,0,1,positive,positive,,,not_applied,structural|NESTED|involve|in|nested,structural|NESTED|involve|in,involve,NESTED,nested,in,clause,DEP-involve-passive-nested,outer_arguments,targets:event_ref:stanza_craft+coref_0ba60696_0,nsubjpass,nmod:to,nsubj:pass,nmod,asserted,nested_review,0,1,0,0,dependency
aimed,AIMed.d43.s375,stanza_craft+coref_0ba60696_1:rel:3,0,3,negative,negative,,,not_applied,structural|NESTED|involve|in|nested,structural|NESTED|involve|in,involve,NESTED,nested,in,clause,DEP-involve-passive-nested,outer_arguments,targets:event_ref:stanza_craft+coref_0ba60696_0,conj,nsubjpass,conj,nsubj:pass,asserted,nested_review,0,1,0,0,dependency
aimed,AIMed.d43.s375,stanza_craft+coref_0ba60696_1:rel:4,1,3,negative,positive,,,not_applied,structural|NESTED|involve|in|nested,structural|NESTED|involve|in,involve,NESTED,nested,in,clause,DEP-involve-passive-nested,outer_arguments,targets:event_ref:stanza_craft+coref_0ba60696_0,conj,nmod:to,conj,nmod,asserted,nested_review,0,1,0,0,dependency
aimed,AIMed.d43.s375,stanza_craft+coref_0ba60696_1:rel:5,1,3,negative,positive,,,not_applied,structural|NESTED|involve|in|nested,structural|NESTED|involve|in,involve,NESTED,nested,in,clause,DEP-involve-passive-nested,outer_arguments,targets:event_ref:stanza_craft+coref_0ba60696_0,conj,nmod:to,conj,nmod,asserted,nested_review,0,1,0,0,dependency
aimed,AIMed.d43.s375,stanza_craft+coref_0ba60696_6:rel:0,1,2,negative,negative,,,review_only,relational|RELATIONAL|is-a|_|verbal,relational|RELATIONAL|is-a|_,,RELATIONAL,verbal,,appositive,DEP-ParentheticalAlias,entities_a,entities_b,nmod,dep,nmod,dep,asserted,relational,0,0,0,0,dependency
aimed,AIMed.d43.s376,stanza_craft+coref_6a16a767_0:rel:0,0,1,negative,negative,,,not_applied,structural|AB|bind|_|verbal,structural|bind,bind,AB,verbal,,clause,DEP-bind,sources,targets,nmod,dobj,nmod,obj,negated,directed,1,1,0,0,dependency
aimed,AIMed.d43.s376,stanza_craft+coref_6a16a767_1:rel:0,0,3,negative,positive,,,applied,structural|AB|substitute|with|passive,structural|substitute,substitute,AB,passive,with,clause,DEP-substitute-passive,sources,targets,nsubjpass,nmod:with,nsubj:pass,obl,asserted,directed,1,1,0,0,dependency
aimed,AIMed.d43.s376,stanza_craft+coref_6a16a767_2:rel:0,1,2,negative,negative,,,review_only,relational|RELATIONAL|is-a|_|verbal,relational|RELATIONAL|is-a|_,,RELATIONAL,verbal,,appositive,DEP-ParentheticalAlias,entities_a,entities_b,dobj,dep,obj,dep,negated,relational,0,0,0,0,dependency
aimed,AIMed.d44.s379,stanza_craft+coref_ca2ac9da_0:rel:0,0,2,negative,positive,,,applied,structural|AB|use|_|verbal,structural|use,use,AB,verbal,,clause,DEP-use,sources,targets,ROOT,dobj,root,obj,asserted,directed,1,1,1,0,dependency
aimed,AIMed.d44.s379,stanza_craft+coref_ca2ac9da_0:rel:1,1,2,negative,positive,,,applied,structural|AB|use|_|verbal,structural|use,use,AB,verbal,,clause,DEP-use,sources,targets,ROOT,dobj,root,obj,asserted,directed,1,1,1,0,dependency
aimed,AIMed.d44.s379,stanza_craft+coref_ca2ac9da_1:rel:0,0,1,positive,positive,,,applied,structural|AB|characterize|on|nominalized,structural|characterize,characterize,AB,nominalized,on,event_nominal,DEP-nom-characterization,sources,targets,nmod:of,nmod:on,compound,compound,asserted,directed,1,0,0,1,dependency
aimed,AIMed.d44.s380,stanza_craft+coref_f777f129_1:rel:0,0,4,negative,negative,,,review_only,relational|RELATIONAL|member|_|nominalized,relational|RELATIONAL|member|_,member,RELATIONAL,nominalized,,clause,DEP-CopulaIsA,entities_a,entities_b,nsubj,ROOT,nsubj,root,asserted,relational,1,1,0,1,dependency
aimed,AIMed.d44.s380,stanza_craft+coref_f777f129_1:rel:1,1,4,negative,negative,,,review_only,relational|RELATIONAL|member|_|nominalized,relational|RELATIONAL|member|_,member,RELATIONAL,nominalized,,clause,DEP-CopulaIsA,entities_a,entities_b,conj,ROOT,conj,root,asserted,relational,1,1,0,1,dependency
aimed,AIMed.d44.s380,stanza_craft+coref_f777f129_2:rel:0,2,3,negative,negative,,,review_only,relational|RELATIONAL|is-a|_|verbal,relational|RELATIONAL|is-a|_,,RELATIONAL,verbal,,appositive,DEP-ParentheticalAlias,entities_a,entities_b,dep,dep,dep,dep,asserted,relational,0,0,0,0,dependency
aimed,AIMed.d44.s383,stanza_craft+coref_6df725c8_2:rel:0,3,4,positive,positive,,,applied,structural|AB|bind|to|nominalized,structural|bind,bind,AB,nominalized,to,clause,DEP-binding-nestedinner-directed,sources,targets,nmod:of,nmod:to,nmod,obl,asserted,directed,0,0,0,1,dependency
aimed,AIMed.d44.s384,stanza_craft+coref_d708ec59_0:rel:0,0,1,positive,positive,,,applied,structural|AB|bind|_|nominalized,structural|bind,bind,AB,nominalized,,clause,DEP-binding-nestedinner-directed,sources,targets,nmod:by,nmod:,nmod,compound,asserted,directed,1,0,0,1,dependency
aimed,AIMed.d44.s385,stanza_craft+coref_eaa99961_0:rel:0,0,1,positive,positive,,,applied,structural|AB|bind|to|nominalized,structural|bind,bind,AB,nominalized,to,clause,DEP-binding-nestedinner-directed,sources,targets,nmod:,nmod:to,compound,obl,asserted,directed,1,0,0,1,dependency
aimed,AIMed.d44.s387,stanza_craft+coref_859a8cc1_0:rel:0,1,2,positive,positive,,,applied,structural|AA|interact|_|nominalized,structural|interact,interact,AA,nominalized,,clause,DEP-interaction-nestedinner,participants,participants,compound,compound,compound,compound,asserted,undirected,1,1,0,1,dependency
aimed,AIMed.d44.s387,stanza_craft+coref_859a8cc1_1:rel:0,0,1,negative,negative,,,not_applied,structural|NESTED|inhibit|_|nested,structural|NESTED|inhibit|_,inhibit,NESTED,nested,,clause,DEP-inhibit-nested,sources,targets:event_ref:stanza_craft+coref_859a8cc1_0,nsubj,compound,nsubj,compound,asserted,nested_review,1,1,1,0,dependency
aimed,AIMed.d44.s387,stanza_craft+coref_859a8cc1_1:rel:1,0,2,negative,negative,,,not_applied,structural|NESTED|inhibit|_|nested,structural|NESTED|inhibit|_,inhibit,NESTED,nested,,clause,DEP-inhibit-nested,sources,targets:event_ref:stanza_craft+coref_859a8cc1_0,nsubj,compound,nsubj,compound,asserted,nested_review,1,0,1,0,dependency
aimed,AIMed.d44.s387,stanza_craft+coref_859a8cc1_1:rel:2,0,1,negative,negative,,,not_applied,structural|NESTED|inhibit|_|nested,structural|NESTED|inhibit|_,inhibit,NESTED,nested,,clause,DEP-inhibit-nested,sources,targets:event_ref:stanza_craft+coref_859a8cc1_0,nsubj,compound,nsubj,compound,asserted,nested_review,1,1,1,0,dependency
aimed,AIMed.d44.s387,stanza_craft+coref_859a8cc1_1:rel:3,0,2,negative,negative,,,not_applied,structural|NESTED|inhibit|_|nested,structural|NESTED|inhibit|_,inhibit,NESTED,nested,,clause,DEP-inhibit-nested,sources,targets:event_ref:stanza_craft+coref_859a8cc1_0,nsubj,compound,nsubj,compound,asserted,nested_review,1,0,1,0,dependency
aimed,AIMed.d44.s387,stanza_craft+coref_859a8cc1_2:rel:0,1,2,positive,positive,,,applied,structural|AA|interact|_|compound_state,structural|interact,interact,AA,compound_state,,state_nominal,DEP-CollectiveSlashPair,participants,participants,orthographic_member,orthographic_member,compound,compound,asserted,undirected,1,0,0,1,dependency
aimed,AIMed.d45.s391,stanza_craft+coref_ad00fec3_1:rel:0,0,2,negative,positive,,,applied,structural|AB|link|_|verbal,structural|link,link,AB,verbal,,clause,DEP-link,sources,targets,nsubjpass,dobj,nsubj:pass,obj,asserted,directed,1,1,0,0,dependency
aimed,AIMed.d45.s391,stanza_craft+coref_ad00fec3_1:rel:1,1,2,negative,positive,,,applied,structural|AB|link|_|verbal,structural|link,link,AB,verbal,,clause,DEP-link,sources,targets,nsubjpass,dobj,nsubj:pass,obj,asserted,directed,1,1,0,0,dependency
aimed,AIMed.d45.s392,stanza_craft+coref_92e39669_0:rel:0,0,2,negative,negative,,,not_selected,structural|AB|complex|with|nominalized,structural|complex,complex,AB,nominalized,with,clause,DEP-complex-nestedinner-controlled,sources,targets,nsubj,nmod:with,nsubj,nmod,asserted,directed,1,1,0,1,dependency
aimed,AIMed.d45.s392,stanza_craft+coref_92e39669_0:rel:1,0,3,negative,positive,,,applied,structural|AB|complex|with|nominalized,structural|complex,complex,AB,nominalized,with,clause,DEP-complex-nestedinner-controlled,sources,targets,nsubj,nmod:with,nsubj,nmod,asserted,directed,1,1,0,1,dependency
aimed,AIMed.d45.s392,stanza_craft+coref_92e39669_0:rel:2,1,2,negative,negative,,,not_selected,structural|AB|complex|with|nominalized,structural|complex,complex,AB,nominalized,with,clause,DEP-complex-nestedinner-controlled,sources,targets,nsubj,nmod:with,nsubj,nmod,asserted,directed,0,0,0,1,dependency
aimed,AIMed.d45.s392,stanza_craft+coref_92e39669_0:rel:3,1,3,positive,positive,,,applied,structural|AB|complex|with|nominalized,structural|complex,complex,AB,nominalized,with,clause,DEP-complex-nestedinner-controlled,sources,targets,nsubj,nmod:with,nsubj,nmod,asserted,directed,0,1,0,1,dependency
aimed,AIMed.d45.s392,stanza_craft+coref_92e39669_1:rel:0,0,1,negative,negative,,,not_applied,structural|NESTED|form|_|nested,structural|NESTED|form|_,form,NESTED,nested,,clause,DEP-form-nested,sources,targets:event_ref:stanza_craft+coref_92e39669_0,nsubj,nsubj,nsubj,nsubj,asserted,nested_review,1,1,0,0,dependency
aimed,AIMed.d45.s392,stanza_craft+coref_92e39669_1:rel:1,0,2,negative,negative,,,not_applied,structural|NESTED|form|_|nested,structural|NESTED|form|_,form,NESTED,nested,,clause,DEP-form-nested,sources,targets:event_ref:stanza_craft+coref_92e39669_0,nsubj,nmod:with,nsubj,nmod,asserted,nested_review,1,1,0,0,dependency
aimed,AIMed.d45.s392,stanza_craft+coref_92e39669_1:rel:2,0,3,negative,positive,,,not_applied,structural|NESTED|form|_|nested,structural|NESTED|form|_,form,NESTED,nested,,clause,DEP-form-nested,sources,targets:event_ref:stanza_craft+coref_92e39669_0,nsubj,nmod:with,nsubj,nmod,asserted,nested_review,1,1,0,0,dependency
aimed,AIMed.d45.s392,stanza_craft+coref_92e39669_1:rel:3,1,2,negative,negative,,,not_applied,structural|NESTED|form|_|nested,structural|NESTED|form|_,form,NESTED,nested,,clause,DEP-form-nested,sources,targets:event_ref:stanza_craft+coref_92e39669_0,nsubj,nmod:with,nsubj,nmod,asserted,nested_review,0,0,0,0,dependency
aimed,AIMed.d45.s392,stanza_craft+coref_92e39669_1:rel:4,1,3,positive,positive,,,not_applied,structural|NESTED|form|_|nested,structural|NESTED|form|_,form,NESTED,nested,,clause,DEP-form-nested,sources,targets:event_ref:stanza_craft+coref_92e39669_0,nsubj,nmod:with,nsubj,nmod,asserted,nested_review,0,1,0,0,dependency
aimed,AIMed.d45.s392,stanza_craft+coref_92e39669_1:rel:5,0,2,negative,negative,,,not_applied,structural|NESTED|form|_|nested,structural|NESTED|form|_,form,NESTED,nested,,clause,DEP-form-nested,sources,targets:event_ref:stanza_craft+coref_92e39669_0,nsubj,nmod:with,nsubj,nmod,asserted,nested_review,1,1,0,0,dependency
aimed,AIMed.d45.s392,stanza_craft+coref_92e39669_1:rel:6,0,3,negative,positive,,,not_applied,structural|NESTED|form|_|nested,structural|NESTED|form|_,form,NESTED,nested,,clause,DEP-form-nested,sources,targets:event_ref:stanza_craft+coref_92e39669_0,nsubj,nmod:with,nsubj,nmod,asserted,nested_review,1,1,0,0,dependency
aimed,AIMed.d45.s392,stanza_craft+coref_92e39669_1:rel:7,1,2,negative,negative,,,not_applied,structural|NESTED|form|_|nested,structural|NESTED|form|_,form,NESTED,nested,,clause,DEP-form-nested,sources,targets:event_ref:stanza_craft+coref_92e39669_0,nsubj,nmod:with,nsubj,nmod,asserted,nested_review,0,0,0,0,dependency
aimed,AIMed.d45.s392,stanza_craft+coref_92e39669_1:rel:8,1,3,positive,positive,,,not_applied,structural|NESTED|form|_|nested,structural|NESTED|form|_,form,NESTED,nested,,clause,DEP-form-nested,sources,targets:event_ref:stanza_craft+coref_92e39669_0,nsubj,nmod:with,nsubj,nmod,asserted,nested_review,0,1,0,0,dependency
aimed,AIMed.d45.s392,stanza_craft+coref_92e39669_2:rel:0,2,3,negative,positive,,,applied,structural|AA|complex|_|compound_state,structural|complex,complex,AA,compound_state,,state_nominal,DEP-Complex,participants,participants,dobj,dobj,obj,obj,asserted,undirected,1,1,0,1,dependency
aimed,AIMed.d45.s396,stanza_craft+coref_00026fe5_1:rel:0,2,3,negative,positive,,,applied,structural|AA|complex|_|compound_state,structural|complex,complex,AA,compound_state,,state_nominal,DEP-CollectiveSlashPair,participants,participants,orthographic_member,orthographic_member,compound,compound,asserted,undirected,1,0,0,1,dependency
aimed,AIMed.d45.s396,stanza_craft+coref_00026fe5_2:rel:0,2,3,negative,positive,,,applied,structural|AA|complex|_|compound_state,structural|complex,complex,AA,compound_state,,state_nominal,DEP-Complex,participants,participants,compound,compound,compound,compound,asserted,undirected,1,1,0,1,dependency
aimed,AIMed.d45.s396,stanza_craft+coref_00026fe5_3:rel:0,3,4,negative,positive,,,applied,structural|AA|complex|_|compound_state,structural|complex,complex,AA,compound_state,,state_nominal,DEP-Complex,participants,participants,nmod,nmod,nmod,nmod,asserted,undirected,1,1,0,1,dependency
aimed,AIMed.d45.s397,stanza_craft+coref_9d1fb14d_2:rel:0,0,1,negative,positive,,,applied,structural|AA|bind|_|nominalized,structural|bind,bind,AA,nominalized,,event_nominal,DEP-nom-binding-subject-undirected,participants,participants,compound,compound,compound,compound,asserted,undirected,1,0,0,1,dependency
aimed,AIMed.d45.s399,stanza_craft+coref_2e4fd02b_0:rel:0,0,2,negative,positive,,,applied,structural|AB|bind|to|verbal,structural|bind,bind,AB,verbal,to,clause,DEP-bind,sources,targets,nsubj,nmod:to,nsubj,obl,asserted,directed,1,1,0,0,dependency
aimed,AIMed.d45.s399,stanza_craft+coref_2e4fd02b_0:rel:1,1,2,positive,positive,,,applied,structural|AB|bind|to|verbal,structural|bind,bind,AB,verbal,to,clause,DEP-bind,sources,targets,nsubj,nmod:to,nsubj,obl,asserted,directed,0,0,0,0,dependency
aimed,AIMed.d46.s402,stanza_craft+coref_bda6c65d_0:rel:0,0,1,negative,positive,,,applied,structural|AB|emerge|from|verbal,structural|emerge,emerge,AB,verbal,from,clause,DEP-emerge,sources,targets,nsubj,nmod:from,nsubj,obl,asserted,directed,1,1,0,0,dependency
aimed,AIMed.d46.s403,stanza_craft+coref_6d6f5740_2:rel:0,0,1,negative,negative,,,review_only,relational|RELATIONAL|is-a|_|verbal,relational|RELATIONAL|is-a|_,,RELATIONAL,verbal,,appositive,DEP-ParentheticalAlias,entities_a,entities_b,nsubj,dep,nsubj,dep,asserted,relational,0,0,0,0,dependency
aimed,AIMed.d46.s404,stanza_craft+coref_d9258758_2:rel:0,1,2,negative,negative,,,review_only,relational|RELATIONAL|is-a|_|verbal,relational|RELATIONAL|is-a|_,,RELATIONAL,verbal,,appositive,DEP-ParentheticalAlias,entities_a,entities_b,dep,compound,dep,compound,asserted,relational,1,0,0,0,dependency
aimed,AIMed.d46.s405,stanza_craft+coref_c63940cf_1:rel:0,0,4,negative,positive,,,applied,structural|AB|use|_|verbal,structural|use,use,AB,verbal,,clause,DEP-use,sources,targets,nsubjpass,dobj,nsubj:pass,obj,asserted,directed,1,1,0,0,dependency
aimed,AIMed.d46.s405,stanza_craft+coref_c63940cf_1:rel:1,1,4,negative,positive,,,applied,structural|AB|use|_|verbal,structural|use,use,AB,verbal,,clause,DEP-use,sources,targets,nsubjpass,dobj,nsubj:pass,obj,asserted,directed,1,1,0,0,dependency
aimed,AIMed.d46.s405,stanza_craft+coref_c63940cf_1:rel:2,2,4,negative,positive,,,applied,structural|AB|use|_|verbal,structural|use,use,AB,verbal,,clause,DEP-use,sources,targets,nsubjpass,dobj,nsubj:pass,obj,asserted,directed,1,1,0,0,dependency
aimed,AIMed.d46.s405,stanza_craft+coref_c63940cf_1:rel:3,3,4,negative,positive,,,applied,structural|AB|use|_|verbal,structural|use,use,AB,verbal,,clause,DEP-use,sources,targets,nsubjpass,dobj,nsubj:pass,obj,asserted,directed,1,1,0,0,dependency
aimed,AIMed.d46.s406,stanza_craft+coref_5bc9e31b_0:rel:0,0,1,positive,positive,,,applied,structural|AB|span|_|verbal,structural|span,span,AB,verbal,,clause,DEP-span,sources,targets,nsubjpass,dobj,nsubj:pass,obj,asserted,directed,1,1,0,0,dependency
aimed,AIMed.d47.s411,stanza_craft+coref_48ff3daa_0:rel:0,0,1,positive,positive,,,applied,structural|AA|complex|_|compound_state,structural|complex,complex,AA,compound_state,,state_nominal,DEP-Complex,participants,participants,compound,compound,compound,compound,asserted,undirected,1,0,0,1,dependency
aimed,AIMed.d47.s412,stanza_craft+coref_55ee335d_1:rel:0,0,1,negative,negative,,,review_only,relational|RELATIONAL|is-a|_|verbal,relational|RELATIONAL|is-a|_,,RELATIONAL,verbal,,appositive,DEP-ParentheticalAlias,entities_a,entities_b,dep,compound,dep,compound,asserted,relational,1,0,0,0,dependency
aimed,AIMed.d47.s415,stanza_craft+coref_43a19c98_0:rel:0,1,2,negative,positive,,,applied,structural|AA|complex|_|compound_state,structural|complex,complex,AA,compound_state,,state_nominal,DEP-Complex,participants,participants,nmod,nmod,obl,obl,asserted,undirected,1,1,0,1,dependency
aimed,AIMed.d47.s415,stanza_craft+coref_43a19c98_0:rel:1,1,3,negative,positive,,,applied,structural|AA|complex|_|compound_state,structural|complex,complex,AA,compound_state,,state_nominal,DEP-Complex,participants,participants,nmod,nmod,obl,obl,asserted,undirected,1,1,0,1,dependency
aimed,AIMed.d47.s415,stanza_craft+coref_43a19c98_0:rel:2,2,3,negative,positive,,,applied,structural|AA|complex|_|compound_state,structural|complex,complex,AA,compound_state,,state_nominal,DEP-Complex,participants,participants,nmod,nmod,obl,obl,asserted,undirected,1,1,0,1,dependency
aimed,AIMed.d48.s419,stanza_craft+coref_f2c1eac1_1:rel:0,0,1,positive,positive,,,applied,structural|AB|interact|with|verbal,structural|interact,interact,AB,verbal,with,clause,DEP-interact,sources,targets,nsubj,nmod:with,nsubj,obl,asserted,directed,0,0,0,0,dependency
aimed,AIMed.d48.s419,stanza_craft+coref_f2c1eac1_1:rel:1,0,2,positive,positive,,,applied,structural|AB|interact|with|verbal,structural|interact,interact,AB,verbal,with,clause,DEP-interact,sources,targets,nsubj,nmod:with,nsubj,conj,asserted,directed,0,0,0,0,dependency
aimed,AIMed.d48.s420,stanza_craft+coref_76340986_1:rel:0,0,1,negative,negative,,,review_only,relational|RELATIONAL|is-a|_|verbal,relational|RELATIONAL|is-a|_,,RELATIONAL,verbal,,appositive,DEP-ParentheticalAlias,entities_a,entities_b,nsubj,dep,nsubj,dep,asserted,relational,0,0,0,0,dependency
aimed,AIMed.d48.s420,stanza_craft+coref_76340986_2:rel:0,2,3,negative,negative,,,review_only,relational|RELATIONAL|is-a|_|verbal,relational|RELATIONAL|is-a|_,,RELATIONAL,verbal,,appositive,DEP-Identity,entities_a,entities_b,acl:relcl,nmod,acl:relcl,obl,asserted,relational,0,1,0,0,dependency
aimed,AIMed.d48.s420,stanza_craft+coref_76340986_2:rel:1,2,4,negative,negative,,,review_only,relational|RELATIONAL|is-a|_|verbal,relational|RELATIONAL|is-a|_,,RELATIONAL,verbal,,appositive,DEP-Identity,entities_a,entities_b,acl:relcl,nmod,acl:relcl,obl,asserted,relational,0,1,0,0,dependency
aimed,AIMed.d48.s420,stanza_craft+coref_76340986_2:rel:2,2,5,negative,negative,,,review_only,relational|RELATIONAL|is-a|_|verbal,relational|RELATIONAL|is-a|_,,RELATIONAL,verbal,,appositive,DEP-Identity,entities_a,entities_b,acl:relcl,nmod,acl:relcl,obl,asserted,relational,0,1,0,0,dependency
aimed,AIMed.d48.s422,stanza_craft+coref_450f2d87_1:rel:0,0,1,positive,positive,,,applied,structural|AB|activate|_|verbal,structural|activate,activate,AB,verbal,,clause,DEP-activate,sources,targets,nsubj,dobj,nsubj,obj,asserted,directed,1,1,0,0,dependency
aimed,AIMed.d48.s422,stanza_craft+coref_450f2d87_1:rel:1,0,2,positive,positive,,,applied,structural|AB|activate|_|verbal,structural|activate,activate,AB,verbal,,clause,DEP-activate,sources,targets,nsubj,dobj,nsubj,obj,asserted,directed,0,1,0,0,dependency
aimed,AIMed.d48.s423,stanza_craft+coref_c85e43e9_0:rel:0,0,1,negative,positive,,,applied,structural|AB|induce|_|verbal,structural|induce,induce,AB,verbal,,clause,DEP-induce,sources,targets,nsubj,dobj,nsubj,obj,asserted,directed,1,1,0,0,dependency
aimed,AIMed.d48.s423,stanza_craft+coref_c85e43e9_0:rel:1,0,2,negative,positive,,,applied,structural|AB|induce|_|verbal,structural|induce,induce,AB,verbal,,clause,DEP-induce,sources,targets,nsubj,dobj,nsubj,obj,asserted,directed,0,1,0,0,dependency
aimed,AIMed.d48.s426,stanza_craft+coref_6215bdb3_3:rel:0,1,2,negative,negative,,,review_only,relational|RELATIONAL|property|_|verbal,relational|RELATIONAL|property|_,property,RELATIONAL,verbal,,clause,DEP-CopulaIsA,entities_a,entities_b,nsubj,ccomp,nsubj,ccomp,asserted,relational,0,1,0,0,dependency
aimed,AIMed.d49.s431,stanza_craft+coref_dca6b37f_2:rel:0,5,6,positive,positive,,,applied,structural|AB|bind|to|verbal,structural|bind,bind,AB,verbal,to,clause,DEP-bind,sources,targets,nsubj,nmod:to,nsubj,obl,asserted,directed,0,0,0,0,dependency
aimed,AIMed.d49.s431,stanza_craft+coref_dca6b37f_2:rel:1,5,7,positive,positive,,,applied,structural|AB|bind|to|verbal,structural|bind,bind,AB,verbal,to,clause,DEP-bind,sources,targets,nsubj,nmod:to,nsubj,conj,asserted,directed,0,0,0,0,dependency
aimed,AIMed.d49.s431,stanza_craft+coref_dca6b37f_2:rel:2,5,8,positive,positive,,,applied,structural|AB|bind|to|verbal,structural|bind,bind,AB,verbal,to,clause,DEP-bind,sources,targets,nsubj,nmod:to,nsubj,conj,asserted,directed,0,0,0,0,dependency
aimed,AIMed.d49.s431,stanza_craft+coref_dca6b37f_3:rel:0,5,9,positive,positive,,,applied,structural|AB|interact|with|verbal,structural|interact,interact,AB,verbal,with,clause,DEP-interact,sources,targets,nsubj,nmod:with,nsubj,obl,asserted,directed,0,0,0,0,dependency
aimed,AIMed.d49.s431,stanza_craft+coref_dca6b37f_4:rel:0,2,4,negative,negative,,,review_only,relational|RELATIONAL|is-a|_|verbal,relational|RELATIONAL|is-a|_,,RELATIONAL,verbal,,appositive,DEP-ParentheticalAlias,entities_a,entities_b,conj,dep,conj,dep,asserted,relational,1,1,0,0,dependency
aimed,AIMed.d49.s431,stanza_craft+coref_dca6b37f_4:rel:1,3,4,negative,negative,,,review_only,relational|RELATIONAL|is-a|_|verbal,relational|RELATIONAL|is-a|_,,RELATIONAL,verbal,,appositive,DEP-ParentheticalAlias,entities_a,entities_b,conj,dep,conj,dep,asserted,relational,0,0,0,0,dependency
aimed,AIMed.d49.s436,stanza_craft+coref_74258705_0:rel:0,0,1,negative,positive,,,applied,structural|AB|reduce|_|verbal,structural|reduce,reduce,AB,verbal,,clause,DEP-reduce,sources,targets,nsubj,dobj,nsubj,obj,asserted,directed,0,1,0,0,dependency
aimed,AIMed.d49.s436,stanza_craft+coref_74258705_0:rel:1,0,2,negative,positive,,,applied,structural|AB|reduce|_|verbal,structural|reduce,reduce,AB,verbal,,clause,DEP-reduce,sources,targets,nsubj,dobj,nsubj,obj,asserted,directed,0,1,0,0,dependency
aimed,AIMed.d49.s436,stanza_craft+coref_74258705_3:rel:0,1,2,positive,positive,,,applied,structural|AB|affinity|for|nominalized,structural|affinity,affinity,AB,nominalized,for,event_nominal,DEP-nom-affinity,sources,targets,nmod:of,nmod:for,nmod,nmod,asserted,directed,0,0,0,1,dependency
aimed,AIMed.d50.s441,stanza_craft+coref_5a12d6c7_2:rel:0,0,1,negative,negative,,,review_only,relational|RELATIONAL|is-a|_|verbal,relational|RELATIONAL|is-a|_,,RELATIONAL,verbal,,appositive,DEP-Apposition,entities_a,entities_b,nmod,appos,obl,appos,asserted,relational,0,1,0,0,dependency
aimed,AIMed.d50.s445,stanza_craft+coref_4e3207c1_0:rel:0,0,1,positive,positive,,,applied,structural|AB|overlap|on|verbal,structural|overlap,overlap,AB,verbal,on,clause,DEP-overlap,sources,targets,nsubj,nmod:on,nsubj,obl,asserted,directed,1,1,0,0,dependency
aimed,AIMed.d51.s458,stanza_craft+coref_8bfc803c_2:rel:0,0,1,positive,positive,,,applied,structural|AA|complex|_|compound_state,structural|complex,complex,AA,compound_state,,state_nominal,DEP-Complex,participants,participants,nmod,nmod,nmod,nmod,asserted,undirected,1,1,0,1,dependency
aimed,AIMed.d52.s464,stanza_craft+coref_be4c14ac_3:rel:0,0,1,negative,negative,,,review_only,relational|RELATIONAL|is-a|_|verbal,relational|RELATIONAL|is-a|_,,RELATIONAL,verbal,,appositive,DEP-ParentheticalAlias,entities_a,entities_b,nmod,dep,nmod,dep,asserted,relational,0,0,0,0,dependency
aimed,AIMed.d52.s464,stanza_craft+coref_be4c14ac_4:rel:0,4,5,negative,negative,,,review_only,relational|RELATIONAL|is-a|_|verbal,relational|RELATIONAL|is-a|_,,RELATIONAL,verbal,,appositive,DEP-ParentheticalAlias,entities_a,entities_b,nmod,dep,nmod,dep,asserted,relational,0,0,0,0,dependency
aimed,AIMed.d52.s464,stanza_craft+coref_be4c14ac_6:rel:0,4,5,negative,negative,,,review_only,relational|RELATIONAL|form|_|verbal,relational|RELATIONAL|form|_,form,RELATIONAL,verbal,,appositive,DEP-NominalAlias,entities_a,entities_b,conj,nmod,conj,nmod,asserted,relational,0,1,0,0,dependency
aimed,AIMed.d53.s469,stanza_craft+coref_34b51649_1:rel:0,0,2,positive,positive,,,applied,structural|AB|activate|_|verbal,structural|activate,activate,AB,verbal,,clause,DEP-activate,sources,targets,nmod,dobj,nmod,obj,asserted,directed,0,0,0,0,dependency
aimed,AIMed.d53.s469,stanza_craft+coref_34b51649_2:rel:0,0,1,negative,negative,,,review_only,relational|RELATIONAL|is-a|_|verbal,relational|RELATIONAL|is-a|_,,RELATIONAL,verbal,,appositive,DEP-ParentheticalAlias,entities_a,entities_b,nmod,dep,nmod,dep,asserted,relational,0,0,0,0,dependency
aimed,AIMed.d53.s470,stanza_craft+coref_e98cd588_1:rel:0,0,1,positive,positive,,,applied,structural|AA|assembly|between|nominalized,structural|assembly,assembly,AA,nominalized,between,event_nominal,DEP-nom-assembly-undirected,participants,participants,nmod:between,nmod:between,nmod,conj,asserted,undirected,0,0,0,1,dependency
aimed,AIMed.d53.s471,stanza_craft+coref_f5ce07da_3:rel:0,1,2,negative,positive,,,applied,structural|AB|enhance|_|verbal,structural|enhance,enhance,AB,verbal,,clause,DEP-enhance,sources,targets,dobj,dobj,obj,obj,asserted,directed,1,1,0,0,dependency
aimed,AIMed.d53.s471,stanza_craft+coref_f5ce07da_3:rel:1,1,3,negative,positive,,,applied,structural|AB|enhance|_|verbal,structural|enhance,enhance,AB,verbal,,clause,DEP-enhance,sources,targets,dobj,dobj,obj,obj,asserted,directed,1,1,0,0,dependency
aimed,AIMed.d54.s473,stanza_craft+coref_0f8e43c4_0:rel:0,0,2,positive,positive,,,applied,structural|AB|bind|to|verbal,structural|bind,bind,AB,verbal,to,clause,DEP-bind,sources,targets,ROOT,nmod:to,root,obl,asserted,directed,0,0,0,0,dependency
aimed,AIMed.d54.s473,stanza_craft+coref_0f8e43c4_2:rel:0,0,1,negative,negative,,,review_only,relational|RELATIONAL|is-a|_|verbal,relational|RELATIONAL|is-a|_,,RELATIONAL,verbal,,appositive,DEP-ParentheticalAlias,entities_a,entities_b,ROOT,dep,root,dep,asserted,relational,0,0,0,0,dependency
aimed,AIMed.d54.s477,stanza_craft+coref_f1c52bb7_1:rel:0,1,2,positive,positive,,,applied,structural|AB|bind|to|nominalized,structural|bind,bind,AB,nominalized,to,clause,DEP-binding-nestedinner-directed,sources,targets,nmod:of,nmod:to,nmod,nmod,asserted,directed,1,1,0,1,dependency
aimed,AIMed.d54.s478,stanza_craft+coref_efdac60b_0:rel:0,0,1,negative,positive,,,applied,structural|AB|exhibit|_|verbal,structural|exhibit,exhibit,AB,verbal,,clause,DEP-exhibit,sources,targets,nsubj,dobj,nsubj,obj,asserted,directed,0,1,0,0,dependency
aimed,AIMed.d54.s478,stanza_craft+coref_efdac60b_0:rel:1,0,2,negative,positive,,,applied,structural|AB|exhibit|_|verbal,structural|exhibit,exhibit,AB,verbal,,clause,DEP-exhibit,sources,targets,nsubj,conj,nsubj,conj,asserted,directed,0,1,0,0,dependency
aimed,AIMed.d54.s478,stanza_craft+coref_efdac60b_0:rel:2,0,3,negative,positive,,,applied,structural|AB|exhibit|_|verbal,structural|exhibit,exhibit,AB,verbal,,clause,DEP-exhibit,sources,targets,nsubj,conj,nsubj,conj,asserted,directed,0,1,0,0,dependency
aimed,AIMed.d55.s481,stanza_craft+coref_2c05be04_0:rel:0,0,2,positive,positive,,,applied,relational|RELATIONAL|ligand|_|verbal,relational|RELATIONAL|ligand|_,ligand,RELATIONAL,verbal,,clause,DEP-CopulaIsA,entities_a,entities_b,nsubj,ROOT,nsubj,root,asserted,relational,1,1,0,0,dependency
aimed,AIMed.d55.s481,stanza_craft+coref_2c05be04_0:rel:1,0,3,positive,positive,,,applied,relational|RELATIONAL|ligand|_|verbal,relational|RELATIONAL|ligand|_,ligand,RELATIONAL,verbal,,clause,DEP-CopulaIsA,entities_a,entities_b,nsubj,ROOT,nsubj,root,asserted,relational,1,1,0,0,dependency
aimed,AIMed.d55.s481,stanza_craft+coref_2c05be04_0:rel:2,0,4,positive,positive,,,applied,relational|RELATIONAL|ligand|_|verbal,relational|RELATIONAL|ligand|_,ligand,RELATIONAL,verbal,,clause,DEP-CopulaIsA,entities_a,entities_b,nsubj,ROOT,nsubj,root,asserted,relational,1,1,0,0,dependency
aimed,AIMed.d55.s481,stanza_craft+coref_2c05be04_0:rel:3,1,2,positive,positive,,,applied,relational|RELATIONAL|ligand|_|verbal,relational|RELATIONAL|ligand|_,ligand,RELATIONAL,verbal,,clause,DEP-CopulaIsA,entities_a,entities_b,nsubj,ROOT,nsubj,root,asserted,relational,0,1,0,0,dependency
aimed,AIMed.d55.s481,stanza_craft+coref_2c05be04_0:rel:4,1,3,positive,positive,,,applied,relational|RELATIONAL|ligand|_|verbal,relational|RELATIONAL|ligand|_,ligand,RELATIONAL,verbal,,clause,DEP-CopulaIsA,entities_a,entities_b,nsubj,ROOT,nsubj,root,asserted,relational,0,1,0,0,dependency
aimed,AIMed.d55.s481,stanza_craft+coref_2c05be04_0:rel:5,1,4,positive,positive,,,applied,relational|RELATIONAL|ligand|_|verbal,relational|RELATIONAL|ligand|_,ligand,RELATIONAL,verbal,,clause,DEP-CopulaIsA,entities_a,entities_b,nsubj,ROOT,nsubj,root,asserted,relational,0,1,0,0,dependency
aimed,AIMed.d55.s482,stanza_craft+coref_d3a0c9e9_1:rel:0,0,1,negative,negative,,,review_only,relational|RELATIONAL|is-a|_|verbal,relational|RELATIONAL|is-a|_,,RELATIONAL,verbal,,appositive,DEP-ParentheticalAlias,entities_a,entities_b,nsubj,dep,nsubj,dep,asserted,relational,0,0,0,0,dependency
aimed,AIMed.d55.s484,stanza_craft+coref_59490931_0:rel:0,0,1,positive,positive,,,applied,structural|AB|induce|via|verbal,structural|induce,induce,AB,verbal,via,clause,DEP-induce,sources,targets,nsubj,nmod:via,nsubj,obl,asserted,directed,0,0,0,0,dependency
aimed,AIMed.d55.s484,stanza_craft+coref_59490931_0:rel:1,0,2,positive,positive,,,applied,structural|AB|induce|via|verbal,structural|induce,induce,AB,verbal,via,clause,DEP-induce,sources,targets,nsubj,nmod:via,nsubj,conj,asserted,directed,0,0,0,0,dependency
aimed,AIMed.d55.s485,stanza_craft+coref_2596006f_0:rel:0,0,1,positive,positive,,,applied,structural|AB|induce|_|verbal,structural|induce,induce,AB,verbal,,clause,DEP-induce,sources,targets,nsubj,conj,nsubj,conj,asserted,directed,0,1,0,0,dependency
aimed,AIMed.d55.s486,stanza_craft+coref_6f7d739c_0:rel:0,0,1,positive,positive,,,applied,structural|AB|bind|to|verbal,structural|bind,bind,AB,verbal,to,clause,DEP-bind,sources,targets,nsubjpass,nmod:to,nsubj:pass,obl,asserted,directed,0,0,0,0,dependency
aimed,AIMed.d55.s486,stanza_craft+coref_6f7d739c_0:rel:1,0,2,positive,positive,,,applied,structural|AB|bind|to|verbal,structural|bind,bind,AB,verbal,to,clause,DEP-bind,sources,targets,nsubjpass,nmod:to,nsubj:pass,conj,asserted,directed,0,0,0,0,dependency
aimed,AIMed.d55.s486,stanza_craft+coref_6f7d739c_0:rel:2,0,3,positive,positive,,,applied,structural|AB|bind|to|verbal,structural|bind,bind,AB,verbal,to,clause,DEP-bind,sources,targets,nsubjpass,nmod:to,nsubj:pass,conj,asserted,directed,0,0,0,0,dependency
aimed,AIMed.d55.s487,stanza_craft+coref_faad6007_0:rel:0,0,1,positive,positive,,,applied,structural|AB|bind|to|nominalized,structural|bind,bind,AB,nominalized,to,event_nominal,DEP-nom-binding-subject,sources,targets,nmod:of,nmod:to,nmod,nmod,asserted,directed,0,0,0,1,dependency
aimed,AIMed.d55.s492,stanza_craft+coref_5f130879_0:rel:0,0,1,positive,positive,,,applied,relational|RELATIONAL|ligand|_|nominalized,relational|RELATIONAL|ligand|_,ligand,RELATIONAL,nominalized,,clause,DEP-CopulaIsA,entities_a,entities_b,nsubj,ROOT,nsubj,root,asserted,relational,0,1,0,1,dependency
aimed,AIMed.d55.s492,stanza_craft+coref_5f130879_0:rel:1,0,2,positive,positive,,,applied,relational|RELATIONAL|ligand|_|nominalized,relational|RELATIONAL|ligand|_,ligand,RELATIONAL,nominalized,,clause,DEP-CopulaIsA,entities_a,entities_b,nsubj,ROOT,nsubj,root,asserted,relational,0,1,0,1,dependency
aimed,AIMed.d55.s492,stanza_craft+coref_5f130879_0:rel:2,0,3,positive,positive,,,applied,relational|RELATIONAL|ligand|_|nominalized,relational|RELATIONAL|ligand|_,ligand,RELATIONAL,nominalized,,clause,DEP-CopulaIsA,entities_a,entities_b,nsubj,ROOT,nsubj,root,asserted,relational,0,1,0,1,dependency
aimed,AIMed.d56.s494,stanza_craft+coref_ef82fd57_0:rel:0,0,1,positive,negative,,,review_only,relational|RELATIONAL|identity|_|verbal,relational|RELATIONAL|identity|_,,RELATIONAL,verbal,,appositive,DEP-LooseIdentityCandidate,entities_a,entities_b,nmod,nmod,nmod,nmod,asserted,relational,0,0,0,0,dependency
aimed,AIMed.d56.s495,stanza_craft+coref_290bdae7_2:rel:0,0,1,negative,negative,,,review_only,relational|RELATIONAL|is-a|_|verbal,relational|RELATIONAL|is-a|_,,RELATIONAL,verbal,,appositive,DEP-ParentheticalAlias,entities_a,entities_b,xcomp,xcomp,xcomp,xcomp,asserted,relational,0,0,0,0,dependency
aimed,AIMed.d56.s499,stanza_craft+coref_d157bf72_0:rel:0,0,2,negative,positive,,,applied,structural|AB|relate|to|verbal,structural|relate,relate,AB,verbal,to,clause,DEP-relate,sources,targets,nsubj,nmod:to,nsubj,obl,asserted,directed,0,0,0,0,dependency
aimed,AIMed.d56.s500,stanza_craft+coref_f2608564_2:rel:0,0,2,positive,positive,,,applied,structural|AB|bind|to|verbal,structural|bind,bind,AB,verbal,to,clause,DEP-bind,sources,targets,nsubjpass,nmod:to,nsubj:pass,obl,asserted,directed,1,1,0,0,dependency
aimed,AIMed.d57.s503,stanza_craft+coref_639ee42d_1:rel:0,0,1,positive,positive,,,applied,structural|AA|complex|_|compound_state,structural|complex,complex,AA,compound_state,,state_nominal,DEP-Complex,participants,participants,nmod,nmod,nmod,nmod,asserted,undirected,0,1,0,1,dependency
aimed,AIMed.d57.s503,stanza_craft+coref_639ee42d_1:rel:1,0,2,negative,positive,,,applied,structural|AA|complex|_|compound_state,structural|complex,complex,AA,compound_state,,state_nominal,DEP-Complex,participants,participants,nmod,nmod,nmod,nmod,asserted,undirected,0,1,0,1,dependency
aimed,AIMed.d57.s503,stanza_craft+coref_639ee42d_1:rel:2,1,2,negative,positive,,,applied,structural|AA|complex|_|compound_state,structural|complex,complex,AA,compound_state,,state_nominal,DEP-Complex,participants,participants,nmod,nmod,nmod,nmod,asserted,undirected,0,1,0,1,dependency
aimed,AIMed.d57.s504,stanza_craft+coref_7511269b_3:rel:0,1,2,positive,positive,,,applied,structural|AA|complex|between|nominalized,structural|complex,complex,AA,nominalized,between,clause,DEP-complex-nestedinner,participants,participants,nmod:between,nmod:between,nmod,conj,asserted,undirected,1,1,0,1,dependency
aimed,AIMed.d57.s508,stanza_craft+coref_5c6f02ed_2:rel:0,0,1,positive,positive,,,applied,structural|AA|complex|_|compound_state,structural|complex,complex,AA,compound_state,,state_nominal,DEP-Complex,participants,participants,compound,compound,compound,compound,asserted,undirected,1,1,0,1,dependency
aimed,AIMed.d57.s509,stanza_craft+coref_808d2db6_0:rel:0,0,1,positive,positive,,,applied,structural|AB|contain|_|verbal,structural|contain,contain,AB,verbal,,clause,DEP-contain,sources,targets,nsubj,dobj,nsubj,obj,asserted,directed,1,1,0,0,dependency
aimed,AIMed.d59.s518,stanza_craft+coref_c22ec491_2:rel:0,0,1,negative,positive,,,applied,structural|AA|oligomerization|of|nominalized,structural|oligomerization,oligomerization,AA,nominalized,of,event_nominal,DEP-nom-oligomerization-undirected,participants,participants,nmod:of,nmod:of,compound,conj,asserted,undirected,1,0,0,1,dependency
aimed,AIMed.d59.s520,stanza_craft+coref_347b9d60_1:rel:0,1,2,negative,positive,,,applied,structural|AA|heterodimer|_|compound_state,structural|heterodimer,heterodimer,AA,compound_state,,state_nominal,DEP-Complex,participants,participants,nmod,nmod,obl,obl,asserted,undirected,1,1,0,1,dependency
aimed,AIMed.d59.s520,stanza_craft+coref_347b9d60_1:rel:1,1,3,negative,positive,,,applied,structural|AA|heterodimer|_|compound_state,structural|heterodimer,heterodimer,AA,compound_state,,state_nominal,DEP-Complex,participants,participants,nmod,nmod,obl,obl,asserted,undirected,1,1,0,1,dependency
aimed,AIMed.d59.s520,stanza_craft+coref_347b9d60_1:rel:2,2,3,negative,positive,,,applied,structural|AA|heterodimer|_|compound_state,structural|heterodimer,heterodimer,AA,compound_state,,state_nominal,DEP-Complex,participants,participants,nmod,nmod,obl,obl,asserted,undirected,0,1,0,1,dependency
aimed,AIMed.d59.s523,stanza_craft+coref_4536ecee_0:rel:0,0,1,positive,positive,,,applied,structural|AB|heterodimerize|with|verbal,structural|heterodimerize,heterodimerize,AB,verbal,with,clause,DEP-heterodimerize,sources,targets,nsubj,nmod:with,nsubj,obl,asserted,directed,0,0,0,0,dependency
aimed,AIMed.d59.s523,stanza_craft+coref_4536ecee_0:rel:1,0,2,positive,positive,,,applied,structural|AB|heterodimerize|with|verbal,structural|heterodimerize,heterodimerize,AB,verbal,with,clause,DEP-heterodimerize,sources,targets,nsubj,nmod:with,nsubj,conj,asserted,directed,0,0,0,0,dependency
aimed,AIMed.d60.s525,stanza_craft+coref_26906442_0:rel:0,0,2,negative,positive,,,applied,structural|AB|activate|of|nominalized,structural|activate,activate,AB,nominalized,of,event_nominal,DEP-nom-activation,sources,targets,nmod:by,nmod:of,nmod,nmod,asserted,directed,1,1,0,1,dependency
aimed,AIMed.d60.s525,stanza_craft+coref_26906442_0:rel:1,1,2,positive,positive,,,applied,structural|AB|activate|of|nominalized,structural|activate,activate,AB,nominalized,of,event_nominal,DEP-nom-activation,sources,targets,nmod:by,nmod:of,nmod,nmod,asserted,directed,0,0,0,1,dependency
aimed,AIMed.d60.s527,stanza_craft+coref_5576a3cd_4:rel:0,0,1,positive,positive,,,review_only,relational|RELATIONAL|is-a|_|verbal,relational|RELATIONAL|is-a|_,,RELATIONAL,verbal,,appositive,DEP-ParentheticalAlias,entities_a,entities_b,dobj,dep,nsubj:pass,dep,asserted,relational,0,0,0,0,dependency
aimed,AIMed.d60.s528,stanza_craft+coref_42bad6fe_2:rel:0,0,1,negative,positive,,,applied,structural|AB|activate|_|verbal,structural|activate,activate,AB,verbal,,clause,DEP-activate,sources,targets,nsubj,dobj,nsubj,obj,asserted,directed,1,1,0,0,dependency
aimed,AIMed.d60.s528,stanza_craft+coref_42bad6fe_2:rel:1,0,2,positive,positive,,,applied,structural|AB|activate|_|verbal,structural|activate,activate,AB,verbal,,clause,DEP-activate,sources,targets,nsubj,dobj,nsubj,obj,asserted,directed,1,1,0,0,dependency
aimed,AIMed.d60.s529,stanza_craft+coref_a203b020_0:rel:0,0,1,negative,positive,,,applied,structural|AB|activate|_|verbal,structural|activate,activate,AB,verbal,,clause,DEP-activate,sources,targets,nsubj,dobj,nsubj,obj,asserted,directed,1,1,0,0,dependency
aimed,AIMed.d60.s529,stanza_craft+coref_a203b020_0:rel:1,0,2,negative,positive,,,applied,structural|AB|activate|_|verbal,structural|activate,activate,AB,verbal,,clause,DEP-activate,sources,targets,nsubj,dobj,nsubj,obj,asserted,directed,1,1,0,0,dependency
aimed,AIMed.d60.s530,stanza_craft+coref_24792449_2:rel:0,0,1,negative,positive,,,applied,structural|AB|phosphorylate|_|verbal,structural|phosphorylate,phosphorylate,AB,verbal,,clause,DEP-phosphorylate,sources,targets,nsubj,dobj,nsubj,obj,asserted,directed,1,1,0,0,dependency
aimed,AIMed.d60.s530,stanza_craft+coref_24792449_2:rel:1,0,2,positive,positive,,,applied,structural|AB|phosphorylate|_|verbal,structural|phosphorylate,phosphorylate,AB,verbal,,clause,DEP-phosphorylate,sources,targets,nsubj,dobj,nsubj,obj,asserted,directed,0,1,0,0,dependency
aimed,AIMed.d61.s532,stanza_craft+coref_0fabcdd8_4:rel:0,2,3,negative,positive,,,applied,structural|AB|overexpress|_|verbal,structural|overexpress,overexpress,AB,verbal,,clause,DEP-overexpress,sources,targets,dobj,dobj,obj,obj,asserted,directed,0,1,0,0,dependency
aimed,AIMed.d61.s532,stanza_craft+coref_0fabcdd8_5:rel:0,0,1,negative,negative,,,review_only,relational|RELATIONAL|is-a|_|verbal,relational|RELATIONAL|is-a|_,,RELATIONAL,verbal,,appositive,DEP-ParentheticalAlias,entities_a,entities_b,dobj,dep,obj,dep,asserted,relational,0,0,0,0,dependency
aimed,AIMed.d61.s533,stanza_craft+coref_a99f4e87_0:rel:0,0,1,negative,negative,,,not_applied,structural|AA|bind|for|nominalized,structural|bind,bind,AA,nominalized,for,clause,DEP-binding-nestedinner,participants,participants,nmod:for,nmod:for,nmod,conj,asserted,undirected,0,1,0,1,dependency
aimed,AIMed.d61.s534,stanza_craft+coref_639ea32f_0:rel:0,0,3,negative,positive,,,applied,structural|AB|yield|_|verbal,structural|yield,yield,AB,verbal,,clause,DEP-yield,sources,targets,nsubj,dobj,nsubj,obj,asserted,directed,0,1,0,0,dependency
aimed,AIMed.d61.s534,stanza_craft+coref_639ea32f_0:rel:1,0,4,negative,positive,,,applied,structural|AB|yield|_|verbal,structural|yield,yield,AB,verbal,,clause,DEP-yield,sources,targets,nsubj,dobj,nsubj,obj,asserted,directed,0,1,0,0,dependency
aimed,AIMed.d61.s534,stanza_craft+coref_639ea32f_0:rel:2,1,3,negative,positive,,,applied,structural|AB|yield|_|verbal,structural|yield,yield,AB,verbal,,clause,DEP-yield,sources,targets,nsubj,dobj,nsubj,obj,asserted,directed,0,1,0,0,dependency
aimed,AIMed.d61.s534,stanza_craft+coref_639ea32f_0:rel:3,1,4,negative,positive,,,applied,structural|AB|yield|_|verbal,structural|yield,yield,AB,verbal,,clause,DEP-yield,sources,targets,nsubj,dobj,nsubj,obj,asserted,directed,0,1,0,0,dependency
aimed,AIMed.d61.s534,stanza_craft+coref_639ea32f_0:rel:4,2,3,negative,positive,,,applied,structural|AB|yield|_|verbal,structural|yield,yield,AB,verbal,,clause,DEP-yield,sources,targets,nsubj,dobj,nsubj,obj,asserted,directed,1,1,0,0,dependency
aimed,AIMed.d61.s534,stanza_craft+coref_639ea32f_0:rel:5,2,4,negative,positive,,,applied,structural|AB|yield|_|verbal,structural|yield,yield,AB,verbal,,clause,DEP-yield,sources,targets,nsubj,dobj,nsubj,obj,asserted,directed,1,1,0,0,dependency
aimed,AIMed.d61.s534,stanza_craft+coref_639ea32f_3:rel:0,0,2,negative,positive,,,applied,structural|AB|cross-linking|to|nominalized,structural|cross-linking,cross-linking,AB,nominalized,to,event_nominal,DEP-nom-cross-linking-subject,sources,targets,nmod:of,nmod:to,nmod,compound,asserted,directed,1,0,0,1,dependency
aimed,AIMed.d61.s534,stanza_craft+coref_639ea32f_3:rel:1,1,2,negative,positive,,,applied,structural|AB|cross-linking|to|nominalized,structural|cross-linking,cross-linking,AB,nominalized,to,event_nominal,DEP-nom-cross-linking-subject,sources,targets,nmod:of,nmod:to,conj,compound,asserted,directed,1,0,0,1,dependency
aimed,AIMed.d61.s534,stanza_craft+coref_639ea32f_4:rel:0,3,4,negative,positive,,,applied,structural|AA|complex|_|compound_state,structural|complex,complex,AA,compound_state,,state_nominal,DEP-Complex,participants,participants,dobj,dobj,obj,obj,asserted,undirected,0,1,0,1,dependency
aimed,AIMed.d61.s535,stanza_craft+coref_6180d3f5_1:rel:0,0,1,negative,positive,,,applied,structural|AB|immunoprecipitation|from|nominalized,structural|immunoprecipitation,immunoprecipitation,AB,nominalized,from,event_nominal,DEP-nom-immunoprecipitation-subject,sources,targets,nmod:of,nmod:from,nmod,compound,asserted,directed,1,0,0,1,dependency
aimed,AIMed.d61.s537,stanza_craft+coref_c52ba3b5_1:rel:0,0,1,negative,positive,,,applied,structural|AB|treatment|_|nominalized,structural|treatment,treatment,AB,nominalized,,event_nominal,DEP-nom-treatment-subject,sources,targets,nmod:of,compound,compound,compound,asserted,directed,1,0,0,1,dependency
aimed,AIMed.d62.s541,stanza_craft+coref_2b43f554_1:rel:0,0,1,negative,negative,,,review_only,relational|RELATIONAL|is-a|_|verbal,relational|RELATIONAL|is-a|_,,RELATIONAL,verbal,,appositive,DEP-ParentheticalAlias,entities_a,entities_b,nmod,dep,nmod,dep,asserted,relational,0,0,0,0,dependency
aimed,AIMed.d63.s544,stanza_craft+coref_7eaec765_0:rel:0,0,2,positive,positive,,,applied,structural|AB|coassociation|with|nominalized,structural|coassociation,coassociation,AB,nominalized,with,event_nominal,DEP-nom-coassociation,sources,targets,nmod:of,nmod:with,nmod,nmod,asserted,directed,0,0,0,1,dependency
aimed,AIMed.d63.s544,stanza_craft+coref_7eaec765_1:rel:0,0,1,negative,negative,,,review_only,relational|RELATIONAL|is-a|_|verbal,relational|RELATIONAL|is-a|_,,RELATIONAL,verbal,,appositive,DEP-ParentheticalAlias,entities_a,entities_b,nmod,dep,nmod,dep,asserted,relational,0,0,0,0,dependency
aimed,AIMed.d63.s545,stanza_craft+coref_e73ad744_1:rel:0,0,2,negative,positive,,,applied,structural|AB|lead|to|verbal,structural|lead,lead,AB,verbal,to,clause,DEP-lead,sources,targets,nsubj,nmod:to,nsubj,obl,asserted,directed,1,1,0,0,dependency
aimed,AIMed.d63.s546,stanza_craft+coref_b4de3226_0:rel:0,0,1,negative,positive,,,applied,structural|AB|comodulate|with|passive,structural|comodulate,comodulate,AB,passive,with,clause,DEP-comodulate-passive,sources,targets,nsubjpass,nmod:with,nsubj:pass,obl,asserted,directed,0,0,0,0,dependency
aimed,AIMed.d63.s546,stanza_craft+coref_b4de3226_1:rel:0,2,3,negative,positive,,,applied,structural|AB|precipitate|_|verbal,structural|precipitate,precipitate,AB,verbal,,clause,DEP-precipitate,sources,targets,nsubj,dobj,nsubj,obj,asserted,directed,0,0,0,0,dependency
aimed,AIMed.d63.s547,stanza_craft+coref_a91e0bab_1:rel:0,0,1,negative,positive,,,applied,structural|AB|associate|with|passive,structural|associate,associate,AB,passive,with,clause,DEP-associate-passive,sources,targets,nsubjpass,nmod:with,nsubj:pass,obl,asserted,directed,1,1,0,0,dependency
aimed,AIMed.d63.s547,stanza_craft+coref_a91e0bab_4:rel:0,2,3,positive,positive,,,applied,structural|AB|interact|with|nominalized,structural|interact,interact,AB,nominalized,with,event_nominal,DEP-nom-interaction-subject,sources,targets,nmod:of,nmod:with,nmod,nmod,asserted,directed,0,0,0,1,dependency
aimed,AIMed.d64.s551,stanza_craft+coref_2bf685a5_2:rel:0,0,1,negative,negative,,,review_only,relational|RELATIONAL|is-a|_|verbal,relational|RELATIONAL|is-a|_,,RELATIONAL,verbal,,appositive,DEP-ParentheticalAlias,entities_a,entities_b,nmod,dep,nmod,dep,asserted,relational,0,0,0,0,dependency
aimed,AIMed.d64.s551,stanza_craft+coref_2bf685a5_3:rel:0,2,3,negative,negative,,,review_only,relational|RELATIONAL|is-a|_|verbal,relational|RELATIONAL|is-a|_,,RELATIONAL,verbal,,appositive,DEP-ParentheticalAlias,entities_a,entities_b,conj,dep,conj,dep,asserted,relational,0,0,0,0,dependency
aimed,AIMed.d64.s552,stanza_craft+coref_e0b3d558_1:rel:0,0,2,positive,positive,,,applied,structural|AB|bind|to|nominalized,structural|bind,bind,AB,nominalized,to,event_nominal,DEP-nom-binding,sources,targets,nmod:of,nmod:to,nmod,nmod,asserted,directed,0,0,0,1,dependency
aimed,AIMed.d64.s552,stanza_craft+coref_e0b3d558_1:rel:1,1,2,positive,positive,,,applied,structural|AB|bind|to|nominalized,structural|bind,bind,AB,nominalized,to,event_nominal,DEP-nom-binding,sources,targets,nmod:of,nmod:to,conj,nmod,asserted,directed,0,0,0,1,dependency
aimed,AIMed.d64.s553,stanza_craft+coref_21b2f8f4_0:rel:0,0,1,positive,positive,,,applied,structural|AB|encode|with|verbal,structural|encode,encode,AB,verbal,with,clause,DEP-encode,sources,targets,nsubj,nmod:with,nsubj,obl,asserted,directed,0,1,0,0,dependency
aimed,AIMed.d64.s553,stanza_craft+coref_21b2f8f4_0:rel:1,0,2,positive,positive,,,applied,structural|AB|encode|with|verbal,structural|encode,encode,AB,verbal,with,clause,DEP-encode,sources,targets,nsubj,nmod:with,nsubj,obl,asserted,directed,0,1,0,0,dependency
aimed,AIMed.d65.s554,stanza_craft+coref_2cf4585c_1:rel:0,0,2,negative,negative,,,not_selected,structural|AA|dimerization|of|nominalized,structural|dimerization,dimerization,AA,nominalized,of,event_nominal,DEP-nom-dimerization-subject-undirected,participants,participants,nmod:of,nmod:of,dep,conj,asserted,undirected,1,1,0,1,dependency
aimed,AIMed.d65.s554,stanza_craft+coref_2cf4585c_1:rel:1,0,3,negative,negative,,,not_selected,structural|AA|dimerization|of|nominalized,structural|dimerization,dimerization,AA,nominalized,of,event_nominal,DEP-nom-dimerization-subject-undirected,participants,participants,nmod:of,nmod:of,dep,conj,asserted,undirected,1,1,0,1,dependency
aimed,AIMed.d65.s554,stanza_craft+coref_2cf4585c_1:rel:2,1,2,negative,negative,,,not_selected,structural|AA|dimerization|of|nominalized,structural|dimerization,dimerization,AA,nominalized,of,event_nominal,DEP-nom-dimerization-subject-undirected,participants,participants,nmod:of,nmod:of,dep,conj,asserted,undirected,1,1,0,1,dependency
aimed,AIMed.d65.s554,stanza_craft+coref_2cf4585c_1:rel:3,1,3,negative,negative,,,not_selected,structural|AA|dimerization|of|nominalized,structural|dimerization,dimerization,AA,nominalized,of,event_nominal,DEP-nom-dimerization-subject-undirected,participants,participants,nmod:of,nmod:of,dep,conj,asserted,undirected,0,0,0,1,dependency
aimed,AIMed.d65.s554,stanza_craft+coref_2cf4585c_1:rel:4,0,1,positive,positive,,,applied,structural|AA|dimerization|of|nominalized,structural|dimerization,dimerization,AA,nominalized,of,event_nominal,DEP-nom-dimerization-subject-undirected,participants,participants,nmod:of,nmod:of,dep,compound,asserted,undirected,1,1,0,1,dependency
aimed,AIMed.d65.s554,stanza_craft+coref_2cf4585c_1:rel:5,2,3,positive,positive,,,applied,structural|AA|dimerization|of|nominalized,structural|dimerization,dimerization,AA,nominalized,of,event_nominal,DEP-nom-dimerization-subject-undirected,participants,participants,nmod:of,nmod:of,conj,compound,asserted,undirected,1,1,0,1,dependency
aimed,AIMed.d66.s562,stanza_craft+coref_5872aec0_0:rel:0,0,1,negative,positive,,,applied,structural|AB|interact|with|verbal,structural|interact,interact,AB,verbal,with,clause,DEP-interact,sources,targets,ROOT,nmod:with,root,obl,asserted,directed,1,1,0,0,dependency
aimed,AIMed.d66.s564,stanza_craft+coref_12503f20_2:rel:0,0,2,positive,positive,,,applied,structural|AB|interact|with|verbal,structural|interact,interact,AB,verbal,with,clause,DEP-interact,sources,targets,nsubj,nmod:with,nsubj,obl,asserted,directed,1,1,0,0,dependency
aimed,AIMed.d66.s567,stanza_craft+coref_118440fb_1:rel:0,0,1,positive,positive,,,applied,structural|AB|bind|_|verbal,structural|bind,bind,AB,verbal,,clause,DEP-bind,sources,targets,nsubj,dobj,nsubj,obj,asserted,directed,1,1,0,0,dependency
aimed,AIMed.d66.s568,stanza_craft+coref_026ee328_0:rel:0,0,1,positive,positive,,,applied,structural|AB|interact|between|nominalized,structural|interact,interact,AB,nominalized,between,event_nominal,DEP-nom-interaction-subject-alt,sources,targets,nmod:between,nmod:between,nmod,conj,asserted,directed,0,0,0,1,dependency
aimed,AIMed.d66.s568,stanza_craft+coref_026ee328_0:rel:1,0,2,positive,positive,,,applied,structural|AB|interact|between|nominalized,structural|interact,interact,AB,nominalized,between,event_nominal,DEP-nom-interaction-subject-alt,sources,targets,nmod:between,nmod:between,nmod,conj,asserted,directed,0,0,0,1,dependency
aimed,AIMed.d68.s581,stanza_craft+coref_56341e72_0:rel:0,0,1,positive,positive,,,applied,structural|AA|associate|between|nominalized,structural|associate,associate,AA,nominalized,between,clause,DEP-association-nestedinner,participants,participants,nmod:between,nmod:between,nmod,conj,asserted,undirected,1,1,0,1,dependency
aimed,AIMed.d68.s581,stanza_craft+coref_56341e72_0:rel:1,0,2,positive,positive,,,applied,structural|AA|associate|between|nominalized,structural|associate,associate,AA,nominalized,between,clause,DEP-association-nestedinner,participants,participants,nmod:between,nmod:between,nmod,conj,asserted,undirected,0,0,0,1,dependency
aimed,AIMed.d68.s581,stanza_craft+coref_56341e72_0:rel:2,1,2,negative,positive,,,applied,structural|AA|associate|between|nominalized,structural|associate,associate,AA,nominalized,between,clause,DEP-association-nestedinner,participants,participants,nmod:between,compound,conj,conj,asserted,undirected,1,1,0,1,dependency
aimed,AIMed.d69.s586,stanza_craft+coref_471d5bd9_0:rel:0,0,1,positive,positive,,,applied,structural|AB|decrease|_|verbal,structural|decrease,decrease,AB,verbal,,clause,DEP-decrease,sources,targets,nsubj,dobj,nsubj,obj,asserted,directed,0,1,0,0,dependency
aimed,AIMed.d69.s587,stanza_craft+coref_350e55a5_3:rel:0,1,2,negative,negative,,,review_only,relational|RELATIONAL|is-a|_|verbal,relational|RELATIONAL|is-a|_,,RELATIONAL,verbal,,appositive,DEP-ParentheticalAlias,entities_a,entities_b,nmod,dep,obl,dep,asserted,relational,0,0,0,0,dependency
aimed,AIMed.d69.s589,stanza_craft+coref_7e1b274c_0:rel:0,0,1,positive,positive,,,applied,structural|AB|result|in|verbal,structural|result,result,AB,verbal,in,clause,DEP-result,sources,targets,nsubj,nmod:in,nsubj,obl,asserted,directed,0,1,0,0,dependency
aimed,AIMed.d69.s590,stanza_craft+coref_d0dc34b5_1:rel:0,0,1,positive,positive,,,applied,structural|AB|phosphorylate|of|nominalized,structural|phosphorylate,phosphorylate,AB,nominalized,of,event_nominal,DEP-nom-phosphorylation-subject,sources,targets,nmod:by,nmod:of,nmod,compound,asserted,directed,1,0,0,1,dependency
aimed,AIMed.d7.s56,stanza_craft+coref_d3bf0c15_5:rel:0,1,2,negative,negative,,,review_only,relational|RELATIONAL|is-a|_|verbal,relational|RELATIONAL|is-a|_,,RELATIONAL,verbal,,appositive,DEP-ParentheticalAlias,entities_a,entities_b,dep,compound,dep,compound,asserted,relational,1,0,0,0,dependency
aimed,AIMed.d70.s593,stanza_craft+coref_fc9922c4_1:rel:0,0,1,negative,positive,,,applied,structural|AA|interact|of|nominalized,structural|interact,interact,AA,nominalized,of,event_nominal,DEP-nom-interaction-subject-undirected,participants,participants,nmod:of,nmod:of,dep,nmod,asserted,undirected,0,0,0,1,dependency
aimed,AIMed.d70.s594,stanza_craft+coref_51a99a7f_0:rel:0,0,1,negative,positive,,,applied,structural|AB|localize|through|passive,structural|localize,localize,AB,passive,through,clause,DEP-localize-passive,sources,targets,nsubjpass,nmod:through,nsubj:pass,obl,asserted,directed,1,1,0,0,dependency
aimed,AIMed.d70.s597,stanza_craft+coref_572e6240_1:rel:0,0,1,negative,positive,,,applied,structural|AB|bind|_|verbal,structural|bind,bind,AB,verbal,,clause,DEP-bind,sources,targets,nsubj,dobj,nsubj,obj,asserted,directed,1,1,0,0,dependency
aimed,AIMed.d70.s597,stanza_craft+coref_572e6240_1:rel:1,0,2,positive,positive,,,applied,structural|AB|bind|_|verbal,structural|bind,bind,AB,verbal,,clause,DEP-bind,sources,targets,nsubj,dobj,nsubj,obj,asserted,directed,0,1,0,0,dependency
aimed,AIMed.d70.s599,stanza_craft+coref_bffb7b7c_0:rel:0,0,1,negative,negative,,,not_applied,structural|AA|bind|_|nominalized,structural|bind,bind,AA,nominalized,,clause,DEP-binding-nestedinner,participants,participants,compound,compound,compound,compound,asserted,undirected,1,0,0,1,dependency
aimed,AIMed.d70.s600,stanza_craft+coref_da0b0210_3:rel:0,0,1,negative,positive,,,applied,structural|AA|bind|_|nominalized,structural|bind,bind,AA,nominalized,,event_nominal,DEP-nom-binding-undirected,participants,participants,compound,compound,compound,compound,asserted,undirected,1,0,0,1,dependency
aimed,AIMed.d71.s603,stanza_craft+coref_8cfb0525_2:rel:0,0,1,negative,negative,,,review_only,relational|RELATIONAL|component|_|verbal,relational|RELATIONAL|component|_,component,RELATIONAL,verbal,,clause,DEP-CopulaIsA,entities_a,entities_b,nsubj,ROOT,nsubj,root,asserted,relational,1,1,0,0,dependency
aimed,AIMed.d71.s606,stanza_craft+coref_865e7679_3:rel:0,0,1,negative,negative,,,review_only,relational|RELATIONAL|is-a|_|verbal,relational|RELATIONAL|is-a|_,,RELATIONAL,verbal,,appositive,DEP-Apposition,entities_a,entities_b,nsubj,appos,nsubj,appos,asserted,relational,0,0,0,0,dependency
aimed,AIMed.d71.s608,stanza_craft+coref_dfe3c879_1:rel:0,0,1,negative,positive,,,applied,structural|AB|activate|_|nominalized,structural|activate,activate,AB,nominalized,,event_nominal,DEP-nom-activation-subject,sources,targets,nmod:of,compound,nmod,compound,asserted,directed,1,0,0,1,dependency
aimed,AIMed.d72.s610,stanza_craft+coref_808e835c_1:rel:0,0,1,negative,negative,,,review_only,relational|RELATIONAL|is-a|_|verbal,relational|RELATIONAL|is-a|_,,RELATIONAL,verbal,,appositive,DEP-ParentheticalAlias,entities_a,entities_b,nmod,dep,nmod,dep,asserted,relational,0,0,0,0,dependency
aimed,AIMed.d72.s614,stanza_craft+coref_4265122d_0:rel:0,0,1,negative,negative,,,review_only,relational|RELATIONAL|is-a|_|verbal,relational|RELATIONAL|is-a|_,,RELATIONAL,verbal,,appositive,DEP-Apposition,entities_a,entities_b,nmod,dep,nmod,dep,asserted,relational,0,0,0,0,dependency
aimed,AIMed.d72.s614,stanza_craft+coref_4265122d_0:rel:1,0,2,negative,negative,,,review_only,relational|RELATIONAL|is-a|_|verbal,relational|RELATIONAL|is-a|_,,RELATIONAL,verbal,,appositive,DEP-Apposition,entities_a,entities_b,nmod,dep,nmod,dep,asserted,relational,0,1,0,0,dependency
aimed,AIMed.d72.s615,stanza_craft+coref_6da0dd81_4:rel:0,3,4,negative,negative,,,not_applied,structural|AB|associate|with|verbal,structural|associate,associate,AB,verbal,with,clause,DEP-associate,sources,targets,nsubj,nmod:with,nsubj,obl,negated,directed,1,1,0,0,dependency
aimed,AIMed.d72.s616,stanza_craft+coref_3b62f8a8_2:rel:0,0,1,positive,positive,,,applied,structural|AA|interact|_|nominalized,structural|interact,interact,AA,nominalized,,event_nominal,DEP-nom-interaction-undirected,participants,participants,compound,compound,compound,compound,asserted,undirected,1,0,0,1,dependency
aimed,AIMed.d73.s623,stanza_craft+coref_8fba4116_0:rel:0,0,2,negative,positive,,,applied,structural|AB|displace|_|verbal,structural|displace,displace,AB,verbal,,clause,DEP-displace,sources,targets,nsubj,dobj,nsubj,obj,asserted,directed,0,1,0,0,dependency
aimed,AIMed.d73.s623,stanza_craft+coref_8fba4116_0:rel:1,1,2,negative,positive,,,applied,structural|AB|displace|_|verbal,structural|displace,displace,AB,verbal,,clause,DEP-displace,sources,targets,conj,dobj,conj,obj,asserted,directed,0,1,0,0,dependency
aimed,AIMed.d74.s627,stanza_craft+coref_a6d2f973_3:rel:0,0,1,positive,negative,,,review_only,relational|RELATIONAL|is-a|_|verbal,relational|RELATIONAL|is-a|_,,RELATIONAL,verbal,,appositive,DEP-ParentheticalAlias,entities_a,entities_b,nmod,dep,nmod,dep,asserted,relational,0,0,0,0,dependency
aimed,AIMed.d74.s630,stanza_craft+coref_c08a6f9e_1:rel:0,0,1,negative,negative,,,not_applied,structural|AA|homology|for|nominalized,structural|homology,homology,AA,nominalized,for,clause,DEP-homology-nestedinner,participants,participants,nmod:for,nmod:for,nmod,conj,asserted,undirected,0,0,0,1,dependency
aimed,AIMed.d74.s630,stanza_craft+coref_c08a6f9e_1:rel:1,0,2,negative,negative,,,not_applied,structural|AA|homology|for|nominalized,structural|homology,homology,AA,nominalized,for,clause,DEP-homology-nestedinner,participants,participants,nmod:for,nmod:for,nmod,conj,asserted,undirected,0,0,0,1,dependency
aimed,AIMed.d74.s630,stanza_craft+coref_c08a6f9e_1:rel:2,1,2,negative,negative,,,not_applied,structural|AA|homology|for|nominalized,structural|homology,homology,AA,nominalized,for,clause,DEP-homology-nestedinner,participants,participants,nmod:for,nmod:for,conj,conj,asserted,undirected,0,0,0,1,dependency
aimed,AIMed.d76.s638,stanza_craft+coref_ac38c9ac_0:rel:0,0,1,positive,positive,,,applied,structural|AB|bind|to|verbal,structural|bind,bind,AB,verbal,to,clause,DEP-bind,sources,targets,nsubj,nmod:to,nsubj,obl,asserted,directed,0,1,0,0,dependency
aimed,AIMed.d76.s639,stanza_craft+coref_b740b5de_0:rel:0,0,1,negative,positive,,,applied,structural|AB|associate|with|verbal,structural|associate,associate,AB,verbal,with,clause,DEP-associate,sources,targets,nsubj,nmod:with,nsubj,obl,asserted,directed,1,1,0,0,dependency
aimed,AIMed.d76.s639,stanza_craft+coref_b740b5de_0:rel:1,0,2,positive,positive,,,applied,structural|AB|associate|with|verbal,structural|associate,associate,AB,verbal,with,clause,DEP-associate,sources,targets,nsubj,nmod:with,nsubj,obl,asserted,directed,1,1,0,0,dependency
aimed,AIMed.d76.s639,stanza_craft+coref_b740b5de_0:rel:2,0,3,negative,positive,,,applied,structural|AB|associate|with|verbal,structural|associate,associate,AB,verbal,with,clause,DEP-associate,sources,targets,nsubj,nmod:with,nsubj,obl,asserted,directed,1,1,0,0,dependency
aimed,AIMed.d76.s639,stanza_craft+coref_b740b5de_0:rel:3,0,4,negative,positive,,,applied,structural|AB|associate|with|verbal,structural|associate,associate,AB,verbal,with,clause,DEP-associate,sources,targets,nsubj,nmod:with,nsubj,obl,asserted,directed,1,1,0,0,dependency
aimed,AIMed.d76.s639,stanza_craft+coref_b740b5de_2:rel:0,1,2,negative,positive,,,applied,structural|AA|complex|_|compound_state,structural|complex,complex,AA,compound_state,,state_nominal,DEP-Complex,participants,participants,nmod,nmod,obl,obl,asserted,undirected,1,1,0,1,dependency
aimed,AIMed.d76.s639,stanza_craft+coref_b740b5de_2:rel:1,1,3,negative,positive,,,applied,structural|AA|complex|_|compound_state,structural|complex,complex,AA,compound_state,,state_nominal,DEP-Complex,participants,participants,nmod,nmod,obl,obl,asserted,undirected,1,1,0,1,dependency
aimed,AIMed.d76.s639,stanza_craft+coref_b740b5de_2:rel:2,1,4,positive,positive,,,applied,structural|AA|complex|_|compound_state,structural|complex,complex,AA,compound_state,,state_nominal,DEP-Complex,participants,participants,nmod,nmod,obl,obl,asserted,undirected,1,1,0,1,dependency
aimed,AIMed.d76.s639,stanza_craft+coref_b740b5de_2:rel:3,2,3,negative,positive,,,applied,structural|AA|complex|_|compound_state,structural|complex,complex,AA,compound_state,,state_nominal,DEP-Complex,participants,participants,nmod,nmod,obl,obl,asserted,undirected,1,1,0,1,dependency
aimed,AIMed.d76.s639,stanza_craft+coref_b740b5de_2:rel:4,2,4,negative,positive,,,applied,structural|AA|complex|_|compound_state,structural|complex,complex,AA,compound_state,,state_nominal,DEP-Complex,participants,participants,nmod,nmod,obl,obl,asserted,undirected,1,1,0,1,dependency
aimed,AIMed.d76.s639,stanza_craft+coref_b740b5de_2:rel:5,3,4,positive,positive,,,applied,structural|AA|complex|_|compound_state,structural|complex,complex,AA,compound_state,,state_nominal,DEP-Complex,participants,participants,nmod,nmod,obl,obl,asserted,undirected,1,1,0,1,dependency
aimed,AIMed.d76.s641,stanza_craft+coref_bf4bf723_0:rel:0,0,1,positive,positive,,,applied,structural|AB|couple|to|passive,structural|couple,couple,AB,passive,to,clause,DEP-couple-passive,sources,targets,nsubjpass,nmod:to,nsubj:pass,obl,asserted,directed,0,1,0,0,dependency
aimed,AIMed.d76.s642,stanza_craft+coref_73ac7252_0:rel:0,0,2,negative,positive,,,applied,structural|AB|result|in|verbal,structural|result,result,AB,verbal,in,clause,DEP-result,sources,targets,nsubj,nmod:in,nsubj,obl,asserted,directed,0,1,0,0,dependency
aimed,AIMed.d76.s642,stanza_craft+coref_73ac7252_0:rel:1,1,2,negative,positive,,,applied,structural|AB|result|in|verbal,structural|result,result,AB,verbal,in,clause,DEP-result,sources,targets,nsubj,nmod:in,nsubj,obl,asserted,directed,0,1,0,0,dependency
aimed,AIMed.d76.s642,stanza_craft+coref_73ac7252_1:rel:0,0,1,negative,positive,,,applied,structural|AB|coexpression|with|nominalized,structural|coexpression,coexpression,AB,nominalized,with,event_nominal,DEP-nom-coexpression-subject,sources,targets,nmod:of,nmod:with,nmod,nmod,asserted,directed,0,0,0,1,dependency
aimed,AIMed.d76.s645,stanza_craft+coref_a733836f_0:rel:0,0,1,negative,negative,,,not_applied,structural|AA|bind|between|nominalized,structural|bind,bind,AA,nominalized,between,clause,DEP-binding-nestedinner,participants,participants,nmod:between,nmod:between,nmod,conj,negated,undirected,0,0,0,1,dependency
aimed,AIMed.d76.s646,stanza_craft+coref_173e91b7_0:rel:0,0,2,negative,positive,,,applied,structural|AB|induce|_|verbal,structural|induce,induce,AB,verbal,,clause,DEP-induce,sources,targets,nsubj,dobj,nsubj,obj,asserted,directed,1,1,0,0,dependency
aimed,AIMed.d76.s646,stanza_craft+coref_173e91b7_0:rel:1,1,2,negative,positive,,,applied,structural|AB|induce|_|verbal,structural|induce,induce,AB,verbal,,clause,DEP-induce,sources,targets,nsubj,dobj,nsubj,obj,asserted,directed,1,1,0,0,dependency
aimed,AIMed.d76.s646,stanza_craft+coref_173e91b7_2:rel:0,0,1,positive,positive,,,applied,structural|AB|bind|to|nominalized,structural|bind,bind,AB,nominalized,to,event_nominal,DEP-nom-binding-subject,sources,targets,nmod:of,nmod:to,nmod,nmod,asserted,directed,0,0,0,1,dependency
aimed,AIMed.d77.s652,stanza_craft+coref_6c7233de_5:rel:0,0,1,negative,negative,,,review_only,relational|RELATIONAL|is-a|_|verbal,relational|RELATIONAL|is-a|_,,RELATIONAL,verbal,,appositive,DEP-ParentheticalAlias,entities_a,entities_b,nsubjpass,dep,nsubj:pass,dep,asserted,relational,0,0,0,0,dependency
aimed,AIMed.d77.s654,stanza_craft+coref_afb08bf5_0:rel:0,0,1,positive,positive,,,applied,structural|AB|associate|with|verbal,structural|associate,associate,AB,verbal,with,clause,DEP-associate,sources,targets,nsubj,nmod:with,nsubj,obl,asserted,directed,0,1,0,0,dependency
aimed,AIMed.d77.s654,stanza_craft+coref_afb08bf5_0:rel:1,0,2,positive,positive,,,applied,structural|AB|associate|with|verbal,structural|associate,associate,AB,verbal,with,clause,DEP-associate,sources,targets,nsubj,nmod:with,nsubj,obl,asserted,directed,0,1,0,0,dependency
aimed,AIMed.d77.s654,stanza_craft+coref_afb08bf5_0:rel:2,0,3,positive,positive,,,applied,structural|AB|associate|with|verbal,structural|associate,associate,AB,verbal,with,clause,DEP-associate,sources,targets,nsubj,nmod:with,nsubj,obl,asserted,directed,0,1,0,0,dependency
aimed,AIMed.d77.s654,stanza_craft+coref_afb08bf5_0:rel:3,0,4,positive,positive,,,applied,structural|AB|associate|with|verbal,structural|associate,associate,AB,verbal,with,clause,DEP-associate,sources,targets,nsubj,nmod:with,nsubj,obl,asserted,directed,0,1,0,0,dependency
aimed,AIMed.d79.s671,stanza_craft+coref_feebc1aa_0:rel:0,0,1,positive,positive,,,applied,structural|AB|bind|to|verbal,structural|bind,bind,AB,verbal,to,clause,DEP-bind,sources,targets,nsubj,nmod:to,nsubj,obl,asserted,directed,1,1,0,0,dependency
aimed,AIMed.d79.s671,stanza_craft+coref_feebc1aa_1:rel:0,1,2,negative,positive,,,applied,structural|AB|share|_|verbal,structural|share,share,AB,verbal,,clause,DEP-share,sources,targets,nmod,dobj,obl,obj,asserted,directed,1,1,0,0,dependency
aimed,AIMed.d79.s672,stanza_craft+coref_d13fc323_0:rel:0,0,1,negative,negative,,,review_only,relational|RELATIONAL|is-a|_|verbal,relational|RELATIONAL|is-a|_,,RELATIONAL,verbal,,appositive,DEP-ParentheticalAlias,entities_a,entities_b,nsubj,dep,nsubj,dep,asserted,relational,0,0,0,0,dependency
aimed,AIMed.d80.s683,stanza_craft+coref_de16d970_2:rel:0,1,2,positive,positive,,,applied,structural|AB|bind|_|verbal,structural|bind,bind,AB,verbal,,clause,DEP-bind,sources,targets,dobj,dobj,obj,obj,asserted,directed,0,1,0,0,dependency
aimed,AIMed.d80.s683,stanza_craft+coref_de16d970_2:rel:1,1,3,positive,positive,,,applied,structural|AB|bind|_|verbal,structural|bind,bind,AB,verbal,,clause,DEP-bind,sources,targets,dobj,conj,obj,conj,asserted,directed,1,1,0,0,dependency
aimed,AIMed.d80.s683,stanza_craft+coref_de16d970_2:rel:2,1,4,positive,positive,,,applied,structural|AB|bind|_|verbal,structural|bind,bind,AB,verbal,,clause,DEP-bind,sources,targets,dobj,conj,obj,conj,asserted,directed,0,1,0,0,dependency
aimed,AIMed.d80.s683,stanza_craft+coref_de16d970_3:rel:0,2,6,negative,negative,,,not_applied,structural|AB|possess|_|verbal,structural|possess,possess,AB,verbal,,clause,DEP-possess,sources,targets,dobj,conj,obj,conj,negated,directed,0,1,0,0,dependency
aimed,AIMed.d80.s683,stanza_craft+coref_de16d970_3:rel:1,2,7,negative,negative,,,not_applied,structural|AB|possess|_|verbal,structural|possess,possess,AB,verbal,,clause,DEP-possess,sources,targets,dobj,conj,obj,conj,negated,directed,0,1,0,0,dependency
aimed,AIMed.d80.s683,stanza_craft+coref_de16d970_3:rel:2,2,8,negative,negative,,,not_applied,structural|AB|possess|_|verbal,structural|possess,possess,AB,verbal,,clause,DEP-possess,sources,targets,dobj,conj,obj,conj,negated,directed,0,1,0,0,dependency
aimed,AIMed.d80.s683,stanza_craft+coref_de16d970_3:rel:3,2,9,negative,negative,,,not_applied,structural|AB|possess|_|verbal,structural|possess,possess,AB,verbal,,clause,DEP-possess,sources,targets,dobj,conj,obj,conj,negated,directed,0,1,0,0,dependency
aimed,AIMed.d80.s683,stanza_craft+coref_de16d970_3:rel:4,3,6,negative,negative,,,not_applied,structural|AB|possess|_|verbal,structural|possess,possess,AB,verbal,,clause,DEP-possess,sources,targets,conj,conj,conj,conj,negated,directed,1,1,0,0,dependency
aimed,AIMed.d80.s683,stanza_craft+coref_de16d970_3:rel:5,3,7,negative,negative,,,not_applied,structural|AB|possess|_|verbal,structural|possess,possess,AB,verbal,,clause,DEP-possess,sources,targets,conj,conj,conj,conj,negated,directed,1,1,0,0,dependency
aimed,AIMed.d80.s683,stanza_craft+coref_de16d970_3:rel:6,3,8,negative,negative,,,not_applied,structural|AB|possess|_|verbal,structural|possess,possess,AB,verbal,,clause,DEP-possess,sources,targets,conj,conj,conj,conj,negated,directed,1,1,0,0,dependency
aimed,AIMed.d80.s683,stanza_craft+coref_de16d970_3:rel:7,3,9,negative,negative,,,not_applied,structural|AB|possess|_|verbal,structural|possess,possess,AB,verbal,,clause,DEP-possess,sources,targets,conj,conj,conj,conj,negated,directed,1,1,0,0,dependency
aimed,AIMed.d80.s683,stanza_craft+coref_de16d970_3:rel:8,4,6,negative,negative,,,not_applied,structural|AB|possess|_|verbal,structural|possess,possess,AB,verbal,,clause,DEP-possess,sources,targets,conj,conj,conj,conj,negated,directed,0,1,0,0,dependency
aimed,AIMed.d80.s683,stanza_craft+coref_de16d970_3:rel:9,4,7,negative,negative,,,not_applied,structural|AB|possess|_|verbal,structural|possess,possess,AB,verbal,,clause,DEP-possess,sources,targets,conj,conj,conj,conj,negated,directed,0,1,0,0,dependency
aimed,AIMed.d80.s683,stanza_craft+coref_de16d970_3:rel:10,4,8,negative,negative,,,not_applied,structural|AB|possess|_|verbal,structural|possess,possess,AB,verbal,,clause,DEP-possess,sources,targets,conj,conj,conj,conj,negated,directed,0,1,0,0,dependency
aimed,AIMed.d80.s683,stanza_craft+coref_de16d970_3:rel:11,4,9,negative,negative,,,not_applied,structural|AB|possess|_|verbal,structural|possess,possess,AB,verbal,,clause,DEP-possess,sources,targets,conj,conj,conj,conj,negated,directed,0,1,0,0,dependency
aimed,AIMed.d80.s683,stanza_craft+coref_de16d970_6:rel:0,3,5,negative,negative,,,review_only,relational|RELATIONAL|identity|_|verbal,relational|RELATIONAL|identity|_,,RELATIONAL,verbal,,appositive,DEP-LooseIdentityCandidate,entities_a,entities_b,conj,nmod,conj,nmod,asserted,relational,1,1,0,0,dependency
aimed,AIMed.d80.s683,stanza_craft+coref_de16d970_6:rel:1,4,5,negative,negative,,,review_only,relational|RELATIONAL|identity|_|verbal,relational|RELATIONAL|identity|_,,RELATIONAL,verbal,,appositive,DEP-LooseIdentityCandidate,entities_a,entities_b,conj,nmod,conj,nmod,asserted,relational,0,0,0,0,dependency
aimed,AIMed.d80.s685,stanza_craft+coref_c923849e_1:rel:0,0,2,positive,positive,,,applied,structural|AB|bind|_|verbal,structural|bind,bind,AB,verbal,,clause,DEP-bind,sources,targets,nmod:poss,dobj,nmod,obj,asserted,directed,0,0,0,0,dependency
aimed,AIMed.d80.s686,stanza_craft+coref_263860ed_2:rel:0,2,3,negative,negative,,,review_only,relational|RELATIONAL|identity|_|verbal,relational|RELATIONAL|identity|_,,RELATIONAL,verbal,,appositive,DEP-LooseIdentityCandidate,entities_a,entities_b,nmod,compound,obl,compound,asserted,relational,1,0,0,0,dependency
aimed,AIMed.d80.s687,stanza_craft+coref_059cbd93_1:rel:0,0,1,negative,positive,,,applied,structural|AB|play|in|verbal,structural|play,play,AB,verbal,in,clause,DEP-play,sources,targets,nsubj,nmod:in,nsubj,obl,asserted,directed,0,1,0,0,dependency
aimed,AIMed.d81.s688,stanza_craft+coref_edea5d37_3:rel:0,1,3,negative,negative,,,review_only,relational|RELATIONAL|is-a|_|verbal,relational|RELATIONAL|is-a|_,,RELATIONAL,verbal,,appositive,DEP-ParentheticalAlias,entities_a,entities_b,nmod,dep,obl,dep,asserted,relational,1,1,0,0,dependency
aimed,AIMed.d81.s688,stanza_craft+coref_edea5d37_3:rel:1,2,3,negative,negative,,,review_only,relational|RELATIONAL|is-a|_|verbal,relational|RELATIONAL|is-a|_,,RELATIONAL,verbal,,appositive,DEP-ParentheticalAlias,entities_a,entities_b,nmod,dep,obl,dep,asserted,relational,0,0,0,0,dependency
aimed,AIMed.d81.s689,stanza_craft+coref_dafb61c0_2:rel:0,0,2,negative,negative,,,review_only,relational|RELATIONAL|is-a|_|verbal,relational|RELATIONAL|is-a|_,,RELATIONAL,verbal,,appositive,DEP-ParentheticalAlias,entities_a,entities_b,dep,dep,dep,dep,asserted,relational,1,1,0,0,dependency
aimed,AIMed.d81.s689,stanza_craft+coref_dafb61c0_2:rel:1,1,2,negative,negative,,,review_only,relational|RELATIONAL|is-a|_|verbal,relational|RELATIONAL|is-a|_,,RELATIONAL,verbal,,appositive,DEP-ParentheticalAlias,entities_a,entities_b,dep,dep,dep,dep,asserted,relational,0,0,0,0,dependency
aimed,AIMed.d81.s690,stanza_craft+coref_932c7941_3:rel:0,1,2,negative,positive,,,applied,structural|AB|name|_|verbal,structural|name,name,AB,verbal,,clause,DEP-name,sources,targets,nmod,dobj,obl,obj,asserted,directed,0,1,0,0,dependency
aimed,AIMed.d81.s690,stanza_craft+coref_932c7941_3:rel:1,1,3,negative,positive,,,applied,structural|AB|name|for|verbal,structural|name,name,AB,verbal,for,clause,DEP-name,sources,targets,nmod,nmod:for,obl,obl,asserted,directed,0,1,0,0,dependency
aimed,AIMed.d81.s690,stanza_craft+coref_932c7941_3:rel:2,2,3,negative,positive,,,applied,structural|AB|name|for|verbal,structural|name,name,AB,verbal,for,clause,DEP-name,sources,targets,conj,nmod:for,conj,obl,asserted,directed,0,1,0,0,dependency
aimed,AIMed.d81.s690,stanza_craft+coref_932c7941_4:rel:0,0,1,positive,negative,,,review_only,relational|RELATIONAL|domain|_|verbal,relational|RELATIONAL|domain|_,domain,RELATIONAL,verbal,,appositive,DEP-NominalAlias,entities_a,entities_b,nmod,nmod,obl,nmod,asserted,relational,0,1,0,0,dependency
aimed,AIMed.d81.s691,stanza_craft+coref_7d4aee79_0:rel:0,0,1,negative,positive,,,applied,structural|AB|interact|with|verbal,structural|interact,interact,AB,verbal,with,clause,DEP-interact,sources,targets,nsubj,nmod:with,nsubj,obl,asserted,directed,1,1,0,0,dependency
aimed,AIMed.d81.s691,stanza_craft+coref_7d4aee79_0:rel:1,0,2,positive,positive,,,applied,structural|AB|interact|with|verbal,structural|interact,interact,AB,verbal,with,clause,DEP-interact,sources,targets,nsubj,nmod:with,nsubj,obl,asserted,directed,1,1,0,0,dependency
aimed,AIMed.d83.s704,stanza_craft+coref_83ee0b3a_1:rel:0,0,2,positive,positive,,,applied,structural|AB|interact|with|nominalized,structural|interact,interact,AB,nominalized,with,clause,DEP-interaction-nestedinner-directed,sources,targets,nmod:of,nmod:with,nmod,nmod,asserted,directed,0,0,0,1,dependency
aimed,AIMed.d83.s704,stanza_craft+coref_83ee0b3a_1:rel:1,0,3,negative,negative,,,not_selected,structural|AB|interact|with|nominalized,structural|interact,interact,AB,nominalized,with,clause,DEP-interaction-nestedinner-directed,sources,targets,nmod:of,nmod:with,nmod,conj,negated,directed,0,1,0,1,dependency
aimed,AIMed.d83.s704,stanza_craft+coref_83ee0b3a_1:rel:2,0,4,negative,negative,,,not_selected,structural|AB|interact|with|nominalized,structural|interact,interact,AB,nominalized,with,clause,DEP-interaction-nestedinner-directed,sources,targets,nmod:of,nmod:with,nmod,conj,negated,directed,0,1,0,1,dependency
aimed,AIMed.d83.s704,stanza_craft+coref_83ee0b3a_3:rel:0,3,4,negative,negative,,,review_only,relational|RELATIONAL|is-a|_|verbal,relational|RELATIONAL|is-a|_,,RELATIONAL,verbal,,appositive,DEP-Apposition,entities_a,entities_b,conj,appos,conj,appos,negated,relational,0,1,0,0,dependency
aimed,AIMed.d83.s704,stanza_craft+coref_83ee0b3a_4:rel:0,0,1,negative,negative,,,review_only,relational|RELATIONAL|is-a|_|verbal,relational|RELATIONAL|is-a|_,,RELATIONAL,verbal,,appositive,DEP-ParentheticalAlias,entities_a,entities_b,nmod,dep,nmod,dep,asserted,relational,0,0,0,0,dependency
aimed,AIMed.d84.s711,stanza_craft+coref_b75b8b8a_0:rel:0,0,3,negative,positive,,,applied,structural|AB|evidence|with|nominalized,structural|evidence,evidence,AB,nominalized,with,event_nominal,DEP-nom-evidence,sources,targets,nmod:for,nmod:with,nmod,nmod,asserted,directed,1,1,0,1,dependency
aimed,AIMed.d84.s711,stanza_craft+coref_b75b8b8a_0:rel:1,0,4,negative,positive,,,applied,structural|AB|evidence|with|nominalized,structural|evidence,evidence,AB,nominalized,with,event_nominal,DEP-nom-evidence,sources,targets,nmod:for,nmod:with,nmod,nmod,asserted,directed,0,0,0,1,dependency
aimed,AIMed.d84.s711,stanza_craft+coref_b75b8b8a_0:rel:2,1,3,negative,positive,,,applied,structural|AB|evidence|with|nominalized,structural|evidence,evidence,AB,nominalized,with,event_nominal,DEP-nom-evidence,sources,targets,nmod:for,nmod:with,conj,nmod,asserted,directed,1,1,0,1,dependency
aimed,AIMed.d84.s711,stanza_craft+coref_b75b8b8a_0:rel:3,1,4,positive,positive,,,applied,structural|AB|evidence|with|nominalized,structural|evidence,evidence,AB,nominalized,with,event_nominal,DEP-nom-evidence,sources,targets,nmod:for,nmod:with,conj,nmod,asserted,directed,0,0,0,1,dependency
aimed,AIMed.d84.s711,stanza_craft+coref_b75b8b8a_0:rel:4,2,3,negative,positive,,,applied,structural|AB|evidence|with|nominalized,structural|evidence,evidence,AB,nominalized,with,event_nominal,DEP-nom-evidence,sources,targets,nmod:for,nmod:with,dep,nmod,asserted,directed,1,1,0,1,dependency
aimed,AIMed.d84.s711,stanza_craft+coref_b75b8b8a_0:rel:5,2,4,positive,positive,,,applied,structural|AB|evidence|with|nominalized,structural|evidence,evidence,AB,nominalized,with,event_nominal,DEP-nom-evidence,sources,targets,nmod:for,nmod:with,dep,nmod,asserted,directed,0,0,0,1,dependency
aimed,AIMed.d84.s711,stanza_craft+coref_b75b8b8a_1:rel:0,0,1,negative,positive,,,applied,structural|AA|interact|of|nominalized,structural|interact,interact,AA,nominalized,of,event_nominal,DEP-nom-interaction-undirected,participants,participants,nmod:of,nmod:of,nmod,conj,asserted,undirected,0,0,0,1,dependency
aimed,AIMed.d84.s711,stanza_craft+coref_b75b8b8a_2:rel:0,3,5,negative,negative,,,review_only,relational|RELATIONAL|is-a|_|verbal,relational|RELATIONAL|is-a|_,,RELATIONAL,verbal,,appositive,DEP-Apposition,entities_a,entities_b,nmod,dep,nmod,dep,asserted,relational,1,1,0,0,dependency
aimed,AIMed.d84.s711,stanza_craft+coref_b75b8b8a_2:rel:1,4,5,negative,negative,,,review_only,relational|RELATIONAL|is-a|_|verbal,relational|RELATIONAL|is-a|_,,RELATIONAL,verbal,,appositive,DEP-Apposition,entities_a,entities_b,nmod,dep,nmod,dep,asserted,relational,0,0,0,0,dependency
aimed,AIMed.d84.s711,stanza_craft+coref_b75b8b8a_3:rel:0,1,2,negative,positive,,,review_only,relational|RELATIONAL|is-a|_|verbal,relational|RELATIONAL|is-a|_,,RELATIONAL,verbal,,appositive,DEP-ParentheticalAlias,entities_a,entities_b,conj,dep,conj,dep,asserted,relational,0,0,0,0,dependency
aimed,AIMed.d84.s712,stanza_craft+coref_cbfda880_2:rel:0,0,5,negative,positive,,,applied,structural|AB|interact|with|nominalized,structural|interact,interact,AB,nominalized,with,clause,DEP-interaction-nestedinner-directed,sources,targets,nmod:of,nmod:with,nmod,obl,asserted,directed,1,1,0,1,dependency
aimed,AIMed.d84.s712,stanza_craft+coref_cbfda880_2:rel:1,0,7,negative,positive,,,applied,structural|AB|interact|with|nominalized,structural|interact,interact,AB,nominalized,with,clause,DEP-interaction-nestedinner-directed,sources,targets,nmod:of,nmod:with,nmod,obl,asserted,directed,1,1,0,1,dependency
aimed,AIMed.d84.s712,stanza_craft+coref_cbfda880_2:rel:2,1,5,positive,positive,,,applied,structural|AB|interact|with|nominalized,structural|interact,interact,AB,nominalized,with,clause,DEP-interaction-nestedinner-directed,sources,targets,nmod:of,nmod:with,nmod,obl,asserted,directed,0,1,0,1,dependency
aimed,AIMed.d84.s712,stanza_craft+coref_cbfda880_2:rel:3,1,7,positive,positive,,,applied,structural|AB|interact|with|nominalized,structural|interact,interact,AB,nominalized,with,clause,DEP-interaction-nestedinner-directed,sources,targets,nmod:of,nmod:with,nmod,obl,asserted,directed,0,1,0,1,dependency
aimed,AIMed.d84.s712,stanza_craft+coref_cbfda880_2:rel:4,0,3,negative,positive,,,applied,structural|AB|interact|_|nominalized,structural|interact,interact,AB,nominalized,,clause,DEP-interaction-nestedinner-directed,sources,targets,nmod:of,nmod:,nmod,conj,asserted,directed,1,1,0,1,dependency
aimed,AIMed.d84.s712,stanza_craft+coref_cbfda880_2:rel:5,1,3,negative,positive,,,applied,structural|AB|interact|_|nominalized,structural|interact,interact,AB,nominalized,,clause,DEP-interaction-nestedinner-directed,sources,targets,nmod:of,nmod:,nmod,conj,asserted,directed,0,0,0,1,dependency
aimed,AIMed.d84.s712,stanza_craft+coref_cbfda880_2:rel:6,3,5,positive,positive,,,applied,structural|AB|interact|with|nominalized,structural|interact,interact,AB,nominalized,with,clause,DEP-interaction-nestedinner-directed,sources,targets,nmod:of,nmod:with,conj,obl,asserted,directed,0,1,0,1,dependency
aimed,AIMed.d84.s712,stanza_craft+coref_cbfda880_2:rel:7,3,7,positive,positive,,,applied,structural|AB|interact|with|nominalized,structural|interact,interact,AB,nominalized,with,clause,DEP-interaction-nestedinner-directed,sources,targets,nmod:of,nmod:with,conj,obl,asserted,directed,0,1,0,1,dependency
aimed,AIMed.d84.s712,stanza_craft+coref_cbfda880_5:rel:0,0,2,negative,negative,,,review_only,relational|RELATIONAL|is-a|_|verbal,relational|RELATIONAL|is-a|_,,RELATIONAL,verbal,,appositive,DEP-ParentheticalAlias,entities_a,entities_b,nmod,dep,nmod,dep,asserted,relational,1,1,0,0,dependency
aimed,AIMed.d84.s712,stanza_craft+coref_cbfda880_5:rel:1,1,2,negative,negative,,,review_only,relational|RELATIONAL|is-a|_|verbal,relational|RELATIONAL|is-a|_,,RELATIONAL,verbal,,appositive,DEP-ParentheticalAlias,entities_a,entities_b,nmod,dep,nmod,dep,asserted,relational,0,0,0,0,dependency
aimed,AIMed.d84.s712,stanza_craft+coref_cbfda880_6:rel:0,3,4,negative,positive,,,review_only,relational|RELATIONAL|is-a|_|verbal,relational|RELATIONAL|is-a|_,,RELATIONAL,verbal,,appositive,DEP-ParentheticalAlias,entities_a,entities_b,conj,dep,conj,dep,asserted,relational,0,0,0,0,dependency
aimed,AIMed.d84.s712,stanza_craft+coref_cbfda880_7:rel:0,6,8,negative,negative,,,review_only,relational|RELATIONAL|is-a|_|verbal,relational|RELATIONAL|is-a|_,,RELATIONAL,verbal,,appositive,DEP-ParentheticalAlias,entities_a,entities_b,conj,dep,conj,dep,asserted,relational,1,1,0,0,dependency
aimed,AIMed.d84.s712,stanza_craft+coref_cbfda880_7:rel:1,7,8,negative,negative,,,review_only,relational|RELATIONAL|is-a|_|verbal,relational|RELATIONAL|is-a|_,,RELATIONAL,verbal,,appositive,DEP-ParentheticalAlias,entities_a,entities_b,conj,dep,conj,dep,asserted,relational,0,0,0,0,dependency
aimed,AIMed.d84.s714,stanza_craft+coref_6d29f8b8_2:rel:0,3,5,positive,positive,,,applied,structural|AB|bind|to|verbal,structural|bind,bind,AB,verbal,to,clause,DEP-bind,sources,targets,nsubj,nmod:to,nsubj,obl,asserted,directed,0,0,0,0,dependency
aimed,AIMed.d84.s714,stanza_craft+coref_6d29f8b8_2:rel:1,4,5,positive,positive,,,applied,structural|AB|bind|to|verbal,structural|bind,bind,AB,verbal,to,clause,DEP-bind,sources,targets,conj,nmod:to,conj,obl,asserted,directed,0,0,0,0,dependency
aimed,AIMed.d84.s714,stanza_craft+coref_6d29f8b8_3:rel:0,7,8,positive,positive,,,applied,structural|AB|bind|to|verbal,structural|bind,bind,AB,verbal,to,clause,DEP-bind,sources,targets,nsubj,nmod:to,nsubj,obl,asserted,directed,0,1,0,0,dependency
aimed,AIMed.d84.s714,stanza_craft+coref_6d29f8b8_4:rel:0,10,11,negative,negative,,,not_applied,structural|AA|associate|with|nominalized,structural|associate,associate,AA,nominalized,with,clause,DEP-association-nestedinner,participants,participants,nmod:with,nmod:with,nmod,conj,asserted,undirected,0,0,0,1,dependency
aimed,AIMed.d84.s714,stanza_craft+coref_6d29f8b8_6:rel:0,1,2,negative,positive,,,applied,structural|AA|interact|with|nominalized,structural|interact,interact,AA,nominalized,with,event_nominal,DEP-nom-interaction-undirected,participants,participants,nmod:with,nmod:with,nmod,conj,asserted,undirected,0,0,0,1,dependency
aimed,AIMed.d84.s715,stanza_craft+coref_a03a3759_2:rel:0,2,3,negative,negative,,,not_applied,structural|AA|interplay|with|nominalized,structural|interplay,interplay,AA,nominalized,with,clause,DEP-interplay-nestedinner,participants,participants,nmod:with,conj,nmod,conj,asserted,undirected,0,1,0,1,dependency
aimed,AIMed.d84.s715,stanza_craft+coref_a03a3759_4:rel:0,4,5,positive,positive,,,applied,structural|AB|interact|with|verbal,structural|interact,interact,AB,verbal,with,clause,DEP-interact,sources,targets,nsubj,nmod:with,nsubj,obl,asserted,directed,0,0,0,0,dependency
aimed,AIMed.d84.s715,stanza_craft+coref_a03a3759_5:rel:0,2,3,negative,negative,,,review_only,relational|RELATIONAL|is-a|_|verbal,relational|RELATIONAL|is-a|_,,RELATIONAL,verbal,,appositive,DEP-Apposition,entities_a,entities_b,nmod,appos,nmod,appos,asserted,relational,0,1,0,0,dependency
aimed,AIMed.d85.s717,stanza_craft+coref_55b81388_0:rel:0,0,1,positive,positive,,,applied,structural|AB|associate|with|verbal,structural|associate,associate,AB,verbal,with,clause,DEP-associate,sources,targets,nsubj,nmod:with,nsubj,obl,asserted,directed,0,0,0,0,dependency
aimed,AIMed.d85.s718,stanza_craft+coref_d3bbf754_2:rel:0,1,2,negative,negative,,,review_only,relational|RELATIONAL|is-a|_|verbal,relational|RELATIONAL|is-a|_,,RELATIONAL,verbal,,appositive,DEP-ParentheticalAlias,entities_a,entities_b,nmod,dep,nmod,dep,asserted,relational,0,0,0,0,dependency
aimed,AIMed.d85.s723,stanza_craft+coref_9beaaaed_0:rel:0,0,1,positive,positive,,,applied,structural|AB|implicate|in|passive,structural|implicate,implicate,AB,passive,in,clause,DEP-implicate-passive,sources,targets,nsubjpass,nmod:in,nsubj:pass,obl,asserted,directed,1,1,0,0,dependency
aimed,AIMed.d87.s733,stanza_craft+coref_59ed0089_2:rel:0,0,2,negative,positive,,,applied,structural|AB|interact|with|nominalized,structural|interact,interact,AB,nominalized,with,event_nominal,DEP-nom-interaction,sources,targets,nmod:of,nmod:with,compound,compound,asserted,directed,1,0,0,1,dependency
aimed,AIMed.d87.s733,stanza_craft+coref_59ed0089_2:rel:1,0,3,negative,positive,,,applied,structural|AB|interact|with|nominalized,structural|interact,interact,AB,nominalized,with,event_nominal,DEP-nom-interaction,sources,targets,nmod:of,nmod:with,compound,conj,asserted,directed,1,0,0,1,dependency
aimed,AIMed.d87.s733,stanza_craft+coref_59ed0089_2:rel:2,1,2,negative,positive,,,applied,structural|AB|interact|with|nominalized,structural|interact,interact,AB,nominalized,with,event_nominal,DEP-nom-interaction,sources,targets,nmod:of,nmod:with,nmod,compound,asserted,directed,1,0,0,1,dependency
aimed,AIMed.d87.s733,stanza_craft+coref_59ed0089_2:rel:3,1,3,negative,positive,,,applied,structural|AB|interact|with|nominalized,structural|interact,interact,AB,nominalized,with,event_nominal,DEP-nom-interaction,sources,targets,nmod:of,nmod:with,nmod,conj,asserted,directed,0,0,0,1,dependency
aimed,AIMed.d87.s734,stanza_craft+coref_123781f5_0:rel:0,0,2,negative,positive,,,applied,structural|AB|interact|with|nominalized,structural|interact,interact,AB,nominalized,with,clause,DEP-interaction-nestedinner-directed,sources,targets,nmod:of,nmod:with,nmod,nmod,asserted,directed,1,1,0,1,dependency
aimed,AIMed.d87.s734,stanza_craft+coref_123781f5_0:rel:1,0,3,negative,positive,,,applied,structural|AB|interact|with|nominalized,structural|interact,interact,AB,nominalized,with,clause,DEP-interaction-nestedinner-directed,sources,targets,nmod:of,nmod:with,nmod,nmod,asserted,directed,1,1,0,1,dependency
aimed,AIMed.d87.s734,stanza_craft+coref_123781f5_0:rel:2,1,2,negative,positive,,,applied,structural|AB|interact|with|nominalized,structural|interact,interact,AB,nominalized,with,clause,DEP-interaction-nestedinner-directed,sources,targets,nmod:of,nmod:with,nmod,nmod,asserted,directed,1,1,0,1,dependency
aimed,AIMed.d87.s734,stanza_craft+coref_123781f5_0:rel:3,1,3,positive,positive,,,applied,structural|AB|interact|with|nominalized,structural|interact,interact,AB,nominalized,with,clause,DEP-interaction-nestedinner-directed,sources,targets,nmod:of,nmod:with,nmod,nmod,asserted,directed,0,1,0,1,dependency
aimed,AIMed.d87.s734,stanza_craft+coref_123781f5_0:rel:4,0,5,negative,positive,,,applied,structural|AB|interact|with|nominalized,structural|interact,interact,AB,nominalized,with,clause,DEP-interaction-nestedinner-directed,sources,targets,nmod:of,nmod:with,nmod,conj,asserted,directed,1,1,0,1,dependency
aimed,AIMed.d87.s734,stanza_craft+coref_123781f5_0:rel:5,0,6,negative,positive,,,applied,structural|AB|interact|with|nominalized,structural|interact,interact,AB,nominalized,with,clause,DEP-interaction-nestedinner-directed,sources,targets,nmod:of,nmod:with,nmod,conj,asserted,directed,1,1,0,1,dependency
aimed,AIMed.d87.s734,stanza_craft+coref_123781f5_0:rel:6,1,5,negative,positive,,,applied,structural|AB|interact|with|nominalized,structural|interact,interact,AB,nominalized,with,clause,DEP-interaction-nestedinner-directed,sources,targets,nmod:of,nmod:with,nmod,conj,asserted,directed,1,1,0,1,dependency
aimed,AIMed.d87.s734,stanza_craft+coref_123781f5_0:rel:7,1,6,positive,positive,,,applied,structural|AB|interact|with|nominalized,structural|interact,interact,AB,nominalized,with,clause,DEP-interaction-nestedinner-directed,sources,targets,nmod:of,nmod:with,nmod,conj,asserted,directed,0,1,0,1,dependency
aimed,AIMed.d87.s734,stanza_craft+coref_123781f5_4:rel:0,2,4,negative,negative,,,review_only,relational|RELATIONAL|is-a|_|verbal,relational|RELATIONAL|is-a|_,,RELATIONAL,verbal,,appositive,DEP-ParentheticalAlias,entities_a,entities_b,nmod,dep,nmod,dep,asserted,relational,1,1,0,0,dependency
aimed,AIMed.d87.s734,stanza_craft+coref_123781f5_4:rel:1,3,4,negative,negative,,,review_only,relational|RELATIONAL|is-a|_|verbal,relational|RELATIONAL|is-a|_,,RELATIONAL,verbal,,appositive,DEP-ParentheticalAlias,entities_a,entities_b,nmod,dep,nmod,dep,asserted,relational,0,0,0,0,dependency
aimed,AIMed.d87.s734,stanza_craft+coref_123781f5_5:rel:0,5,7,negative,negative,,,review_only,relational|RELATIONAL|is-a|_|verbal,relational|RELATIONAL|is-a|_,,RELATIONAL,verbal,,appositive,DEP-ParentheticalAlias,entities_a,entities_b,conj,dep,conj,dep,asserted,relational,1,1,0,0,dependency
aimed,AIMed.d87.s734,stanza_craft+coref_123781f5_5:rel:1,6,7,negative,negative,,,review_only,relational|RELATIONAL|is-a|_|verbal,relational|RELATIONAL|is-a|_,,RELATIONAL,verbal,,appositive,DEP-ParentheticalAlias,entities_a,entities_b,conj,dep,conj,dep,asserted,relational,0,0,0,0,dependency
aimed,AIMed.d87.s736,stanza_craft+coref_7201a1b5_1:rel:0,0,1,negative,positive,,,applied,structural|AB|interact|with|verbal,structural|interact,interact,AB,verbal,with,clause,DEP-interact,sources,targets,nsubj,nmod:with,nsubj,obl,asserted,directed,1,1,0,0,dependency
aimed,AIMed.d87.s736,stanza_craft+coref_7201a1b5_1:rel:1,0,2,positive,positive,,,applied,structural|AB|interact|with|verbal,structural|interact,interact,AB,verbal,with,clause,DEP-interact,sources,targets,nsubj,nmod:with,nsubj,obl,asserted,directed,1,1,0,0,dependency
aimed,AIMed.d87.s736,stanza_craft+coref_7201a1b5_1:rel:2,0,3,negative,positive,,,applied,structural|AB|interact|with|verbal,structural|interact,interact,AB,verbal,with,clause,DEP-interact,sources,targets,nsubj,nmod:with,nsubj,obl,asserted,directed,0,1,0,0,dependency
aimed,AIMed.d87.s736,stanza_craft+coref_7201a1b5_1:rel:3,0,4,positive,positive,,,applied,structural|AB|interact|with|verbal,structural|interact,interact,AB,verbal,with,clause,DEP-interact,sources,targets,nsubj,nmod:with,nsubj,obl,asserted,directed,0,0,0,0,dependency
aimed,AIMed.d87.s737,stanza_craft+coref_8158af27_2:rel:0,0,1,positive,positive,,,applied,structural|AB|interact|with|nominalized,structural|interact,interact,AB,nominalized,with,event_nominal,DEP-nom-interaction-subject,sources,targets,nmod:of,nmod:with,nmod,nmod,asserted,directed,0,0,0,1,dependency
aimed,AIMed.d87.s737,stanza_craft+coref_8158af27_2:rel:1,0,3,negative,positive,,,applied,structural|AB|interact|with|nominalized,structural|interact,interact,AB,nominalized,with,event_nominal,DEP-nom-interaction-subject,sources,targets,nmod:of,nmod:with,nmod,conj,asserted,directed,0,0,0,1,dependency
aimed,AIMed.d87.s737,stanza_craft+coref_8158af27_2:rel:2,0,4,positive,positive,,,applied,structural|AB|interact|with|nominalized,structural|interact,interact,AB,nominalized,with,event_nominal,DEP-nom-interaction-subject,sources,targets,nmod:of,nmod:with,nmod,conj,asserted,directed,0,0,0,1,dependency
aimed,AIMed.d87.s737,stanza_craft+coref_8158af27_3:rel:0,1,2,negative,negative,,,review_only,relational|RELATIONAL|is-a|_|verbal,relational|RELATIONAL|is-a|_,,RELATIONAL,verbal,,appositive,DEP-ParentheticalAlias,entities_a,entities_b,nmod,dep,nmod,dep,asserted,relational,0,0,0,0,dependency
aimed,AIMed.d87.s737,stanza_craft+coref_8158af27_4:rel:0,4,5,negative,negative,,,review_only,relational|RELATIONAL|is-a|_|verbal,relational|RELATIONAL|is-a|_,,RELATIONAL,verbal,,appositive,DEP-ParentheticalAlias,entities_a,entities_b,conj,dep,conj,dep,asserted,relational,0,0,0,0,dependency
aimed,AIMed.d87.s739,stanza_craft+coref_799e3ed7_0:rel:0,0,3,positive,positive,,,applied,structural|AB|compare|to|verbal,structural|compare,compare,AB,verbal,to,clause,DEP-compare,sources,targets,nsubj,nmod:to,nsubj,obl,asserted,directed,0,1,0,0,dependency
aimed,AIMed.d87.s739,stanza_craft+coref_799e3ed7_0:rel:1,1,3,negative,positive,,,applied,structural|AB|compare|to|verbal,structural|compare,compare,AB,verbal,to,clause,DEP-compare,sources,targets,nsubj,nmod:to,nsubj,obl,asserted,directed,0,1,0,0,dependency
aimed,AIMed.d87.s739,stanza_craft+coref_799e3ed7_0:rel:2,2,3,negative,positive,,,applied,structural|AB|compare|to|verbal,structural|compare,compare,AB,verbal,to,clause,DEP-compare,sources,targets,nsubj,nmod:to,nsubj,obl,asserted,directed,0,1,0,0,dependency
aimed,AIMed.d87.s739,stanza_craft+coref_799e3ed7_2:rel:0,0,1,positive,positive,,,applied,structural|AB|interact|with|nominalized,structural|interact,interact,AB,nominalized,with,event_nominal,DEP-nom-interaction,sources,targets,nmod:of,nmod:with,nmod,nmod,asserted,directed,0,0,0,1,dependency
aimed,AIMed.d87.s739,stanza_craft+coref_799e3ed7_3:rel:0,1,2,negative,negative,,,review_only,relational|RELATIONAL|is-a|_|verbal,relational|RELATIONAL|is-a|_,,RELATIONAL,verbal,,appositive,DEP-ParentheticalAlias,entities_a,entities_b,nmod,dep,nmod,dep,asserted,relational,0,0,0,0,dependency
aimed,AIMed.d87.s740,stanza_craft+coref_d7b95e0a_0:rel:0,0,3,positive,positive,,,applied,structural|AB|compare|to|verbal,structural|compare,compare,AB,verbal,to,clause,DEP-compare,sources,targets,nsubj,nmod:to,nsubj,obl,asserted,directed,1,1,0,0,dependency
aimed,AIMed.d87.s740,stanza_craft+coref_d7b95e0a_0:rel:1,1,3,negative,positive,,,applied,structural|AB|compare|to|verbal,structural|compare,compare,AB,verbal,to,clause,DEP-compare,sources,targets,nsubj,nmod:to,nsubj,obl,asserted,directed,0,1,0,0,dependency
aimed,AIMed.d87.s740,stanza_craft+coref_d7b95e0a_0:rel:2,2,3,negative,positive,,,applied,structural|AB|compare|to|verbal,structural|compare,compare,AB,verbal,to,clause,DEP-compare,sources,targets,nsubj,nmod:to,nsubj,obl,asserted,directed,0,1,0,0,dependency
aimed,AIMed.d87.s740,stanza_craft+coref_d7b95e0a_1:rel:0,0,1,negative,negative,,,not_applied,structural|AA|activate|with|nominalized,structural|activate,activate,AA,nominalized,with,clause,DEP-activation-nestedinner,participants,participants,nmod:with,nmod:with,nmod,nmod,asserted,undirected,1,1,0,1,dependency
aimed,AIMed.d87.s740,stanza_craft+coref_d7b95e0a_1:rel:1,0,2,positive,negative,,,not_applied,structural|AA|activate|with|nominalized,structural|activate,activate,AA,nominalized,with,clause,DEP-activation-nestedinner,participants,participants,nmod:with,nmod:with,nmod,nmod,asserted,undirected,1,1,0,1,dependency
aimed,AIMed.d87.s740,stanza_craft+coref_d7b95e0a_1:rel:2,1,2,negative,negative,,,not_applied,structural|AA|activate|with|nominalized,structural|activate,activate,AA,nominalized,with,clause,DEP-activation-nestedinner,participants,participants,nmod:with,nmod:with,nmod,nmod,asserted,undirected,0,1,0,1,dependency
aimed,AIMed.d87.s740,stanza_craft+coref_d7b95e0a_2:rel:0,0,4,negative,negative,,,not_applied,structural|NESTED|increase|_|nested,structural|NESTED|increase|_,increase,NESTED,nested,,clause,DEP-increase-passive-nested,outer_arguments,targets:event_ref:stanza_craft+coref_d7b95e0a_1,nmod:for,nmod:with,obl,nmod,asserted,nested_review,1,1,0,0,dependency
aimed,AIMed.d87.s740,stanza_craft+coref_d7b95e0a_2:rel:1,1,4,negative,negative,,,not_applied,structural|NESTED|increase|_|nested,structural|NESTED|increase|_,increase,NESTED,nested,,clause,DEP-increase-passive-nested,outer_arguments,targets:event_ref:stanza_craft+coref_d7b95e0a_1,nmod:for,nmod:with,obl,nmod,asserted,nested_review,1,1,0,0,dependency
aimed,AIMed.d87.s740,stanza_craft+coref_d7b95e0a_2:rel:2,2,4,negative,negative,,,not_applied,structural|NESTED|increase|_|nested,structural|NESTED|increase|_,increase,NESTED,nested,,clause,DEP-increase-passive-nested,outer_arguments,targets:event_ref:stanza_craft+coref_d7b95e0a_1,nmod:for,nmod:with,obl,nmod,asserted,nested_review,1,1,0,0,dependency
aimed,AIMed.d87.s740,stanza_craft+coref_d7b95e0a_2:rel:3,0,5,positive,negative,,,not_applied,structural|NESTED|increase|_|nested,structural|NESTED|increase|_,increase,NESTED,nested,,clause,DEP-increase-passive-nested,outer_arguments,targets:event_ref:stanza_craft+coref_d7b95e0a_1,nmod:for,nmod:with,obl,nmod,asserted,nested_review,1,1,0,0,dependency
aimed,AIMed.d87.s740,stanza_craft+coref_d7b95e0a_2:rel:4,1,5,negative,negative,,,not_applied,structural|NESTED|increase|_|nested,structural|NESTED|increase|_,increase,NESTED,nested,,clause,DEP-increase-passive-nested,outer_arguments,targets:event_ref:stanza_craft+coref_d7b95e0a_1,nmod:for,nmod:with,obl,nmod,asserted,nested_review,0,1,0,0,dependency
aimed,AIMed.d87.s740,stanza_craft+coref_d7b95e0a_2:rel:5,2,5,negative,negative,,,not_applied,structural|NESTED|increase|_|nested,structural|NESTED|increase|_,increase,NESTED,nested,,clause,DEP-increase-passive-nested,outer_arguments,targets:event_ref:stanza_craft+coref_d7b95e0a_1,nmod:for,nmod:with,obl,nmod,asserted,nested_review,0,0,0,0,dependency
aimed,AIMed.d87.s740,stanza_craft+coref_d7b95e0a_2:rel:6,0,4,negative,negative,,,not_applied,structural|NESTED|increase|_|nested,structural|NESTED|increase|_,increase,NESTED,nested,,clause,DEP-increase-passive-nested,outer_arguments,targets:event_ref:stanza_craft+coref_d7b95e0a_1,nmod:for,nmod:with,obl,nmod,asserted,nested_review,1,1,0,0,dependency
aimed,AIMed.d87.s740,stanza_craft+coref_d7b95e0a_2:rel:7,1,4,negative,negative,,,not_applied,structural|NESTED|increase|_|nested,structural|NESTED|increase|_,increase,NESTED,nested,,clause,DEP-increase-passive-nested,outer_arguments,targets:event_ref:stanza_craft+coref_d7b95e0a_1,nmod:for,nmod:with,obl,nmod,asserted,nested_review,1,1,0,0,dependency
aimed,AIMed.d87.s740,stanza_craft+coref_d7b95e0a_2:rel:8,2,4,negative,negative,,,not_applied,structural|NESTED|increase|_|nested,structural|NESTED|increase|_,increase,NESTED,nested,,clause,DEP-increase-passive-nested,outer_arguments,targets:event_ref:stanza_craft+coref_d7b95e0a_1,nmod:for,nmod:with,obl,nmod,asserted,nested_review,1,1,0,0,dependency
aimed,AIMed.d87.s740,stanza_craft+coref_d7b95e0a_2:rel:9,0,5,positive,negative,,,not_applied,structural|NESTED|increase|_|nested,structural|NESTED|increase|_,increase,NESTED,nested,,clause,DEP-increase-passive-nested,outer_arguments,targets:event_ref:stanza_craft+coref_d7b95e0a_1,nmod:for,nmod:with,obl,nmod,asserted,nested_review,1,1,0,0,dependency
aimed,AIMed.d87.s740,stanza_craft+coref_d7b95e0a_2:rel:10,1,5,negative,negative,,,not_applied,structural|NESTED|increase|_|nested,structural|NESTED|increase|_,increase,NESTED,nested,,clause,DEP-increase-passive-nested,outer_arguments,targets:event_ref:stanza_craft+coref_d7b95e0a_1,nmod:for,nmod:with,obl,nmod,asserted,nested_review,0,1,0,0,dependency
aimed,AIMed.d87.s740,stanza_craft+coref_d7b95e0a_2:rel:11,2,5,negative,negative,,,not_applied,structural|NESTED|increase|_|nested,structural|NESTED|increase|_,increase,NESTED,nested,,clause,DEP-increase-passive-nested,outer_arguments,targets:event_ref:stanza_craft+coref_d7b95e0a_1,nmod:for,nmod:with,obl,nmod,asserted,nested_review,0,0,0,0,dependency
aimed,AIMed.d87.s740,stanza_craft+coref_d7b95e0a_2:rel:12,1,4,negative,negative,,,not_applied,structural|NESTED|increase|_|nested,structural|NESTED|increase|_,increase,NESTED,nested,,clause,DEP-increase-passive-nested,outer_arguments,targets:event_ref:stanza_craft+coref_d7b95e0a_1,nmod:for,conj,obl,conj,asserted,nested_review,1,1,0,0,dependency
aimed,AIMed.d87.s740,stanza_craft+coref_d7b95e0a_2:rel:13,1,5,negative,negative,,,not_applied,structural|NESTED|increase|_|nested,structural|NESTED|increase|_,increase,NESTED,nested,,clause,DEP-increase-passive-nested,outer_arguments,targets:event_ref:stanza_craft+coref_d7b95e0a_1,nmod:for,conj,obl,conj,asserted,nested_review,0,0,0,0,dependency
aimed,AIMed.d87.s741,stanza_craft+coref_88d36c09_1:rel:0,0,1,positive,positive,,,applied,structural|AB|exert|on|verbal,structural|exert,exert,AB,verbal,on,clause,DEP-exert,sources,targets,nsubj,nmod:on,nsubj,obl,asserted,directed,0,1,0,0,dependency
aimed,AIMed.d87.s741,stanza_craft+coref_88d36c09_2:rel:0,0,2,negative,positive,,,applied,structural|AB|provide|_|verbal,structural|provide,provide,AB,verbal,,clause,DEP-provide,sources,targets,nsubj,dobj,nsubj,obj,asserted,directed,1,1,0,0,dependency
aimed,AIMed.d88.s742,stanza_craft+coref_6ed8192e_0:rel:0,0,1,positive,positive,,,applied,structural|AB|interact|with|nominalized,structural|interact,interact,AB,nominalized,with,event_nominal,DEP-nom-interaction,sources,targets,nmod:of,nmod:with,dep,nmod,asserted,directed,0,0,0,1,dependency
aimed,AIMed.d88.s749,stanza_craft+coref_a7076794_0:rel:0,0,1,positive,positive,,,applied,structural|AA|specificity|between|nominalized,structural|specificity,specificity,AA,nominalized,between,clause,DEP-specificity-nestedinner,participants,participants,nmod:between,nmod:between,nmod,conj,asserted,undirected,0,0,0,1,dependency
aimed,AIMed.d88.s750,stanza_craft+coref_d64c909f_0:rel:0,0,2,negative,positive,,,applied,structural|AB|increase|_|verbal,structural|increase,increase,AB,verbal,,clause,DEP-increase,sources,targets,nsubj,dobj,nsubj,obj,asserted,directed,1,1,0,0,dependency
aimed,AIMed.d88.s750,stanza_craft+coref_d64c909f_0:rel:1,1,2,negative,positive,,,applied,structural|AB|increase|_|verbal,structural|increase,increase,AB,verbal,,clause,DEP-increase,sources,targets,nsubj,dobj,nsubj,obj,asserted,directed,1,1,0,0,dependency
aimed,AIMed.d89.s753,stanza_craft+coref_c86d6fe1_0:rel:0,0,1,positive,positive,,,applied,structural|AB|mediate|through|passive,structural|mediate,mediate,AB,passive,through,clause,DEP-mediate-passive,sources,targets,nsubjpass,nmod:through,nsubj:pass,obl,asserted,directed,0,1,0,0,dependency
aimed,AIMed.d89.s762,stanza_craft+coref_76c8a06c_0:rel:0,0,1,negative,positive,,,applied,structural|AB|inhibit|_|verbal,structural|inhibit,inhibit,AB,verbal,,clause,DEP-inhibit,sources,targets,nsubj,dobj,nsubj,obj,asserted,directed,0,1,0,0,dependency
aimed,AIMed.d89.s763,stanza_craft+coref_2c0cec86_0:rel:0,0,1,positive,positive,,,applied,structural|AB|bind|to|verbal,structural|bind,bind,AB,verbal,to,clause,DEP-bind,sources,targets,nsubj,nmod:to,nsubj,obl,asserted,directed,0,0,0,0,dependency
aimed,AIMed.d9.s73,stanza_craft+coref_b5920eae_1:rel:0,1,2,negative,negative,,,review_only,relational|RELATIONAL|is-a|_|verbal,relational|RELATIONAL|is-a|_,,RELATIONAL,verbal,,appositive,DEP-ParentheticalAlias,entities_a,entities_b,nmod,dep,nmod,dep,asserted,relational,0,0,0,0,dependency
aimed,AIMed.d9.s80,stanza_craft+coref_22dead41_1:rel:0,0,1,negative,positive,,,applied,structural|AB|involve|in|passive,structural|involve,involve,AB,passive,in,clause,DEP-involve-passive,sources,targets,nsubjpass,nmod:in,nsubj:pass,obl,asserted,directed,1,1,0,0,dependency
aimed,AIMed.d90.s769,stanza_craft+coref_ef1c5352_0:rel:0,0,1,positive,positive,,,applied,structural|AA|interact|between|nominalized,structural|interact,interact,AA,nominalized,between,clause,DEP-interaction-nestedinner,participants,participants,nmod:between,nmod:between,nmod,conj,asserted,undirected,0,0,0,1,dependency
aimed,AIMed.d90.s770,stanza_craft+coref_695d4916_0:rel:0,1,2,positive,negative,,,not_applied,structural|AA|interact|_|nominalized,structural|interact,interact,AA,nominalized,,clause,DEP-interaction-nestedinner,participants,participants,compound,compound,compound,compound,asserted,undirected,1,0,0,1,dependency
aimed,AIMed.d91.s776,stanza_craft+coref_200d9aef_0:rel:0,1,2,negative,negative,,,not_applied,structural|AA|interact|with|nominalized,structural|interact,interact,AA,nominalized,with,clause,DEP-interaction-nestedinner,participants,participants,nmod:with,nmod:with,nmod,conj,asserted,undirected,0,0,0,1,dependency
aimed,AIMed.d91.s777,stanza_craft+coref_e0ac1b48_0:rel:0,0,1,negative,positive,,,applied,structural|AB|consist|of|verbal,structural|consist,consist,AB,verbal,of,clause,DEP-consist,sources,targets,nsubj,nmod:of,nsubj,obl,asserted,directed,0,0,0,0,dependency
aimed,AIMed.d91.s777,stanza_craft+coref_e0ac1b48_1:rel:0,1,2,negative,negative,,,review_only,relational|RELATIONAL|is-a|_|verbal,relational|RELATIONAL|is-a|_,,RELATIONAL,verbal,,appositive,DEP-ParentheticalAlias,entities_a,entities_b,nmod,dep,obl,dep,asserted,relational,0,0,0,0,dependency
aimed,AIMed.d91.s780,stanza_craft+coref_5c700c6e_0:rel:0,0,1,negative,negative,,,review_only,relational|RELATIONAL|homologue|_|nominalized,relational|RELATIONAL|homologue|_,homologue,RELATIONAL,nominalized,,clause,DEP-CopulaIsA,entities_a,entities_b,nsubj,ccomp,nsubj,ccomp,asserted,relational,0,1,0,1,dependency
aimed,AIMed.d91.s781,stanza_craft+coref_1a63b8cf_0:rel:0,1,4,positive,positive,,,applied,structural|AB|interact|with|verbal,structural|interact,interact,AB,verbal,with,clause,DEP-interact,sources,targets,nsubj,nmod:with,nsubj,conj,asserted,directed,0,1,0,0,dependency
aimed,AIMed.d91.s781,stanza_craft+coref_1a63b8cf_1:rel:0,2,3,negative,negative,,,review_only,relational|RELATIONAL|is-a|_|verbal,relational|RELATIONAL|is-a|_,,RELATIONAL,verbal,,appositive,DEP-Apposition,entities_a,entities_b,nmod,dep,nmod,dep,asserted,relational,0,1,0,0,dependency
aimed,AIMed.d91.s781,stanza_craft+coref_1a63b8cf_2:rel:0,2,3,negative,negative,,,review_only,relational|RELATIONAL|is-a|_|verbal,relational|RELATIONAL|is-a|_,,RELATIONAL,verbal,,appositive,DEP-ParentheticalAlias,entities_a,entities_b,dep,dep,dep,dep,asserted,relational,0,0,0,0,dependency
aimed,AIMed.d91.s782,stanza_craft+coref_332aa281_0:rel:0,0,1,negative,positive,,,applied,structural|AB|contain|_|verbal,structural|contain,contain,AB,verbal,,clause,DEP-contain,sources,targets,nsubj,dobj,nsubj,obj,asserted,directed,1,1,0,0,dependency
aimed,AIMed.d92.s784,stanza_craft+coref_17c23d3b_0:rel:0,0,1,negative,positive,,,applied,structural|AA|interact|of|nominalized,structural|interact,interact,AA,nominalized,of,event_nominal,DEP-nom-interaction-undirected,participants,participants,nmod:of,nmod:of,compound,conj,asserted,undirected,1,0,0,1,dependency
aimed,AIMed.d92.s784,stanza_craft+coref_17c23d3b_0:rel:1,0,2,negative,positive,,,applied,structural|AA|interact|of|nominalized,structural|interact,interact,AA,nominalized,of,event_nominal,DEP-nom-interaction-undirected,participants,participants,nmod:of,nmod:of,compound,compound,asserted,undirected,1,0,0,1,dependency
aimed,AIMed.d92.s784,stanza_craft+coref_17c23d3b_0:rel:2,1,2,negative,positive,,,applied,structural|AA|interact|of|nominalized,structural|interact,interact,AA,nominalized,of,event_nominal,DEP-nom-interaction-undirected,participants,participants,nmod:of,nmod:of,conj,compound,asserted,undirected,1,0,0,1,dependency
aimed,AIMed.d92.s785,stanza_craft+coref_9c78bdaf_0:rel:0,0,2,positive,positive,,,applied,structural|AB|bind|to|verbal,structural|bind,bind,AB,verbal,to,clause,DEP-bind,sources,targets,nsubj,nmod:to,nsubj,obl,asserted,directed,0,1,0,0,dependency
aimed,AIMed.d92.s785,stanza_craft+coref_9c78bdaf_0:rel:1,0,4,positive,positive,,,applied,structural|AB|bind|to|verbal,structural|bind,bind,AB,verbal,to,clause,DEP-bind,sources,targets,nsubj,nmod:to,nsubj,obl,asserted,directed,0,1,0,0,dependency
aimed,AIMed.d92.s785,stanza_craft+coref_9c78bdaf_3:rel:0,1,2,negative,negative,,,review_only,relational|RELATIONAL|is-a|_|verbal,relational|RELATIONAL|is-a|_,,RELATIONAL,verbal,,appositive,DEP-Apposition,entities_a,entities_b,nmod,appos,obl,appos,asserted,relational,1,1,0,0,dependency
aimed,AIMed.d92.s785,stanza_craft+coref_9c78bdaf_3:rel:1,1,4,negative,negative,,,review_only,relational|RELATIONAL|is-a|_|verbal,relational|RELATIONAL|is-a|_,,RELATIONAL,verbal,,appositive,DEP-Apposition,entities_a,entities_b,nmod,appos,obl,appos,asserted,relational,1,1,0,0,dependency
aimed,AIMed.d92.s785,stanza_craft+coref_9c78bdaf_3:rel:2,2,4,negative,negative,,,review_only,relational|RELATIONAL|is-a|_|verbal,relational|RELATIONAL|is-a|_,,RELATIONAL,verbal,,appositive,DEP-Apposition,entities_a,entities_b,nmod,appos,obl,appos,asserted,relational,0,1,0,0,dependency
aimed,AIMed.d92.s787,stanza_craft+coref_16a8124b_1:rel:0,0,1,negative,negative,,,not_applied,structural|AA|associate|of|nominalized,structural|associate,associate,AA,nominalized,of,clause,DEP-association-nestedinner,participants,participants,nmod:of,conj,nmod,conj,asserted,undirected,1,1,0,1,dependency
aimed,AIMed.d92.s788,stanza_craft+coref_fb516e3c_0:rel:0,2,5,negative,positive,,,applied,structural|AB|result|in|verbal,structural|result,result,AB,verbal,in,clause,DEP-result,sources,targets,nsubj,nmod:in,nsubj,obl,asserted,directed,1,1,0,0,dependency
aimed,AIMed.d92.s788,stanza_craft+coref_fb516e3c_0:rel:1,3,5,negative,positive,,,applied,structural|AB|result|in|verbal,structural|result,result,AB,verbal,in,clause,DEP-result,sources,targets,nsubj,nmod:in,nsubj,obl,asserted,directed,1,1,0,0,dependency
aimed,AIMed.d92.s788,stanza_craft+coref_fb516e3c_3:rel:0,2,3,negative,positive,,,applied,structural|AA|complex|_|compound_state,structural|complex,complex,AA,compound_state,,state_nominal,DEP-Complex,participants,participants,nmod,nmod,nmod,nmod,asserted,undirected,1,1,0,1,dependency
aimed,AIMed.d92.s789,stanza_craft+coref_05247f29_1:rel:0,0,1,negative,positive,,,applied,structural|AA|interact|_|verbal,structural|interact,interact,AA,verbal,,clause,DEP-interact-undirected,participants,participants,compound,nsubj,compound,nsubj,asserted,undirected,1,1,0,0,dependency
aimed,AIMed.d94.s796,stanza_craft+coref_5cf59eba_6:rel:0,2,3,negative,negative,,,review_only,relational|RELATIONAL|is-a|_|verbal,relational|RELATIONAL|is-a|_,,RELATIONAL,verbal,,appositive,DEP-ParentheticalAlias,entities_a,entities_b,conj,dep,conj,dep,asserted,relational,0,0,0,0,dependency
aimed,AIMed.d94.s797,stanza_craft+coref_cba69986_3:rel:0,0,1,negative,negative,,,review_only,relational|RELATIONAL|is-a|_|verbal,relational|RELATIONAL|is-a|_,,RELATIONAL,verbal,,appositive,DEP-ParentheticalAlias,entities_a,entities_b,xcomp,xcomp,xcomp,xcomp,asserted,relational,0,0,0,0,dependency
aimed,AIMed.d94.s798,stanza_craft+coref_344e5ecc_0:rel:0,0,1,negative,positive,,,applied,structural|AB|relate|to|passive,structural|relate,relate,AB,passive,to,clause,DEP-relate-passive,sources,targets,nsubj,nmod:to,nsubj,obl,asserted,directed,0,1,0,0,dependency
aimed,AIMed.d94.s799,stanza_craft+coref_1544ecec_1:rel:0,0,3,positive,positive,,,applied,relational|RELATIONAL|agonist|_|verbal,relational|RELATIONAL|agonist|_,agonist,RELATIONAL,verbal,,clause,DEP-CopulaIsA,entities_a,entities_b,nsubj,ROOT,nsubj,root,asserted,relational,1,1,0,0,dependency
aimed,AIMed.d94.s799,stanza_craft+coref_1544ecec_1:rel:1,0,4,positive,positive,,,applied,relational|RELATIONAL|agonist|_|verbal,relational|RELATIONAL|agonist|_,agonist,RELATIONAL,verbal,,clause,DEP-CopulaIsA,entities_a,entities_b,nsubj,ROOT,nsubj,root,asserted,relational,1,1,0,0,dependency
aimed,AIMed.d94.s799,stanza_craft+coref_1544ecec_1:rel:2,1,3,negative,positive,,,applied,relational|RELATIONAL|agonist|_|verbal,relational|RELATIONAL|agonist|_,agonist,RELATIONAL,verbal,,clause,DEP-CopulaIsA,entities_a,entities_b,nsubj,ROOT,nsubj,root,asserted,relational,0,1,0,0,dependency
aimed,AIMed.d94.s799,stanza_craft+coref_1544ecec_1:rel:3,1,4,negative,positive,,,applied,relational|RELATIONAL|agonist|_|verbal,relational|RELATIONAL|agonist|_,agonist,RELATIONAL,verbal,,clause,DEP-CopulaIsA,entities_a,entities_b,nsubj,ROOT,nsubj,root,asserted,relational,0,1,0,0,dependency
aimed,AIMed.d94.s799,stanza_craft+coref_1544ecec_1:rel:4,2,3,positive,positive,,,applied,relational|RELATIONAL|agonist|_|verbal,relational|RELATIONAL|agonist|_,agonist,RELATIONAL,verbal,,clause,DEP-CopulaIsA,entities_a,entities_b,conj,ROOT,conj,root,asserted,relational,0,1,0,0,dependency
aimed,AIMed.d94.s799,stanza_craft+coref_1544ecec_1:rel:5,2,4,positive,positive,,,applied,relational|RELATIONAL|agonist|_|verbal,relational|RELATIONAL|agonist|_,agonist,RELATIONAL,verbal,,clause,DEP-CopulaIsA,entities_a,entities_b,conj,ROOT,conj,root,asserted,relational,0,1,0,0,dependency
aimed,AIMed.d94.s800,stanza_craft+coref_b3464ef5_0:rel:0,0,1,positive,positive,,,applied,relational|RELATIONAL|agonist|_|verbal,relational|RELATIONAL|agonist|_,agonist,RELATIONAL,verbal,,clause,DEP-CopulaIsA,entities_a,entities_b,nsubj,ROOT,nsubj,root,asserted,relational,0,1,0,0,dependency
aimed,AIMed.d94.s800,stanza_craft+coref_b3464ef5_1:rel:0,3,4,positive,positive,,,applied,relational|RELATIONAL|agonist|_|verbal,relational|RELATIONAL|agonist|_,agonist,RELATIONAL,verbal,,clause,DEP-CopulaIsA,entities_a,entities_b,nsubj,parataxis,nsubj,parataxis,asserted,relational,0,1,0,0,dependency
aimed,AIMed.d95.s802,stanza_craft+coref_44f57e4c_0:rel:0,0,1,positive,positive,,,applied,structural|AA|complex|_|compound_state,structural|complex,complex,AA,compound_state,,state_nominal,DEP-Complex,participants,participants,compound,compound,compound,compound,asserted,undirected,1,0,0,1,dependency
aimed,AIMed.d95.s803,stanza_craft+coref_0bc86152_2:rel:0,0,2,positive,negative,,,review_only,relational|RELATIONAL|is-a|_|verbal,relational|RELATIONAL|is-a|_,,RELATIONAL,verbal,,appositive,DEP-ParentheticalAlias,entities_a,entities_b,dep,compound,dep,compound,asserted,relational,1,1,0,0,dependency
aimed,AIMed.d95.s803,stanza_craft+coref_0bc86152_2:rel:1,1,2,negative,negative,,,review_only,relational|RELATIONAL|is-a|_|verbal,relational|RELATIONAL|is-a|_,,RELATIONAL,verbal,,appositive,DEP-ParentheticalAlias,entities_a,entities_b,dep,compound,dep,compound,asserted,relational,1,0,0,0,dependency
aimed,AIMed.d96.s808,stanza_craft+coref_551f9d2e_1:rel:0,0,1,positive,positive,,,applied,structural|AB|bind|to|verbal,structural|bind,bind,AB,verbal,to,clause,DEP-bind,sources,targets,nsubj,nmod:to,nsubj,obl,asserted,directed,0,0,0,0,dependency
aimed,AIMed.d96.s815,stanza_craft+coref_3b8c6ed4_4:rel:0,0,1,negative,negative,,,review_only,relational|RELATIONAL|identity|_|verbal,relational|RELATIONAL|identity|_,,RELATIONAL,verbal,,appositive,DEP-LooseIdentityCandidate,entities_a,entities_b,nmod,nmod,obl,obl,asserted,relational,0,0,0,0,dependency
aimed,AIMed.d97.s820,stanza_craft+coref_f2bad5c8_0:rel:0,0,1,negative,positive,,,applied,structural|AB|relate|to|passive,structural|relate,relate,AB,passive,to,clause,DEP-relate-passive,sources,targets,nmod,nmod:to,nmod,obl,asserted,directed,0,1,0,0,dependency
aimed,AIMed.d97.s820,stanza_craft+coref_f2bad5c8_0:rel:1,0,2,negative,negative,,,not_selected,structural|AB|relate|to|passive,structural|relate,relate,AB,passive,to,clause,DEP-relate-passive,sources,targets,nmod,nmod:to,nmod,obl,asserted,directed,0,1,0,0,dependency
aimed,AIMed.d97.s820,stanza_craft+coref_f2bad5c8_1:rel:0,1,2,negative,negative,,,review_only,relational|RELATIONAL|identity|_|verbal,relational|RELATIONAL|identity|_,,RELATIONAL,verbal,,appositive,DEP-LooseIdentityCandidate,entities_a,entities_b,nmod,appos,obl,appos,asserted,relational,0,0,0,0,dependency
aimed,AIMed.d97.s821,stanza_craft+coref_86fec7fb_0:rel:0,0,3,positive,positive,,,applied,structural|AB|bind|to|verbal,structural|bind,bind,AB,verbal,to,clause,DEP-bind,sources,targets,nsubj,nmod:to,nsubj,obl,asserted,directed,1,1,0,0,dependency
aimed,AIMed.d97.s821,stanza_craft+coref_86fec7fb_0:rel:1,1,3,positive,positive,,,applied,structural|AB|bind|to|verbal,structural|bind,bind,AB,verbal,to,clause,DEP-bind,sources,targets,nsubj,nmod:to,nsubj,obl,asserted,directed,0,0,0,0,dependency
aimed,AIMed.d97.s821,stanza_craft+coref_86fec7fb_0:rel:2,2,3,positive,positive,,,applied,structural|AB|bind|to|verbal,structural|bind,bind,AB,verbal,to,clause,DEP-bind,sources,targets,conj,nmod:to,conj,obl,asserted,directed,0,0,0,0,dependency
aimed,AIMed.d97.s823,stanza_craft+coref_3d9a016f_0:rel:0,0,2,positive,positive,,,applied,structural|AB|bind|to|nominalized,structural|bind,bind,AB,nominalized,to,clause,DEP-binding-nestedinner-directed,sources,targets,nmod:of,nmod:to,nmod,nmod,asserted,directed,1,1,0,1,dependency
aimed,AIMed.d97.s823,stanza_craft+coref_3d9a016f_0:rel:1,1,2,positive,positive,,,applied,structural|AB|bind|to|nominalized,structural|bind,bind,AB,nominalized,to,clause,DEP-binding-nestedinner-directed,sources,targets,nmod:of,nmod:to,nmod,nmod,asserted,directed,0,0,0,1,dependency
aimed,AIMed.d97.s824,stanza_craft+coref_979b6381_0:rel:0,0,1,positive,positive,,,applied,structural|AB|transduce|after|passive,structural|transduce,transduce,AB,passive,after,clause,DEP-transduce-passive,sources,targets,nmod,nmod:after,obl,obl,asserted,directed,1,1,0,0,dependency
aimed,AIMed.d97.s824,stanza_craft+coref_979b6381_0:rel:1,0,2,positive,positive,,,applied,structural|AB|transduce|after|passive,structural|transduce,transduce,AB,passive,after,clause,DEP-transduce-passive,sources,targets,nmod,nmod:after,obl,obl,asserted,directed,0,1,0,0,dependency
aimed,AIMed.d98.s832,stanza_craft+coref_c9a8f560_2:rel:0,0,1,positive,positive,,,applied,structural|AB|associate|with|verbal,structural|associate,associate,AB,verbal,with,clause,DEP-associate,sources,targets,nsubjpass,nmod:with,nsubj:pass,obl,asserted,directed,0,0,0,0,dependency
aimed,AIMed.d98.s834,stanza_craft+coref_a8f0df60_0:rel:0,0,1,positive,positive,,,applied,structural|AB|associate|with|nominalized,structural|associate,associate,AB,nominalized,with,clause,DEP-association-nestedinner-directed,sources,targets,nmod:of,nmod:with,nmod,nmod,asserted,directed,0,0,0,1,dependency
aimed,AIMed.d99.s841,stanza_craft+coref_f4168496_0:rel:0,0,1,positive,positive,,,applied,structural|AB|interact|with|verbal,structural|interact,interact,AB,verbal,with,clause,DEP-interact,sources,targets,nsubj,nmod:with,nsubj,obl,asserted,directed,1,1,0,0,dependency
aimed,AIMed.d99.s841,stanza_craft+coref_f4168496_0:rel:1,0,2,positive,positive,,,applied,structural|AB|interact|with|verbal,structural|interact,interact,AB,verbal,with,clause,DEP-interact,sources,targets,nsubj,nmod:with,nsubj,conj,asserted,directed,1,1,0,0,dependency
