corpus,sentence_id,carrier_word,pattern_key,role,is_evaluable,gold_positive,gold_label
bioinfer,BioInfer.d0.s0,complex,structural|AA|complex|_|compound_state,participants,1,1,positive
bioinfer,BioInfer.d0.s0,signaling,structural|AB|inhibit|_|verbal,targets,1,1,positive
bioinfer,BioInfer.d1.s0,complex,structural|AB|isolate|of|passive,targets,0,0,unlabeled
bioinfer,BioInfer.d1.s0,complex,structural|AA|complex|_|compound_state,participants,1,1,positive
bioinfer,BioInfer.d1.s1,notion,structural|AB|support|_|verbal,targets,1,1,positive
bioinfer,BioInfer.d1.s1,polymerization,structural|AB|require|for|passive,targets,0,0,unlabeled
bioinfer,BioInfer.d1.s4,domain,structural|AB|conserve|in|passive,targets,0,0,unlabeled
bioinfer,BioInfer.d100.s0,proteins,structural|AA|interact|_|verbal,participants,1,1,positive
bioinfer,BioInfer.d100.s1,binding,structural|AB|promote|_|verbal,targets,1,1,positive
bioinfer,BioInfer.d100.s1,proteins,structural|AA|interact|_|verbal,participants,1,1,positive
bioinfer,BioInfer.d100.s1,proteins,structural|AB|promote|_|verbal,sources,1,1,positive
bioinfer,BioInfer.d100.s2,protein,relational|RELATIONAL|protein|_|nominalized,entities_b,0,0,unlabeled
bioinfer,BioInfer.d101.s0,ihc,structural|AB|subject|_|passive,contexts,0,0,unlabeled
bioinfer,BioInfer.d102.s1,identify,relational|RELATIONAL|is-a|_|verbal,entities_a,0,0,unlabeled
bioinfer,BioInfer.d102.s2,antibody,structural|AB|block|_|passive,sources,0,0,unlabeled
bioinfer,BioInfer.d102.s2,antibody,structural|AB|react|with|verbal,sources,1,1,positive
bioinfer,BioInfer.d102.s2,birch,structural|AB|bind|to|nominalized,sources,1,1,positive
bioinfer,BioInfer.d102.s2,birch,relational|RELATIONAL|is-a|_|verbal,entities_a,0,0,unlabeled
bioinfer,BioInfer.d102.s2,epitope,structural|AB|react|with|verbal,targets,1,1,positive
bioinfer,BioInfer.d103.s0,phosphorylation,structural|AB|cause|_|verbal,targets,0,0,unlabeled
bioinfer,BioInfer.d104.s0,gene,structural|AB|relate|to|verbal,targets,1,1,positive
bioinfer,BioInfer.d104.s0,gene,structural|AB|relate|to|verbal,targets,1,1,positive
bioinfer,BioInfer.d104.s0,homologue,structural|AB|relate|to|verbal,targets,1,1,positive
bioinfer,BioInfer.d104.s0,homologue,structural|AB|relate|to|verbal,targets,1,1,positive
bioinfer,BioInfer.d104.s0,homologue,structural|AB|involve|_|passive,targets,0,0,unlabeled
bioinfer,BioInfer.d107.s0,inhibition,structural|AB|mediate|_|verbal,targets,1,1,positive
bioinfer,BioInfer.d108.s0,function,structural|AB|enhance|through|verbal,targets,0,0,unlabeled
bioinfer,BioInfer.d108.s0,receptor,relational|RELATIONAL|receptor|_|nominalized,entities_b,1,1,positive
bioinfer,BioInfer.d109.s0,kda,relational|RELATIONAL|receptor|_|nominalized,entities_b,1,1,positive
bioinfer,BioInfer.d109.s1,aa,structural|AB|encode|_|verbal,targets,0,0,unlabeled
bioinfer,BioInfer.d109.s1,aa,structural|AB|contain|_|verbal,sources,1,0,negative
bioinfer,BioInfer.d109.s1,cdna,structural|AB|clone|_|passive,targets,0,0,unlabeled
bioinfer,BioInfer.d109.s1,domain,structural|AB|contain|_|verbal,targets,1,0,negative
bioinfer,BioInfer.d109.s1,domain,relational|RELATIONAL|domain|_|nominalized,entities_a,0,0,unlabeled
bioinfer,BioInfer.d11.s0,bundle,structural|AB|insert|of|passive,targets,0,0,unlabeled
bioinfer,BioInfer.d112.s0,recruitment,structural|AB|induce|_|verbal,targets,0,0,unlabeled
bioinfer,BioInfer.d113.s0,dissociation,structural|AB|be|_|verbal,sources,0,0,unlabeled
bioinfer,BioInfer.d113.s0,phosphorylation,structural|AB|inhibit|of|passive,targets,0,0,unlabeled
bioinfer,BioInfer.d113.s1,phosphorylation,structural|AB|achieve|_|passive,targets,1,1,positive
bioinfer,BioInfer.d113.s2,phosphorylation,structural|AB|induce|_|passive,targets,0,0,unlabeled
bioinfer,BioInfer.d114.s0,strain,structural|AB|stabilize|_|verbal,sources,0,0,unlabeled
bioinfer,BioInfer.d115.s0,complex,structural|AB|interact|of|verbal,sources,1,0,negative
bioinfer,BioInfer.d115.s0,region,structural|AB|interact|of|verbal,targets,1,0,negative
bioinfer,BioInfer.d115.s1,complex,structural|AB|copurify|with|verbal,targets,1,1,positive
bioinfer,BioInfer.d116.s0,gene,structural|AB|determine|_|passive,sources,0,0,unlabeled
bioinfer,BioInfer.d117.s0,bundle,structural|AB|spread|with|passive,targets,0,0,unlabeled
bioinfer,BioInfer.d117.s0,patch,structural|AA|patch|_|compound_state,evidence,0,0,unlabeled
bioinfer,BioInfer.d118.s0,proteins,structural|AB|contain|_|verbal,targets,1,0,negative
bioinfer,BioInfer.d118.s0,proteins,relational|RELATIONAL|is-a|_|verbal,entities_a,0,0,unlabeled
bioinfer,BioInfer.d118.s0,rickettsii,structural|AB|contain|_|verbal,sources,1,0,negative
bioinfer,BioInfer.d119.s0,activity,structural|AB|change|_|verbal,targets,0,0,unlabeled
bioinfer,BioInfer.d119.s0,mutagenesis,structural|AB|generate|_|passive,sources,0,0,unlabeled
bioinfer,BioInfer.d12.s0,n,structural|AB|associate|with|passive,targets,0,0,unlabeled
bioinfer,BioInfer.d120.s0,contrast,structural|AB|induce|in|verbal,targets,0,0,unlabeled
bioinfer,BioInfer.d120.s0,gene,structural|AB|use|_|passive,targets,0,0,unlabeled
bioinfer,BioInfer.d121.s0,gene,structural|AB|contain|_|verbal,targets,0,0,unlabeled
bioinfer,BioInfer.d121.s0,gene,structural|AB|contain|_|verbal,targets,0,0,unlabeled
bioinfer,BioInfer.d121.s0,gene,structural|AB|contain|_|verbal,targets,0,0,unlabeled
bioinfer,BioInfer.d121.s0,gene,structural|AB|contain|_|verbal,targets,0,0,unlabeled
bioinfer,BioInfer.d122.s0,part,relational|RELATIONAL|part|_|nominalized,entities_b,0,0,unlabeled
bioinfer,BioInfer.d122.s0,protein,relational|RELATIONAL|part|_|nominalized,entities_a,0,0,unlabeled
bioinfer,BioInfer.d122.s1,subunit,relational|RELATIONAL|is-a|_|verbal,entities_a,0,0,unlabeled
bioinfer,BioInfer.d122.s1,support,structural|AB|provide|_|verbal,targets,0,0,unlabeled
bioinfer,BioInfer.d123.s0,complex,structural|AB|complex|with|verbal,sources,0,0,unlabeled
bioinfer,BioInfer.d123.s0,complex,structural|AA|complex|_|compound_state,participants,0,0,unlabeled
bioinfer,BioInfer.d123.s0,promoter,structural|AB|acetylate|from|passive,targets,1,0,negative
bioinfer,BioInfer.d123.s0,up-regulation,structural|AB|complex|with|verbal,targets,0,0,unlabeled
bioinfer,BioInfer.d124.s0,signaling,structural|AB|modulate|_|verbal,targets,1,1,positive
bioinfer,BioInfer.d127.s0,activity,structural|AB|determine|_|passive,targets,0,0,unlabeled
bioinfer,BioInfer.d128.s0,hypertrophy,structural|AB|assess|of|passive,targets,0,0,unlabeled
bioinfer,BioInfer.d128.s0,level,structural|AB|assess|of|passive,targets,0,0,unlabeled
bioinfer,BioInfer.d129.s0,know,relational|RELATIONAL|is-a|_|verbal,entities_a,0,0,unlabeled
bioinfer,BioInfer.d13.s0,host,structural|AB|mediate|_|passive,sources,0,0,unlabeled
bioinfer,BioInfer.d13.s0,host,relational|RELATIONAL|is-a|_|verbal,entities_a,0,0,unlabeled
bioinfer,BioInfer.d130.s0,activity,structural|AB|have|_|verbal,targets,0,0,unlabeled
bioinfer,BioInfer.d131.s0,activity,structural|AB|contain|_|verbal,targets,1,1,positive
bioinfer,BioInfer.d132.s0,cytoskeleton,structural|AB|link|_|verbal,targets,0,0,unlabeled
bioinfer,BioInfer.d133.s0,ring,structural|AB|use|_|verbal,targets,0,0,unlabeled
bioinfer,BioInfer.d133.s0,ring,structural|AB|assemble|_|verbal,sources,0,0,unlabeled
bioinfer,BioInfer.d134.s1,binding,structural|AB|express|_|passive,targets,0,0,unlabeled
bioinfer,BioInfer.d135.s2,line,structural|AB|provide|of|verbal,targets,0,0,unlabeled
bioinfer,BioInfer.d137.s0,activity,structural|AB|sever|of|verbal,targets,0,0,unlabeled
bioinfer,BioInfer.d137.s0,depolymerization,structural|AB|inhibit|_|verbal,targets,1,1,positive
bioinfer,BioInfer.d137.s0,truncate,structural|AB|inhibit|_|verbal,sources,1,1,positive
bioinfer,BioInfer.d139.s1,addition,structural|AB|cause|_|verbal,sources,0,0,unlabeled
bioinfer,BioInfer.d14.s0,concentration,structural|AB|regulate|_|verbal,targets,1,1,positive
bioinfer,BioInfer.d14.s1,polymerization,structural|AB|regulate|_|verbal,targets,0,0,unlabeled
bioinfer,BioInfer.d14.s2,activity,structural|AB|affect|_|verbal,targets,0,0,unlabeled
bioinfer,BioInfer.d14.s2,proteins,structural|AB|affect|_|verbal,sources,0,0,unlabeled
bioinfer,BioInfer.d140.s1,domain,structural|AB|map|on|verbal,targets,0,0,unlabeled
bioinfer,BioInfer.d140.s1,domain,structural|AB|allow|_|verbal,sources,0,0,unlabeled
bioinfer,BioInfer.d140.s2,complex,structural|AB|link|to|verbal,targets,1,1,positive
bioinfer,BioInfer.d140.s2,cytoskeleton,structural|AB|link|to|verbal,targets,1,1,positive
bioinfer,BioInfer.d141.s0,effect,structural|AB|counteract|on|verbal,targets,1,1,positive
bioinfer,BioInfer.d141.s0,modification,structural|AB|counteract|on|verbal,sources,1,1,positive
bioinfer,BioInfer.d141.s0,polymerization,structural|AB|counteract|on|verbal,targets,1,1,positive
bioinfer,BioInfer.d142.s0,monomer,structural|AB|bind|_|verbal,targets,1,0,negative
bioinfer,BioInfer.d142.s0,monomer,relational|RELATIONAL|is-a|_|verbal,entities_a,0,0,unlabeled
bioinfer,BioInfer.d143.s2,concentration,structural|AB|alter|_|verbal,targets,1,1,positive
bioinfer,BioInfer.d144.s0,coexpression,structural|AB|require|_|passive,targets,0,0,unlabeled
bioinfer,BioInfer.d144.s1,expression,structural|AB|occur|_|verbal,sources,0,0,unlabeled
bioinfer,BioInfer.d144.s1,expression,structural|AB|prevent|_|passive,targets,0,0,unlabeled
bioinfer,BioInfer.d144.s1,role,structural|AB|regulate|_|verbal,sources,0,0,unlabeled
bioinfer,BioInfer.d145.s0,cdna,structural|AB|construct|_|passive,targets,0,0,unlabeled
bioinfer,BioInfer.d145.s0,cdna,structural|AB|direct|_|verbal,sources,0,0,unlabeled
bioinfer,BioInfer.d146.s0,process,structural|AB|involve|in|passive,targets,1,1,positive
bioinfer,BioInfer.d146.s0,redistribution,structural|AB|involve|in|passive,targets,1,1,positive
bioinfer,BioInfer.d148.s0,change,structural|AB|be|_|verbal,sources,0,0,unlabeled
bioinfer,BioInfer.d148.s0,increase,structural|AB|include|_|verbal,targets,0,0,unlabeled
bioinfer,BioInfer.d148.s0,increase,structural|AB|include|_|verbal,targets,0,0,unlabeled
bioinfer,BioInfer.d148.s1,antisense,structural|AB|use|_|passive,contexts,0,0,unlabeled
bioinfer,BioInfer.d148.s1,assay,structural|AB|use|_|passive,contexts,0,0,unlabeled
bioinfer,BioInfer.d149.s0,gene,structural|AB|determine|for|passive,targets,0,0,unlabeled
bioinfer,BioInfer.d149.s0,proteins,structural|AB|produce|_|verbal,sources,0,0,unlabeled
bioinfer,BioInfer.d15.s0,restructuration,structural|AB|participate|in|verbal,targets,1,1,positive
bioinfer,BioInfer.d150.s0,expression,structural|AB|relate|_|passive,targets,0,0,unlabeled
bioinfer,BioInfer.d150.s1,expression,structural|AB|associate|_|passive,targets,0,0,unlabeled
bioinfer,BioInfer.d151.s0,modulation,structural|AB|suggest|_|verbal,targets,0,0,unlabeled
bioinfer,BioInfer.d151.s1,antibody,structural|AB|use|_|verbal,targets,0,0,unlabeled
bioinfer,BioInfer.d151.s1,patch,structural|AB|distribute|_|passive,contexts,0,0,unlabeled
bioinfer,BioInfer.d153.s0,change,structural|AB|parallel|_|verbal,targets,0,0,unlabeled
bioinfer,BioInfer.d153.s0,distribution,structural|AB|parallel|_|verbal,targets,0,0,unlabeled
bioinfer,BioInfer.d154.s0,construct,structural|AB|express|_|verbal,targets,1,1,positive
bioinfer,BioInfer.d154.s0,construct,relational|RELATIONAL|is-a|_|verbal,entities_a,0,0,unlabeled
bioinfer,BioInfer.d154.s0,expression,structural|AB|express|_|verbal,targets,1,0,negative
bioinfer,BioInfer.d154.s0,inhibition,structural|AB|express|_|verbal,sources,1,1,positive
bioinfer,BioInfer.d154.s0,inhibition,structural|AB|induce|_|verbal,sources,1,1,positive
bioinfer,BioInfer.d154.s0,inhibition,structural|AB|inhibit|_|verbal,sources,0,0,unlabeled
bioinfer,BioInfer.d154.s0,loss,structural|AB|induce|_|verbal,targets,1,1,positive
bioinfer,BioInfer.d155.s0,complex,structural|AB|form|with|verbal,targets,0,0,unlabeled
bioinfer,BioInfer.d156.s0,molecule,structural|AB|complex|with|passive,sources,1,1,positive
bioinfer,BioInfer.d157.s0,complex,structural|AB|code|for|verbal,targets,0,0,unlabeled
bioinfer,BioInfer.d157.s0,complex,structural|AA|complex|_|compound_state,participants,1,1,positive
bioinfer,BioInfer.d158.s0,binding,relational|RELATIONAL|domain|_|nominalized,entities_a,0,0,unlabeled
bioinfer,BioInfer.d16.s0,family,structural|AB|define|of|verbal,targets,1,1,positive
bioinfer,BioInfer.d161.s1,n-terminus,structural|AB|correspond|of|verbal,targets,0,0,unlabeled
bioinfer,BioInfer.d162.s0,function,structural|AB|activate|_|passive,sources,0,0,unlabeled
bioinfer,BioInfer.d163.s0,proteins,structural|AB|encode|_|verbal,targets,0,0,unlabeled
bioinfer,BioInfer.d163.s2,reduction,structural|AB|play|_|verbal,sources,0,0,unlabeled
bioinfer,BioInfer.d164.s0,adapter,structural|AB|recruit|such|verbal,targets,0,0,unlabeled
bioinfer,BioInfer.d164.s0,family,structural|AB|belong|to|verbal,targets,1,1,positive
bioinfer,BioInfer.d166.s1,mutation,structural|AB|abolish|_|verbal,sources,0,0,unlabeled
bioinfer,BioInfer.d166.s1,mutation,structural|AB|decrease|_|verbal,sources,0,0,unlabeled
bioinfer,BioInfer.d166.s1,mutation,structural|AB|eliminate|_|verbal,sources,0,0,unlabeled
bioinfer,BioInfer.d167.s0,silencing,structural|AB|enhance|_|verbal,targets,0,0,unlabeled
bioinfer,BioInfer.d169.s0,mode,structural|AB|exhibit|of|verbal,targets,1,1,positive
bioinfer,BioInfer.d169.s1,polymerization,structural|AB|promote|from|verbal,targets,1,1,positive
bioinfer,BioInfer.d169.s2,complex,structural|AB|promote|from|verbal,targets,1,0,negative
bioinfer,BioInfer.d169.s2,complex,structural|AA|complex|_|compound_state,participants,1,1,positive
bioinfer,BioInfer.d169.s2,polymerization,structural|AB|promote|from|verbal,targets,1,1,positive
bioinfer,BioInfer.d169.s3,binding,structural|AB|co-operativity|on|nominalized,sources,1,1,positive
bioinfer,BioInfer.d169.s3,binding,structural|AB|co-operativity|on|nominalized,targets,1,1,positive
bioinfer,BioInfer.d17.s0,change,structural|AB|reduce|without|passive,targets,0,0,unlabeled
bioinfer,BioInfer.d17.s0,expression,structural|AB|reduce|without|passive,targets,0,0,unlabeled
bioinfer,BioInfer.d17.s1,regulation,structural|AB|prove|_|verbal,targets,0,0,unlabeled
bioinfer,BioInfer.d170.s0,side,structural|AB|involve|_|passive,contexts,0,0,unlabeled
bioinfer,BioInfer.d170.s1,molecule,structural|AB|produce|_|passive,targets,0,0,unlabeled
bioinfer,BioInfer.d170.s1,molecule,structural|AB|purify|_|passive,targets,0,0,unlabeled
bioinfer,BioInfer.d170.s1,molecule,structural|AB|examine|for|verbal,sources,0,0,unlabeled
bioinfer,BioInfer.d171.s2,microsatellite,structural|AB|investigate|_|verbal,contexts,0,0,unlabeled
bioinfer,BioInfer.d173.s0,degradation,structural|AB|result|in|verbal,targets,1,1,positive
bioinfer,BioInfer.d173.s0,digestion,structural|AB|result|in|verbal,sources,1,1,positive
bioinfer,BioInfer.d174.s1,cytoskeleton,structural|AB|regulate|_|verbal,targets,0,0,unlabeled
bioinfer,BioInfer.d174.s1,cytoskeleton,structural|AB|express|_|passive,targets,0,0,unlabeled
bioinfer,BioInfer.d174.s1,cytoskeleton,relational|RELATIONAL|is-a|_|verbal,entities_a,0,0,unlabeled
bioinfer,BioInfer.d174.s1,neuron,structural|AB|express|_|passive,contexts,0,0,unlabeled
bioinfer,BioInfer.d175.s1,activity,structural|AB|copurify|with|verbal,targets,1,0,negative
bioinfer,BioInfer.d175.s1,proteins,structural|AB|copurify|with|verbal,sources,1,0,negative
bioinfer,BioInfer.d176.s0,dispersal,structural|AB|suggest|_|verbal,sources,0,0,unlabeled
bioinfer,BioInfer.d176.s0,reorganization,structural|AB|involve|in|passive,targets,1,1,positive
bioinfer,BioInfer.d177.s0,disruption,structural|AB|block|_|verbal,sources,0,0,unlabeled
bioinfer,BioInfer.d177.s0,localization,structural|AB|require|for|passive,targets,0,0,unlabeled
bioinfer,BioInfer.d178.s0,gene,structural|AB|encode|_|verbal,sources,1,1,positive
bioinfer,BioInfer.d178.s1,sequestration,structural|AB|attribute|to|verbal,targets,0,0,unlabeled
bioinfer,BioInfer.d18.s0,effect,structural|AB|study|_|passive,targets,0,0,unlabeled
bioinfer,BioInfer.d18.s0,isoform,structural|AB|compare|from|passive,targets,0,0,unlabeled
bioinfer,BioInfer.d180.s0,complex,structural|AB|mediate|_|passive,sources,1,0,negative
bioinfer,BioInfer.d180.s0,complex,structural|AA|complex|_|compound_state,participants,1,1,positive
bioinfer,BioInfer.d180.s0,signal,structural|AB|mediate|_|passive,targets,1,0,negative
bioinfer,BioInfer.d181.s0,expression,structural|AB|increase|_|verbal,sources,0,0,unlabeled
bioinfer,BioInfer.d181.s0,expression,structural|AB|decrease|_|verbal,sources,0,0,unlabeled
bioinfer,BioInfer.d183.s0,structure,structural|AB|stabilize|_|passive,targets,1,1,positive
bioinfer,BioInfer.d183.s1,distribution,structural|AB|alter|_|passive,targets,1,1,positive
bioinfer,BioInfer.d183.s1,overexpression,structural|AB|alter|_|passive,sources,1,1,positive
bioinfer,BioInfer.d183.s2,bundle,structural|AB|cross|_|verbal,sources,0,0,unlabeled
bioinfer,BioInfer.d187.s1,affinity,structural|AB|display|than|verbal,targets,0,0,unlabeled
bioinfer,BioInfer.d187.s1,affinity,structural|AB|increase|for|verbal,targets,0,0,unlabeled
bioinfer,BioInfer.d187.s2,function,structural|AB|emphasize|of|verbal,targets,0,0,unlabeled
bioinfer,BioInfer.d188.s0,level,structural|AB|enhance|_|verbal,targets,0,0,unlabeled
bioinfer,BioInfer.d189.s0,substrate,structural|AA|substrate|_|compound_state,evidence,0,0,unlabeled
bioinfer,BioInfer.d19.s0,binding,relational|RELATIONAL|protein|_|nominalized,entities_b,0,0,unlabeled
bioinfer,BioInfer.d19.s0,dephosphorylation,structural|AB|induce|_|verbal,targets,0,0,unlabeled
bioinfer,BioInfer.d190.s0,cytoskeleton,structural|AB|require|for|passive,targets,1,1,positive
bioinfer,BioInfer.d190.s0,protein,structural|AB|encode|_|verbal,targets,1,1,positive
bioinfer,BioInfer.d190.s0,protein,structural|AB|require|for|passive,sources,1,1,positive
bioinfer,BioInfer.d191.s0,expression,structural|AB|evaluate|for|passive,targets,0,0,unlabeled
bioinfer,BioInfer.d192.s0,proteins,structural|AB|bind|_|nominalized,targets,0,0,unlabeled
bioinfer,BioInfer.d194.s0,rate,structural|AB|resemble|_|verbal,sources,0,0,unlabeled
bioinfer,BioInfer.d195.s0,binding,structural|AB|induce|_|passive,sources,1,1,positive
bioinfer,BioInfer.d196.s0,polymerization,structural|AB|modulate|_|verbal,targets,0,0,unlabeled
bioinfer,BioInfer.d196.s0,significance,structural|AB|bear|_|verbal,targets,0,0,unlabeled
bioinfer,BioInfer.d198.s0,proteins,structural|AB|interact|with|verbal,targets,1,1,positive
bioinfer,BioInfer.d198.s1,polypeptide,structural|AB|express|_|verbal,targets,0,0,unlabeled
bioinfer,BioInfer.d198.s1,protein,structural|AB|recognize|_|verbal,targets,1,1,positive
bioinfer,BioInfer.d199.s0,elaboration,structural|AB|resemble|_|verbal,sources,0,0,unlabeled
bioinfer,BioInfer.d199.s0,loss,structural|AB|result|in|verbal,targets,0,0,unlabeled
bioinfer,BioInfer.d20.s0,co-activator,structural|AB|interact|_|nominalized,targets,1,1,positive
bioinfer,BioInfer.d20.s0,co-activator,structural|AB|interact|_|nominalized,targets,1,1,positive
bioinfer,BioInfer.d20.s0,co-activator,structural|AB|bridge|_|verbal,sources,1,1,positive
bioinfer,BioInfer.d20.s0,co-activator,relational|RELATIONAL|is-a|_|verbal,entities_a,0,0,unlabeled
bioinfer,BioInfer.d20.s0,co-activator,relational|RELATIONAL|is-a|_|verbal,entities_a,0,0,unlabeled
bioinfer,BioInfer.d20.s0,complex,structural|AB|bridge|_|verbal,targets,1,1,positive
bioinfer,BioInfer.d200.s0,exposure,structural|AB|affect|_|verbal,sources,0,0,unlabeled
bioinfer,BioInfer.d202.s0,expression,structural|AB|correlate|with|verbal,sources,0,0,unlabeled
bioinfer,BioInfer.d202.s0,expression,structural|AB|correlate|with|verbal,targets,0,0,unlabeled
bioinfer,BioInfer.d203.s0,expression,structural|AB|conjunction|_|nominalized,sources,1,0,negative
bioinfer,BioInfer.d203.s0,expression,structural|AB|conjunction|_|nominalized,targets,1,0,negative
bioinfer,BioInfer.d203.s0,expression,structural|AB|investigate|_|passive,targets,0,0,unlabeled
bioinfer,BioInfer.d204.s0,expression,structural|AB|activate|_|verbal,sources,1,1,positive
bioinfer,BioInfer.d204.s0,expression,structural|AB|promote|_|verbal,sources,0,0,unlabeled
bioinfer,BioInfer.d209.s0,absence,structural|AB|separate|in|passive,targets,0,0,unlabeled
bioinfer,BioInfer.d21.s0,monomer,structural|AB|bind|to|passive,targets,0,0,unlabeled
bioinfer,BioInfer.d210.s0,acetylation,structural|AB|evaluate|of|verbal,targets,0,0,unlabeled
bioinfer,BioInfer.d210.s0,substrate,structural|AB|prefer|over|passive,targets,1,0,negative
bioinfer,BioInfer.d210.s0,substrate,relational|RELATIONAL|is-a|_|verbal,entities_a,0,0,unlabeled
bioinfer,BioInfer.d211.s0,region,structural|AB|encode|of|verbal,targets,0,0,unlabeled
bioinfer,BioInfer.d213.s0,analog,structural|AB|exhibit|_|verbal,sources,0,0,unlabeled
bioinfer,BioInfer.d213.s2,monomer,structural|AB|interact|with|verbal,targets,1,1,positive
bioinfer,BioInfer.d213.s2,order,structural|AB|prepare|_|verbal,contexts,0,0,unlabeled
bioinfer,BioInfer.d214.s1,amount,structural|AB|travel|_|verbal,sources,0,0,unlabeled
bioinfer,BioInfer.d214.s1,complex,structural|AA|complex|_|compound_state,participants,1,1,positive
bioinfer,BioInfer.d214.s2,binding,relational|RELATIONAL|is-a|_|verbal,entities_a,0,0,unlabeled
bioinfer,BioInfer.d214.s2,transport,structural|AB|examine|_|verbal,targets,0,0,unlabeled
bioinfer,BioInfer.d215.s0,digestion,structural|AB|protect|from|verbal,targets,0,0,unlabeled
bioinfer,BioInfer.d216.s0,cytoskeleton,structural|AB|disrupt|_|passive,targets,0,0,unlabeled
bioinfer,BioInfer.d216.s0,filament,structural|AB|require|_|verbal,contexts,0,0,unlabeled
bioinfer,BioInfer.d216.s0,filament,structural|AB|associate|_|verbal,sources,0,0,unlabeled
bioinfer,BioInfer.d217.s0,cytoskeleton,structural|AB|link|to|verbal,targets,1,1,positive
bioinfer,BioInfer.d217.s0,gene,structural|AB|appear|_|verbal,sources,0,0,unlabeled
bioinfer,BioInfer.d217.s0,gene,structural|AB|involve|_|verbal,sources,0,0,unlabeled
bioinfer,BioInfer.d217.s0,gene,structural|AB|link|to|verbal,sources,1,1,positive
bioinfer,BioInfer.d218.s0,addition,structural|AB|have|in|verbal,targets,1,0,negative
bioinfer,BioInfer.d219.s0,allele,structural|AB|isolate|of|verbal,targets,0,0,unlabeled
bioinfer,BioInfer.d219.s0,allele,structural|AB|isolate|of|verbal,targets,0,0,unlabeled
bioinfer,BioInfer.d220.s0,dna,structural|AB|hybridize|for|passive,targets,0,0,unlabeled
bioinfer,BioInfer.d221.s0,sequence,structural|AB|share|_|verbal,targets,0,0,unlabeled
bioinfer,BioInfer.d221.s1,complex,structural|AB|stimulate|with|verbal,targets,1,0,negative
bioinfer,BioInfer.d221.s1,complex,structural|AA|complex|_|compound_state,participants,1,1,positive
bioinfer,BioInfer.d221.s1,homology,structural|AB|stimulate|with|verbal,sources,1,1,positive
bioinfer,BioInfer.d221.s1,nucleation,structural|AB|stimulate|with|verbal,targets,1,1,positive
bioinfer,BioInfer.d223.s0,defect,structural|AB|suppress|_|verbal,targets,0,0,unlabeled
bioinfer,BioInfer.d223.s0,role,structural|AB|support|for|verbal,targets,0,0,unlabeled
bioinfer,BioInfer.d224.s0,co,structural|AA|interact|_|verbal,participants,0,0,unlabeled
bioinfer,BioInfer.d224.s0,effect,structural|AB|prevent|_|passive,targets,0,0,unlabeled
bioinfer,BioInfer.d224.s0,effect,structural|AB|coexpress|of|verbal,sources,0,0,unlabeled
bioinfer,BioInfer.d224.s0,protein,structural|AB|know|_|passive,contexts,0,0,unlabeled
bioinfer,BioInfer.d224.s0,protein,relational|RELATIONAL|is-a|_|verbal,entities_a,0,0,unlabeled
bioinfer,BioInfer.d224.s0,region,structural|AB|coexpress|of|verbal,targets,0,0,unlabeled
bioinfer,BioInfer.d226.s0,cytoskeleton,structural|AB|link|to|verbal,targets,1,1,positive
bioinfer,BioInfer.d227.s0,amount,structural|AB|express|_|verbal,targets,0,0,unlabeled
bioinfer,BioInfer.d229.s0,change,structural|AB|measure|_|verbal,targets,0,0,unlabeled
bioinfer,BioInfer.d23.s0,addition,structural|AB|retard|of|verbal,sources,0,0,unlabeled
bioinfer,BioInfer.d23.s0,addition,structural|AB|reduce|_|verbal,sources,1,1,positive
bioinfer,BioInfer.d23.s0,fraction,structural|AB|reduce|_|verbal,targets,1,1,positive
bioinfer,BioInfer.d230.s0,degradation,structural|AB|accompany|_|passive,sources,0,0,unlabeled
bioinfer,BioInfer.d230.s0,proteins,relational|RELATIONAL|is-a|_|verbal,entities_a,0,0,unlabeled
bioinfer,BioInfer.d232.s1,heterozygote,structural|AB|have|_|verbal,sources,0,0,unlabeled
bioinfer,BioInfer.d232.s1,heterozygote,structural|AB|have|_|verbal,sources,0,0,unlabeled
bioinfer,BioInfer.d233.s0,member,relational|RELATIONAL|is-a|_|verbal,entities_a,0,0,unlabeled
bioinfer,BioInfer.d234.s0,deletion,structural|AB|perform|with|passive,targets,1,0,negative
bioinfer,BioInfer.d234.s0,pull-down,structural|AB|perform|with|passive,sources,1,0,negative
bioinfer,BioInfer.d234.s0,pull-down,structural|AB|localize|in|verbal,sources,1,0,negative
bioinfer,BioInfer.d234.s0,site,structural|AB|localize|in|verbal,targets,1,0,negative
bioinfer,BioInfer.d236.s0,binding,structural|AB|use|in|passive,targets,0,0,unlabeled
bioinfer,BioInfer.d236.s1,dimer,structural|AB|build|_|passive,targets,0,0,unlabeled
bioinfer,BioInfer.d237.s0,interaction,structural|AB|use|_|verbal,sources,0,0,unlabeled
bioinfer,BioInfer.d237.s0,interaction,structural|AB|use|_|verbal,sources,0,0,unlabeled
bioinfer,BioInfer.d237.s0,proteins,structural|AA|interact|_|nominalized,participants,1,1,positive
bioinfer,BioInfer.d237.s0,virus,structural|AB|co-infect|with|passive,targets,0,0,unlabeled
bioinfer,BioInfer.d237.s1,interaction,structural|AB|play|_|verbal,sources,0,0,unlabeled
bioinfer,BioInfer.d237.s3,interacting,structural|AB|indicate|_|verbal,sources,0,0,unlabeled
bioinfer,BioInfer.d237.s4,activity,structural|AB|modulate|of|verbal,targets,1,1,positive
bioinfer,BioInfer.d238.s0,association,structural|AB|induce|with|verbal,targets,0,0,unlabeled
bioinfer,BioInfer.d238.s0,cytoskeleton,structural|AB|induce|with|verbal,targets,0,0,unlabeled
bioinfer,BioInfer.d238.s1,protein,structural|AB|represent|of|verbal,sources,0,0,unlabeled
bioinfer,BioInfer.d238.s1,protein,relational|RELATIONAL|is-a|_|verbal,entities_a,0,0,unlabeled
bioinfer,BioInfer.d238.s2,link,structural|AB|provide|_|verbal,targets,1,1,positive
bioinfer,BioInfer.d239.s0,activity,structural|AB|associate|to|passive,sources,1,1,positive
bioinfer,BioInfer.d239.s0,complex,structural|AB|associate|_|nominalized,targets,1,1,positive
bioinfer,BioInfer.d239.s0,complex,structural|AB|associate|_|nominalized,targets,1,1,positive
bioinfer,BioInfer.d239.s0,expression,structural|AB|involve|_|verbal,targets,0,0,unlabeled
bioinfer,BioInfer.d239.s0,suppression,structural|AB|involve|_|verbal,targets,0,0,unlabeled
bioinfer,BioInfer.d24.s0,cleavage,structural|AB|inhibit|_|verbal,targets,0,0,unlabeled
bioinfer,BioInfer.d240.s0,adhesion,structural|AB|co-localize|with|verbal,targets,1,1,positive
bioinfer,BioInfer.d240.s0,end,structural|AB|concentrate|at|passive,targets,1,1,positive
bioinfer,BioInfer.d241.s0,polymerization,structural|AB|regulate|_|verbal,targets,0,0,unlabeled
bioinfer,BioInfer.d242.s0,activation,structural|AB|describe|_|verbal,targets,0,0,unlabeled
bioinfer,BioInfer.d242.s1,activation,structural|AB|domain-associate|_|verbal,targets,1,1,positive
bioinfer,BioInfer.d242.s1,death,structural|AB|domain-associate|_|verbal,sources,1,1,positive
bioinfer,BioInfer.d243.s0,mutation,structural|AB|block|_|verbal,sources,0,0,unlabeled
bioinfer,BioInfer.d244.s0,antibody,structural|AB|recognize|in|passive,sources,0,0,unlabeled
bioinfer,BioInfer.d244.s0,characteristic,structural|AB|possess|_|verbal,targets,0,0,unlabeled
bioinfer,BioInfer.d244.s0,filament,structural|AB|bind|to|verbal,targets,0,0,unlabeled
bioinfer,BioInfer.d245.s0,binding,structural|AB|identify|in|verbal,targets,0,0,unlabeled
bioinfer,BioInfer.d245.s0,binding,structural|AB|mediate|_|verbal,sources,0,0,unlabeled
bioinfer,BioInfer.d245.s2,binding,structural|AB|identify|in|verbal,targets,0,0,unlabeled
bioinfer,BioInfer.d246.s0,pathway,structural|AB|identify|_|verbal,targets,0,0,unlabeled
bioinfer,BioInfer.d246.s1,mechanism,structural|AB|define|for|verbal,targets,0,0,unlabeled
bioinfer,BioInfer.d246.s2,accumulation,structural|AB|lead|to|verbal,targets,1,1,positive
bioinfer,BioInfer.d246.s2,phosphorylation,structural|AB|inactivate|_|verbal,sources,1,1,positive
bioinfer,BioInfer.d246.s2,phosphorylation,structural|AB|lead|to|verbal,sources,1,1,positive
bioinfer,BioInfer.d246.s3,phosphorylation,structural|AB|dynamics|through|verbal,targets,1,1,positive
bioinfer,BioInfer.d246.s3,regulation,structural|AB|dynamics|through|verbal,sources,1,1,positive
bioinfer,BioInfer.d247.s2,polymerization,structural|AB|link|to|verbal,targets,1,1,positive
bioinfer,BioInfer.d247.s3,polymerization,structural|AB|suppress|_|verbal,targets,1,1,positive
bioinfer,BioInfer.d248.s0,complex,structural|AA|complex|_|compound_state,participants,1,1,positive
bioinfer,BioInfer.d25.s0,adheren,structural|AB|localize|_|passive,targets,0,0,unlabeled
bioinfer,BioInfer.d25.s0,marker,structural|AB|localize|_|passive,targets,0,0,unlabeled
bioinfer,BioInfer.d250.s0,member,relational|RELATIONAL|member|_|nominalized,entities_b,0,0,unlabeled
bioinfer,BioInfer.d251.s0,acetylation,structural|AB|link|_|verbal,targets,0,0,unlabeled
bioinfer,BioInfer.d252.s0,complex,structural|AA|complex|_|compound_state,participants,1,1,positive
bioinfer,BioInfer.d252.s0,complex,structural|AA|complex|_|compound_state,participants,1,1,positive
bioinfer,BioInfer.d252.s0,monomer,structural|AB|bind|_|verbal,targets,0,0,unlabeled
bioinfer,BioInfer.d253.s0,proteolysis,structural|AB|involve|in|passive,sources,1,1,positive
bioinfer,BioInfer.d253.s0,regulation,structural|AB|involve|in|passive,targets,1,1,positive
bioinfer,BioInfer.d253.s1,accumulation,structural|AB|lead|to|verbal,targets,0,0,unlabeled
bioinfer,BioInfer.d255.s0,coil,structural|AB|bind|of|verbal,targets,1,1,positive
bioinfer,BioInfer.d256.s0,distribution,structural|AB|determine|_|verbal,targets,0,0,unlabeled
bioinfer,BioInfer.d257.s0,complex,structural|AB|encode|_|verbal,targets,0,0,unlabeled
bioinfer,BioInfer.d257.s0,complex,structural|AB|compose|of|passive,sources,1,1,positive
bioinfer,BioInfer.d257.s0,compose,structural|AA|complex|_|compound_state,participants,1,1,positive
bioinfer,BioInfer.d257.s0,product,structural|AB|compose|of|passive,targets,1,1,positive
bioinfer,BioInfer.d258.s0,gene,structural|AB|encode|of|passive,sources,0,0,unlabeled
bioinfer,BioInfer.d258.s1,interaction,structural|AB|use|_|verbal,sources,0,0,unlabeled
bioinfer,BioInfer.d258.s1,protein,structural|AB|interact|_|nominalized,sources,1,1,positive
bioinfer,BioInfer.d258.s1,proteins,structural|AB|interact|_|nominalized,targets,1,1,positive
bioinfer,BioInfer.d259.s0,product,structural|AB|consist|of|verbal,targets,1,1,positive
bioinfer,BioInfer.d26.s0,factor,relational|RELATIONAL|is-a|_|verbal,entities_a,0,0,unlabeled
bioinfer,BioInfer.d260.s0,gene,structural|AB|encode|_|passive,sources,0,0,unlabeled
bioinfer,BioInfer.d261.s0,product,structural|AB|compose|of|passive,targets,1,1,positive
bioinfer,BioInfer.d262.s0,amount,structural|AB|reduce|of|verbal,targets,1,0,negative
bioinfer,BioInfer.d262.s0,phosphorylation,structural|AB|accompany|_|passive,sources,0,0,unlabeled
bioinfer,BioInfer.d262.s0,treatment,structural|AB|reduce|of|verbal,sources,1,0,negative
bioinfer,BioInfer.d263.s0,level,structural|AB|suppress|_|verbal,sources,0,0,unlabeled
bioinfer,BioInfer.d263.s0,overproduction,structural|AB|cause|_|passive,sources,0,0,unlabeled
bioinfer,BioInfer.d263.s1,gene,structural|AB|encode|_|verbal,sources,1,1,positive
bioinfer,BioInfer.d263.s1,gene,relational|RELATIONAL|is-a|_|verbal,entities_a,0,0,unlabeled
bioinfer,BioInfer.d263.s1,overexpression,structural|AB|lead|_|verbal,sources,0,0,unlabeled
bioinfer,BioInfer.d263.s2,effect,structural|AB|compensate|for|verbal,targets,1,1,positive
bioinfer,BioInfer.d263.s2,overproduction,structural|AB|compensate|for|verbal,sources,1,1,positive
bioinfer,BioInfer.d265.s0,polymerization,structural|AB|control|_|verbal,targets,1,1,positive
bioinfer,BioInfer.d265.s0,synergy,structural|AB|control|_|verbal,sources,1,1,positive
bioinfer,BioInfer.d265.s1,end,structural|AB|play|in|verbal,sources,1,0,negative
bioinfer,BioInfer.d265.s1,processing,structural|AB|play|in|verbal,targets,1,0,negative
bioinfer,BioInfer.d265.s2,flux,structural|AB|control|_|passive,targets,1,1,positive
bioinfer,BioInfer.d265.s2,maintenance,structural|AB|control|_|passive,targets,1,1,positive
bioinfer,BioInfer.d266.s0,activity,structural|AB|induce|_|verbal,targets,0,0,unlabeled
bioinfer,BioInfer.d266.s0,coexpression,structural|AB|allow|_|verbal,sources,1,1,positive
bioinfer,BioInfer.d266.s0,expression,structural|AB|induce|_|verbal,sources,0,0,unlabeled
bioinfer,BioInfer.d266.s0,generation,structural|AB|allow|_|verbal,targets,1,1,positive
bioinfer,BioInfer.d267.s0,subunit,structural|AB|include|of|verbal,targets,0,0,unlabeled
bioinfer,BioInfer.d267.s1,repair,structural|AB|function|in|verbal,targets,1,0,negative
bioinfer,BioInfer.d268.s0,disassembly,structural|AB|use|_|verbal,sources,0,0,unlabeled
bioinfer,BioInfer.d268.s0,disassembly,structural|AB|alter|_|verbal,sources,0,0,unlabeled
bioinfer,BioInfer.d268.s0,disassembly,structural|AB|indicate|_|verbal,sources,0,0,unlabeled
bioinfer,BioInfer.d27.s0,adp-ribosylation,structural|AB|increase|from|verbal,sources,0,0,unlabeled
bioinfer,BioInfer.d27.s0,adp-ribosylation,structural|AB|affect|_|verbal,sources,0,0,unlabeled
bioinfer,BioInfer.d27.s1,adp-ribosylation,structural|AB|induce|of|passive,targets,1,1,positive
bioinfer,BioInfer.d27.s1,adp-ribosylation,structural|AB|decrease|_|verbal,sources,0,0,unlabeled
bioinfer,BioInfer.d27.s1,adp-ribosylation,structural|AB|inhibit|_|verbal,sources,0,0,unlabeled
bioinfer,BioInfer.d271.s0,adhesion-dependent,structural|AB|propose|of|passive,targets,0,0,unlabeled
bioinfer,BioInfer.d271.s0,inhibition,structural|AB|propose|of|passive,targets,0,0,unlabeled
bioinfer,BioInfer.d272.s0,expression,structural|AB|abolish|_|passive,targets,0,0,unlabeled
bioinfer,BioInfer.d272.s0,synthesis,structural|AB|initiate|_|verbal,sources,0,0,unlabeled
bioinfer,BioInfer.d272.s0,synthesis,structural|AB|continue|_|verbal,sources,0,0,unlabeled
bioinfer,BioInfer.d272.s1,absence,structural|AB|occur|in|verbal,targets,0,0,unlabeled
bioinfer,BioInfer.d272.s1,expression,structural|AB|occur|in|verbal,targets,1,0,negative
bioinfer,BioInfer.d272.s1,processing,structural|AB|continue|_|verbal,sources,0,0,unlabeled
bioinfer,BioInfer.d272.s1,processing,structural|AB|occur|in|verbal,sources,1,0,negative
bioinfer,BioInfer.d273.s0,effect,structural|AB|exist|regard|verbal,targets,0,0,unlabeled
bioinfer,BioInfer.d276.s0,fluorescence,structural|AB|make|_|verbal,targets,1,0,negative
bioinfer,BioInfer.d276.s0,proteins,structural|AB|bind|to|verbal,sources,1,1,positive
bioinfer,BioInfer.d276.s0,proteins,structural|AB|affect|_|passive,targets,0,0,unlabeled
bioinfer,BioInfer.d276.s0,proteins,structural|AB|make|_|verbal,sources,1,0,negative
bioinfer,BioInfer.d276.s0,proteins,structural|AB|validate|_|verbal,sources,0,0,unlabeled
bioinfer,BioInfer.d276.s0,proteins,relational|RELATIONAL|is-a|_|verbal,entities_a,0,0,unlabeled
bioinfer,BioInfer.d277.s0,change,structural|AB|be|_|verbal,sources,0,0,unlabeled
bioinfer,BioInfer.d278.s0,dephosphorylation,structural|AB|correlate|with|verbal,sources,1,1,positive
bioinfer,BioInfer.d278.s0,reorganization,structural|AB|correlate|with|verbal,targets,1,1,positive
bioinfer,BioInfer.d278.s1,dephosphorylation,structural|AB|implicate|_|passive,targets,0,0,unlabeled
bioinfer,BioInfer.d279.s0,filament,structural|AB|disrupt|_|passive,targets,0,0,unlabeled
bioinfer,BioInfer.d279.s0,structure,structural|AA|structure|_|compound_state,evidence,0,0,unlabeled
bioinfer,BioInfer.d279.s2,filament,structural|AB|induce|_|passive,targets,1,1,positive
bioinfer,BioInfer.d279.s2,overexpression,structural|AB|induce|_|passive,sources,1,1,positive
bioinfer,BioInfer.d28.s0,staining,structural|AB|form|of|verbal,sources,0,0,unlabeled
bioinfer,BioInfer.d28.s1,antibody,structural|AB|fix|with|passive,targets,0,0,unlabeled
bioinfer,BioInfer.d280.s0,proteins,structural|AB|analyse|_|passive,targets,0,0,unlabeled
bioinfer,BioInfer.d280.s0,reduction,structural|AB|see|between|passive,targets,0,0,unlabeled
bioinfer,BioInfer.d280.s1,50,structural|AB|see|for|passive,contexts,0,0,unlabeled
bioinfer,BioInfer.d281.s0,microfilament,structural|AB|link|_|verbal,targets,1,1,positive
bioinfer,BioInfer.d284.s0,dissociation,structural|AB|cause|_|verbal,targets,0,0,unlabeled
bioinfer,BioInfer.d284.s0,phosphorylation,structural|AB|provoke|_|verbal,targets,0,0,unlabeled
bioinfer,BioInfer.d285.s1,subpopulation,structural|AB|join|_|verbal,sources,0,0,unlabeled
bioinfer,BioInfer.d287.s0,localisation,structural|AB|freeze|_|passive,targets,0,0,unlabeled
bioinfer,BioInfer.d287.s1,detection,structural|AB|attribute|_|verbal,targets,0,0,unlabeled
bioinfer,BioInfer.d288.s0,cytoskeleton,structural|AB|associate|with|passive,targets,1,1,positive
bioinfer,BioInfer.d288.s1,assay,structural|AB|use|_|verbal,targets,0,0,unlabeled
bioinfer,BioInfer.d288.s2,filament,structural|AB|bind|to|verbal,targets,1,1,positive
bioinfer,BioInfer.d288.s2,kd,structural|AB|identify|of|passive,targets,0,0,unlabeled
bioinfer,BioInfer.d290.s1,localization,structural|AB|suggest|_|verbal,sources,0,0,unlabeled
bioinfer,BioInfer.d290.s1,proteins,structural|AB|have|_|verbal,sources,0,0,unlabeled
bioinfer,BioInfer.d294.s0,immunohistochemistry,structural|AB|perform|for|passive,targets,0,0,unlabeled
bioinfer,BioInfer.d294.s0,protein,structural|AB|perform|for|passive,targets,0,0,unlabeled
bioinfer,BioInfer.d294.s0,protein,relational|RELATIONAL|is-a|_|verbal,entities_a,0,0,unlabeled
bioinfer,BioInfer.d295.s0,respect,structural|AB|have|in|verbal,targets,0,0,unlabeled
bioinfer,BioInfer.d296.s0,immunolocalization,structural|AB|investigate|_|passive,targets,0,0,unlabeled
bioinfer,BioInfer.d296.s1,expression,structural|AB|reduce|_|verbal,sources,0,0,unlabeled
bioinfer,BioInfer.d296.s1,expression,structural|AB|compare|_|verbal,sources,0,0,unlabeled
bioinfer,BioInfer.d296.s3,down-regulation,structural|AB|correlate|with|verbal,sources,1,0,negative
bioinfer,BioInfer.d296.s3,down-regulation,structural|AB|associate|with|passive,targets,0,0,unlabeled
bioinfer,BioInfer.d297.s0,immunoprecipitation,structural|AB|increase|of|passive,targets,0,0,unlabeled
bioinfer,BioInfer.d297.s0,immunoprecipitation,structural|AB|change|_|passive,targets,0,0,unlabeled
bioinfer,BioInfer.d3.s0,absence,structural|AB|lead|_|verbal,sources,0,0,unlabeled
bioinfer,BioInfer.d3.s1,organization,structural|AB|have|in|verbal,targets,1,1,positive
bioinfer,BioInfer.d30.s0,column,structural|AB|recover|after|passive,targets,1,0,negative
bioinfer,BioInfer.d30.s0,elution,structural|AB|recover|after|passive,targets,1,0,negative
bioinfer,BioInfer.d300.s0,mab,structural|AB|know|_|passive,contexts,0,0,unlabeled
bioinfer,BioInfer.d305.s0,concentration,structural|AB|inhibit|of|verbal,sources,1,1,positive
bioinfer,BioInfer.d305.s0,elongation,structural|AB|inhibit|of|verbal,targets,1,1,positive
bioinfer,BioInfer.d305.s0,filament,structural|AB|measure|_|passive,targets,0,0,unlabeled
bioinfer,BioInfer.d307.s0,monomer,structural|AB|bind|to|verbal,targets,1,1,positive
bioinfer,BioInfer.d307.s0,polymerization,structural|AB|regulate|_|passive,targets,1,1,positive
bioinfer,BioInfer.d308.s0,function,structural|AB|have|on|verbal,targets,0,0,unlabeled
bioinfer,BioInfer.d309.s0,inactivation,structural|AB|occur|through|verbal,sources,1,1,positive
bioinfer,BioInfer.d309.s0,inactivation,structural|AB|occur|through|verbal,targets,1,1,positive
bioinfer,BioInfer.d310.s0,cytoskeleton,structural|AB|communicate|_|verbal,sources,0,0,unlabeled
bioinfer,BioInfer.d310.s0,interaction,structural|AB|implicate|_|verbal,sources,1,1,positive
bioinfer,BioInfer.d310.s1,ligand,structural|AB|characterize|_|passive,targets,0,0,unlabeled
bioinfer,BioInfer.d311.s0,gene,structural|AB|require|_|passive,contexts,0,0,unlabeled
bioinfer,BioInfer.d311.s0,gene,structural|AB|remove|_|verbal,sources,0,0,unlabeled
bioinfer,BioInfer.d312.s0,increase,structural|AB|lead|to|verbal,targets,1,1,positive
bioinfer,BioInfer.d312.s0,increase,structural|AB|lead|to|verbal,targets,1,1,positive
bioinfer,BioInfer.d312.s0,stimulation,structural|AB|lead|to|verbal,sources,1,1,positive
bioinfer,BioInfer.d313.s0,stimulation,structural|AB|interact|with|nominalized,sources,1,1,positive
bioinfer,BioInfer.d313.s0,stimulation,structural|AB|involve|_|verbal,sources,0,0,unlabeled
bioinfer,BioInfer.d314.s0,binding,structural|AB|compete|with|verbal,sources,0,0,unlabeled
bioinfer,BioInfer.d314.s0,binding,structural|AB|bind|to|verbal,sources,1,0,negative
bioinfer,BioInfer.d314.s0,filament,structural|AB|bind|to|verbal,targets,1,1,positive
bioinfer,BioInfer.d315.s0,defect,structural|AB|suppress|_|verbal,targets,1,1,positive
bioinfer,BioInfer.d315.s0,dosage,structural|AB|require|_|passive,targets,0,0,unlabeled
bioinfer,BioInfer.d315.s0,dosage,structural|AB|suppress|_|verbal,sources,1,1,positive
bioinfer,BioInfer.d316.s0,embryo,structural|AB|perform|on|verbal,targets,0,0,unlabeled
bioinfer,BioInfer.d317.s0,activation,structural|AB|induce|_|verbal,targets,0,0,unlabeled
bioinfer,BioInfer.d317.s0,factor,relational|RELATIONAL|is-a|_|verbal,entities_a,0,0,unlabeled
bioinfer,BioInfer.d318.s0,protein,structural|AB|bind|to|verbal,targets,1,1,positive
bioinfer,BioInfer.d318.s0,protein,relational|RELATIONAL|is-a|_|verbal,entities_a,0,0,unlabeled
bioinfer,BioInfer.d32.s0,bundle,structural|AB|presume|_|passive,contexts,0,0,unlabeled
bioinfer,BioInfer.d32.s0,bundle,structural|AB|contain|_|verbal,sources,0,0,unlabeled
bioinfer,BioInfer.d320.s1,antibody,structural|AB|immunostain|with|verbal,targets,0,0,unlabeled
bioinfer,BioInfer.d320.s1,filament,structural|AB|crosslink|_|verbal,contexts,0,0,unlabeled
bioinfer,BioInfer.d320.s1,filament,structural|AB|form|_|verbal,sources,0,0,unlabeled
bioinfer,BioInfer.d321.s1,expression,structural|AB|investigate|_|verbal,targets,0,0,unlabeled
bioinfer,BioInfer.d322.s0,involvement,structural|AB|argue|for|verbal,targets,0,0,unlabeled
bioinfer,BioInfer.d323.s0,over-expression,structural|AB|induce|_|passive,sources,0,0,unlabeled
bioinfer,BioInfer.d324.s0,mutant,structural|AB|see|_|passive,contexts,0,0,unlabeled
bioinfer,BioInfer.d324.s0,sensitivity,structural|AB|suppress|_|verbal,targets,1,1,positive
bioinfer,BioInfer.d325.s0,linker,relational|RELATIONAL|protein|_|nominalized,entities_b,0,0,unlabeled
bioinfer,BioInfer.d328.s0,adenoma,structural|AB|display|in|verbal,sources,1,0,negative
bioinfer,BioInfer.d328.s0,contrast,structural|AB|display|in|verbal,targets,1,0,negative
bioinfer,BioInfer.d328.s0,expression,structural|AB|display|in|verbal,targets,1,0,negative
bioinfer,BioInfer.d329.s0,binding,structural|AB|propose|for|passive,sources,1,1,positive
bioinfer,BioInfer.d329.s0,contrast,structural|AB|appear|_|verbal,contexts,0,0,unlabeled
bioinfer,BioInfer.d329.s0,domain,structural|AB|appear|_|verbal,sources,0,0,unlabeled
bioinfer,BioInfer.d329.s0,domain,structural|AB|associate|with|verbal,sources,1,1,positive
bioinfer,BioInfer.d33.s0,expression,structural|AA|loss|_|nominalized,participants,0,0,unlabeled
bioinfer,BioInfer.d33.s2,localization,structural|AB|examine|_|verbal,targets,0,0,unlabeled
bioinfer,BioInfer.d330.s0,formation,structural|AB|inhibit|_|passive,targets,0,0,unlabeled
bioinfer,BioInfer.d331.s0,binding,structural|AB|mediate|_|passive,sources,0,0,unlabeled
bioinfer,BioInfer.d331.s0,cytoskeleton,structural|AB|interact|_|nominalized,targets,1,1,positive
bioinfer,BioInfer.d332.s0,ability,structural|AB|decrease|_|verbal,contexts,0,0,unlabeled
bioinfer,BioInfer.d332.s0,ability,structural|AB|bind|to|verbal,sources,1,1,positive
bioinfer,BioInfer.d334.s0,complex,structural|AB|form|_|verbal,targets,1,0,negative
bioinfer,BioInfer.d334.s1,regulator,structural|AB|associate|with|verbal,targets,1,0,negative
bioinfer,BioInfer.d334.s2,assembly,structural|AB|direct|_|verbal,targets,1,1,positive
bioinfer,BioInfer.d334.s2,complex,structural|AB|link|_|verbal,sources,1,1,positive
bioinfer,BioInfer.d334.s2,complex,structural|AB|direct|_|verbal,sources,1,1,positive
bioinfer,BioInfer.d334.s2,complex,structural|AA|complex|_|compound_state,participants,1,0,negative
bioinfer,BioInfer.d334.s2,cytoskeleton,structural|AB|link|_|verbal,targets,1,1,positive
bioinfer,BioInfer.d335.s0,cytoskeleton,structural|AB|reorganize|_|verbal,targets,1,1,positive
bioinfer,BioInfer.d335.s1,reorganization,structural|AB|involve|in|passive,targets,1,1,positive
bioinfer,BioInfer.d336.s0,region,structural|AB|border|_|verbal,targets,0,0,unlabeled
bioinfer,BioInfer.d338.s0,sequence,structural|AB|pattern|around|passive,targets,0,0,unlabeled
bioinfer,BioInfer.d339.s0,10,structural|AB|compare|for|verbal,targets,1,1,positive
bioinfer,BioInfer.d339.s0,kd,structural|AB|determine|_|verbal,sources,0,0,unlabeled
bioinfer,BioInfer.d339.s0,kd,structural|AB|fall|_|verbal,sources,0,0,unlabeled
bioinfer,BioInfer.d339.s0,kd,structural|AB|compare|for|verbal,sources,1,1,positive
bioinfer,BioInfer.d34.s0,localization,structural|AB|investigate|_|verbal,sources,0,0,unlabeled
bioinfer,BioInfer.d34.s0,localization,structural|AB|examine|_|verbal,contexts,0,0,unlabeled
bioinfer,BioInfer.d34.s0,localization,structural|AB|compare|of|verbal,targets,0,0,unlabeled
bioinfer,BioInfer.d343.s0,binding,relational|RELATIONAL|is-a|_|verbal,entities_a,0,0,unlabeled
bioinfer,BioInfer.d343.s0,number,structural|AB|identify|of|passive,targets,0,0,unlabeled
bioinfer,BioInfer.d344.s0,distribution,structural|AB|coincide|with|verbal,targets,0,0,unlabeled
bioinfer,BioInfer.d345.s0,accumulation,structural|AB|cause|_|verbal,targets,1,1,positive
bioinfer,BioInfer.d345.s0,decrease,structural|AB|accompany|_|passive,sources,1,1,positive
bioinfer,BioInfer.d345.s0,decrease,structural|AB|bind|to|passive,sources,1,0,negative
bioinfer,BioInfer.d345.s0,increase,structural|AB|accompany|_|passive,sources,1,1,positive
bioinfer,BioInfer.d345.s0,increase,structural|AB|bind|to|passive,sources,1,1,positive
bioinfer,BioInfer.d346.s0,antagonist,structural|AB|reverse|_|passive,sources,0,0,unlabeled
bioinfer,BioInfer.d347.s0,area,structural|AB|expect|for|passive,contexts,0,0,unlabeled
bioinfer,BioInfer.d348.s0,regulation,structural|AB|clarify|_|verbal,targets,0,0,unlabeled
bioinfer,BioInfer.d348.s1,disassembly,structural|AB|cause|_|verbal,targets,1,1,positive
bioinfer,BioInfer.d348.s2,distribution,structural|AB|regulate|_|passive,targets,0,0,unlabeled
bioinfer,BioInfer.d348.s2,interaction,structural|AB|regulate|_|passive,targets,0,0,unlabeled
bioinfer,BioInfer.d349.s0,anchorage,structural|AB|involve|in|passive,targets,0,0,unlabeled
bioinfer,BioInfer.d349.s0,microfilament,relational|RELATIONAL|is-a|_|verbal,entities_a,0,0,unlabeled
bioinfer,BioInfer.d35.s0,filament,structural|AB|disassemble|_|verbal,targets,1,1,positive
bioinfer,BioInfer.d35.s1,mutation,structural|AB|disrupt|_|passive,sources,0,0,unlabeled
bioinfer,BioInfer.d35.s1,patch,structural|AB|localize|to|verbal,targets,1,1,positive
bioinfer,BioInfer.d35.s2,mutant,structural|AB|use|_|verbal,targets,0,0,unlabeled
bioinfer,BioInfer.d35.s4,activity,structural|AB|enhance|of|verbal,targets,1,1,positive
bioinfer,BioInfer.d35.s4,localization,structural|AB|restrict|to|verbal,targets,0,0,unlabeled
bioinfer,BioInfer.d35.s4,patch,structural|AB|restrict|to|verbal,targets,0,0,unlabeled
bioinfer,BioInfer.d350.s0,effect,structural|AB|explain|_|verbal,targets,0,0,unlabeled
bioinfer,BioInfer.d350.s0,effect,structural|AB|block|_|verbal,targets,1,0,negative
bioinfer,BioInfer.d351.s0,filament,structural|AB|incubate|with|passive,sources,1,1,positive
bioinfer,BioInfer.d351.s0,filament,structural|AB|form|_|verbal,sources,0,0,unlabeled
bioinfer,BioInfer.d352.s0,cytoskeleton,structural|AB|link|to|passive,targets,1,1,positive
bioinfer,BioInfer.d352.s0,protein,structural|AB|link|to|passive,targets,1,1,positive
bioinfer,BioInfer.d352.s0,protein,relational|RELATIONAL|is-a|_|verbal,entities_a,0,0,unlabeled
bioinfer,BioInfer.d353.s0,chicken,structural|AB|identify|_|verbal,targets,0,0,unlabeled
bioinfer,BioInfer.d353.s0,conversion,structural|AB|participate|in|verbal,targets,0,0,unlabeled
bioinfer,BioInfer.d355.s0,synthesis,structural|AB|stimulate|_|verbal,targets,1,1,positive
bioinfer,BioInfer.d355.s1,effect,structural|AB|determine|_|verbal,targets,0,0,unlabeled
bioinfer,BioInfer.d355.s1,infusion,structural|AB|measure|_|verbal,contexts,0,0,unlabeled
bioinfer,BioInfer.d356.s0,cytoskeleton,structural|AB|integrate|_|verbal,targets,0,0,unlabeled
bioinfer,BioInfer.d358.s0,binding,structural|AB|promote|_|passive,targets,0,0,unlabeled
bioinfer,BioInfer.d358.s0,depolymerisation,structural|AB|effect|through|passive,targets,0,0,unlabeled
bioinfer,BioInfer.d36.s0,activity,structural|AB|abolish|for|verbal,targets,1,1,positive
bioinfer,BioInfer.d36.s0,activity,structural|AB|enhance|_|verbal,targets,0,0,unlabeled
bioinfer,BioInfer.d36.s0,mutant,structural|AB|abolish|for|verbal,sources,1,1,positive
bioinfer,BioInfer.d360.s0,association,structural|AB|control|_|verbal,targets,1,1,positive
bioinfer,BioInfer.d360.s0,interaction,structural|AB|control|_|verbal,sources,1,1,positive
bioinfer,BioInfer.d360.s1,ability,structural|AB|associate|with|verbal,sources,1,1,positive
bioinfer,BioInfer.d360.s1,effect,structural|AB|have|_|verbal,targets,0,0,unlabeled
bioinfer,BioInfer.d361.s0,complex,structural|AA|complex|_|compound_state,participants,1,1,positive
bioinfer,BioInfer.d362.s0,site,structural|AB|locate|of|passive,targets,0,0,unlabeled
bioinfer,BioInfer.d364.s0,assay,structural|AB|depend|upon|verbal,contexts,0,0,unlabeled
bioinfer,BioInfer.d364.s0,function,structural|AB|depend|upon|verbal,targets,0,0,unlabeled
bioinfer,BioInfer.d364.s0,gene,relational|RELATIONAL|is-a|_|verbal,entities_a,0,0,unlabeled
bioinfer,BioInfer.d366.s0,checkpoint,structural|AB|require|_|verbal,targets,0,0,unlabeled
bioinfer,BioInfer.d367.s0,cascade,structural|AB|stimulate|_|verbal,targets,1,0,negative
bioinfer,BioInfer.d368.s0,antagonist,structural|AB|prevent|_|passive,sources,0,0,unlabeled
bioinfer,BioInfer.d368.s0,inhibitor,structural|AB|prevent|_|passive,sources,0,0,unlabeled
bioinfer,BioInfer.d369.s0,adaptor,structural|AB|recruit|like|verbal,targets,0,0,unlabeled
bioinfer,BioInfer.d37.s0,basis,structural|AB|account|for|passive,targets,0,0,unlabeled
bioinfer,BioInfer.d37.s0,complex,structural|AA|complex|_|compound_state,participants,1,1,positive
bioinfer,BioInfer.d370.s0,disappearance,structural|AB|induce|_|verbal,targets,0,0,unlabeled
bioinfer,BioInfer.d371.s0,injection,structural|AB|use|_|verbal,contexts,0,0,unlabeled
bioinfer,BioInfer.d371.s0,injection,structural|AB|perturb|_|verbal,sources,1,0,negative
bioinfer,BioInfer.d371.s0,microfilament,structural|AB|perturb|_|verbal,targets,1,0,negative
bioinfer,BioInfer.d372.s0,coactivator,relational|RELATIONAL|is-a|_|verbal,entities_a,0,0,unlabeled
bioinfer,BioInfer.d372.s0,mechanism,relational|RELATIONAL|mechanism|_|nominalized,entities_b,0,0,unlabeled
bioinfer,BioInfer.d372.s0,recruitment,relational|RELATIONAL|mechanism|_|nominalized,entities_a,0,0,unlabeled
bioinfer,BioInfer.d373.s0,polymerization,structural|AB|involve|in|verbal,targets,0,0,unlabeled
bioinfer,BioInfer.d375.s0,end,structural|AB|bind|to|verbal,targets,1,1,positive
bioinfer,BioInfer.d375.s0,monomer,structural|AB|bind|to|verbal,targets,1,1,positive
bioinfer,BioInfer.d375.s2,monomer,structural|AB|bind|to|verbal,targets,1,1,positive
bioinfer,BioInfer.d375.s2,view,structural|AB|be|_|verbal,sources,0,0,unlabeled
bioinfer,BioInfer.d375.s3,molecule,structural|AB|bind|to|verbal,targets,0,0,unlabeled
bioinfer,BioInfer.d375.s3,monomer,structural|AB|bind|to|passive,targets,1,1,positive
bioinfer,BioInfer.d375.s3,one,structural|AB|include|for|verbal,targets,0,0,unlabeled
bioinfer,BioInfer.d376.s0,relative,structural|AB|bind|to|verbal,sources,1,1,positive
bioinfer,BioInfer.d376.s0,relative,relational|RELATIONAL|is-a|_|verbal,entities_a,0,0,unlabeled
bioinfer,BioInfer.d378.s0,expression,structural|AB|examine|_|passive,targets,0,0,unlabeled
bioinfer,BioInfer.d378.s0,isoform,relational|RELATIONAL|isoform|_|nominalized,entities_a,0,0,unlabeled
bioinfer,BioInfer.d379.s0,combination,structural|AB|contain|_|verbal,targets,0,0,unlabeled
bioinfer,BioInfer.d379.s0,protein,structural|AA|interact|_|nominalized,participants,1,1,positive
bioinfer,BioInfer.d379.s0,proteins,structural|AA|interact|_|nominalized,participants,1,1,positive
bioinfer,BioInfer.d379.s0,role,structural|AB|examine|_|passive,targets,0,0,unlabeled
bioinfer,BioInfer.d379.s0,role,structural|AB|measure|of|verbal,sources,0,0,unlabeled
bioinfer,BioInfer.d379.s0,role,structural|AB|study|_|verbal,sources,0,0,unlabeled
bioinfer,BioInfer.d379.s2,combination,structural|AB|require|_|verbal,targets,0,0,unlabeled
bioinfer,BioInfer.d379.s2,pathway,structural|AB|have|_|verbal,targets,0,0,unlabeled
bioinfer,BioInfer.d379.s2,pathway,structural|AB|recognize|_|verbal,sources,0,0,unlabeled
bioinfer,BioInfer.d38.s1,filament,structural|AB|bind|to|verbal,targets,1,1,positive
bioinfer,BioInfer.d38.s1,molar,structural|AB|bind|to|verbal,contexts,0,0,unlabeled
bioinfer,BioInfer.d38.s2,cross-linking,structural|AB|use|_|verbal,targets,0,0,unlabeled
bioinfer,BioInfer.d38.s2,filament,structural|AB|shorten|_|verbal,targets,1,1,positive
bioinfer,BioInfer.d380.s0,type,structural|AB|correlate|_|verbal,sources,0,0,unlabeled
bioinfer,BioInfer.d382.s0,binding,structural|AB|have|_|verbal,sources,1,1,positive
bioinfer,BioInfer.d382.s0,consequence,structural|AB|have|_|verbal,targets,1,1,positive
bioinfer,BioInfer.d382.s0,effect,structural|AB|have|_|verbal,targets,1,1,positive
bioinfer,BioInfer.d382.s0,isoform,structural|AB|express|_|passive,targets,0,0,unlabeled
bioinfer,BioInfer.d382.s0,isoform,structural|AB|have|_|verbal,sources,1,1,positive
bioinfer,BioInfer.d382.s1,association,structural|AB|characterize|from|verbal,targets,0,0,unlabeled
bioinfer,BioInfer.d382.s1,isoform,structural|AB|characterize|from|verbal,targets,0,0,unlabeled
bioinfer,BioInfer.d382.s1,isoform,structural|AB|alter|_|verbal,sources,0,0,unlabeled
bioinfer,BioInfer.d382.s2,affinity,structural|AB|measure|_|passive,targets,0,0,unlabeled
bioinfer,BioInfer.d382.s2,isoform,structural|AB|identify|_|passive,targets,0,0,unlabeled
bioinfer,BioInfer.d382.s3,isoform,relational|RELATIONAL|is-a|_|verbal,entities_a,0,0,unlabeled
bioinfer,BioInfer.d383.s0,cerevisiae,structural|AB|require|_|passive,targets,0,0,unlabeled
bioinfer,BioInfer.d385.s0,introduction,structural|AB|cause|_|verbal,sources,1,1,positive
bioinfer,BioInfer.d385.s0,slow,structural|AB|cause|_|verbal,targets,1,1,positive
bioinfer,BioInfer.d387.s0,activation,structural|AB|block|_|verbal,targets,0,0,unlabeled
bioinfer,BioInfer.d387.s0,activation,structural|AB|stimulate|of|passive,targets,1,1,positive
bioinfer,BioInfer.d387.s0,activity,structural|AB|abrogate|_|verbal,targets,0,0,unlabeled
bioinfer,BioInfer.d387.s0,kinase,structural|AB|stimulate|of|passive,targets,1,0,negative
bioinfer,BioInfer.d388.s0,exchange,structural|AB|catalyze|_|passive,targets,1,1,positive
bioinfer,BioInfer.d388.s1,defect,structural|AB|suppress|_|verbal,targets,1,1,positive
bioinfer,BioInfer.d388.s2,dynamics,structural|AB|influence|_|verbal,targets,1,1,positive
bioinfer,BioInfer.d388.s2,monomer-binding,structural|AB|influence|_|verbal,sources,1,1,positive
bioinfer,BioInfer.d388.s2,monomer-binding,structural|AB|suppress|_|verbal,sources,0,0,unlabeled
bioinfer,BioInfer.d388.s2,monomer-binding,structural|AB|enhance|on|verbal,sources,1,1,positive
bioinfer,BioInfer.d388.s2,monomer-binding,structural|AB|promote|_|verbal,sources,0,0,unlabeled
bioinfer,BioInfer.d388.s2,monomer-binding,relational|RELATIONAL|is-a|_|verbal,entities_a,0,0,unlabeled
bioinfer,BioInfer.d388.s3,cerevisiae,structural|AB|study|_|verbal,sources,1,0,negative
bioinfer,BioInfer.d388.s3,cerevisiae,structural|AB|mutagenize|_|verbal,contexts,0,0,unlabeled
bioinfer,BioInfer.d388.s3,consequence,structural|AB|examine|_|verbal,targets,0,0,unlabeled
bioinfer,BioInfer.d388.s3,function,structural|AB|study|_|verbal,targets,1,0,negative
bioinfer,BioInfer.d39.s0,binding,structural|AB|cause|_|verbal,targets,0,0,unlabeled
bioinfer,BioInfer.d39.s0,identify,relational|RELATIONAL|is-a|_|verbal,entities_a,0,0,unlabeled
bioinfer,BioInfer.d39.s0,identify,relational|RELATIONAL|is-a|_|verbal,entities_a,0,0,unlabeled
bioinfer,BioInfer.d390.s0,isolation,structural|AB|bridge|_|verbal,sources,0,0,unlabeled
bioinfer,BioInfer.d390.s0,proteins,structural|AB|bridge|_|verbal,sources,0,0,unlabeled
bioinfer,BioInfer.d390.s0,proteins,relational|RELATIONAL|is-a|_|verbal,entities_a,0,0,unlabeled
bioinfer,BioInfer.d391.s1,assembly,structural|AB|regulate|_|passive,targets,1,1,positive
bioinfer,BioInfer.d394.s0,cross-linking,structural|AB|promote|_|verbal,targets,0,0,unlabeled
bioinfer,BioInfer.d394.s0,release,structural|AB|promote|from|verbal,targets,0,0,unlabeled
bioinfer,BioInfer.d396.s0,rate,structural|AB|reduce|of|verbal,targets,0,0,unlabeled
bioinfer,BioInfer.d397.s0,family,structural|AB|express|_|passive,targets,0,0,unlabeled
bioinfer,BioInfer.d397.s0,family,structural|AB|regulate|_|passive,targets,0,0,unlabeled
bioinfer,BioInfer.d397.s1,regulation,structural|AB|isogen|_|verbal,sources,0,0,unlabeled
bioinfer,BioInfer.d397.s2,phenotype,structural|AB|regulate|_|passive,targets,0,0,unlabeled
bioinfer,BioInfer.d397.s2,phenotype,structural|AB|know|concern|passive,targets,0,0,unlabeled
bioinfer,BioInfer.d398.s0,affinity,structural|AB|weaken|_|verbal,targets,1,1,positive
bioinfer,BioInfer.d398.s0,binding,structural|AB|weaken|_|verbal,sources,1,1,positive
bioinfer,BioInfer.d398.s1,binding,structural|AB|weaken|_|verbal,sources,1,1,positive
bioinfer,BioInfer.d398.s1,binding,structural|AB|weaken|_|verbal,targets,1,1,positive
bioinfer,BioInfer.d398.s1,binding,structural|AB|disrupt|_|verbal,sources,0,0,unlabeled
bioinfer,BioInfer.d398.s1,coordination,structural|AB|weaken|_|verbal,targets,1,1,positive
bioinfer,BioInfer.d399.s1,respect,structural|AB|cooperativity|to|nominalized,sources,1,1,positive
bioinfer,BioInfer.d399.s1,respect,structural|AB|cooperativity|to|nominalized,targets,1,1,positive
bioinfer,BioInfer.d4.s0,abundance,structural|AB|affect|_|passive,targets,0,0,unlabeled
bioinfer,BioInfer.d4.s0,expression,structural|AB|affect|_|passive,sources,0,0,unlabeled
bioinfer,BioInfer.d40.s0,end,structural|AB|colocalize|with|verbal,targets,1,1,positive
bioinfer,BioInfer.d400.s0,antibody,structural|AB|bind|_|verbal,targets,0,0,unlabeled
bioinfer,BioInfer.d400.s0,other,structural|AB|identify|_|passive,sources,0,0,unlabeled
bioinfer,BioInfer.d400.s0,presence,structural|AB|suggest|_|verbal,sources,0,0,unlabeled
bioinfer,BioInfer.d400.s0,protein,relational|RELATIONAL|is-a|_|verbal,entities_a,0,0,unlabeled
bioinfer,BioInfer.d401.s0,combination,structural|AB|lead|_|verbal,sources,0,0,unlabeled
bioinfer,BioInfer.d401.s0,lethality,structural|AB|rescue|_|passive,targets,0,0,unlabeled
bioinfer,BioInfer.d401.s0,lethality,structural|AB|indicate|_|verbal,sources,0,0,unlabeled
bioinfer,BioInfer.d402.s0,proteins,structural|AB|accumulate|_|verbal,sources,0,0,unlabeled
bioinfer,BioInfer.d402.s0,proteins,structural|AB|enter|_|verbal,sources,0,0,unlabeled
bioinfer,BioInfer.d404.s0,part,structural|AB|make|of|passive,targets,0,0,unlabeled
bioinfer,BioInfer.d405.s0,reorganization,structural|AB|regulate|_|verbal,targets,1,1,positive
bioinfer,BioInfer.d406.s0,linkage,structural|AB|investigate|_|passive,targets,0,0,unlabeled
bioinfer,BioInfer.d407.s0,dynamics,structural|AB|suggest|_|verbal,sources,0,0,unlabeled
bioinfer,BioInfer.d407.s0,latticework,structural|AB|remodel|_|verbal,targets,0,0,unlabeled
bioinfer,BioInfer.d407.s1,remodeling,structural|AB|play|in|verbal,targets,1,1,positive
bioinfer,BioInfer.d408.s0,accumulation,structural|AB|lead|to|verbal,targets,1,1,positive
bioinfer,BioInfer.d408.s0,accumulation,structural|AB|supply|_|verbal,sources,1,1,positive
bioinfer,BioInfer.d408.s0,localization,structural|AB|lead|to|verbal,sources,1,1,positive
bioinfer,BioInfer.d408.s0,monomer,structural|AB|supply|_|verbal,targets,1,1,positive
bioinfer,BioInfer.d41.s0,assembly,structural|AB|stimulate|_|verbal,targets,1,1,positive
bioinfer,BioInfer.d41.s0,concentration,structural|AB|explain|in|verbal,sources,1,1,positive
bioinfer,BioInfer.d41.s0,content,structural|AB|explain|in|verbal,targets,1,1,positive
bioinfer,BioInfer.d41.s0,quantity,structural|AB|release|from|passive,sources,1,1,positive
bioinfer,BioInfer.d41.s0,quantity,structural|AB|account|for|verbal,sources,1,1,positive
bioinfer,BioInfer.d41.s0,shift,structural|AB|account|for|verbal,targets,1,1,positive
bioinfer,BioInfer.d41.s2,protein,relational|RELATIONAL|is-a|_|verbal,entities_a,0,0,unlabeled
bioinfer,BioInfer.d41.s2,regulation,structural|AB|examine|in|verbal,targets,0,0,unlabeled
bioinfer,BioInfer.d41.s2,role,structural|AB|examine|in|verbal,targets,0,0,unlabeled
bioinfer,BioInfer.d410.s1,trend,structural|AB|be|_|verbal,sources,0,0,unlabeled
bioinfer,BioInfer.d411.s0,gene,structural|AA|gene|_|compound_state,evidence,0,0,unlabeled
bioinfer,BioInfer.d412.s0,reorganization,structural|AB|induce|_|verbal,targets,1,1,positive
bioinfer,BioInfer.d413.s0,mutation,structural|AB|predict|_|passive,contexts,0,0,unlabeled
bioinfer,BioInfer.d413.s0,mutation,structural|AB|design|_|passive,targets,0,0,unlabeled
bioinfer,BioInfer.d413.s0,mutation,structural|AB|use|_|verbal,sources,0,0,unlabeled
bioinfer,BioInfer.d413.s0,mutation,structural|AB|create|for|verbal,sources,0,0,unlabeled
bioinfer,BioInfer.d414.s0,apoptosis,structural|AB|inhibit|_|verbal,targets,1,0,negative
bioinfer,BioInfer.d415.s0,organization,structural|AB|require|for|passive,targets,1,1,positive
bioinfer,BioInfer.d417.s1,addition,structural|AB|increase|_|passive,sources,1,1,positive
bioinfer,BioInfer.d417.s1,concentration,structural|AB|increase|_|passive,targets,1,1,positive
bioinfer,BioInfer.d418.s0,case,structural|AB|see|_|passive,contexts,0,0,unlabeled
bioinfer,BioInfer.d418.s0,localization,structural|AB|see|_|passive,targets,0,0,unlabeled
bioinfer,BioInfer.d419.s1,antagonist,structural|AB|reverse|_|passive,sources,1,0,negative
bioinfer,BioInfer.d42.s0,attachment,structural|AB|mediate|to|verbal,targets,0,0,unlabeled
bioinfer,BioInfer.d42.s0,filament,structural|AB|mediate|to|verbal,targets,0,0,unlabeled
bioinfer,BioInfer.d420.s0,antibody,structural|AB|stain|from|passive,targets,0,0,unlabeled
bioinfer,BioInfer.d421.s0,antibody,structural|AB|stain|of|passive,targets,0,0,unlabeled
bioinfer,BioInfer.d423.s0,study,structural|AB|perform|_|verbal,targets,0,0,unlabeled
bioinfer,BioInfer.d424.s0,expression,structural|AB|investigate|_|verbal,targets,0,0,unlabeled
bioinfer,BioInfer.d425.s0,loss,structural|AB|promote|_|verbal,targets,1,1,positive
bioinfer,BioInfer.d425.s0,microinjection,structural|AB|promote|_|verbal,sources,1,1,positive
bioinfer,BioInfer.d425.s0,relocalization,structural|AB|promote|_|verbal,targets,1,1,positive
bioinfer,BioInfer.d427.s0,binding,structural|AB|fuse|to|passive,targets,1,0,negative
bioinfer,BioInfer.d427.s0,bromodomain,structural|AB|fuse|to|passive,targets,1,0,negative
bioinfer,BioInfer.d427.s0,domain,structural|AB|contain|_|verbal,targets,0,0,unlabeled
bioinfer,BioInfer.d427.s0,exon,structural|AB|fuse|of|passive,targets,1,0,negative
bioinfer,BioInfer.d429.s0,analysis,structural|AB|elucidate|_|verbal,sources,1,1,positive
bioinfer,BioInfer.d429.s0,role,structural|AB|elucidate|_|verbal,targets,1,1,positive
bioinfer,BioInfer.d429.s1,gene,structural|AB|know|_|passive,contexts,0,0,unlabeled
bioinfer,BioInfer.d429.s1,gene,relational|RELATIONAL|is-a|_|verbal,entities_a,0,0,unlabeled
bioinfer,BioInfer.d429.s1,homology,structural|AB|function|give|verbal,targets,1,1,positive
bioinfer,BioInfer.d43.s0,filament,structural|AB|co-localization|_|nominalized,targets,0,0,unlabeled
bioinfer,BioInfer.d43.s1,filament,structural|AB|co-localize|with|verbal,targets,1,1,positive
bioinfer,BioInfer.d43.s1,portion,structural|AB|appear|_|verbal,sources,0,0,unlabeled
bioinfer,BioInfer.d43.s1,portion,structural|AB|co-localize|with|verbal,sources,1,1,positive
bioinfer,BioInfer.d43.s3,filament,structural|AB|co-localize|with|passive,targets,1,1,positive
bioinfer,BioInfer.d430.s1,other,relational|RELATIONAL|other|_|verbal,entities_b,0,0,unlabeled
bioinfer,BioInfer.d431.s0,function,structural|AB|regulate|_|verbal,sources,1,1,positive
bioinfer,BioInfer.d431.s0,reorganization,structural|AB|regulate|_|verbal,targets,1,1,positive
bioinfer,BioInfer.d432.s0,filament,structural|AB|link|_|verbal,targets,0,0,unlabeled
bioinfer,BioInfer.d433.s0,fiber,structural|AB|disrupt|_|verbal,targets,0,0,unlabeled
bioinfer,BioInfer.d433.s0,n-,structural|AB|recognize|of|verbal,targets,0,0,unlabeled
bioinfer,BioInfer.d433.s1,antibody,structural|AB|recognize|_|passive,sources,0,0,unlabeled
bioinfer,BioInfer.d433.s1,antibody,relational|RELATIONAL|is-a|_|verbal,entities_a,0,0,unlabeled
bioinfer,BioInfer.d433.s1,molecule,structural|AB|bind|_|verbal,contexts,0,0,unlabeled
bioinfer,BioInfer.d433.s2,binding,structural|AB|bind|to|verbal,targets,1,0,negative
bioinfer,BioInfer.d433.s2,fiber,structural|AB|disrupt|_|verbal,targets,1,1,positive
bioinfer,BioInfer.d433.s2,fusion,structural|AB|investigate|_|verbal,sources,0,0,unlabeled
bioinfer,BioInfer.d433.s2,fusion,structural|AB|generate|_|passive,contexts,0,0,unlabeled
bioinfer,BioInfer.d433.s2,fusion,structural|AB|analyze|_|verbal,sources,0,0,unlabeled
bioinfer,BioInfer.d434.s0,staining,structural|AB|induce|in|verbal,targets,0,0,unlabeled
bioinfer,BioInfer.d435.s0,cross-linking,structural|AB|undergo|follow|verbal,targets,0,0,unlabeled
bioinfer,BioInfer.d435.s0,microfilament,structural|AB|co-localize|with|verbal,targets,1,1,positive
bioinfer,BioInfer.d436.s0,coexpression,structural|AB|inhibit|_|passive,sources,0,0,unlabeled
bioinfer,BioInfer.d436.s0,expression,structural|AB|stimulate|_|verbal,sources,1,1,positive
bioinfer,BioInfer.d436.s0,manner,structural|AB|stimulate|_|verbal,contexts,0,0,unlabeled
bioinfer,BioInfer.d436.s0,promoter,structural|AB|stimulate|_|verbal,targets,1,1,positive
bioinfer,BioInfer.d437.s0,interconversion,structural|AB|induce|_|passive,targets,0,0,unlabeled
bioinfer,BioInfer.d437.s0,interconversion,structural|AB|change|of|verbal,sources,0,0,unlabeled
bioinfer,BioInfer.d437.s0,presence,structural|AB|induce|_|passive,contexts,0,0,unlabeled
bioinfer,BioInfer.d438.s0,homolog,structural|AB|require|_|passive,targets,0,0,unlabeled
bioinfer,BioInfer.d439.s0,filament,structural|AB|interact|with|verbal,targets,1,1,positive
bioinfer,BioInfer.d439.s0,most,structural|AA|interact|_|verbal,participants,0,0,unlabeled
bioinfer,BioInfer.d439.s0,most,structural|AB|link|such|verbal,sources,1,1,positive
bioinfer,BioInfer.d439.s0,one,structural|AB|interact|with|verbal,sources,1,1,positive
bioinfer,BioInfer.d439.s0,proteins,structural|AB|link|such|verbal,targets,1,1,positive
bioinfer,BioInfer.d44.s0,activation,structural|AB|mimic|_|verbal,sources,0,0,unlabeled
bioinfer,BioInfer.d44.s0,component,structural|AB|encode|of|verbal,targets,0,0,unlabeled
bioinfer,BioInfer.d44.s0,dosage,structural|AB|mimic|_|verbal,sources,0,0,unlabeled
bioinfer,BioInfer.d440.s0,complex,structural|AB|focus|on|verbal,targets,0,0,unlabeled
bioinfer,BioInfer.d441.s1,colocalization,structural|AB|support|_|verbal,sources,0,0,unlabeled
bioinfer,BioInfer.d441.s1,dynamics,structural|AB|regulate|_|verbal,targets,1,1,positive
bioinfer,BioInfer.d441.s1,dynamics,structural|AB|underlie|_|verbal,sources,0,0,unlabeled
bioinfer,BioInfer.d442.s0,patch,structural|AB|display|_|verbal,targets,0,0,unlabeled
bioinfer,BioInfer.d443.s0,mutation,structural|AB|cause|_|verbal,sources,0,0,unlabeled
bioinfer,BioInfer.d443.s0,mutation,structural|AB|indicate|_|verbal,sources,0,0,unlabeled
bioinfer,BioInfer.d444.s0,cytoskeleton,structural|AB|cause|_|verbal,targets,1,1,positive
bioinfer,BioInfer.d444.s0,homolog,relational|RELATIONAL|homolog|_|nominalized,entities_b,0,0,unlabeled
bioinfer,BioInfer.d444.s0,mutation,structural|AB|cause|_|verbal,sources,1,1,positive
bioinfer,BioInfer.d445.s0,mutation,structural|AB|cause|of|verbal,sources,0,0,unlabeled
bioinfer,BioInfer.d446.s0,mutation,structural|AB|increase|of|verbal,sources,0,0,unlabeled
bioinfer,BioInfer.d446.s0,mutation,structural|AB|have|_|verbal,sources,0,0,unlabeled
bioinfer,BioInfer.d447.s0,binding,structural|AB|prevent|_|verbal,targets,0,0,unlabeled
bioinfer,BioInfer.d447.s0,interaction,structural|AB|require|for|passive,targets,0,0,unlabeled
bioinfer,BioInfer.d447.s0,residue,structural|AB|alter|of|verbal,targets,0,0,unlabeled
bioinfer,BioInfer.d447.s0,surface,structural|AB|require|for|passive,sources,0,0,unlabeled
bioinfer,BioInfer.d447.s1,protein,structural|AB|have|_|verbal,sources,0,0,unlabeled
bioinfer,BioInfer.d448.s0,binding,structural|AB|carry|for|verbal,targets,1,1,positive
bioinfer,BioInfer.d449.s0,mrna,structural|AB|express|_|passive,targets,0,0,unlabeled
bioinfer,BioInfer.d449.s0,mrna,structural|AB|form|_|verbal,sources,0,0,unlabeled
bioinfer,BioInfer.d45.s0,influence,structural|AB|have|_|verbal,targets,1,1,positive
bioinfer,BioInfer.d45.s0,molecule,structural|AB|contain|for|verbal,targets,0,0,unlabeled
bioinfer,BioInfer.d45.s1,exchange,structural|AB|monomer|_|verbal,sources,0,0,unlabeled
bioinfer,BioInfer.d45.s2,elongation,structural|AB|inhibit|of|verbal,targets,1,1,positive
bioinfer,BioInfer.d45.s2,end,structural|AB|have|at|verbal,targets,1,1,positive
bioinfer,BioInfer.d45.s2,formation,structural|AB|account|_|verbal,sources,0,0,unlabeled
bioinfer,BioInfer.d450.s0,polymerization,structural|AB|promote|_|verbal,targets,0,0,unlabeled
bioinfer,BioInfer.d450.s1,capacity,structural|AB|overcome|_|verbal,contexts,0,0,unlabeled
bioinfer,BioInfer.d450.s1,capacity,structural|AB|inhibit|_|verbal,sources,1,1,positive
bioinfer,BioInfer.d450.s1,complex,structural|AB|overcome|_|verbal,sources,0,0,unlabeled
bioinfer,BioInfer.d450.s1,complex,structural|AB|restore|of|verbal,sources,0,0,unlabeled
bioinfer,BioInfer.d450.s1,nucleation,structural|AB|inhibit|_|verbal,targets,1,1,positive
bioinfer,BioInfer.d451.s0,interaction,structural|AB|integrate|_|verbal,sources,0,0,unlabeled
bioinfer,BioInfer.d451.s0,regulator,relational|RELATIONAL|regulator|_|nominalized,entities_b,0,0,unlabeled
bioinfer,BioInfer.d451.s0,regulator,relational|RELATIONAL|is-a|_|verbal,entities_a,0,0,unlabeled
bioinfer,BioInfer.d452.s0,regulator,structural|AB|stimulate|_|verbal,targets,0,0,unlabeled
bioinfer,BioInfer.d454.s0,change,structural|AB|occur|_|verbal,sources,0,0,unlabeled
bioinfer,BioInfer.d455.s0,activation,structural|AB|involve|in|passive,targets,1,1,positive
bioinfer,BioInfer.d455.s0,adapter,structural|AB|involve|in|passive,sources,1,1,positive
bioinfer,BioInfer.d456.s0,breakdown,structural|AB|induce|_|verbal,targets,0,0,unlabeled
bioinfer,BioInfer.d456.s0,effect,structural|AB|mimic|_|verbal,targets,0,0,unlabeled
bioinfer,BioInfer.d456.s0,expression,structural|AB|induce|_|verbal,targets,0,0,unlabeled
bioinfer,BioInfer.d458.s0,expression,structural|AB|release|despite|passive,targets,1,0,negative
bioinfer,BioInfer.d459.s0,monomer,structural|AB|bind|_|passive,targets,0,0,unlabeled
bioinfer,BioInfer.d459.s0,monomer,structural|AB|bind|to|verbal,targets,1,1,positive
bioinfer,BioInfer.d46.s0,protein,structural|AB|express|_|passive,targets,0,0,unlabeled
bioinfer,BioInfer.d461.s0,one,structural|AB|bind|to|verbal,sources,1,1,positive
bioinfer,BioInfer.d461.s0,one,relational|RELATIONAL|is-a|_|verbal,entities_a,0,0,unlabeled
bioinfer,BioInfer.d461.s0,third,structural|AB|bind|_|verbal,sources,0,0,unlabeled
bioinfer,BioInfer.d461.s0,third,relational|RELATIONAL|is-a|_|verbal,entities_a,0,0,unlabeled
bioinfer,BioInfer.d462.s0,mutation,structural|AB|know|_|passive,contexts,0,0,unlabeled
bioinfer,BioInfer.d462.s0,mutation,relational|RELATIONAL|is-a|_|verbal,entities_a,0,0,unlabeled
bioinfer,BioInfer.d464.s0,mechanism,structural|AB|elucidate|of|passive,targets,0,0,unlabeled
bioinfer,BioInfer.d465.s0,component,structural|AB|assemble|_|verbal,sources,0,0,unlabeled
bioinfer,BioInfer.d465.s0,component,structural|AB|initiate|_|verbal,sources,0,0,unlabeled
bioinfer,BioInfer.d465.s1,proteins,relational|RELATIONAL|is-a|_|verbal,entities_a,0,0,unlabeled
bioinfer,BioInfer.d466.s0,interaction,structural|AB|mediate|_|verbal,targets,1,0,negative
bioinfer,BioInfer.d466.s0,proteins,structural|AB|mediate|_|verbal,sources,1,0,negative
bioinfer,BioInfer.d467.s0,importance,structural|AB|propose|_|verbal,targets,0,0,unlabeled
bioinfer,BioInfer.d469.s0,target,relational|RELATIONAL|target|_|nominalized,entities_b,1,1,positive
bioinfer,BioInfer.d47.s0,monomer,structural|AB|sequester|_|verbal,targets,1,1,positive
bioinfer,BioInfer.d47.s1,agent,relational|RELATIONAL|agent|_|nominalized,entities_b,0,0,unlabeled
bioinfer,BioInfer.d47.s1,exchange,structural|AB|enhance|_|verbal,targets,1,1,positive
bioinfer,BioInfer.d470.s0,breakdown,structural|AB|exhibit|without|verbal,targets,0,0,unlabeled
bioinfer,BioInfer.d470.s0,cell,structural|AB|exhibit|without|verbal,sources,1,0,negative
bioinfer,BioInfer.d470.s0,protein,relational|RELATIONAL|is-a|_|verbal,entities_a,0,0,unlabeled
bioinfer,BioInfer.d470.s0,proteolysis,structural|AB|exhibit|without|verbal,targets,1,0,negative
bioinfer,BioInfer.d471.s1,pool,structural|AB|complex|with|passive,sources,1,1,positive
bioinfer,BioInfer.d471.s1,pool,structural|AB|spread|_|verbal,sources,0,0,unlabeled
bioinfer,BioInfer.d471.s2,most,structural|AB|bind|to|passive,sources,1,1,positive
bioinfer,BioInfer.d471.s3,complex,structural|AA|complex|_|compound_state,participants,1,1,positive
bioinfer,BioInfer.d471.s3,fractionation,structural|AB|use|_|verbal,contexts,0,0,unlabeled
bioinfer,BioInfer.d471.s3,fractionation,structural|AB|determine|_|verbal,sources,0,0,unlabeled
bioinfer,BioInfer.d472.s0,property,structural|AB|regulate|of|verbal,targets,1,1,positive
bioinfer,BioInfer.d473.s0,activity,structural|AB|regulate|_|verbal,targets,1,1,positive
bioinfer,BioInfer.d473.s0,role,structural|AB|indicate|_|verbal,targets,0,0,unlabeled
bioinfer,BioInfer.d475.s0,subunit,relational|RELATIONAL|is-a|_|verbal,entities_a,0,0,unlabeled
bioinfer,BioInfer.d476.s0,binding,structural|AB|encode|_|verbal,targets,0,0,unlabeled
bioinfer,BioInfer.d476.s0,binding,relational|RELATIONAL|domain|_|nominalized,entities_a,0,0,unlabeled
bioinfer,BioInfer.d476.s0,transcription,structural|AB|stimulate|_|verbal,targets,0,0,unlabeled
bioinfer,BioInfer.d477.s0,bundle,structural|AB|stimulate|_|verbal,targets,1,1,positive
bioinfer,BioInfer.d477.s0,overexpression,structural|AB|stimulate|_|verbal,sources,1,1,positive
bioinfer,BioInfer.d479.s0,activity,structural|AB|inhibit|_|verbal,targets,1,1,positive
bioinfer,BioInfer.d48.s0,information,structural|AB|yield|_|verbal,targets,0,0,unlabeled
bioinfer,BioInfer.d480.s0,panel,structural|AB|employ|of|passive,targets,0,0,unlabeled
bioinfer,BioInfer.d481.s0,antibody,structural|AB|label|with|passive,targets,0,0,unlabeled
bioinfer,BioInfer.d481.s0,array,structural|AB|associate|with|passive,targets,0,0,unlabeled
bioinfer,BioInfer.d482.s0,expression,relational|RELATIONAL|indicator|_|nominalized,entities_a,0,0,unlabeled
bioinfer,BioInfer.d482.s0,indicator,relational|RELATIONAL|indicator|_|nominalized,entities_b,0,0,unlabeled
bioinfer,BioInfer.d483.s0,effect,structural|AB|have|_|verbal,targets,0,0,unlabeled
bioinfer,BioInfer.d483.s0,effect,structural|AB|have|_|verbal,targets,0,0,unlabeled
bioinfer,BioInfer.d483.s0,exposure,structural|AB|have|_|verbal,sources,0,0,unlabeled
bioinfer,BioInfer.d483.s0,treatment,structural|AB|have|_|verbal,sources,0,0,unlabeled
bioinfer,BioInfer.d484.s0,augmentation,structural|AB|cause|_|verbal,targets,0,0,unlabeled
bioinfer,BioInfer.d485.s0,complex,structural|AB|bind|_|nominalized,targets,1,1,positive
bioinfer,BioInfer.d485.s0,complex,structural|AB|bind|_|nominalized,targets,1,1,positive
bioinfer,BioInfer.d485.s0,downregulation,structural|AB|associate|_|passive,targets,0,0,unlabeled
bioinfer,BioInfer.d486.s1,phosphorylation,structural|AB|affect|of|passive,targets,0,0,unlabeled
bioinfer,BioInfer.d486.s1,presence,structural|AB|affect|of|passive,sources,0,0,unlabeled
bioinfer,BioInfer.d487.s0,binding,structural|AB|regulate|of|verbal,targets,0,0,unlabeled
bioinfer,BioInfer.d487.s0,interaction,structural|AB|regulate|_|verbal,targets,0,0,unlabeled
bioinfer,BioInfer.d489.s0,gene,structural|AA|gene|_|compound_state,evidence,0,0,unlabeled
bioinfer,BioInfer.d49.s0,function,structural|AB|propose|for|passive,targets,0,0,unlabeled
bioinfer,BioInfer.d49.s1,amount,structural|AB|promote|in|verbal,sources,1,1,positive
bioinfer,BioInfer.d49.s1,assembly,structural|AB|promote|in|verbal,targets,1,1,positive
bioinfer,BioInfer.d49.s1,pool,structural|AB|promote|in|verbal,targets,1,0,negative
bioinfer,BioInfer.d49.s1,presence,structural|AB|promote|in|verbal,targets,1,0,negative
bioinfer,BioInfer.d49.s2,presence,structural|AB|promote|in|verbal,targets,1,0,negative
bioinfer,BioInfer.d49.s3,role,structural|AB|reexamine|_|passive,targets,0,0,unlabeled
bioinfer,BioInfer.d491.s0,expression,structural|AB|maintain|_|verbal,targets,0,0,unlabeled
bioinfer,BioInfer.d491.s0,level,structural|AB|express|of|verbal,targets,0,0,unlabeled
bioinfer,BioInfer.d493.s0,result,structural|AB|yield|_|verbal,targets,0,0,unlabeled
bioinfer,BioInfer.d496.s0,affinity,structural|AB|bind|with|verbal,targets,1,0,negative
bioinfer,BioInfer.d496.s0,polymerization,structural|AB|inhibit|_|verbal,targets,1,1,positive
bioinfer,BioInfer.d496.s1,characteristic,structural|AB|lack|_|verbal,sources,0,0,unlabeled
bioinfer,BioInfer.d497.s0,complex,structural|AB|dissociate|of|verbal,targets,0,0,unlabeled
bioinfer,BioInfer.d497.s0,complex,structural|AA|complex|_|compound_state,participants,1,1,positive
bioinfer,BioInfer.d497.s0,polymerization,structural|AB|regulate|_|verbal,targets,1,1,positive
bioinfer,BioInfer.d497.s2,regulator,relational|RELATIONAL|regulator|_|nominalized,entities_b,1,1,positive
bioinfer,BioInfer.d498.s0,complex,structural|AB|disrupt|_|verbal,targets,0,0,unlabeled
bioinfer,BioInfer.d499.s0,filament,structural|AB|depolymerize|_|verbal,targets,1,0,negative
bioinfer,BioInfer.d499.s0,phosphorylation,structural|AB|suppress|_|verbal,sources,0,0,unlabeled
bioinfer,BioInfer.d5.s0,acid,structural|AB|cross-link|of|passive,targets,1,0,negative
bioinfer,BioInfer.d5.s0,lysine,structural|AB|cross-link|of|passive,targets,1,0,negative
bioinfer,BioInfer.d5.s2,cnbr,structural|AB|begin|_|verbal,sources,0,0,unlabeled
bioinfer,BioInfer.d5.s2,nh2,structural|AB|block|_|passive,targets,0,0,unlabeled
bioinfer,BioInfer.d5.s2,sequence,structural|AB|give|_|verbal,targets,0,0,unlabeled
bioinfer,BioInfer.d50.s0,polymerization,structural|AB|promote|_|verbal,targets,1,1,positive
bioinfer,BioInfer.d501.s0,fragment,structural|AB|complex|with|nominalized,sources,1,1,positive
bioinfer,BioInfer.d501.s0,fragment,structural|AB|form|_|verbal,sources,0,0,unlabeled
bioinfer,BioInfer.d502.s0,probe,structural|AB|microinject|_|passive,contexts,0,0,unlabeled
bioinfer,BioInfer.d502.s1,possibility,structural|AB|suggest|_|verbal,targets,1,0,negative
bioinfer,BioInfer.d502.s1,presence,structural|AB|suggest|_|verbal,sources,1,0,negative
bioinfer,BioInfer.d503.s0,fraction,structural|AB|accelerate|from|verbal,targets,0,0,unlabeled
bioinfer,BioInfer.d503.s0,fraction,relational|RELATIONAL|is-a|_|verbal,entities_a,0,0,unlabeled
bioinfer,BioInfer.d505.s0,affinity,structural|AB|reduce|_|verbal,targets,1,1,positive
bioinfer,BioInfer.d505.s0,labeling,structural|AB|reduce|_|verbal,sources,1,1,positive
bioinfer,BioInfer.d505.s1,affinity,structural|AB|alter|_|verbal,targets,0,0,unlabeled
bioinfer,BioInfer.d505.s2,acanthamoeba,structural|AB|give|with|verbal,targets,1,0,negative
bioinfer,BioInfer.d505.s2,anisotropy,structural|AB|give|with|verbal,sources,1,0,negative
bioinfer,BioInfer.d506.s0,banding,structural|AB|precede|of|verbal,sources,0,0,unlabeled
bioinfer,BioInfer.d506.s0,order,structural|AB|take|_|verbal,contexts,0,0,unlabeled
bioinfer,BioInfer.d506.s0,quantitation,structural|AB|indicate|_|verbal,sources,0,0,unlabeled
bioinfer,BioInfer.d507.s0,arabidopsis,relational|RELATIONAL|member|_|nominalized,entities_a,0,0,unlabeled
bioinfer,BioInfer.d507.s0,arabidopsis,relational|RELATIONAL|is-a|_|verbal,entities_a,0,0,unlabeled
bioinfer,BioInfer.d507.s0,member,relational|RELATIONAL|member|_|nominalized,entities_b,0,0,unlabeled
bioinfer,BioInfer.d509.s0,complex,structural|AB|bind|to|verbal,targets,1,1,positive
bioinfer,BioInfer.d512.s0,expression,structural|AB|correlate|_|verbal,sources,0,0,unlabeled
bioinfer,BioInfer.d514.s0,mutation,structural|AB|describe|_|passive,targets,0,0,unlabeled
bioinfer,BioInfer.d515.s0,regulation,structural|AB|isogen|_|verbal,sources,0,0,unlabeled
bioinfer,BioInfer.d516.s1,affinity,structural|AB|explain|_|verbal,sources,0,0,unlabeled
bioinfer,BioInfer.d516.s1,increase,structural|AB|quantify|_|passive,sources,0,0,unlabeled
bioinfer,BioInfer.d516.s1,presence,structural|AB|obtain|_|passive,contexts,0,0,unlabeled
bioinfer,BioInfer.d518.s0,removal,structural|AB|allow|_|verbal,sources,0,0,unlabeled
bioinfer,BioInfer.d519.s1,pathway,structural|AB|constitute|_|verbal,targets,1,1,positive
bioinfer,BioInfer.d52.s0,homologue,structural|AB|enrich|_|passive,targets,0,0,unlabeled
bioinfer,BioInfer.d52.s0,homologue,relational|RELATIONAL|homologue|_|nominalized,entities_b,0,0,unlabeled
bioinfer,BioInfer.d52.s1,determinant,relational|RELATIONAL|determinant|_|nominalized,entities_b,0,0,unlabeled
bioinfer,BioInfer.d52.s1,interaction,relational|RELATIONAL|determinant|_|nominalized,entities_a,0,0,unlabeled
bioinfer,BioInfer.d52.s1,mutant,structural|AB|bind|_|verbal,sources,0,0,unlabeled
bioinfer,BioInfer.d52.s1,mutant,structural|AB|associate|_|passive,targets,0,0,unlabeled
bioinfer,BioInfer.d52.s1,mutant,structural|AB|suggest|_|verbal,sources,0,0,unlabeled
bioinfer,BioInfer.d52.s2,association,structural|AB|correlate|_|verbal,sources,0,0,unlabeled
bioinfer,BioInfer.d52.s2,complex,structural|AB|displace|from|verbal,targets,1,1,positive
bioinfer,BioInfer.d52.s2,variant,structural|AB|displace|from|verbal,sources,1,1,positive
bioinfer,BioInfer.d52.s3,function,structural|AB|involve|_|verbal,sources,0,0,unlabeled
bioinfer,BioInfer.d522.s2,complex,structural|AB|cause|with|verbal,targets,1,1,positive
bioinfer,BioInfer.d522.s2,conversion,structural|AB|cause|with|verbal,targets,1,1,positive
bioinfer,BioInfer.d523.s0,interaction,relational|RELATIONAL|interact|_|nominalized,entities_b,0,0,unlabeled
bioinfer,BioInfer.d524.s0,accumulation,structural|AB|prevent|_|verbal,targets,1,1,positive
bioinfer,BioInfer.d524.s0,coexpression,structural|AB|prevent|_|passive,sources,0,0,unlabeled
bioinfer,BioInfer.d524.s0,coexpression,structural|AB|bind|to|verbal,sources,1,1,positive
bioinfer,BioInfer.d524.s0,expression,structural|AB|prevent|_|verbal,sources,1,1,positive
bioinfer,BioInfer.d524.s0,repeat,structural|AB|bind|to|verbal,targets,1,1,positive
bioinfer,BioInfer.d525.s1,generation,structural|AB|lead|to|verbal,targets,1,0,negative
bioinfer,BioInfer.d525.s1,nucleation,structural|AB|participate|in|verbal,targets,0,0,unlabeled
bioinfer,BioInfer.d525.s1,stimulation,structural|AB|recruit|_|verbal,sources,1,1,positive
bioinfer,BioInfer.d525.s1,stimulation,structural|AB|lead|to|verbal,sources,1,0,negative
bioinfer,BioInfer.d525.s2,change,structural|AB|measure|_|verbal,targets,0,0,unlabeled
bioinfer,BioInfer.d525.s2,distribution,structural|AB|investigate|_|verbal,sources,1,0,negative
bioinfer,BioInfer.d525.s2,distribution,structural|AB|examine|_|verbal,contexts,0,0,unlabeled
bioinfer,BioInfer.d525.s2,dynamics,structural|AB|characterize|_|verbal,targets,0,0,unlabeled
bioinfer,BioInfer.d525.s2,role,structural|AB|investigate|_|verbal,targets,1,0,negative
bioinfer,BioInfer.d528.s0,mobility,structural|AB|identify|_|passive,sources,0,0,unlabeled
bioinfer,BioInfer.d528.s0,mobility,relational|RELATIONAL|is-a|_|verbal,entities_a,0,0,unlabeled
bioinfer,BioInfer.d529.s0,antibody,structural|AB|subject|with|passive,targets,0,0,unlabeled
bioinfer,BioInfer.d530.s0,editing,structural|AB|encode|of|verbal,targets,0,0,unlabeled
bioinfer,BioInfer.d531.s0,damage,structural|AB|require|for|passive,targets,1,1,positive
bioinfer,BioInfer.d531.s0,homology,structural|AB|share|_|verbal,targets,0,0,unlabeled
bioinfer,BioInfer.d531.s0,presence,structural|AB|associate|_|passive,targets,0,0,unlabeled
bioinfer,BioInfer.d531.s0,site,structural|AB|contain|for|verbal,targets,0,0,unlabeled
bioinfer,BioInfer.d532.s0,activity,structural|AB|enhance|_|verbal,targets,0,0,unlabeled
bioinfer,BioInfer.d532.s0,interaction,structural|AB|promote|_|verbal,targets,0,0,unlabeled
bioinfer,BioInfer.d534.s0,proteins,structural|AB|term|_|passive,targets,0,0,unlabeled
bioinfer,BioInfer.d534.s0,proteins,structural|AB|associate|with|passive,sources,1,1,positive
bioinfer,BioInfer.d534.s0,proteins,structural|AB|serve|_|verbal,sources,0,0,unlabeled
bioinfer,BioInfer.d534.s0,proteins,structural|AB|link|_|verbal,sources,1,1,positive
bioinfer,BioInfer.d535.s0,bind,relational|RELATIONAL|is-a|_|verbal,entities_a,0,0,unlabeled
bioinfer,BioInfer.d535.s0,condition,structural|AB|form|as|verbal,targets,1,1,positive
bioinfer,BioInfer.d535.s0,condition,relational|RELATIONAL|is-a|_|verbal,entities_a,0,0,unlabeled
bioinfer,BioInfer.d535.s0,polymerization,structural|AB|inhibit|_|verbal,targets,1,1,positive
bioinfer,BioInfer.d536.s0,proteins,structural|AB|describe|such|passive,targets,0,0,unlabeled
bioinfer,BioInfer.d537.s0,dephosphorylation,structural|AB|involve|in|passive,targets,0,0,unlabeled
bioinfer,BioInfer.d537.s1,role,structural|AB|suggest|_|verbal,targets,0,0,unlabeled
bioinfer,BioInfer.d538.s0,mutant,structural|AB|exhibit|_|verbal,sources,0,0,unlabeled
bioinfer,BioInfer.d538.s0,mutant,structural|AB|have|_|verbal,sources,0,0,unlabeled
bioinfer,BioInfer.d538.s0,region,structural|AB|cluster|of|verbal,targets,0,0,unlabeled
bioinfer,BioInfer.d538.s0,structure,structural|AB|define|_|passive,targets,0,0,unlabeled
bioinfer,BioInfer.d54.s0,influence,structural|AB|have|_|verbal,targets,1,1,positive
bioinfer,BioInfer.d54.s0,influence,structural|AB|contrast|_|verbal,sources,0,0,unlabeled
bioinfer,BioInfer.d54.s0,protein,relational|RELATIONAL|protein|_|nominalized,entities_b,0,0,unlabeled
bioinfer,BioInfer.d540.s0,region,structural|AB|promote|_|verbal,sources,0,0,unlabeled
bioinfer,BioInfer.d540.s0,region,structural|AB|make|_|verbal,sources,0,0,unlabeled
bioinfer,BioInfer.d543.s0,basis,structural|AB|isolate|on|passive,targets,1,1,positive
bioinfer,BioInfer.d546.s0,antibody,structural|AB|use|_|passive,targets,0,0,unlabeled
bioinfer,BioInfer.d547.s0,interaction,structural|AB|use|_|verbal,sources,0,0,unlabeled
bioinfer,BioInfer.d548.s0,interaction,structural|AB|use|_|verbal,sources,0,0,unlabeled
bioinfer,BioInfer.d55.s0,column,structural|AB|hold|_|passive,sources,1,0,negative
bioinfer,BioInfer.d55.s0,crystal,structural|AB|comprise|_|verbal,sources,1,0,negative
bioinfer,BioInfer.d55.s0,ribbon,structural|AB|comprise|_|verbal,targets,1,0,negative
bioinfer,BioInfer.d55.s0,ribbon,structural|AB|hold|_|passive,targets,1,0,negative
bioinfer,BioInfer.d55.s0,ribbon,structural|AB|wedge|in|passive,sources,1,0,negative
bioinfer,BioInfer.d55.s0,subunit,structural|AB|wedge|in|passive,targets,1,0,negative
bioinfer,BioInfer.d550.s0,downregulation,structural|AB|abolish|_|verbal,targets,0,0,unlabeled
bioinfer,BioInfer.d553.s0,study,structural|AB|purify|_|passive,targets,0,0,unlabeled
bioinfer,BioInfer.d554.s0,ability,structural|AB|suppress|_|verbal,sources,1,0,negative
bioinfer,BioInfer.d554.s0,cell,structural|AB|suppress|_|verbal,targets,1,0,negative
bioinfer,BioInfer.d554.s0,study,structural|AB|suggest|_|verbal,sources,0,0,unlabeled
bioinfer,BioInfer.d555.s0,control,structural|AB|engage|in|passive,targets,1,1,positive
bioinfer,BioInfer.d556.s0,binding,structural|AB|require|_|verbal,targets,1,1,positive
bioinfer,BioInfer.d556.s0,suppression,structural|AB|require|_|verbal,sources,1,1,positive
bioinfer,BioInfer.d557.s0,transactivation,structural|AB|associate|with|passive,targets,0,0,unlabeled
bioinfer,BioInfer.d558.s1,inhibition,structural|AB|lead|_|verbal,sources,0,0,unlabeled
bioinfer,BioInfer.d559.s0,reorganization,structural|AB|induce|_|verbal,targets,0,0,unlabeled
bioinfer,BioInfer.d56.s0,protein,structural|AB|have|_|verbal,sources,0,0,unlabeled
bioinfer,BioInfer.d560.s0,protein,structural|AB|encode|_|verbal,targets,0,0,unlabeled
bioinfer,BioInfer.d560.s0,protein,structural|AB|flank|_|passive,targets,0,0,unlabeled
bioinfer,BioInfer.d560.s0,proteins,structural|AB|encode|_|verbal,targets,0,0,unlabeled
bioinfer,BioInfer.d562.s0,formation,structural|AB|induce|_|passive,targets,1,1,positive
bioinfer,BioInfer.d562.s0,formation,structural|AB|accompany|_|passive,targets,0,0,unlabeled
bioinfer,BioInfer.d562.s0,overexpression,structural|AB|induce|_|passive,sources,1,1,positive
bioinfer,BioInfer.d563.s0,protein,structural|AB|bind|to|verbal,sources,1,1,positive
bioinfer,BioInfer.d563.s0,protein,relational|RELATIONAL|is-a|_|verbal,entities_a,0,0,unlabeled
bioinfer,BioInfer.d564.s0,complex,structural|AB|link|to|verbal,targets,1,1,positive
bioinfer,BioInfer.d564.s0,complex,structural|AA|complex|_|compound_state,participants,1,0,negative
bioinfer,BioInfer.d564.s0,cytoskeleton,structural|AB|link|to|verbal,targets,1,1,positive
bioinfer,BioInfer.d564.s0,molecule,structural|AB|link|to|verbal,sources,1,1,positive
bioinfer,BioInfer.d565.s0,ability,structural|AB|interact|_|nominalized,sources,1,1,positive
bioinfer,BioInfer.d565.s0,ability,structural|AB|form|_|verbal,sources,0,0,unlabeled
bioinfer,BioInfer.d565.s0,ability,structural|AB|indicate|_|verbal,sources,0,0,unlabeled
bioinfer,BioInfer.d565.s0,activity,structural|AB|require|of|passive,targets,0,0,unlabeled
bioinfer,BioInfer.d565.s0,complex,structural|AA|complex|_|compound_state,participants,1,1,positive
bioinfer,BioInfer.d565.s0,complex,relational|RELATIONAL|is-a|_|verbal,entities_a,0,0,unlabeled
bioinfer,BioInfer.d565.s0,member,structural|AB|interact|_|nominalized,targets,1,1,positive
bioinfer,BioInfer.d565.s0,member,structural|AB|interact|_|nominalized,targets,1,1,positive
bioinfer,BioInfer.d566.s0,ability,structural|AB|replace|_|verbal,sources,1,1,positive
bioinfer,BioInfer.d566.s1,cytoskeleton,structural|AB|link|_|verbal,contexts,0,0,unlabeled
bioinfer,BioInfer.d566.s1,cytoskeleton,structural|AB|generate|_|verbal,sources,0,0,unlabeled
bioinfer,BioInfer.d567.s0,binding,structural|AB|contact|to|verbal,sources,1,0,negative
bioinfer,BioInfer.d567.s0,binding,relational|RELATIONAL|domain|_|nominalized,entities_a,0,0,unlabeled
bioinfer,BioInfer.d568.s0,accumulation,structural|AB|lead|to|verbal,targets,1,1,positive
bioinfer,BioInfer.d568.s0,activation,structural|AB|lead|to|verbal,sources,1,1,positive
bioinfer,BioInfer.d568.s0,repression,structural|AB|lead|to|verbal,targets,1,1,positive
bioinfer,BioInfer.d569.s0,isoform,structural|AB|express|_|verbal,targets,0,0,unlabeled
bioinfer,BioInfer.d57.s0,evidence,structural|AB|give|_|verbal,targets,0,0,unlabeled
bioinfer,BioInfer.d57.s0,high-affinity,structural|AB|appear|_|verbal,sources,0,0,unlabeled
bioinfer,BioInfer.d57.s0,interaction,structural|AB|regulate|_|verbal,targets,0,0,unlabeled
bioinfer,BioInfer.d57.s1,importance,relational|RELATIONAL|importance|_|nominalized,entities_b,0,0,unlabeled
bioinfer,BioInfer.d57.s1,interaction,structural|AB|depend|on|verbal,sources,1,1,positive
bioinfer,BioInfer.d57.s1,status,structural|AB|depend|on|verbal,targets,1,1,positive
bioinfer,BioInfer.d570.s2,property,structural|AB|discuss|_|passive,targets,0,0,unlabeled
bioinfer,BioInfer.d570.s3,titration,structural|AB|yield|of|verbal,sources,0,0,unlabeled
bioinfer,BioInfer.d571.s0,localization,structural|AB|study|_|verbal,targets,0,0,unlabeled
bioinfer,BioInfer.d572.s0,polymerization,structural|AB|inhibit|_|verbal,targets,0,0,unlabeled
bioinfer,BioInfer.d573.s0,amount,structural|AB|account|of|passive,sources,1,1,positive
bioinfer,BioInfer.d573.s0,function,structural|AB|account|of|passive,targets,1,1,positive
bioinfer,BioInfer.d574.s0,proteins,structural|AA|difference|_|nominalized,participants,0,0,unlabeled
bioinfer,BioInfer.d574.s0,proteins,structural|AA|difference|_|nominalized,participants,0,0,unlabeled
bioinfer,BioInfer.d574.s0,proteins,structural|AA|difference|_|nominalized,participants,0,0,unlabeled
bioinfer,BioInfer.d574.s0,proteins,structural|AA|difference|_|nominalized,participants,0,0,unlabeled
bioinfer,BioInfer.d574.s0,proteins,structural|AA|difference|_|nominalized,participants,0,0,unlabeled
bioinfer,BioInfer.d574.s0,proteins,structural|AA|difference|_|nominalized,participants,0,0,unlabeled
bioinfer,BioInfer.d574.s0,proteins,structural|AA|difference|_|nominalized,participants,0,0,unlabeled
bioinfer,BioInfer.d575.s0,carboxyl-,structural|AB|associate|with|verbal,sources,1,1,positive
bioinfer,BioInfer.d575.s1,protein,structural|AB|complex|with|nominalized,sources,1,1,positive
bioinfer,BioInfer.d575.s1,protein,structural|AB|form|_|verbal,sources,0,0,unlabeled
bioinfer,BioInfer.d575.s2,combination,structural|AB|contain|_|verbal,targets,0,0,unlabeled
bioinfer,BioInfer.d575.s2,combination,structural|AA|complex|_|compound_state,participants,1,1,positive
bioinfer,BioInfer.d575.s2,independent,structural|AA|complex|_|compound_state,participants,1,1,positive
bioinfer,BioInfer.d576.s0,affinity,structural|AB|isolate|_|passive,sources,1,0,negative
bioinfer,BioInfer.d576.s0,complex,structural|AB|isolate|_|passive,targets,1,0,negative
bioinfer,BioInfer.d576.s0,complex,structural|AB|consist|of|verbal,sources,0,0,unlabeled
bioinfer,BioInfer.d576.s0,complex,structural|AA|complex|_|compound_state,participants,1,1,positive
bioinfer,BioInfer.d576.s0,proteins,relational|RELATIONAL|is-a|_|verbal,entities_a,0,0,unlabeled
bioinfer,BioInfer.d576.s0,proteins,relational|RELATIONAL|is-a|_|verbal,entities_a,0,0,unlabeled
bioinfer,BioInfer.d577.s0,complex,structural|AB|overcome|_|verbal,sources,0,0,unlabeled
bioinfer,BioInfer.d577.s0,complex,structural|AB|give|_|verbal,sources,0,0,unlabeled
bioinfer,BioInfer.d577.s0,complex,structural|AA|complex|_|compound_state,participants,1,1,positive
bioinfer,BioInfer.d577.s0,protein,relational|RELATIONAL|is-a|_|verbal,entities_a,0,0,unlabeled
bioinfer,BioInfer.d579.s0,omission,structural|AB|abolish|_|passive,sources,0,0,unlabeled
bioinfer,BioInfer.d579.s0,proteins,relational|RELATIONAL|is-a|_|verbal,entities_a,0,0,unlabeled
bioinfer,BioInfer.d580.s0,component,structural|AB|stimulate|_|verbal,sources,1,1,positive
bioinfer,BioInfer.d580.s1,hsv,structural|AB|form|_|verbal,sources,1,1,positive
bioinfer,BioInfer.d582.s0,binding,structural|AB|determine|of|passive,targets,0,0,unlabeled
bioinfer,BioInfer.d582.s0,binding,structural|AB|measure|_|verbal,sources,1,0,negative
bioinfer,BioInfer.d582.s0,coefficient,structural|AB|determine|_|passive,targets,0,0,unlabeled
bioinfer,BioInfer.d582.s0,reduction,structural|AB|measure|_|verbal,targets,1,0,negative
bioinfer,BioInfer.d582.s1,assembly,structural|AB|label|_|passive,targets,0,0,unlabeled
bioinfer,BioInfer.d582.s1,study,structural|AB|infer|from|passive,targets,0,0,unlabeled
bioinfer,BioInfer.d583.s0,binding,structural|AB|overlap|on|verbal,sources,1,1,positive
bioinfer,BioInfer.d583.s1,segment,structural|AB|structure|with|nominalized,targets,1,1,positive
bioinfer,BioInfer.d586.s0,gene,structural|AB|involve|_|passive,targets,0,0,unlabeled
bioinfer,BioInfer.d587.s0,nucleation,structural|AB|induce|_|verbal,targets,1,1,positive
bioinfer,BioInfer.d587.s0,region,structural|AB|induce|_|verbal,sources,1,1,positive
bioinfer,BioInfer.d588.s0,binding,structural|AB|abolish|_|verbal,targets,0,0,unlabeled
bioinfer,BioInfer.d588.s0,polymerizability,structural|AB|reduce|of|verbal,targets,0,0,unlabeled
bioinfer,BioInfer.d589.s0,proteins,relational|RELATIONAL|is-a|_|verbal,entities_a,0,0,unlabeled
bioinfer,BioInfer.d59.s0,segment,structural|AB|cross-link|of|passive,targets,1,1,positive
bioinfer,BioInfer.d59.s1,weight,relational|RELATIONAL|weight|_|nominalized,entities_b,0,0,unlabeled
bioinfer,BioInfer.d59.s1,weight,relational|RELATIONAL|is-a|_|verbal,entities_a,0,0,unlabeled
bioinfer,BioInfer.d590.s0,capacity,structural|AB|affect|of|verbal,targets,0,0,unlabeled
bioinfer,BioInfer.d590.s0,gln,structural|AB|cause|_|verbal,sources,0,0,unlabeled
bioinfer,BioInfer.d590.s0,gln,structural|AB|affect|of|verbal,sources,0,0,unlabeled
bioinfer,BioInfer.d592.s0,co-activator,relational|RELATIONAL|target|_|nominalized,entities_a,1,1,positive
bioinfer,BioInfer.d592.s0,target,relational|RELATIONAL|target|_|nominalized,entities_b,1,1,positive
bioinfer,BioInfer.d596.s0,proteins,structural|AB|synthesize|_|passive,targets,0,0,unlabeled
bioinfer,BioInfer.d597.s0,content,structural|AB|decrease|_|verbal,sources,0,0,unlabeled
bioinfer,BioInfer.d598.s0,contents,structural|AB|decrease|_|verbal,sources,0,0,unlabeled
bioinfer,BioInfer.d599.s0,subfraction,structural|AB|contain|per|verbal,sources,0,0,unlabeled
bioinfer,BioInfer.d6.s0,property,structural|AB|affect|of|verbal,targets,1,1,positive
bioinfer,BioInfer.d6.s1,effect,structural|AB|have|_|verbal,targets,1,1,positive
bioinfer,BioInfer.d60.s1,expression,structural|AB|monitor|_|passive,targets,0,0,unlabeled
bioinfer,BioInfer.d60.s1,expression,structural|AB|use|_|verbal,sources,0,0,unlabeled
bioinfer,BioInfer.d600.s0,complex,structural|AB|make|_|verbal,sources,0,0,unlabeled
bioinfer,BioInfer.d600.s0,complex,structural|AB|make|_|verbal,sources,0,0,unlabeled
bioinfer,BioInfer.d600.s0,complex,structural|AA|complex|_|compound_state,participants,1,0,negative
bioinfer,BioInfer.d600.s0,proteins,structural|AB|contain|_|verbal,targets,0,0,unlabeled
bioinfer,BioInfer.d601.s0,c-terminal,structural|AB|comprise|_|verbal,sources,0,0,unlabeled
bioinfer,BioInfer.d602.s0,region,structural|AB|bring|_|verbal,sources,1,1,positive
bioinfer,BioInfer.d603.s0,affinity,structural|AB|interact|with|verbal,targets,0,0,unlabeled
bioinfer,BioInfer.d605.s0,binding,relational|RELATIONAL|is-a|_|verbal,entities_a,0,0,unlabeled
bioinfer,BioInfer.d605.s0,permutation,structural|AB|resemble|_|verbal,targets,0,0,unlabeled
bioinfer,BioInfer.d606.s0,binding,structural|AB|involve|in|passive,targets,1,1,positive
bioinfer,BioInfer.d606.s0,domain,structural|AB|involve|in|passive,sources,1,1,positive
bioinfer,BioInfer.d606.s0,domain,structural|AB|relate|to|passive,sources,1,1,positive
bioinfer,BioInfer.d606.s0,protein,structural|AB|relate|to|passive,targets,1,1,positive
bioinfer,BioInfer.d606.s0,proteins,structural|AB|relate|to|passive,targets,1,1,positive
bioinfer,BioInfer.d607.s0,effect,structural|AB|suppress|_|passive,targets,0,0,unlabeled
bioinfer,BioInfer.d607.s1,regulation,structural|AB|involve|in|passive,targets,1,1,positive
bioinfer,BioInfer.d608.s0,proteins,structural|AB|affect|_|passive,targets,0,0,unlabeled
bioinfer,BioInfer.d608.s0,treatment,structural|AB|affect|_|passive,sources,0,0,unlabeled
bioinfer,BioInfer.d609.s0,effect,structural|AB|analyse|_|passive,targets,0,0,unlabeled
bioinfer,BioInfer.d609.s0,effect,structural|AB|maintain|_|verbal,sources,0,0,unlabeled
bioinfer,BioInfer.d609.s0,isoform,structural|AB|encode|_|verbal,targets,0,0,unlabeled
bioinfer,BioInfer.d61.s1,region,structural|AB|bind|of|verbal,targets,1,1,positive
bioinfer,BioInfer.d61.s2,region,structural|AB|localize|in|verbal,targets,0,0,unlabeled
bioinfer,BioInfer.d61.s2,region,structural|AB|require|in|passive,targets,0,0,unlabeled
bioinfer,BioInfer.d61.s3,complex,structural|AB|form|_|verbal,targets,1,1,positive
bioinfer,BioInfer.d61.s3,region,structural|AB|transfect|_|verbal,sources,0,0,unlabeled
bioinfer,BioInfer.d61.s3,region,structural|AB|form|_|verbal,sources,1,1,positive
bioinfer,BioInfer.d61.s3,region,structural|AB|support|_|verbal,sources,0,0,unlabeled
bioinfer,BioInfer.d611.s0,control,structural|AB|explain|of|verbal,targets,0,0,unlabeled
bioinfer,BioInfer.d611.s0,some,structural|AB|explain|of|verbal,targets,0,0,unlabeled
bioinfer,BioInfer.d612.s0,expression,structural|AB|decrease|with|passive,sources,1,0,negative
bioinfer,BioInfer.d612.s0,translocation,structural|AB|decrease|with|passive,targets,1,0,negative
bioinfer,BioInfer.d613.s0,enhancement,structural|AB|involve|in|passive,targets,1,1,positive
bioinfer,BioInfer.d613.s0,enhancement,structural|AB|involve|in|passive,targets,1,1,positive
bioinfer,BioInfer.d614.s0,gene,structural|AB|implicate|_|passive,targets,0,0,unlabeled
bioinfer,BioInfer.d614.s0,gene,structural|AB|act|_|verbal,sources,0,0,unlabeled
bioinfer,BioInfer.d614.s0,gene,relational|RELATIONAL|is-a|_|verbal,entities_a,0,0,unlabeled
bioinfer,BioInfer.d615.s0,coactivator,relational|RELATIONAL|is-a|_|verbal,entities_a,0,0,unlabeled
bioinfer,BioInfer.d615.s0,gene,structural|AB|include|for|passive,targets,0,0,unlabeled
bioinfer,BioInfer.d615.s0,mutation,structural|AB|identify|_|passive,targets,0,0,unlabeled
bioinfer,BioInfer.d617.s0,function,structural|AB|regulate|_|verbal,targets,0,0,unlabeled
bioinfer,BioInfer.d617.s0,link,structural|AB|form|_|verbal,targets,0,0,unlabeled
bioinfer,BioInfer.d618.s0,complex,structural|AB|display|of|verbal,sources,0,0,unlabeled
bioinfer,BioInfer.d618.s0,heterotrimer,structural|AA|heterotrimer|_|compound_state,participants,1,1,positive
bioinfer,BioInfer.d619.s0,localization,structural|AB|influence|_|verbal,targets,1,1,positive
bioinfer,BioInfer.d619.s0,protein,structural|AB|influence|_|verbal,sources,1,1,positive
bioinfer,BioInfer.d62.s0,assembly,structural|AB|retain|_|verbal,sources,0,0,unlabeled
bioinfer,BioInfer.d62.s0,protein,structural|AB|implicate|_|passive,targets,0,0,unlabeled
bioinfer,BioInfer.d62.s0,protein,structural|AB|modulate|_|verbal,sources,0,0,unlabeled
bioinfer,BioInfer.d62.s0,protein,structural|AB|facilitate|_|verbal,sources,0,0,unlabeled
bioinfer,BioInfer.d62.s1,localization,structural|AB|influence|_|verbal,targets,0,0,unlabeled
bioinfer,BioInfer.d62.s2,complex,relational|RELATIONAL|complex|_|nominalized,entities_b,0,0,unlabeled
bioinfer,BioInfer.d62.s2,complex,structural|AA|complex|_|compound_state,participants,1,1,positive
bioinfer,BioInfer.d620.s0,encode,structural|AA|heterotrimer|_|compound_state,participants,1,0,negative
bioinfer,BioInfer.d620.s0,gene,structural|AB|encode|_|passive,sources,1,1,positive
bioinfer,BioInfer.d621.s0,product,relational|RELATIONAL|product|_|nominalized,entities_b,0,0,unlabeled
bioinfer,BioInfer.d622.s0,gene,structural|AB|encode|_|verbal,sources,1,1,positive
bioinfer,BioInfer.d623.s0,affinity,structural|AB|suggest|_|verbal,sources,0,0,unlabeled
bioinfer,BioInfer.d623.s0,concentration,structural|AB|suggest|_|verbal,sources,0,0,unlabeled
bioinfer,BioInfer.d623.s1,interaction,structural|AB|characterize|_|verbal,targets,0,0,unlabeled
bioinfer,BioInfer.d624.s0,mutant,structural|AB|see|_|passive,contexts,0,0,unlabeled
bioinfer,BioInfer.d625.s0,expression,structural|AB|associate|with|passive,targets,0,0,unlabeled
bioinfer,BioInfer.d626.s0,adhesion,structural|AB|identify|_|verbal,contexts,0,0,unlabeled
bioinfer,BioInfer.d627.s0,distribution,structural|AB|analyze|_|passive,targets,0,0,unlabeled
bioinfer,BioInfer.d627.s0,influence,structural|AB|analyze|_|passive,targets,0,0,unlabeled
bioinfer,BioInfer.d628.s0,accumulation,structural|AB|involve|_|verbal,targets,0,0,unlabeled
bioinfer,BioInfer.d628.s0,inhibition,structural|AB|involve|_|verbal,targets,0,0,unlabeled
bioinfer,BioInfer.d629.s0,interaction,structural|AB|use|_|verbal,sources,0,0,unlabeled
bioinfer,BioInfer.d629.s0,protein,structural|AA|interact|_|nominalized,participants,1,1,positive
bioinfer,BioInfer.d629.s0,protein,structural|AA|interact|_|nominalized,participants,1,1,positive
bioinfer,BioInfer.d629.s0,protein,structural|AA|interact|_|nominalized,participants,1,1,positive
bioinfer,BioInfer.d629.s0,protein,structural|AA|interact|_|nominalized,participants,1,1,positive
bioinfer,BioInfer.d63.s0,expression,structural|AB|see|between|passive,targets,0,0,unlabeled
bioinfer,BioInfer.d630.s0,antibody,structural|AA|interact|_|nominalized,participants,0,0,unlabeled
bioinfer,BioInfer.d631.s0,interaction,structural|AB|use|_|verbal,sources,1,0,negative
bioinfer,BioInfer.d631.s0,minigenome,structural|AB|use|_|verbal,targets,1,0,negative
bioinfer,BioInfer.d631.s0,proteins,structural|AB|interact|_|nominalized,targets,1,1,positive
bioinfer,BioInfer.d631.s0,proteins,structural|AB|interact|_|nominalized,targets,1,1,positive
bioinfer,BioInfer.d631.s0,proteins,structural|AB|interact|_|nominalized,targets,1,1,positive
bioinfer,BioInfer.d631.s0,proteins,structural|AB|interact|_|nominalized,targets,1,1,positive
bioinfer,BioInfer.d633.s0,molecule,structural|AB|regulate|_|verbal,sources,0,0,unlabeled
bioinfer,BioInfer.d633.s0,molecule,structural|AB|participate|_|verbal,sources,0,0,unlabeled
bioinfer,BioInfer.d635.s0,filament,structural|AB|express|_|verbal,targets,0,0,unlabeled
bioinfer,BioInfer.d636.s0,proteins,structural|AB|consist|of|verbal,targets,0,0,unlabeled
bioinfer,BioInfer.d637.s0,binding,relational|RELATIONAL|partner|_|nominalized,entities_b,1,1,positive
bioinfer,BioInfer.d637.s0,multidomain,relational|RELATIONAL|partner|_|nominalized,entities_a,1,1,positive
bioinfer,BioInfer.d637.s0,multidomain,relational|RELATIONAL|is-a|_|verbal,entities_a,0,0,unlabeled
bioinfer,BioInfer.d637.s0,regulator,structural|AB|associate|with|verbal,targets,0,0,unlabeled
bioinfer,BioInfer.d637.s0,regulator,relational|RELATIONAL|is-a|_|verbal,entities_a,0,0,unlabeled
bioinfer,BioInfer.d637.s1,modeling,structural|AB|modulate|_|verbal,targets,0,0,unlabeled
bioinfer,BioInfer.d638.s1,domain,structural|AB|control|of|verbal,sources,1,1,positive
bioinfer,BioInfer.d638.s1,localization,structural|AB|control|of|verbal,targets,1,1,positive
bioinfer,BioInfer.d639.s0,action,structural|AB|arise|_|verbal,sources,0,0,unlabeled
bioinfer,BioInfer.d639.s0,action,relational|RELATIONAL|is-a|_|verbal,entities_a,0,0,unlabeled
bioinfer,BioInfer.d639.s0,complex,structural|AA|bind|_|nominalized,participants,0,0,unlabeled
bioinfer,BioInfer.d639.s0,complex,structural|AA|bind|_|nominalized,participants,0,0,unlabeled
bioinfer,BioInfer.d639.s0,complex,structural|AB|result|_|verbal,sources,0,0,unlabeled
bioinfer,BioInfer.d64.s0,filament,structural|AB|cross-link|_|passive,targets,1,1,positive
bioinfer,BioInfer.d641.s0,interface,structural|AB|take|in|verbal,targets,0,0,unlabeled
bioinfer,BioInfer.d641.s0,majority,structural|AB|expose|of|passive,targets,0,0,unlabeled
bioinfer,BioInfer.d641.s0,majority,structural|AB|lie|_|verbal,sources,0,0,unlabeled
bioinfer,BioInfer.d642.s0,domain,structural|AB|identify|on|verbal,targets,0,0,unlabeled
bioinfer,BioInfer.d642.s0,domain,relational|RELATIONAL|domain|_|nominalized,entities_a,0,0,unlabeled
bioinfer,BioInfer.d643.s0,mechanism,structural|AB|reinvestigate|of|passive,targets,0,0,unlabeled
bioinfer,BioInfer.d643.s1,absence,structural|AB|measure|in|verbal,targets,0,0,unlabeled
bioinfer,BioInfer.d643.s1,assembly,structural|AB|measure|in|verbal,sources,0,0,unlabeled
bioinfer,BioInfer.d643.s1,assembly,structural|AB|fit|_|verbal,sources,0,0,unlabeled
bioinfer,BioInfer.d643.s2,concentration,structural|AB|rise|with|verbal,targets,0,0,unlabeled
bioinfer,BioInfer.d643.s2,solution,structural|AB|rise|with|verbal,targets,0,0,unlabeled
bioinfer,BioInfer.d644.s0,dalton,relational|RELATIONAL|is-a|_|verbal,entities_a,0,0,unlabeled
bioinfer,BioInfer.d645.s0,regulator,relational|RELATIONAL|regulator|_|nominalized,entities_b,1,1,positive
bioinfer,BioInfer.d646.s0,re-expression,relational|RELATIONAL|re-expression|_|nominalized,entities_b,0,0,unlabeled
bioinfer,BioInfer.d647.s0,extent,structural|AB|acetylate|with|passive,targets,1,0,negative
bioinfer,BioInfer.d647.s0,preference,relational|RELATIONAL|preference|_|nominalized,entities_b,0,0,unlabeled
bioinfer,BioInfer.d648.s0,assembly,structural|AB|regulate|_|verbal,targets,1,1,positive
bioinfer,BioInfer.d648.s0,protein,structural|AB|regulate|_|verbal,sources,1,1,positive
bioinfer,BioInfer.d648.s0,protein,relational|RELATIONAL|is-a|_|verbal,entities_a,0,0,unlabeled
bioinfer,BioInfer.d649.s0,protein,structural|AB|include|_|verbal,targets,0,0,unlabeled
bioinfer,BioInfer.d65.s0,antigen,structural|AB|relate|to|passive,targets,1,1,positive
bioinfer,BioInfer.d65.s0,antigen,relational|RELATIONAL|is-a|_|verbal,entities_a,0,0,unlabeled
bioinfer,BioInfer.d65.s0,form,structural|AB|relate|to|passive,sources,1,1,positive
bioinfer,BioInfer.d65.s1,antigen,structural|AB|bind|to|passive,sources,1,1,positive
bioinfer,BioInfer.d65.s1,antigen,relational|RELATIONAL|is-a|_|verbal,entities_a,0,0,unlabeled
bioinfer,BioInfer.d650.s0,polymerization,structural|AB|affect|_|verbal,targets,0,0,unlabeled
bioinfer,BioInfer.d652.s0,fibre,structural|AB|disrupt|_|verbal,targets,1,1,positive
bioinfer,BioInfer.d652.s0,polypeptide,structural|AB|disrupt|_|verbal,sources,1,1,positive
bioinfer,BioInfer.d653.s0,nucleotide,structural|AB|determine|of|passive,targets,0,0,unlabeled
bioinfer,BioInfer.d654.s0,expression,structural|AB|suggest|_|verbal,sources,0,0,unlabeled
bioinfer,BioInfer.d654.s1,expression,structural|AB|detail|_|verbal,targets,0,0,unlabeled
bioinfer,BioInfer.d655.s0,assembly,structural|AB|consider|_|passive,contexts,0,0,unlabeled
bioinfer,BioInfer.d655.s0,assembly,structural|AB|play|_|verbal,sources,0,0,unlabeled
bioinfer,BioInfer.d656.s0,cofactor,structural|AB|contain|_|verbal,targets,0,0,unlabeled
bioinfer,BioInfer.d656.s0,gene,structural|AB|encode|_|verbal,sources,1,0,negative
bioinfer,BioInfer.d656.s0,substrate,structural|AB|encode|_|verbal,targets,1,0,negative
bioinfer,BioInfer.d656.s0,substrate,structural|AB|associate|_|verbal,sources,0,0,unlabeled
bioinfer,BioInfer.d657.s0,form,structural|AA|complex|_|compound_state,participants,1,1,positive
bioinfer,BioInfer.d658.s0,identify,relational|RELATIONAL|is-a|_|verbal,entities_a,0,0,unlabeled
bioinfer,BioInfer.d659.s0,activation,structural|AB|mediate|_|verbal,targets,1,1,positive
bioinfer,BioInfer.d659.s0,factor,relational|RELATIONAL|is-a|_|verbal,entities_a,0,0,unlabeled
bioinfer,BioInfer.d659.s0,gene,structural|AB|mediate|_|verbal,sources,1,1,positive
bioinfer,BioInfer.d660.s1,competition,structural|AB|bind|_|verbal,sources,1,1,positive
bioinfer,BioInfer.d660.s1,explanation,structural|AB|provide|_|verbal,targets,1,0,negative
bioinfer,BioInfer.d660.s1,proximity,structural|AB|provide|_|verbal,sources,1,0,negative
bioinfer,BioInfer.d662.s0,metabolism,structural|AB|regulate|_|passive,targets,0,0,unlabeled
bioinfer,BioInfer.d663.s0,effect,structural|AB|appear|_|verbal,sources,0,0,unlabeled
bioinfer,BioInfer.d663.s0,effect,structural|AB|involve|_|verbal,sources,1,1,positive
bioinfer,BioInfer.d663.s0,effect,structural|AB|decrease|in|verbal,sources,1,1,positive
bioinfer,BioInfer.d663.s0,expression,structural|AB|decrease|in|verbal,targets,1,1,positive
bioinfer,BioInfer.d663.s0,increase,structural|AB|involve|_|verbal,targets,1,1,positive
bioinfer,BioInfer.d664.s0,%,structural|AB|share|_|verbal,targets,1,1,positive
bioinfer,BioInfer.d664.s0,family,structural|AB|contain|of|verbal,targets,1,0,negative
bioinfer,BioInfer.d664.s0,sequence,structural|AB|share|_|verbal,sources,1,1,positive
bioinfer,BioInfer.d664.s0,sequence,structural|AB|contain|of|verbal,sources,1,0,negative
bioinfer,BioInfer.d665.s0,presence,structural|AB|reflect|of|verbal,sources,0,0,unlabeled
bioinfer,BioInfer.d666.s0,alteration,structural|AB|result|in|verbal,targets,0,0,unlabeled
bioinfer,BioInfer.d667.s0,contents,structural|AA|relationship|_|nominalized,participants,1,0,negative
bioinfer,BioInfer.d667.s0,contents,structural|AA|relationship|_|nominalized,participants,1,0,negative
bioinfer,BioInfer.d668.s0,quantification,structural|AB|allow|for|verbal,targets,0,0,unlabeled
bioinfer,BioInfer.d669.s0,product,structural|AB|assign|to|passive,targets,0,0,unlabeled
bioinfer,BioInfer.d67.s0,mutation,structural|AB|have|_|verbal,sources,0,0,unlabeled
bioinfer,BioInfer.d670.s0,product,structural|AB|participate|_|verbal,sources,0,0,unlabeled
bioinfer,BioInfer.d672.s0,gene,relational|RELATIONAL|gene|_|nominalized,entities_b,0,0,unlabeled
bioinfer,BioInfer.d672.s0,gene,relational|RELATIONAL|gene|_|nominalized,entities_b,0,0,unlabeled
bioinfer,BioInfer.d672.s0,gene,relational|RELATIONAL|gene|_|nominalized,entities_b,0,0,unlabeled
bioinfer,BioInfer.d672.s0,gene,relational|RELATIONAL|gene|_|nominalized,entities_b,0,0,unlabeled
bioinfer,BioInfer.d673.s0,assembly,structural|AB|regulate|_|verbal,targets,1,1,positive
bioinfer,BioInfer.d676.s0,antibody,structural|AB|think|_|passive,contexts,0,0,unlabeled
bioinfer,BioInfer.d677.s0,expression,structural|AB|involve|_|verbal,targets,0,0,unlabeled
bioinfer,BioInfer.d677.s0,family,relational|RELATIONAL|is-a|_|verbal,entities_a,0,0,unlabeled
bioinfer,BioInfer.d678.s0,kind,structural|AB|use|of|verbal,targets,0,0,unlabeled
bioinfer,BioInfer.d680.s0,substitution,structural|AB|be|_|verbal,sources,0,0,unlabeled
bioinfer,BioInfer.d681.s0,gene,structural|AB|be|_|verbal,sources,0,0,unlabeled
bioinfer,BioInfer.d681.s1,%,structural|AB|encode|of|verbal,targets,1,1,positive
bioinfer,BioInfer.d681.s1,%,structural|AB|encode|of|verbal,targets,1,1,positive
bioinfer,BioInfer.d681.s1,gene,structural|AB|encode|of|verbal,sources,1,1,positive
bioinfer,BioInfer.d681.s1,gene,structural|AB|encode|of|verbal,sources,1,1,positive
bioinfer,BioInfer.d682.s0,kd,structural|AB|acanthamoeba-base|on|verbal,targets,0,0,unlabeled
bioinfer,BioInfer.d685.s0,product,structural|AB|bind|_|verbal,sources,0,0,unlabeled
bioinfer,BioInfer.d687.s0,synthesis,structural|AB|indicate|_|verbal,targets,0,0,unlabeled
bioinfer,BioInfer.d688.s0,partner,structural|AB|sequester|_|verbal,sources,1,1,positive
bioinfer,BioInfer.d688.s0,partner,structural|AB|inhibit|_|verbal,sources,0,0,unlabeled
bioinfer,BioInfer.d688.s0,transactivation,structural|AB|drive|_|passive,targets,1,0,negative
bioinfer,BioInfer.d689.s0,cerevisiae,structural|AB|require|_|passive,targets,0,0,unlabeled
bioinfer,BioInfer.d69.s0,level,structural|AB|increase|of|verbal,targets,0,0,unlabeled
bioinfer,BioInfer.d690.s0,cerevisiae,structural|AB|belong|to|verbal,sources,1,1,positive
bioinfer,BioInfer.d690.s0,epistasis,structural|AB|belong|to|verbal,targets,1,1,positive
bioinfer,BioInfer.d690.s0,epistasis,structural|AB|propose|_|passive,contexts,0,0,unlabeled
bioinfer,BioInfer.d691.s0,concentration,structural|AB|reach|_|passive,targets,0,0,unlabeled
bioinfer,BioInfer.d693.s0,expression,structural|AB|display|_|verbal,targets,0,0,unlabeled
bioinfer,BioInfer.d694.s0,activity,structural|AB|require|_|verbal,sources,0,0,unlabeled
bioinfer,BioInfer.d695.s0,action,structural|AB|mediate|on|verbal,targets,1,1,positive
bioinfer,BioInfer.d695.s0,cytoskeleton,structural|AB|link|_|passive,targets,0,0,unlabeled
bioinfer,BioInfer.d696.s0,antibody,structural|AB|use|with|verbal,targets,0,0,unlabeled
bioinfer,BioInfer.d697.s0,function,structural|AA|difference|_|nominalized,participants,0,0,unlabeled
bioinfer,BioInfer.d698.s0,pathway,structural|AB|involve|_|passive,contexts,0,0,unlabeled
bioinfer,BioInfer.d698.s0,stimulation,structural|AB|mediate|_|verbal,targets,1,1,positive
bioinfer,BioInfer.d698.s0,stimulation,structural|AB|lead|_|verbal,sources,0,0,unlabeled
bioinfer,BioInfer.d7.s0,effect,structural|AB|have|_|verbal,targets,0,0,unlabeled
bioinfer,BioInfer.d7.s1,extent,structural|AB|inhibit|of|verbal,targets,1,1,positive
bioinfer,BioInfer.d7.s2,addition,structural|AB|cause|_|verbal,sources,0,0,unlabeled
bioinfer,BioInfer.d7.s2,addition,structural|AB|achieve|_|passive,targets,0,0,unlabeled
bioinfer,BioInfer.d7.s4,cation,structural|AB|bind|on|verbal,targets,0,0,unlabeled
bioinfer,BioInfer.d7.s4,effect,structural|AB|inhibit|_|verbal,targets,0,0,unlabeled
bioinfer,BioInfer.d70.s0,amount,structural|AB|associate|_|passive,targets,0,0,unlabeled
bioinfer,BioInfer.d70.s0,effect,structural|AB|have|_|verbal,targets,0,0,unlabeled
bioinfer,BioInfer.d701.s0,family,structural|AB|regulate|_|passive,targets,0,0,unlabeled
bioinfer,BioInfer.d701.s0,up-regulation,structural|AB|characterize|_|passive,sources,0,0,unlabeled
bioinfer,BioInfer.d703.s0,factor,structural|AB|compose|_|verbal,targets,0,0,unlabeled
bioinfer,BioInfer.d703.s0,factor,relational|RELATIONAL|is-a|_|verbal,entities_a,0,0,unlabeled
bioinfer,BioInfer.d704.s0,complex,structural|AB|activate|_|verbal,targets,0,0,unlabeled
bioinfer,BioInfer.d704.s0,complex,structural|AA|complex|_|compound_state,participants,1,1,positive
bioinfer,BioInfer.d704.s0,polymerization,structural|AB|lead|to|verbal,targets,0,0,unlabeled
bioinfer,BioInfer.d706.s0,sequence,structural|AB|relate|to|passive,sources,1,1,positive
bioinfer,BioInfer.d707.s0,ligand,structural|AB|interact|of|verbal,targets,0,0,unlabeled
bioinfer,BioInfer.d708.s0,assembly,structural|AB|regulate|_|passive,targets,0,0,unlabeled
bioinfer,BioInfer.d709.s0,increase,structural|AB|contribute|to|verbal,sources,1,1,positive
bioinfer,BioInfer.d709.s0,phosphorylation,structural|AB|increase|_|verbal,targets,0,0,unlabeled
bioinfer,BioInfer.d709.s0,phosphorylation,structural|AB|contribute|to|verbal,sources,1,1,positive
bioinfer,BioInfer.d709.s0,reorganization,structural|AB|contribute|to|verbal,targets,1,1,positive
bioinfer,BioInfer.d711.s0,activation,structural|AB|precede|_|verbal,sources,1,1,positive
bioinfer,BioInfer.d711.s0,activation,structural|AB|precede|_|verbal,targets,1,1,positive
bioinfer,BioInfer.d711.s0,polymerization,structural|AB|involve|in|passive,targets,0,0,unlabeled
bioinfer,BioInfer.d711.s0,polyphosphoinositide,structural|AB|interact|with|nominalized,sources,0,0,unlabeled
bioinfer,BioInfer.d711.s0,polyphosphoinositide,structural|AB|interact|with|nominalized,targets,0,0,unlabeled
bioinfer,BioInfer.d712.s0,cytoskeleton,structural|AB|reorganize|_|verbal,targets,1,1,positive
bioinfer,BioInfer.d713.s0,proteins,structural|AB|phosphorylate|_|verbal,targets,1,1,positive
bioinfer,BioInfer.d713.s0,role,structural|AB|play|_|verbal,targets,1,1,positive
bioinfer,BioInfer.d713.s1,mutant,structural|AB|use|_|verbal,targets,0,0,unlabeled
bioinfer,BioInfer.d714.s0,part,structural|AB|constitute|of|verbal,targets,0,0,unlabeled
bioinfer,BioInfer.d715.s0,factor,structural|AB|cause|through|verbal,targets,1,1,positive
bioinfer,BioInfer.d715.s0,factor,relational|RELATIONAL|is-a|_|verbal,entities_a,0,0,unlabeled
bioinfer,BioInfer.d718.s0,protein,relational|RELATIONAL|is-a|_|verbal,entities_a,0,0,unlabeled
bioinfer,BioInfer.d720.s0,crosslinking,structural|AB|implicate|in|verbal,sources,1,0,negative
bioinfer,BioInfer.d720.s0,region,structural|AB|implicate|in|verbal,targets,1,0,negative
bioinfer,BioInfer.d720.s0,site,structural|AB|ill-define|on|passive,targets,0,0,unlabeled
bioinfer,BioInfer.d721.s0,proteins,structural|AB|allow|_|verbal,targets,0,0,unlabeled
bioinfer,BioInfer.d722.s0,domain,structural|AB|bind|to|verbal,sources,1,0,negative
bioinfer,BioInfer.d722.s0,domain,structural|AB|require|_|passive,targets,0,0,unlabeled
bioinfer,BioInfer.d722.s0,domain,structural|AB|target|of|verbal,sources,1,0,negative
bioinfer,BioInfer.d722.s0,domain,relational|RELATIONAL|domain|_|nominalized,entities_a,0,0,unlabeled
bioinfer,BioInfer.d722.s0,site,structural|AB|target|of|verbal,targets,1,0,negative
bioinfer,BioInfer.d723.s0,binding,structural|AA|homology|_|nominalized,participants,0,0,unlabeled
bioinfer,BioInfer.d725.s0,fold,structural|AB|resemble|of|verbal,targets,1,1,positive
bioinfer,BioInfer.d725.s0,protein,relational|RELATIONAL|is-a|_|verbal,entities_a,0,0,unlabeled
bioinfer,BioInfer.d725.s0,structure,structural|AB|differ|of|verbal,sources,1,1,positive
bioinfer,BioInfer.d725.s0,structure,structural|AB|resemble|of|verbal,sources,1,1,positive
bioinfer,BioInfer.d725.s0,that,structural|AB|differ|of|verbal,targets,1,1,positive
bioinfer,BioInfer.d726.s0,filament,structural|AB|cross-link|_|verbal,targets,1,1,positive
bioinfer,BioInfer.d727.s0,form,structural|AA|complex|_|compound_state,participants,1,1,positive
bioinfer,BioInfer.d727.s0,interaction,structural|AB|form|_|passive,sources,1,1,positive
bioinfer,BioInfer.d727.s0,proteins,structural|AB|contain|_|verbal,sources,0,0,unlabeled
bioinfer,BioInfer.d727.s0,receptor,structural|AB|recruit|_|verbal,sources,1,0,negative
bioinfer,BioInfer.d73.s2,gene,structural|AB|delete|for|passive,targets,0,0,unlabeled
bioinfer,BioInfer.d730.s0,adhesion,structural|AB|assemble|on|verbal,targets,0,0,unlabeled
bioinfer,BioInfer.d730.s0,cell,structural|AB|assemble|on|verbal,sources,0,0,unlabeled
bioinfer,BioInfer.d730.s0,cell,structural|AB|assemble|_|verbal,sources,0,0,unlabeled
bioinfer,BioInfer.d730.s0,fiber,structural|AB|assemble|on|verbal,targets,0,0,unlabeled
bioinfer,BioInfer.d730.s0,level,structural|AB|express|of|verbal,targets,1,0,negative
bioinfer,BioInfer.d731.s0,activation,structural|AB|prevent|_|verbal,targets,0,0,unlabeled
bioinfer,BioInfer.d731.s0,gene,relational|RELATIONAL|is-a|_|verbal,entities_a,0,0,unlabeled
bioinfer,BioInfer.d733.s0,gene,structural|AB|require|_|verbal,targets,0,0,unlabeled
bioinfer,BioInfer.d733.s0,increase,structural|AB|exhibit|_|verbal,targets,0,0,unlabeled
bioinfer,BioInfer.d734.s0,assembly,structural|AB|alter|_|verbal,targets,1,1,positive
bioinfer,BioInfer.d734.s0,expression,structural|AB|alter|_|verbal,sources,1,1,positive
bioinfer,BioInfer.d734.s0,receptor,relational|RELATIONAL|is-a|_|verbal,entities_a,0,0,unlabeled
bioinfer,BioInfer.d735.s0,proteins,structural|AB|bind|to|verbal,targets,1,1,positive
bioinfer,BioInfer.d735.s0,proteins,relational|RELATIONAL|is-a|_|verbal,entities_a,0,0,unlabeled
bioinfer,BioInfer.d736.s0,interaction,structural|AB|impair|_|verbal,targets,1,1,positive
bioinfer,BioInfer.d736.s0,mutation,structural|AB|impair|_|verbal,sources,1,1,positive
bioinfer,BioInfer.d736.s0,mutation,structural|AB|cause|_|verbal,sources,0,0,unlabeled
bioinfer,BioInfer.d736.s1,mutation,structural|AB|analyze|_|passive,targets,0,0,unlabeled
bioinfer,BioInfer.d736.s1,region,structural|AB|interact|with|nominalized,sources,1,1,positive
bioinfer,BioInfer.d736.s1,region,structural|AB|implicate|of|passive,targets,0,0,unlabeled
bioinfer,BioInfer.d737.s0,cycle,structural|AB|result|_|verbal,sources,0,0,unlabeled
bioinfer,BioInfer.d737.s0,mutation,structural|AB|suppress|_|passive,sources,0,0,unlabeled
bioinfer,BioInfer.d738.s0,complex,structural|AB|play|_|verbal,sources,0,0,unlabeled
bioinfer,BioInfer.d738.s0,complex,structural|AA|complex|_|compound_state,participants,1,1,positive
bioinfer,BioInfer.d738.s1,activity,structural|AB|correlate|with|verbal,targets,0,0,unlabeled
bioinfer,BioInfer.d739.s0,pool,structural|AB|drive|_|passive,sources,0,0,unlabeled
bioinfer,BioInfer.d739.s0,protein,structural|AB|bind|to|passive,targets,1,1,positive
bioinfer,BioInfer.d739.s0,protein,relational|RELATIONAL|is-a|_|verbal,entities_a,0,0,unlabeled
bioinfer,BioInfer.d74.s0,2tetramer,structural|AB|form|_|passive,sources,0,0,unlabeled
bioinfer,BioInfer.d740.s0,activation,structural|AB|require|for|passive,sources,1,1,positive
bioinfer,BioInfer.d740.s0,reorganization,structural|AB|require|for|passive,targets,1,1,positive
bioinfer,BioInfer.d741.s0,filament,structural|AB|coexistence|_|nominalized,targets,1,1,positive
bioinfer,BioInfer.d741.s0,involvement,structural|AB|imply|_|verbal,targets,0,0,unlabeled
bioinfer,BioInfer.d743.s0,bundle,structural|AB|attach|_|verbal,sources,0,0,unlabeled
bioinfer,BioInfer.d743.s0,characterization,structural|AB|describe|_|verbal,targets,0,0,unlabeled
bioinfer,BioInfer.d745.s0,expression,structural|AB|support|_|passive,sources,0,0,unlabeled
bioinfer,BioInfer.d746.s0,change,structural|AB|affect|_|verbal,sources,0,0,unlabeled
bioinfer,BioInfer.d747.s0,lack,structural|AB|cause|_|passive,sources,0,0,unlabeled
bioinfer,BioInfer.d747.s0,lack,structural|AB|cause|_|passive,sources,0,0,unlabeled
bioinfer,BioInfer.d747.s0,network,structural|AB|couple|_|verbal,targets,0,0,unlabeled
bioinfer,BioInfer.d747.s0,protein,relational|RELATIONAL|is-a|_|verbal,entities_a,0,0,unlabeled
bioinfer,BioInfer.d748.s0,analysis,structural|AB|include|_|verbal,targets,0,0,unlabeled
bioinfer,BioInfer.d748.s0,study,structural|AB|include|_|verbal,targets,0,0,unlabeled
bioinfer,BioInfer.d749.s0,proteins,structural|AB|influence|of|verbal,sources,1,1,positive
bioinfer,BioInfer.d749.s0,proteins,relational|RELATIONAL|is-a|_|verbal,entities_a,0,0,unlabeled
bioinfer,BioInfer.d75.s0,receptor,structural|AB|require|with|verbal,targets,0,0,unlabeled
bioinfer,BioInfer.d753.s0,expression,structural|AB|co-regulate|_|passive,targets,0,0,unlabeled
bioinfer,BioInfer.d754.s0,isoform,structural|AB|involve|in|passive,sources,1,1,positive
bioinfer,BioInfer.d754.s0,regulation,structural|AB|involve|in|passive,targets,1,1,positive
bioinfer,BioInfer.d755.s0,function,structural|AB|implicate|_|verbal,contexts,0,0,unlabeled
bioinfer,BioInfer.d756.s0,binding,relational|RELATIONAL|require|_|nominalized,entities_a,0,0,unlabeled
bioinfer,BioInfer.d756.s0,exchange,relational|RELATIONAL|require|_|nominalized,entities_a,0,0,unlabeled
bioinfer,BioInfer.d756.s0,requirement,relational|RELATIONAL|require|_|nominalized,entities_b,0,0,unlabeled
bioinfer,BioInfer.d757.s0,dodecapeptide,structural|AB|constitute|_|verbal,sources,0,0,unlabeled
bioinfer,BioInfer.d757.s1,inhibitor,relational|RELATIONAL|inhibitor|_|nominalized,entities_b,0,0,unlabeled
bioinfer,BioInfer.d757.s1,trp104-met115,structural|AB|correspond|of|verbal,targets,0,0,unlabeled
bioinfer,BioInfer.d759.s0,sequence,structural|AB|contain|_|verbal,targets,0,0,unlabeled
bioinfer,BioInfer.d759.s0,sequence,structural|AB|contain|_|verbal,targets,0,0,unlabeled
bioinfer,BioInfer.d76.s0,repeat,structural|AB|involve|_|passive,targets,0,0,unlabeled
bioinfer,BioInfer.d76.s0,repeat,structural|AB|bind|to|verbal,sources,1,1,positive
bioinfer,BioInfer.d761.s0,expression,structural|AB|characterize|_|verbal,sources,0,0,unlabeled
bioinfer,BioInfer.d761.s0,expression,structural|AB|investigate|_|verbal,contexts,0,0,unlabeled
bioinfer,BioInfer.d761.s0,nephropathy,structural|AB|investigate|_|verbal,contexts,0,0,unlabeled
bioinfer,BioInfer.d762.s0,antibody,structural|AB|check|_|verbal,sources,0,0,unlabeled
bioinfer,BioInfer.d762.s0,antibody,structural|AB|use|_|passive,contexts,0,0,unlabeled
bioinfer,BioInfer.d763.s0,reaction,structural|AB|examine|_|passive,contexts,0,0,unlabeled
bioinfer,BioInfer.d763.s0,relation,structural|AB|clarify|_|verbal,targets,0,0,unlabeled
bioinfer,BioInfer.d764.s0,antibody,structural|AB|use|_|verbal,targets,0,0,unlabeled
bioinfer,BioInfer.d764.s0,antibody,structural|AB|use|_|verbal,targets,0,0,unlabeled
bioinfer,BioInfer.d764.s0,antibody,relational|RELATIONAL|is-a|_|verbal,entities_a,0,0,unlabeled
bioinfer,BioInfer.d764.s0,marker,structural|AB|use|_|verbal,targets,0,0,unlabeled
bioinfer,BioInfer.d765.s0,expression,structural|AB|determine|_|verbal,sources,0,0,unlabeled
bioinfer,BioInfer.d765.s0,expression,structural|AB|investigate|_|passive,contexts,0,0,unlabeled
bioinfer,BioInfer.d766.s0,rate,structural|AB|determine|_|verbal,sources,0,0,unlabeled
bioinfer,BioInfer.d766.s0,rate,structural|AB|measure|_|passive,contexts,0,0,unlabeled
bioinfer,BioInfer.d768.s0,expression,structural|AB|regulate|through|verbal,targets,1,1,positive
bioinfer,BioInfer.d768.s0,factor,structural|AB|regulate|through|verbal,targets,1,1,positive
bioinfer,BioInfer.d768.s0,involvement,structural|AB|require|_|verbal,targets,1,1,positive
bioinfer,BioInfer.d768.s0,site,structural|AB|regulate|through|verbal,targets,1,1,positive
bioinfer,BioInfer.d77.s0,complex,structural|AB|bind|_|verbal,sources,1,1,positive
bioinfer,BioInfer.d77.s0,complex,structural|AB|cross-link|_|verbal,sources,1,1,positive
bioinfer,BioInfer.d77.s0,complex,structural|AA|complex|_|compound_state,participants,1,1,positive
bioinfer,BioInfer.d77.s0,filament,structural|AB|cross-link|_|verbal,targets,1,1,positive
bioinfer,BioInfer.d77.s1,complex,structural|AB|bind|_|verbal,targets,1,1,positive
bioinfer,BioInfer.d77.s1,complex,structural|AA|complex|_|compound_state,participants,1,1,positive
bioinfer,BioInfer.d77.s2,site,structural|AB|cross-link|of|passive,targets,1,1,positive
bioinfer,BioInfer.d77.s2,subunit,structural|AB|cross-link|of|passive,sources,1,1,positive
bioinfer,BioInfer.d770.s0,mrna,structural|AB|determine|_|passive,targets,0,0,unlabeled
bioinfer,BioInfer.d770.s0,mrna,structural|AB|use|_|verbal,sources,0,0,unlabeled
bioinfer,BioInfer.d771.s0,protein,structural|AB|appear|_|verbal,sources,0,0,unlabeled
bioinfer,BioInfer.d771.s0,protein,relational|RELATIONAL|is-a|_|verbal,entities_a,0,0,unlabeled
bioinfer,BioInfer.d772.s0,expression,structural|AB|indicate|_|verbal,sources,0,0,unlabeled
bioinfer,BioInfer.d772.s0,that,structural|AB|indicate|_|verbal,sources,0,0,unlabeled
bioinfer,BioInfer.d773.s0,interplay,structural|AB|determine|_|passive,sources,0,0,unlabeled
bioinfer,BioInfer.d773.s0,protein,relational|RELATIONAL|is-a|_|verbal,entities_a,0,0,unlabeled
bioinfer,BioInfer.d773.s0,protein,relational|RELATIONAL|is-a|_|verbal,entities_a,0,0,unlabeled
bioinfer,BioInfer.d775.s0,activity,structural|AB|give|to|verbal,targets,0,0,unlabeled
bioinfer,BioInfer.d775.s0,brsv,structural|AB|encode|_|verbal,targets,0,0,unlabeled
bioinfer,BioInfer.d776.s0,expression,structural|AB|increase|_|verbal,targets,0,0,unlabeled
bioinfer,BioInfer.d776.s0,level,structural|AB|reduce|_|passive,targets,0,0,unlabeled
bioinfer,BioInfer.d777.s0,activation,structural|AB|result|in|verbal,targets,0,0,unlabeled
bioinfer,BioInfer.d777.s0,increase,structural|AB|result|in|verbal,targets,0,0,unlabeled
bioinfer,BioInfer.d777.s0,induction,structural|AB|result|in|verbal,targets,0,0,unlabeled
bioinfer,BioInfer.d78.s1,activity,relational|RELATIONAL|is-a|_|verbal,entities_a,0,0,unlabeled
bioinfer,BioInfer.d78.s2,rod,structural|AB|colocalize|_|verbal,contexts,0,0,unlabeled
bioinfer,BioInfer.d781.s0,%,structural|AB|retain|of|verbal,targets,0,0,unlabeled
bioinfer,BioInfer.d781.s0,%,structural|AB|retain|of|verbal,targets,0,0,unlabeled
bioinfer,BioInfer.d781.s0,%,structural|AB|lose|of|verbal,targets,0,0,unlabeled
bioinfer,BioInfer.d782.s0,staining,structural|AB|exhibit|_|verbal,targets,0,0,unlabeled
bioinfer,BioInfer.d784.s0,complex,structural|AA|complex|_|compound_state,participants,1,1,positive
bioinfer,BioInfer.d786.s0,binding,structural|AB|operate|_|verbal,sources,0,0,unlabeled
bioinfer,BioInfer.d786.s0,binding,relational|RELATIONAL|site|_|nominalized,entities_b,0,0,unlabeled
bioinfer,BioInfer.d786.s0,stretch,structural|AB|neutralize|of|verbal,targets,0,0,unlabeled
bioinfer,BioInfer.d787.s0,focus,structural|AB|occur|within|verbal,targets,1,0,negative
bioinfer,BioInfer.d787.s0,network,structural|AB|suggest|_|verbal,sources,0,0,unlabeled
bioinfer,BioInfer.d787.s0,phosphorylation,structural|AB|occur|within|verbal,sources,1,0,negative
bioinfer,BioInfer.d788.s0,orientation,structural|AB|determine|with|verbal,targets,0,0,unlabeled
bioinfer,BioInfer.d788.s0,respect,structural|AB|determine|with|verbal,targets,0,0,unlabeled
bioinfer,BioInfer.d788.s0,structure,structural|AB|use|_|verbal,targets,0,0,unlabeled
bioinfer,BioInfer.d789.s0,filament,structural|AB|protect|_|verbal,targets,1,1,positive
bioinfer,BioInfer.d79.s0,binding,structural|AB|implicate|in|passive,targets,1,1,positive
bioinfer,BioInfer.d79.s0,c,structural|AB|carry|at|passive,targets,0,0,unlabeled
bioinfer,BioInfer.d79.s1,study,structural|AB|suggest|_|verbal,sources,0,0,unlabeled
bioinfer,BioInfer.d790.s0,filament,structural|AB|induce|_|verbal,targets,1,1,positive
bioinfer,BioInfer.d791.s0,cluster,structural|AB|co-localize|with|passive,sources,1,1,positive
bioinfer,BioInfer.d792.s0,assembly,structural|AB|stimulate|_|verbal,targets,1,0,negative
bioinfer,BioInfer.d792.s0,protein,structural|AB|stimulate|_|verbal,sources,1,0,negative
bioinfer,BioInfer.d793.s0,filament,structural|AB|bundle|_|verbal,targets,1,1,positive
bioinfer,BioInfer.d795.s0,binding,structural|AB|contain|for|verbal,targets,1,1,positive
bioinfer,BioInfer.d795.s0,domain,structural|AB|contain|for|verbal,targets,1,1,positive
bioinfer,BioInfer.d795.s0,structure,structural|AB|regulate|_|passive,targets,0,0,unlabeled
bioinfer,BioInfer.d795.s0,structure,structural|AB|identify|_|passive,targets,0,0,unlabeled
bioinfer,BioInfer.d797.s0,function,structural|AB|mediate|at|verbal,targets,0,0,unlabeled
bioinfer,BioInfer.d797.s0,patch,structural|AB|mediate|at|verbal,targets,0,0,unlabeled
bioinfer,BioInfer.d798.s0,majority,structural|AB|account|of|verbal,targets,0,0,unlabeled
bioinfer,BioInfer.d799.s0,product,structural|AB|express|_|verbal,targets,0,0,unlabeled
bioinfer,BioInfer.d80.s0,domain,structural|AB|interact|include|verbal,targets,1,0,negative
bioinfer,BioInfer.d80.s0,domain,relational|RELATIONAL|domain|_|nominalized,entities_a,0,0,unlabeled
bioinfer,BioInfer.d800.s0,association,structural|AB|describe|_|verbal,targets,0,0,unlabeled
bioinfer,BioInfer.d800.s0,localization,structural|AB|describe|_|verbal,targets,0,0,unlabeled
bioinfer,BioInfer.d801.s0,proteins,relational|RELATIONAL|is-a|_|verbal,entities_a,0,0,unlabeled
bioinfer,BioInfer.d801.s0,rate,structural|AB|increase|of|verbal,targets,0,0,unlabeled
bioinfer,BioInfer.d802.s0,level,structural|AB|correlate|with|verbal,sources,0,0,unlabeled
bioinfer,BioInfer.d802.s0,level,structural|AB|correlate|with|verbal,targets,0,0,unlabeled
bioinfer,BioInfer.d803.s0,filament,structural|AB|regulate|_|verbal,targets,1,1,positive
bioinfer,BioInfer.d804.s0,way,structural|AB|contribute|_|verbal,contexts,0,0,unlabeled
bioinfer,BioInfer.d805.s0,level,structural|AB|express|of|passive,targets,0,0,unlabeled
bioinfer,BioInfer.d806.s0,expression,structural|AB|induce|_|passive,targets,0,0,unlabeled
bioinfer,BioInfer.d807.s0,correlation,structural|AB|analyze|of|verbal,targets,0,0,unlabeled
bioinfer,BioInfer.d808.s0,protein,structural|AA|interact|_|nominalized,participants,0,0,unlabeled
bioinfer,BioInfer.d808.s0,protein,structural|AA|interact|_|nominalized,participants,0,0,unlabeled
bioinfer,BioInfer.d809.s1,ability,structural|AB|reduce|_|verbal,contexts,0,0,unlabeled
bioinfer,BioInfer.d809.s1,ability,structural|AB|polymerize|_|verbal,sources,0,0,unlabeled
bioinfer,BioInfer.d809.s1,effect,structural|AB|have|_|verbal,targets,1,1,positive
bioinfer,BioInfer.d809.s1,monomer,structural|AB|sequester|_|verbal,targets,1,1,positive
bioinfer,BioInfer.d81.s1,antibody,structural|AB|conduct|with|passive,targets,0,0,unlabeled
bioinfer,BioInfer.d81.s1,antibody,structural|AB|conduct|with|passive,targets,0,0,unlabeled
bioinfer,BioInfer.d810.s0,aa,relational|RELATIONAL|is-a|_|verbal,entities_a,0,0,unlabeled
bioinfer,BioInfer.d810.s0,cerevisiae,structural|AB|clone|_|verbal,targets,0,0,unlabeled
bioinfer,BioInfer.d810.s0,cerevisiae,structural|AB|encode|of|verbal,sources,1,1,positive
bioinfer,BioInfer.d811.s0,gene,structural|AB|carry|_|verbal,targets,0,0,unlabeled
bioinfer,BioInfer.d812.s0,level,structural|AB|examine|of|verbal,targets,0,0,unlabeled
bioinfer,BioInfer.d814.s0,family,relational|RELATIONAL|is-a|_|verbal,entities_a,0,0,unlabeled
bioinfer,BioInfer.d814.s0,reorganization,structural|AB|regulate|_|verbal,targets,0,0,unlabeled
bioinfer,BioInfer.d814.s0,target,relational|RELATIONAL|target|_|nominalized,entities_b,1,1,positive
bioinfer,BioInfer.d815.s0,protein,relational|RELATIONAL|protein|_|nominalized,entities_b,0,0,unlabeled
bioinfer,BioInfer.d816.s0,binding,structural|AB|investigate|_|verbal,targets,0,0,unlabeled
bioinfer,BioInfer.d816.s0,rate,structural|AB|investigate|_|verbal,targets,0,0,unlabeled
bioinfer,BioInfer.d817.s0,proteins,structural|AB|transport|with|passive,targets,1,1,positive
bioinfer,BioInfer.d818.s0,pool,structural|AB|form|of|verbal,targets,1,1,positive
bioinfer,BioInfer.d818.s0,pool,structural|AB|mobilize|of|passive,targets,0,0,unlabeled
bioinfer,BioInfer.d819.s0,binding,structural|AB|affect|_|verbal,targets,0,0,unlabeled
bioinfer,BioInfer.d82.s0,drosophila,structural|AB|encode|_|verbal,targets,1,1,positive
bioinfer,BioInfer.d82.s0,locus,structural|AB|encode|_|verbal,sources,1,1,positive
bioinfer,BioInfer.d82.s0,mutant,structural|AB|note|_|passive,contexts,0,0,unlabeled
bioinfer,BioInfer.d820.s0,function,structural|AB|interrelate|_|passive,targets,0,0,unlabeled
bioinfer,BioInfer.d821.s0,gene,structural|AB|initiate|_|verbal,sources,0,0,unlabeled
bioinfer,BioInfer.d821.s0,gene,structural|AB|result|_|verbal,sources,0,0,unlabeled
bioinfer,BioInfer.d822.s0,growth,structural|AB|maintain|_|verbal,targets,1,1,positive
bioinfer,BioInfer.d823.s0,complex,structural|AA|complex|_|compound_state,participants,1,1,positive
bioinfer,BioInfer.d824.s0,role,structural|AB|study|_|verbal,targets,0,0,unlabeled
bioinfer,BioInfer.d825.s0,convergence,structural|AB|function|in|verbal,targets,1,1,positive
bioinfer,BioInfer.d826.s0,presence,structural|AB|test|for|verbal,targets,0,0,unlabeled
bioinfer,BioInfer.d827.s0,coding,structural|AB|contain|_|passive,contexts,0,0,unlabeled
bioinfer,BioInfer.d827.s0,mutation,structural|AB|assess|_|verbal,sources,0,0,unlabeled
bioinfer,BioInfer.d828.s0,cell,structural|AB|rescue|_|verbal,targets,0,0,unlabeled
bioinfer,BioInfer.d83.s0,gene,structural|AB|seem|_|verbal,sources,0,0,unlabeled
bioinfer,BioInfer.d83.s0,gene,structural|AB|involve|_|verbal,sources,0,0,unlabeled
bioinfer,BioInfer.d830.s0,monomer,structural|AB|increase|in|passive,targets,0,0,unlabeled
bioinfer,BioInfer.d830.s0,synthesis,structural|AB|down-regulate|_|passive,targets,0,0,unlabeled
bioinfer,BioInfer.d833.s0,contact,structural|AB|do|_|verbal,sources,0,0,unlabeled
bioinfer,BioInfer.d833.s0,contact,relational|RELATIONAL|is-a|_|verbal,entities_a,0,0,unlabeled
bioinfer,BioInfer.d835.s0,dna,structural|AB|contain|_|verbal,targets,0,0,unlabeled
bioinfer,BioInfer.d835.s0,locus,structural|AB|bear|at|verbal,targets,0,0,unlabeled
bioinfer,BioInfer.d84.s0,level,structural|AB|accumulate|of|verbal,targets,0,0,unlabeled
bioinfer,BioInfer.d84.s1,accumulation,structural|AB|enhance|_|passive,targets,0,0,unlabeled
bioinfer,BioInfer.d87.s2,mutation,structural|AB|result|from|verbal,targets,0,0,unlabeled
bioinfer,BioInfer.d87.s4,role,structural|AB|understand|of|passive,targets,0,0,unlabeled
bioinfer,BioInfer.d88.s0,antibody,structural|AB|identify|_|passive,sources,0,0,unlabeled
bioinfer,BioInfer.d88.s0,crosslinking,structural|AB|stain|of|verbal,sources,0,0,unlabeled
bioinfer,BioInfer.d9.s0,amino,structural|AB|link|to|passive,targets,1,1,positive
bioinfer,BioInfer.d9.s0,binding,structural|AB|disrupt|_|verbal,sources,1,1,positive
bioinfer,BioInfer.d9.s0,dimer,structural|AB|disrupt|_|verbal,targets,1,1,positive
bioinfer,BioInfer.d9.s0,region,structural|AB|consist|of|verbal,targets,0,0,unlabeled
bioinfer,BioInfer.d9.s0,region,structural|AB|link|to|passive,sources,1,1,positive
bioinfer,BioInfer.d90.s0,expression,structural|AB|associate|_|verbal,sources,0,0,unlabeled
bioinfer,BioInfer.d90.s1,significance,structural|AB|evaluate|_|verbal,targets,0,0,unlabeled
bioinfer,BioInfer.d91.s0,complex,structural|AB|bind|to|verbal,targets,1,1,positive
bioinfer,BioInfer.d92.s0,binding,structural|AB|consist|of|verbal,targets,0,0,unlabeled
bioinfer,BioInfer.d92.s0,ectodomain,structural|AB|consist|of|verbal,targets,0,0,unlabeled
bioinfer,BioInfer.d93.s0,feature,structural|AB|share|with|verbal,targets,1,1,positive
bioinfer,BioInfer.d94.s0,concentration,structural|AB|overcome|_|verbal,sources,1,1,positive
bioinfer,BioInfer.d94.s0,effect,structural|AB|overcome|_|verbal,targets,1,1,positive
bioinfer,BioInfer.d94.s0,molecule,structural|AB|exchange|between|verbal,targets,0,0,unlabeled
bioinfer,BioInfer.d95.s0,allele,structural|AB|suppress|_|verbal,targets,1,1,positive
bioinfer,BioInfer.d95.s0,proteins,structural|AA|interact|_|verbal,participants,1,1,positive
bioinfer,BioInfer.d96.s0,14c,structural|AB|decrease|_|verbal,sources,0,0,unlabeled
bioinfer,BioInfer.d97.s0,binding,structural|AB|occur|_|verbal,sources,0,0,unlabeled
bioinfer,BioInfer.d97.s0,binding,structural|AB|determine|_|verbal,sources,0,0,unlabeled
bioinfer,BioInfer.d98.s0,binding,structural|AB|involve|on|verbal,sources,0,0,unlabeled
