corpus,sentence_id,candidate_id,pair_a,pair_b,gold_label,predicted_label,application_status,application_reason_code,decision,canonical_pattern_key,semantic_pattern_key,predicate_lemma,shape,construction,case_marker,realization_channel,event_detail,source_role,target_role,source_argument_role,target_argument_role,source_parser_dep,target_parser_dep,assertion_status,projection_mode,compound_propagated,owner_propagated,descriptor_propagated,is_nominalized,parser_source
bioinfer,BioInfer.d0.s0,stanza_craft+coref_86c7bb97_0:rel:0,0,1,positive,positive,,,applied,structural|AB|inhibit|_|verbal,structural|inhibit,inhibit,AB,verbal,,clause,DEP-inhibit,sources,targets,nsubj,dobj,nsubj,obj,asserted,directed,1,1,0,0,dependency
bioinfer,BioInfer.d0.s0,stanza_craft+coref_86c7bb97_3:rel:0,2,3,positive,positive,,,applied,structural|AA|complex|_|compound_state,structural|complex,complex,AA,compound_state,,state_nominal,DEP-Complex,participants,participants,nmod,nmod,nmod,nmod,asserted,undirected,1,1,0,1,dependency
bioinfer,BioInfer.d1.s0,stanza_craft+coref_ff7cb4a4_1:rel:0,0,1,positive,positive,,,applied,structural|AA|complex|_|compound_state,structural|complex,complex,AA,compound_state,,state_nominal,DEP-Complex,participants,participants,nsubjpass,nsubjpass,nsubj:pass,nsubj:pass,asserted,undirected,0,1,0,1,dependency
bioinfer,BioInfer.d1.s1,stanza_craft+coref_191b5e02_2:rel:0,0,3,positive,positive,,,applied,structural|AB|support|_|verbal,structural|support,support,AB,verbal,,clause,DEP-support,sources,targets,nsubj,dobj,nsubj,obj,asserted,directed,0,1,0,0,dependency
bioinfer,BioInfer.d1.s2,stanza_craft+coref_96f3826e_0:rel:0,0,1,positive,positive,,,applied,structural|AB|interact|with|nominalized,structural|interact,interact,AB,nominalized,with,event_nominal,DEP-nom-interaction,sources,targets,nmod:of,nmod:with,nmod,nmod,asserted,directed,0,0,0,1,dependency
bioinfer,BioInfer.d10.s0,stanza_craft+coref_f597823c_1:rel:0,0,1,negative,negative,,,review_only,relational|RELATIONAL|is-a|_|verbal,relational|RELATIONAL|is-a|_,,RELATIONAL,verbal,,appositive,DEP-ParentheticalAlias,entities_a,entities_b,nmod,dep,nmod,dep,asserted,relational,0,0,0,0,dependency
bioinfer,BioInfer.d10.s0,stanza_craft+coref_f597823c_2:rel:0,2,3,negative,negative,,,review_only,relational|RELATIONAL|is-a|_|verbal,relational|RELATIONAL|is-a|_,,RELATIONAL,verbal,,appositive,DEP-ParentheticalAlias,entities_a,entities_b,nmod,dep,obl,dep,asserted,relational,0,0,0,0,dependency
bioinfer,BioInfer.d100.s0,stanza_craft+coref_7f68c451_1:rel:0,0,1,positive,positive,,,applied,structural|AA|interact|_|verbal,structural|interact,interact,AA,verbal,,clause,DEP-interact-undirected,participants,participants,compound,nsubj,compound,nsubj,asserted,undirected,1,1,0,0,dependency
bioinfer,BioInfer.d100.s1,stanza_craft+coref_84c32746_0:rel:0,0,1,positive,positive,,,applied,structural|AA|interact|_|verbal,structural|interact,interact,AA,verbal,,clause,DEP-interact-undirected,participants,participants,nsubj,nsubj,nsubj,nsubj,asserted,undirected,0,1,0,0,dependency
bioinfer,BioInfer.d100.s1,stanza_craft+coref_84c32746_0:rel:1,0,2,positive,positive,,,applied,structural|AA|interact|_|verbal,structural|interact,interact,AA,verbal,,clause,DEP-interact-undirected,participants,participants,nsubj,nsubj,nsubj,nsubj,asserted,undirected,0,1,0,0,dependency
bioinfer,BioInfer.d100.s1,stanza_craft+coref_84c32746_0:rel:2,0,3,positive,positive,,,applied,structural|AA|interact|_|verbal,structural|interact,interact,AA,verbal,,clause,DEP-interact-undirected,participants,participants,nsubj,nsubj,nsubj,nsubj,asserted,undirected,0,1,0,0,dependency
bioinfer,BioInfer.d100.s1,stanza_craft+coref_84c32746_0:rel:3,1,2,positive,positive,,,applied,structural|AA|interact|_|verbal,structural|interact,interact,AA,verbal,,clause,DEP-interact-undirected,participants,participants,nsubj,nsubj,nsubj,nsubj,asserted,undirected,0,1,0,0,dependency
bioinfer,BioInfer.d100.s1,stanza_craft+coref_84c32746_0:rel:4,1,3,positive,positive,,,applied,structural|AA|interact|_|verbal,structural|interact,interact,AA,verbal,,clause,DEP-interact-undirected,participants,participants,nsubj,nsubj,nsubj,nsubj,asserted,undirected,0,1,0,0,dependency
bioinfer,BioInfer.d100.s1,stanza_craft+coref_84c32746_0:rel:5,2,3,positive,positive,,,applied,structural|AA|interact|_|verbal,structural|interact,interact,AA,verbal,,clause,DEP-interact-undirected,participants,participants,nsubj,nsubj,nsubj,nsubj,asserted,undirected,0,1,0,0,dependency
bioinfer,BioInfer.d100.s1,stanza_craft+coref_84c32746_1:rel:0,0,4,positive,positive,,,applied,structural|AB|promote|_|verbal,structural|promote,promote,AB,verbal,,clause,DEP-promote,sources,targets,nsubj,dobj,nsubj,obj,asserted,directed,1,1,0,0,dependency
bioinfer,BioInfer.d100.s1,stanza_craft+coref_84c32746_1:rel:1,1,4,positive,positive,,,applied,structural|AB|promote|_|verbal,structural|promote,promote,AB,verbal,,clause,DEP-promote,sources,targets,nsubj,dobj,nsubj,obj,asserted,directed,1,1,0,0,dependency
bioinfer,BioInfer.d100.s1,stanza_craft+coref_84c32746_1:rel:2,2,4,positive,positive,,,applied,structural|AB|promote|_|verbal,structural|promote,promote,AB,verbal,,clause,DEP-promote,sources,targets,nsubj,dobj,nsubj,obj,asserted,directed,1,1,0,0,dependency
bioinfer,BioInfer.d100.s1,stanza_craft+coref_84c32746_1:rel:3,3,4,positive,positive,,,applied,structural|AB|promote|_|verbal,structural|promote,promote,AB,verbal,,clause,DEP-promote,sources,targets,nsubj,dobj,nsubj,obj,asserted,directed,1,1,0,0,dependency
bioinfer,BioInfer.d100.s2,stanza_craft+coref_15833109_2:rel:0,0,1,positive,negative,,,review_only,relational|RELATIONAL|protein|_|verbal,relational|RELATIONAL|protein|_,protein,RELATIONAL,verbal,,appositive,DEP-Apposition,entities_a,entities_b,nsubjpass,appos,nsubj:pass,appos,asserted,relational,0,1,0,0,dependency
bioinfer,BioInfer.d101.s0,stanza_craft+coref_f333020b_3:rel:0,3,4,negative,negative,,,review_only,relational|RELATIONAL|is-a|_|verbal,relational|RELATIONAL|is-a|_,,RELATIONAL,verbal,,appositive,DEP-ParentheticalAlias,entities_a,entities_b,conj,conj,conj,conj,asserted,relational,0,0,0,0,dependency
bioinfer,BioInfer.d102.s0,stanza_craft+coref_74838f95_0:rel:0,0,1,positive,positive,,,applied,structural|AA|copurify|_|passive,structural|copurify,copurify,AA,passive,,clause,DEP-copurify-passive-undirected,participants,participants,nsubjpass,conj,nsubj:pass,conj,asserted,undirected,0,0,0,0,dependency
bioinfer,BioInfer.d102.s0,stanza_craft+coref_74838f95_2:rel:0,2,3,positive,positive,,,applied,structural|AB|obtain|_|verbal,structural|obtain,obtain,AB,verbal,,clause,DEP-obtain,sources,targets,nsubjpass,dobj,nsubj:pass,obj,asserted,directed,0,0,0,0,dependency
bioinfer,BioInfer.d102.s2,stanza_craft+coref_e26a95f7_0:rel:0,0,1,positive,positive,,,applied,structural|AB|bind|to|nominalized,structural|bind,bind,AB,nominalized,to,clause,DEP-binding-nestedinner-directed,sources,targets,nmod:of,nmod:to,nmod,nmod,asserted,directed,0,1,0,1,dependency
bioinfer,BioInfer.d102.s2,stanza_craft+coref_e26a95f7_1:rel:0,0,2,positive,negative,,,not_applied,structural|NESTED|block|_|nested,structural|NESTED|block|_,block,NESTED,nested,,clause,DEP-block-passive-nested,sources,targets:event_ref:stanza_craft+coref_e26a95f7_0,nmod,nmod:of,obl,nmod,asserted,nested_review,0,1,1,0,dependency
bioinfer,BioInfer.d102.s2,stanza_craft+coref_e26a95f7_1:rel:1,1,2,positive,negative,,,not_applied,structural|NESTED|block|_|nested,structural|NESTED|block|_,block,NESTED,nested,,clause,DEP-block-passive-nested,sources,targets:event_ref:stanza_craft+coref_e26a95f7_0,nmod,nmod:to,obl,nmod,asserted,nested_review,0,0,1,0,dependency
bioinfer,BioInfer.d102.s2,stanza_craft+coref_e26a95f7_2:rel:0,2,3,positive,positive,,,applied,structural|AB|react|with|verbal,structural|react,react,AB,verbal,with,clause,DEP-react,sources,targets,nmod,nmod:with,obl,obl,asserted,directed,0,1,1,0,dependency
bioinfer,BioInfer.d104.s0,stanza_craft+coref_d095fd91_1:rel:0,0,1,positive,positive,,,applied,structural|AB|relate|to|verbal,structural|relate,relate,AB,verbal,to,clause,DEP-relate,sources,targets,nsubj,nmod:to,nsubj,obl,asserted,directed,1,1,0,0,dependency
bioinfer,BioInfer.d104.s0,stanza_craft+coref_d095fd91_1:rel:1,0,2,positive,positive,,,applied,structural|AB|relate|to|verbal,structural|relate,relate,AB,verbal,to,clause,DEP-relate,sources,targets,nsubj,nmod:to,nsubj,conj,asserted,directed,1,1,0,0,dependency
bioinfer,BioInfer.d104.s0,stanza_craft+coref_d095fd91_1:rel:2,0,3,positive,positive,,,applied,structural|AB|relate|than to|verbal,structural|relate,relate,AB,verbal,than to,clause,DEP-relate,sources,targets,nsubj,nmod:than to,nsubj,obl,asserted,directed,0,1,0,0,dependency
bioinfer,BioInfer.d104.s0,stanza_craft+coref_d095fd91_1:rel:3,0,4,positive,positive,,,applied,structural|AB|relate|than to|verbal,structural|relate,relate,AB,verbal,than to,clause,DEP-relate,sources,targets,nsubj,nmod:than to,nsubj,conj,asserted,directed,1,1,0,0,dependency
bioinfer,BioInfer.d105.s0,stanza_craft+coref_6b1cedb2_1:rel:0,0,1,positive,positive,,,applied,structural|AB|bind|_|verbal,structural|bind,bind,AB,verbal,,clause,DEP-bind,sources,targets,nsubjpass,dobj,nsubj:pass,obj,asserted,directed,0,0,0,0,dependency
bioinfer,BioInfer.d105.s0,stanza_craft+coref_6b1cedb2_3:rel:0,1,2,negative,negative,,,review_only,relational|RELATIONAL|is-a|_|verbal,relational|RELATIONAL|is-a|_,,RELATIONAL,verbal,,appositive,DEP-ParentheticalAlias,entities_a,entities_b,dobj,dep,obj,dep,asserted,relational,0,0,0,0,dependency
bioinfer,BioInfer.d107.s0,stanza_craft+coref_0efdc704_0:rel:0,0,2,positive,positive,,,applied,structural|AB|mediate|_|verbal,structural|mediate,mediate,AB,verbal,,clause,DEP-mediate,sources,targets,nsubj,dobj,nsubj,obj,asserted,directed,1,1,0,0,dependency
bioinfer,BioInfer.d108.s0,stanza_craft+coref_968e1c16_1:rel:0,0,2,positive,positive,,,applied,relational|RELATIONAL|receptor|_|nominalized,relational|RELATIONAL|receptor|_,receptor,RELATIONAL,nominalized,,clause,DEP-CopulaIsA,entities_a,entities_b,nsubj,ROOT,nsubj,root,asserted,relational,1,1,0,1,dependency
bioinfer,BioInfer.d108.s0,stanza_craft+coref_968e1c16_1:rel:1,0,3,negative,positive,,,applied,relational|RELATIONAL|receptor|_|nominalized,relational|RELATIONAL|receptor|_,receptor,RELATIONAL,nominalized,,clause,DEP-CopulaIsA,entities_a,entities_b,nsubj,ROOT,nsubj,root,asserted,relational,0,1,0,1,dependency
bioinfer,BioInfer.d108.s0,stanza_craft+coref_968e1c16_1:rel:2,0,4,positive,positive,,,applied,relational|RELATIONAL|receptor|_|nominalized,relational|RELATIONAL|receptor|_,receptor,RELATIONAL,nominalized,,clause,DEP-CopulaIsA,entities_a,entities_b,nsubj,ROOT,nsubj,root,asserted,relational,0,1,0,1,dependency
bioinfer,BioInfer.d108.s0,stanza_craft+coref_968e1c16_2:rel:0,0,1,negative,negative,,,review_only,relational|RELATIONAL|is-a|_|verbal,relational|RELATIONAL|is-a|_,,RELATIONAL,verbal,,appositive,DEP-ParentheticalAlias,entities_a,entities_b,nsubj,dep,nsubj,dep,asserted,relational,0,0,0,0,dependency
bioinfer,BioInfer.d108.s0,stanza_craft+coref_968e1c16_3:rel:0,6,8,positive,negative,,,review_only,relational|RELATIONAL|is-a|_|verbal,relational|RELATIONAL|is-a|_,,RELATIONAL,verbal,,appositive,DEP-ParentheticalAlias,entities_a,entities_b,nmod,dep,obl,dep,asserted,relational,1,1,0,0,dependency
bioinfer,BioInfer.d108.s0,stanza_craft+coref_968e1c16_3:rel:1,7,8,negative,negative,,,review_only,relational|RELATIONAL|is-a|_|verbal,relational|RELATIONAL|is-a|_,,RELATIONAL,verbal,,appositive,DEP-ParentheticalAlias,entities_a,entities_b,nmod,dep,obl,dep,asserted,relational,0,0,0,0,dependency
bioinfer,BioInfer.d109.s0,stanza_craft+coref_76579555_0:rel:0,0,2,positive,positive,,,applied,relational|RELATIONAL|receptor|_|nominalized,relational|RELATIONAL|receptor|_,receptor,RELATIONAL,nominalized,,clause,DEP-CopulaIsA,entities_a,entities_b,nsubj,ROOT,nsubj,root,asserted,relational,0,1,0,1,dependency
bioinfer,BioInfer.d109.s0,stanza_craft+coref_76579555_0:rel:1,0,3,positive,positive,,,applied,relational|RELATIONAL|receptor|_|nominalized,relational|RELATIONAL|receptor|_,receptor,RELATIONAL,nominalized,,clause,DEP-CopulaIsA,entities_a,entities_b,nsubj,ROOT,nsubj,root,asserted,relational,0,1,0,1,dependency
bioinfer,BioInfer.d109.s0,stanza_craft+coref_76579555_0:rel:2,0,4,positive,positive,,,applied,relational|RELATIONAL|receptor|_|nominalized,relational|RELATIONAL|receptor|_,receptor,RELATIONAL,nominalized,,clause,DEP-CopulaIsA,entities_a,entities_b,nsubj,ROOT,nsubj,root,asserted,relational,0,1,0,1,dependency
bioinfer,BioInfer.d109.s0,stanza_craft+coref_76579555_2:rel:0,0,1,negative,negative,,,review_only,relational|RELATIONAL|is-a|_|verbal,relational|RELATIONAL|is-a|_,,RELATIONAL,verbal,,appositive,DEP-ParentheticalAlias,entities_a,entities_b,nsubj,dep,nsubj,dep,asserted,relational,0,0,0,0,dependency
bioinfer,BioInfer.d109.s0,stanza_craft+coref_76579555_3:rel:0,3,4,negative,negative,,,review_only,relational|RELATIONAL|is-a|_|verbal,relational|RELATIONAL|is-a|_,,RELATIONAL,verbal,,appositive,DEP-ParentheticalAlias,entities_a,entities_b,conj,dep,conj,dep,asserted,relational,0,0,0,0,dependency
bioinfer,BioInfer.d109.s1,stanza_craft+coref_37af319e_2:rel:0,2,3,negative,positive,,,applied,structural|AB|contain|_|verbal,structural|contain,contain,AB,verbal,,clause,DEP-contain,sources,targets,dobj,dobj,obj,obj,asserted,directed,1,1,0,0,dependency
bioinfer,BioInfer.d109.s1,stanza_craft+coref_37af319e_2:rel:1,2,4,negative,positive,,,applied,structural|AB|contain|_|verbal,structural|contain,contain,AB,verbal,,clause,DEP-contain,sources,targets,dobj,dobj,obj,obj,asserted,directed,1,1,0,0,dependency
bioinfer,BioInfer.d109.s1,stanza_craft+coref_37af319e_3:rel:0,1,2,negative,negative,,,review_only,relational|RELATIONAL|is-a|_|verbal,relational|RELATIONAL|is-a|_,,RELATIONAL,verbal,,appositive,DEP-ParentheticalAlias,entities_a,entities_b,dep,compound,dep,compound,asserted,relational,1,0,0,0,dependency
bioinfer,BioInfer.d109.s1,stanza_craft+coref_37af319e_4:rel:0,3,5,positive,negative,,,review_only,relational|RELATIONAL|domain|_|verbal,relational|RELATIONAL|domain|_,domain,RELATIONAL,verbal,,appositive,DEP-NominalAlias,entities_a,entities_b,dobj,nmod,obj,nmod,asserted,relational,1,1,0,0,dependency
bioinfer,BioInfer.d109.s1,stanza_craft+coref_37af319e_4:rel:1,3,6,negative,negative,,,review_only,relational|RELATIONAL|domain|_|verbal,relational|RELATIONAL|domain|_,domain,RELATIONAL,verbal,,appositive,DEP-NominalAlias,entities_a,entities_b,dobj,nmod,obj,nmod,asserted,relational,1,1,0,0,dependency
bioinfer,BioInfer.d109.s1,stanza_craft+coref_37af319e_4:rel:2,4,5,positive,negative,,,review_only,relational|RELATIONAL|domain|_|verbal,relational|RELATIONAL|domain|_,domain,RELATIONAL,verbal,,appositive,DEP-NominalAlias,entities_a,entities_b,dobj,nmod,obj,nmod,asserted,relational,1,1,0,0,dependency
bioinfer,BioInfer.d109.s1,stanza_craft+coref_37af319e_4:rel:3,4,6,negative,negative,,,review_only,relational|RELATIONAL|domain|_|verbal,relational|RELATIONAL|domain|_,domain,RELATIONAL,verbal,,appositive,DEP-NominalAlias,entities_a,entities_b,dobj,nmod,obj,nmod,asserted,relational,1,1,0,0,dependency
bioinfer,BioInfer.d110.s0,stanza_craft+coref_34abac02_1:rel:0,0,2,positive,positive,,,applied,structural|AB|bind|to|verbal,structural|bind,bind,AB,verbal,to,clause,DEP-bind,sources,targets,nmod,nmod:to,obl,obl,asserted,directed,0,0,0,0,dependency
bioinfer,BioInfer.d110.s0,stanza_craft+coref_34abac02_1:rel:1,0,3,positive,positive,,,applied,structural|AB|bind|to|verbal,structural|bind,bind,AB,verbal,to,clause,DEP-bind,sources,targets,nmod,nmod:to,obl,conj,asserted,directed,0,0,0,0,dependency
bioinfer,BioInfer.d110.s0,stanza_craft+coref_34abac02_1:rel:2,1,2,positive,positive,,,applied,structural|AB|bind|to|verbal,structural|bind,bind,AB,verbal,to,clause,DEP-bind,sources,targets,conj,nmod:to,conj,obl,asserted,directed,0,0,0,0,dependency
bioinfer,BioInfer.d110.s0,stanza_craft+coref_34abac02_1:rel:3,1,3,positive,positive,,,applied,structural|AB|bind|to|verbal,structural|bind,bind,AB,verbal,to,clause,DEP-bind,sources,targets,conj,nmod:to,conj,conj,asserted,directed,0,0,0,0,dependency
bioinfer,BioInfer.d113.s0,stanza_craft+coref_d4e2e681_2:rel:0,4,5,positive,positive,,,applied,structural|AB|dissociate|from|nominalized,structural|dissociate,dissociate,AB,nominalized,from,event_nominal,DEP-nom-dissociation-subject,sources,targets,nmod:of,nmod:from,nmod,nmod,asserted,directed,0,0,0,1,dependency
bioinfer,BioInfer.d113.s1,stanza_craft+coref_32299c1c_1:rel:0,0,1,positive,positive,,,applied,structural|AB|achieve|_|passive,structural|achieve,achieve,AB,passive,,clause,DEP-achieve-passive,sources,targets,nmod,nsubjpass,obl,nsubj:pass,asserted,directed,0,1,0,0,dependency
bioinfer,BioInfer.d113.s1,stanza_craft+coref_32299c1c_2:rel:0,2,3,positive,positive,,,applied,structural|AB|dissociate|from|nominalized,structural|dissociate,dissociate,AB,nominalized,from,event_nominal,DEP-nom-dissociation,sources,targets,nmod:of,nmod:from,nmod,nmod,asserted,directed,0,0,0,1,dependency
bioinfer,BioInfer.d113.s2,stanza_craft+coref_10407c64_0:rel:0,1,2,positive,positive,,,applied,structural|AB|associate|with|nominalized,structural|associate,associate,AB,nominalized,with,clause,DEP-association-nestedinner-directed,sources,targets,nmod:of,nmod:with,nmod,nmod,asserted,directed,0,0,0,1,dependency
bioinfer,BioInfer.d113.s2,stanza_craft+coref_10407c64_1:rel:0,0,1,positive,negative,,,not_applied,structural|NESTED|induce|with|nested,structural|NESTED|induce|with,induce,NESTED,nested,with,clause,DEP-induce-passive-nested,outer_arguments,targets:event_ref:stanza_craft+coref_10407c64_0,nsubjpass,nmod:of,nsubj:pass,nmod,asserted,nested_review,0,1,0,0,dependency
bioinfer,BioInfer.d113.s2,stanza_craft+coref_10407c64_1:rel:1,0,2,positive,negative,,,not_applied,structural|NESTED|induce|with|nested,structural|NESTED|induce|with,induce,NESTED,nested,with,clause,DEP-induce-passive-nested,outer_arguments,targets:event_ref:stanza_craft+coref_10407c64_0,nsubjpass,nmod:with,nsubj:pass,nmod,asserted,nested_review,0,1,0,0,dependency
bioinfer,BioInfer.d113.s2,stanza_craft+coref_10407c64_1:rel:2,0,2,positive,negative,,,not_applied,structural|NESTED|induce|with|nested,structural|NESTED|induce|with,induce,NESTED,nested,with,clause,DEP-induce-passive-nested,outer_arguments,targets:event_ref:stanza_craft+coref_10407c64_0,nsubjpass,nmod:with,nsubj:pass,nmod,asserted,nested_review,0,1,0,0,dependency
bioinfer,BioInfer.d113.s2,stanza_craft+coref_10407c64_4:rel:0,2,3,negative,negative,,,review_only,relational|RELATIONAL|is-a|_|verbal,relational|RELATIONAL|is-a|_,,RELATIONAL,verbal,,appositive,DEP-ParentheticalAlias,entities_a,entities_b,nmod,dep,nmod,dep,asserted,relational,0,0,0,0,dependency
bioinfer,BioInfer.d115.s0,stanza_craft+coref_6478c652_0:rel:0,1,3,negative,positive,,,applied,structural|AB|interact|with|verbal,structural|interact,interact,AB,verbal,with,clause,DEP-interact,sources,targets,nmod,nmod:with,nmod,obl,asserted,directed,1,1,0,0,dependency
bioinfer,BioInfer.d115.s0,stanza_craft+coref_6478c652_0:rel:1,2,3,negative,positive,,,applied,structural|AB|interact|with|verbal,structural|interact,interact,AB,verbal,with,clause,DEP-interact,sources,targets,nmod,nmod:with,nmod,obl,asserted,directed,1,1,0,0,dependency
bioinfer,BioInfer.d115.s0,stanza_craft+coref_6478c652_1:rel:0,1,2,positive,positive,,,applied,structural|AA|complex|_|compound_state,structural|complex,complex,AA,compound_state,,state_nominal,DEP-Complex,participants,participants,compound,compound,compound,compound,asserted,undirected,1,1,0,1,dependency
bioinfer,BioInfer.d115.s0,stanza_craft+coref_6478c652_2:rel:0,0,1,positive,negative,,,review_only,relational|RELATIONAL|identity|_|verbal,relational|RELATIONAL|identity|_,,RELATIONAL,verbal,,appositive,DEP-LooseIdentityCandidate,entities_a,entities_b,ROOT,compound,root,compound,asserted,relational,1,0,0,0,dependency
bioinfer,BioInfer.d115.s1,stanza_craft+coref_50fcc5d5_0:rel:0,0,1,positive,positive,,,applied,structural|AB|interact|with|verbal,structural|interact,interact,AB,verbal,with,clause,DEP-interact,sources,targets,nsubj,nmod:with,nsubj,obl,asserted,directed,0,0,0,0,dependency
bioinfer,BioInfer.d115.s1,stanza_craft+coref_50fcc5d5_1:rel:0,0,2,positive,positive,,,applied,structural|AB|copurify|with|verbal,structural|copurify,copurify,AB,verbal,with,clause,DEP-copurify,sources,targets,nsubj,nmod:with,nsubj,obl,asserted,directed,1,1,0,0,dependency
bioinfer,BioInfer.d115.s1,stanza_craft+coref_50fcc5d5_1:rel:1,0,3,positive,positive,,,applied,structural|AB|copurify|with|verbal,structural|copurify,copurify,AB,verbal,with,clause,DEP-copurify,sources,targets,nsubj,nmod:with,nsubj,obl,asserted,directed,1,1,0,0,dependency
bioinfer,BioInfer.d115.s1,stanza_craft+coref_50fcc5d5_2:rel:0,2,3,positive,positive,,,applied,structural|AA|complex|_|compound_state,structural|complex,complex,AA,compound_state,,state_nominal,DEP-Complex,participants,participants,compound,compound,compound,compound,asserted,undirected,1,1,0,1,dependency
bioinfer,BioInfer.d118.s0,stanza_craft+coref_af8cefa8_0:rel:0,0,1,negative,positive,,,applied,structural|AB|contain|_|verbal,structural|contain,contain,AB,verbal,,clause,DEP-contain,sources,targets,nsubjpass,dobj,nsubj:pass,obj,asserted,directed,1,1,0,0,dependency
bioinfer,BioInfer.d119.s1,stanza_craft+coref_969d4c23_1:rel:0,0,1,positive,positive,,,applied,structural|AB|interact|with|verbal,structural|interact,interact,AB,verbal,with,clause,DEP-interact,sources,targets,nmod:poss,nmod:with,nsubj,obl,asserted,directed,0,0,0,0,dependency
bioinfer,BioInfer.d121.s0,stanza_craft+coref_39b9c2f3_2:rel:0,0,1,negative,negative,,,review_only,relational|RELATIONAL|is-a|_|verbal,relational|RELATIONAL|is-a|_,,RELATIONAL,verbal,,appositive,DEP-ParentheticalAlias,entities_a,entities_b,compound,dep,compound,dep,asserted,relational,1,0,0,0,dependency
bioinfer,BioInfer.d121.s0,stanza_craft+coref_39b9c2f3_3:rel:0,2,3,negative,negative,,,review_only,relational|RELATIONAL|is-a|_|verbal,relational|RELATIONAL|is-a|_,,RELATIONAL,verbal,,appositive,DEP-ParentheticalAlias,entities_a,entities_b,dep,compound,dep,compound,asserted,relational,1,0,0,0,dependency
bioinfer,BioInfer.d121.s0,stanza_craft+coref_39b9c2f3_4:rel:0,5,6,negative,negative,,,review_only,relational|RELATIONAL|is-a|_|verbal,relational|RELATIONAL|is-a|_,,RELATIONAL,verbal,,appositive,DEP-ParentheticalAlias,entities_a,entities_b,conj,compound,conj,compound,asserted,relational,1,0,0,0,dependency
bioinfer,BioInfer.d121.s0,stanza_craft+coref_39b9c2f3_5:rel:0,8,9,negative,negative,,,review_only,relational|RELATIONAL|is-a|_|verbal,relational|RELATIONAL|is-a|_,,RELATIONAL,verbal,,appositive,DEP-ParentheticalAlias,entities_a,entities_b,conj,compound,conj,compound,asserted,relational,1,0,0,0,dependency
bioinfer,BioInfer.d121.s0,stanza_craft+coref_39b9c2f3_6:rel:0,11,12,negative,negative,,,review_only,relational|RELATIONAL|is-a|_|verbal,relational|RELATIONAL|is-a|_,,RELATIONAL,verbal,,appositive,DEP-ParentheticalAlias,entities_a,entities_b,conj,compound,conj,compound,asserted,relational,1,0,0,0,dependency
bioinfer,BioInfer.d122.s0,stanza_craft+coref_311ec8b0_3:rel:0,3,4,positive,negative,,,review_only,relational|RELATIONAL|part|_|verbal,relational|RELATIONAL|part|_,part,RELATIONAL,verbal,,clause,DEP-CopulaIsA,entities_a,entities_b,conj,acl:relcl,conj,acl:relcl,asserted,relational,1,1,0,0,dependency
bioinfer,BioInfer.d122.s0,stanza_craft+coref_311ec8b0_4:rel:0,1,2,positive,negative,,,review_only,relational|RELATIONAL|identity|_|verbal,relational|RELATIONAL|identity|_,,RELATIONAL,verbal,,appositive,DEP-LooseIdentityCandidate,entities_a,entities_b,dep,compound,dep,compound,asserted,relational,1,0,0,0,dependency
bioinfer,BioInfer.d122.s1,stanza_craft+coref_46fc93c1_2:rel:0,0,1,positive,positive,,,applied,structural|AA|interact|between|nominalized,structural|interact,interact,AA,nominalized,between,event_nominal,DEP-nom-interaction-undirected,participants,participants,nmod:between,nmod:between,appos,conj,asserted,undirected,0,0,0,1,dependency
bioinfer,BioInfer.d122.s1,stanza_craft+coref_46fc93c1_2:rel:1,0,2,positive,positive,,,applied,structural|AA|interact|between|nominalized,structural|interact,interact,AA,nominalized,between,event_nominal,DEP-nom-interaction-undirected,participants,participants,nmod:between,nmod:between,appos,conj,asserted,undirected,0,0,0,1,dependency
bioinfer,BioInfer.d122.s1,stanza_craft+coref_46fc93c1_2:rel:2,0,3,positive,positive,,,applied,structural|AA|interact|between|nominalized,structural|interact,interact,AA,nominalized,between,event_nominal,DEP-nom-interaction-undirected,participants,participants,nmod:between,nmod:between,appos,compound,asserted,undirected,1,0,0,1,dependency
bioinfer,BioInfer.d122.s1,stanza_craft+coref_46fc93c1_2:rel:3,1,2,positive,positive,,,applied,structural|AA|interact|between|nominalized,structural|interact,interact,AA,nominalized,between,event_nominal,DEP-nom-interaction-undirected,participants,participants,nmod:between,nmod:between,conj,conj,asserted,undirected,0,0,0,1,dependency
bioinfer,BioInfer.d122.s1,stanza_craft+coref_46fc93c1_2:rel:4,1,3,positive,positive,,,applied,structural|AA|interact|between|nominalized,structural|interact,interact,AA,nominalized,between,event_nominal,DEP-nom-interaction-undirected,participants,participants,nmod:between,nmod:between,conj,compound,asserted,undirected,1,0,0,1,dependency
bioinfer,BioInfer.d122.s1,stanza_craft+coref_46fc93c1_2:rel:5,2,3,positive,positive,,,applied,structural|AA|interact|between|nominalized,structural|interact,interact,AA,nominalized,between,event_nominal,DEP-nom-interaction-undirected,participants,participants,nmod:between,nmod:between,conj,compound,asserted,undirected,1,0,0,1,dependency
bioinfer,BioInfer.d122.s1,stanza_craft+coref_46fc93c1_3:rel:0,0,1,positive,positive,,,review_only,relational|RELATIONAL|is-a|_|verbal,relational|RELATIONAL|is-a|_,,RELATIONAL,verbal,,appositive,DEP-Apposition,entities_a,entities_b,nmod,appos,nmod,appos,asserted,relational,0,1,0,0,dependency
bioinfer,BioInfer.d122.s1,stanza_craft+coref_46fc93c1_3:rel:1,0,2,positive,positive,,,review_only,relational|RELATIONAL|is-a|_|verbal,relational|RELATIONAL|is-a|_,,RELATIONAL,verbal,,appositive,DEP-Apposition,entities_a,entities_b,nmod,appos,nmod,appos,asserted,relational,0,1,0,0,dependency
bioinfer,BioInfer.d122.s1,stanza_craft+coref_46fc93c1_3:rel:2,0,3,positive,positive,,,review_only,relational|RELATIONAL|is-a|_|verbal,relational|RELATIONAL|is-a|_,,RELATIONAL,verbal,,appositive,DEP-Apposition,entities_a,entities_b,nmod,appos,nmod,appos,asserted,relational,1,1,0,0,dependency
bioinfer,BioInfer.d123.s0,stanza_craft+coref_f4ee4f64_1:rel:0,0,5,negative,positive,,,applied,structural|AB|acetylate|from|passive,structural|acetylate,acetylate,AB,passive,from,clause,DEP-acetylate-passive,sources,targets,nsubjpass,nmod:from,nsubj:pass,obl,asserted,directed,1,1,0,0,dependency
bioinfer,BioInfer.d123.s0,stanza_craft+coref_f4ee4f64_3:rel:0,7,9,positive,negative,,,not_applied,structural|AB|complex|with|verbal,structural|complex,complex,AB,verbal,with,clause,DEP-complex,sources,targets,conj,nmod:with,conj,obl,negated,directed,0,1,0,0,dependency
bioinfer,BioInfer.d123.s0,stanza_craft+coref_f4ee4f64_3:rel:1,8,9,positive,negative,,,not_applied,structural|AB|complex|with|verbal,structural|complex,complex,AB,verbal,with,clause,DEP-complex,sources,targets,conj,nmod:with,conj,obl,negated,directed,1,1,0,0,dependency
bioinfer,BioInfer.d123.s0,stanza_craft+coref_f4ee4f64_3:rel:2,7,10,negative,negative,,,not_applied,structural|AB|complex|in|verbal,structural|complex,complex,AB,verbal,in,clause,DEP-complex,sources,targets,conj,nmod:in,conj,obl,negated,directed,1,1,0,0,dependency
bioinfer,BioInfer.d123.s0,stanza_craft+coref_f4ee4f64_3:rel:3,7,11,negative,negative,,,not_applied,structural|AB|complex|in|verbal,structural|complex,complex,AB,verbal,in,clause,DEP-complex,sources,targets,conj,nmod:in,conj,obl,negated,directed,0,1,0,0,dependency
bioinfer,BioInfer.d123.s0,stanza_craft+coref_f4ee4f64_3:rel:4,8,10,negative,negative,,,not_applied,structural|AB|complex|in|verbal,structural|complex,complex,AB,verbal,in,clause,DEP-complex,sources,targets,conj,nmod:in,conj,obl,negated,directed,1,1,0,0,dependency
bioinfer,BioInfer.d123.s0,stanza_craft+coref_f4ee4f64_3:rel:5,8,11,negative,negative,,,not_applied,structural|AB|complex|in|verbal,structural|complex,complex,AB,verbal,in,clause,DEP-complex,sources,targets,conj,nmod:in,conj,obl,negated,directed,1,1,0,0,dependency
bioinfer,BioInfer.d123.s0,stanza_craft+coref_f4ee4f64_4:rel:0,7,8,negative,negative,,,not_applied,structural|AA|complex|_|compound_state,structural|complex,complex,AA,compound_state,,state_nominal,DEP-Complex,participants,participants,conj,conj,conj,conj,negated,undirected,1,1,0,1,dependency
bioinfer,BioInfer.d124.s0,stanza_craft+coref_d6e5356d_1:rel:0,0,1,positive,positive,,,applied,structural|AB|modulate|_|verbal,structural|modulate,modulate,AB,verbal,,clause,DEP-modulate,sources,targets,nsubj,dobj,nsubj,obj,asserted,directed,1,1,0,0,dependency
bioinfer,BioInfer.d124.s1,stanza_craft+coref_2264772e_0:rel:0,0,1,positive,positive,,,applied,structural|AB|link|_|verbal,structural|link,link,AB,verbal,,clause,DEP-link,sources,targets,nsubj,dobj,nsubj,obj,asserted,directed,0,0,0,0,dependency
bioinfer,BioInfer.d126.s0,stanza_craft+coref_22dc57a8_0:rel:0,0,1,positive,positive,,,applied,structural|AA|form|between|nominalized,structural|form,form,AA,nominalized,between,clause,DEP-formation-nestedinner,participants,participants,nmod:between,nmod:between,nmod,conj,asserted,undirected,0,0,0,1,dependency
bioinfer,BioInfer.d126.s0,stanza_craft+coref_22dc57a8_0:rel:1,0,2,positive,positive,,,applied,structural|AA|form|between|nominalized,structural|form,form,AA,nominalized,between,clause,DEP-formation-nestedinner,participants,participants,nmod:between,nmod:between,nmod,conj,asserted,undirected,0,0,0,1,dependency
bioinfer,BioInfer.d126.s0,stanza_craft+coref_22dc57a8_0:rel:2,1,2,positive,positive,,,applied,structural|AA|form|between|nominalized,structural|form,form,AA,nominalized,between,clause,DEP-formation-nestedinner,participants,participants,nmod:between,nmod:between,conj,conj,asserted,undirected,0,0,0,1,dependency
bioinfer,BioInfer.d128.s0,stanza_craft+coref_8041ee05_2:rel:0,1,2,negative,negative,,,review_only,relational|RELATIONAL|is-a|_|verbal,relational|RELATIONAL|is-a|_,,RELATIONAL,verbal,,appositive,DEP-ParentheticalAlias,entities_a,entities_b,dep,dep,dep,dep,asserted,relational,0,0,0,0,dependency
bioinfer,BioInfer.d128.s0,stanza_craft+coref_8041ee05_3:rel:0,3,4,negative,negative,,,review_only,relational|RELATIONAL|is-a|_|verbal,relational|RELATIONAL|is-a|_,,RELATIONAL,verbal,,appositive,DEP-ParentheticalAlias,entities_a,entities_b,dep,compound,dep,compound,asserted,relational,1,0,0,0,dependency
bioinfer,BioInfer.d129.s0,stanza_craft+coref_441d4d7c_1:rel:0,0,2,positive,positive,,,applied,structural|AB|associate|with|passive,structural|associate,associate,AB,passive,with,clause,DEP-associate-passive,sources,targets,nsubjpass,nmod:with,nsubj:pass,obl,asserted,directed,0,0,0,0,dependency
bioinfer,BioInfer.d129.s0,stanza_craft+coref_441d4d7c_2:rel:0,2,3,negative,negative,,,review_only,relational|RELATIONAL|is-a|_|verbal,relational|RELATIONAL|is-a|_,,RELATIONAL,verbal,,appositive,DEP-ParentheticalAlias,entities_a,entities_b,nmod,dep,obl,dep,asserted,relational,0,0,0,0,dependency
bioinfer,BioInfer.d131.s0,stanza_craft+coref_353471dc_0:rel:0,0,1,positive,positive,,,applied,structural|AB|contain|_|verbal,structural|contain,contain,AB,verbal,,clause,DEP-contain,sources,targets,nsubj,dobj,nsubj,obj,asserted,directed,1,1,0,0,dependency
bioinfer,BioInfer.d134.s0,stanza_craft+coref_84131dae_0:rel:0,0,1,positive,positive,,,applied,structural|AB|bind|_|nominalized,structural|bind,bind,AB,nominalized,,event_nominal,DEP-nom-binding,sources,targets,nmod:to,compound,compound,compound,asserted,directed,1,0,0,1,dependency
bioinfer,BioInfer.d134.s0,stanza_craft+coref_84131dae_0:rel:1,0,2,positive,positive,,,applied,structural|AB|bind|_|nominalized,structural|bind,bind,AB,nominalized,,event_nominal,DEP-nom-binding,sources,targets,nmod:to,compound,conj,compound,asserted,directed,1,0,0,1,dependency
bioinfer,BioInfer.d135.s1,stanza_craft+coref_bfa68398_1:rel:0,0,1,positive,positive,,,applied,structural|AB|bind|to|verbal,structural|bind,bind,AB,verbal,to,clause,DEP-bind,sources,targets,nsubj,nmod:to,nsubj,obl,asserted,directed,0,0,0,0,dependency
bioinfer,BioInfer.d137.s0,stanza_craft+coref_7e138793_0:rel:0,0,1,positive,positive,,,applied,structural|AB|inhibit|_|verbal,structural|inhibit,inhibit,AB,verbal,,clause,DEP-inhibit,sources,targets,nmod,dobj,nmod,obj,asserted,directed,1,1,0,0,dependency
bioinfer,BioInfer.d139.s0,stanza_craft+coref_51a81d70_0:rel:0,0,1,positive,positive,,,applied,structural|AB|characterize|on|nominalized,structural|characterize,characterize,AB,nominalized,on,event_nominal,DEP-nom-characterization,sources,targets,nmod:of,nmod:on,nmod,compound,asserted,directed,1,0,0,1,dependency
bioinfer,BioInfer.d139.s1,stanza_craft+coref_c31ae1b6_1:rel:0,0,1,positive,positive,,,applied,structural|AB|addition|to|nominalized,structural|addition,addition,AB,nominalized,to,event_nominal,DEP-nom-addition-subject,sources,targets,nmod:of,nmod:to,nmod,compound,asserted,directed,1,0,0,1,dependency
bioinfer,BioInfer.d14.s0,stanza_craft+coref_fe71b6c2_1:rel:0,0,3,positive,positive,,,applied,structural|AB|regulate|_|verbal,structural|regulate,regulate,AB,verbal,,clause,DEP-regulate,sources,targets,nsubj,dobj,nsubj,obj,asserted,directed,0,1,0,0,dependency
bioinfer,BioInfer.d14.s0,stanza_craft+coref_fe71b6c2_1:rel:1,1,3,negative,positive,,,applied,structural|AB|regulate|_|verbal,structural|regulate,regulate,AB,verbal,,clause,DEP-regulate,sources,targets,nsubj,dobj,nsubj,obj,asserted,directed,0,1,0,0,dependency
bioinfer,BioInfer.d14.s0,stanza_craft+coref_fe71b6c2_1:rel:2,2,3,negative,positive,,,applied,structural|AB|regulate|_|verbal,structural|regulate,regulate,AB,verbal,,clause,DEP-regulate,sources,targets,nsubj,dobj,nsubj,obj,asserted,directed,0,1,0,0,dependency
bioinfer,BioInfer.d14.s2,stanza_craft+coref_50997f2d_0:rel:0,2,4,positive,negative,,,not_applied,structural|AB|affect|_|verbal,structural|affect,affect,AB,verbal,,clause,DEP-affect,sources,targets,nsubj,dobj,nsubj,obj,negated,directed,1,1,0,0,dependency
bioinfer,BioInfer.d14.s2,stanza_craft+coref_50997f2d_0:rel:1,3,4,positive,negative,,,not_applied,structural|AB|affect|_|verbal,structural|affect,affect,AB,verbal,,clause,DEP-affect,sources,targets,nsubj,dobj,nsubj,obj,negated,directed,1,1,0,0,dependency
bioinfer,BioInfer.d140.s0,stanza_craft+coref_8f136fd4_1:rel:0,0,1,positive,positive,,,applied,structural|AB|interact|with|nominalized,structural|interact,interact,AB,nominalized,with,event_nominal,DEP-nom-interaction,sources,targets,nmod:of,nmod:with,nmod,nmod,asserted,directed,0,0,0,1,dependency
bioinfer,BioInfer.d140.s0,stanza_craft+coref_8f136fd4_1:rel:1,0,2,positive,positive,,,applied,structural|AB|interact|with|nominalized,structural|interact,interact,AB,nominalized,with,event_nominal,DEP-nom-interaction,sources,targets,nmod:of,nmod:with,nmod,conj,asserted,directed,1,1,0,1,dependency
bioinfer,BioInfer.d140.s0,stanza_craft+coref_8f136fd4_1:rel:2,0,3,positive,positive,,,applied,structural|AB|interact|with|nominalized,structural|interact,interact,AB,nominalized,with,event_nominal,DEP-nom-interaction,sources,targets,nmod:of,nmod:with,nmod,conj,asserted,directed,0,0,0,1,dependency
bioinfer,BioInfer.d140.s1,stanza_craft+coref_02498c76_3:rel:0,0,1,positive,positive,,,applied,structural|AB|associate|with|verbal,structural|associate,associate,AB,verbal,with,clause,DEP-associate,sources,targets,dobj,nmod:with,nmod,obl,asserted,directed,1,1,0,0,dependency
bioinfer,BioInfer.d140.s1,stanza_craft+coref_02498c76_3:rel:1,0,2,positive,positive,,,applied,structural|AB|associate|with|verbal,structural|associate,associate,AB,verbal,with,clause,DEP-associate,sources,targets,dobj,nmod:with,nmod,obl,asserted,directed,0,0,0,0,dependency
bioinfer,BioInfer.d140.s1,stanza_craft+coref_02498c76_3:rel:2,0,3,positive,positive,,,applied,structural|AB|associate|with|verbal,structural|associate,associate,AB,verbal,with,clause,DEP-associate,sources,targets,dobj,nmod:with,nmod,conj,asserted,directed,0,0,0,0,dependency
bioinfer,BioInfer.d140.s2,stanza_craft+coref_db44bdd1_0:rel:0,0,2,positive,positive,,,applied,structural|AB|associate|with|passive,structural|associate,associate,AB,passive,with,clause,DEP-associate-passive,sources,targets,nsubjpass,nmod:with,nsubj:pass,obl,asserted,directed,0,0,0,0,dependency
bioinfer,BioInfer.d140.s2,stanza_craft+coref_db44bdd1_0:rel:1,1,2,positive,positive,,,applied,structural|AB|associate|with|passive,structural|associate,associate,AB,passive,with,clause,DEP-associate-passive,sources,targets,conj,nmod:with,conj,obl,asserted,directed,0,0,0,0,dependency
bioinfer,BioInfer.d140.s2,stanza_craft+coref_db44bdd1_1:rel:0,3,4,positive,positive,,,applied,structural|AB|bind|to|verbal,structural|bind,bind,AB,verbal,to,clause,DEP-bind,sources,targets,nsubj,nmod:to,nsubj,obl,asserted,directed,1,1,0,0,dependency
bioinfer,BioInfer.d140.s2,stanza_craft+coref_db44bdd1_1:rel:1,3,5,positive,positive,,,applied,structural|AB|bind|to|verbal,structural|bind,bind,AB,verbal,to,clause,DEP-bind,sources,targets,nsubj,nmod:to,nsubj,obl,asserted,directed,0,0,0,0,dependency
bioinfer,BioInfer.d140.s2,stanza_craft+coref_db44bdd1_3:rel:0,3,7,positive,positive,,,applied,structural|AB|link|_|verbal,structural|link,link,AB,verbal,,clause,DEP-link,sources,targets,nsubj,dobj,nsubj,obj,asserted,directed,1,1,0,0,dependency
bioinfer,BioInfer.d140.s2,stanza_craft+coref_db44bdd1_3:rel:1,3,8,positive,positive,,,applied,structural|AB|link|to|verbal,structural|link,link,AB,verbal,to,clause,DEP-link,sources,targets,nsubj,nmod:to,nsubj,obl,asserted,directed,1,1,0,0,dependency
bioinfer,BioInfer.d140.s2,stanza_craft+coref_db44bdd1_4:rel:0,6,7,positive,positive,,,applied,structural|AA|complex|_|compound_state,structural|complex,complex,AA,compound_state,,state_nominal,DEP-CollectiveSlashPair,participants,participants,orthographic_member,orthographic_member,compound,compound,asserted,undirected,1,0,0,1,dependency
bioinfer,BioInfer.d140.s2,stanza_craft+coref_db44bdd1_5:rel:0,6,7,positive,positive,,,applied,structural|AA|complex|_|compound_state,structural|complex,complex,AA,compound_state,,state_nominal,DEP-Complex,participants,participants,compound,compound,compound,compound,asserted,undirected,1,1,0,1,dependency
bioinfer,BioInfer.d141.s0,stanza_craft+coref_61e25b43_0:rel:0,0,1,positive,positive,,,applied,structural|AB|counteract|_|verbal,structural|counteract,counteract,AB,verbal,,clause,DEP-counteract,sources,targets,nsubjpass,dobj,nsubj:pass,obj,asserted,directed,0,1,0,0,dependency
bioinfer,BioInfer.d141.s0,stanza_craft+coref_61e25b43_0:rel:1,0,2,positive,positive,,,applied,structural|AB|counteract|on|verbal,structural|counteract,counteract,AB,verbal,on,clause,DEP-counteract,sources,targets,nsubjpass,nmod:on,nsubj:pass,obl,asserted,directed,1,1,0,0,dependency
bioinfer,BioInfer.d142.s0,stanza_craft+coref_41eafb30_1:rel:0,0,1,negative,positive,,,applied,structural|AB|bind|_|verbal,structural|bind,bind,AB,verbal,,clause,DEP-bind,sources,targets,dobj,dobj,obj,obj,asserted,directed,1,1,0,0,dependency
bioinfer,BioInfer.d142.s0,stanza_craft+coref_41eafb30_1:rel:1,0,2,negative,positive,,,applied,structural|AB|bind|_|verbal,structural|bind,bind,AB,verbal,,clause,DEP-bind,sources,targets,dobj,dobj,obj,obj,asserted,directed,0,1,0,0,dependency
bioinfer,BioInfer.d142.s0,stanza_craft+coref_41eafb30_1:rel:2,0,4,negative,positive,,,applied,structural|AB|bind|_|verbal,structural|bind,bind,AB,verbal,,clause,DEP-bind,sources,targets,dobj,dobj,obj,obj,asserted,directed,0,1,0,0,dependency
bioinfer,BioInfer.d142.s0,stanza_craft+coref_41eafb30_1:rel:3,0,5,negative,positive,,,applied,structural|AB|bind|_|verbal,structural|bind,bind,AB,verbal,,clause,DEP-bind,sources,targets,dobj,dobj,obj,obj,asserted,directed,0,1,0,0,dependency
bioinfer,BioInfer.d142.s0,stanza_craft+coref_41eafb30_1:rel:4,0,6,negative,positive,,,applied,structural|AB|bind|_|verbal,structural|bind,bind,AB,verbal,,clause,DEP-bind,sources,targets,dobj,dobj,obj,obj,asserted,directed,0,1,0,0,dependency
bioinfer,BioInfer.d142.s0,stanza_craft+coref_41eafb30_2:rel:0,1,2,positive,negative,,,review_only,relational|RELATIONAL|is-a|_|verbal,relational|RELATIONAL|is-a|_,,RELATIONAL,verbal,,appositive,DEP-Apposition,entities_a,entities_b,dobj,appos,obj,appos,asserted,relational,1,1,0,0,dependency
bioinfer,BioInfer.d142.s0,stanza_craft+coref_41eafb30_2:rel:1,2,4,negative,negative,,,review_only,relational|RELATIONAL|is-a|_|verbal,relational|RELATIONAL|is-a|_,,RELATIONAL,verbal,,appositive,DEP-Apposition,entities_a,entities_b,dobj,appos,obj,appos,asserted,relational,0,1,0,0,dependency
bioinfer,BioInfer.d142.s0,stanza_craft+coref_41eafb30_2:rel:2,2,5,negative,negative,,,review_only,relational|RELATIONAL|is-a|_|verbal,relational|RELATIONAL|is-a|_,,RELATIONAL,verbal,,appositive,DEP-Apposition,entities_a,entities_b,dobj,appos,obj,appos,asserted,relational,0,1,0,0,dependency
bioinfer,BioInfer.d142.s0,stanza_craft+coref_41eafb30_2:rel:3,2,6,negative,negative,,,review_only,relational|RELATIONAL|is-a|_|verbal,relational|RELATIONAL|is-a|_,,RELATIONAL,verbal,,appositive,DEP-Apposition,entities_a,entities_b,dobj,appos,obj,appos,asserted,relational,0,1,0,0,dependency
bioinfer,BioInfer.d142.s0,stanza_craft+coref_41eafb30_3:rel:0,2,3,negative,negative,,,review_only,relational|RELATIONAL|is-a|_|verbal,relational|RELATIONAL|is-a|_,,RELATIONAL,verbal,,appositive,DEP-ParentheticalAlias,entities_a,entities_b,appos,dep,appos,dep,asserted,relational,0,0,0,0,dependency
bioinfer,BioInfer.d142.s0,stanza_craft+coref_41eafb30_4:rel:0,6,7,negative,negative,,,review_only,relational|RELATIONAL|is-a|_|verbal,relational|RELATIONAL|is-a|_,,RELATIONAL,verbal,,appositive,DEP-ParentheticalAlias,entities_a,entities_b,conj,dep,conj,dep,asserted,relational,0,0,0,0,dependency
bioinfer,BioInfer.d143.s0,stanza_craft+coref_fbc37414_1:rel:0,0,1,positive,positive,,,applied,structural|AB|sequester|_|verbal,structural|sequester,sequester,AB,verbal,,clause,DEP-sequester,sources,targets,nsubj,dobj,nsubj,obj,asserted,directed,0,0,0,0,dependency
bioinfer,BioInfer.d143.s2,stanza_craft+coref_1ce02990_1:rel:0,0,1,positive,positive,,,applied,structural|AB|alter|_|verbal,structural|alter,alter,AB,verbal,,clause,DEP-alter,sources,targets,nsubj,dobj,nsubj,obj,asserted,directed,1,1,0,0,dependency
bioinfer,BioInfer.d146.s0,stanza_craft+coref_f6017b9b_0:rel:0,0,2,positive,positive,,,applied,structural|AB|involve|in|passive,structural|involve,involve,AB,passive,in,clause,DEP-involve-passive,sources,targets,nsubjpass,nmod:in,nsubj:pass,obl,asserted,directed,0,1,0,0,dependency
bioinfer,BioInfer.d146.s0,stanza_craft+coref_f6017b9b_0:rel:1,0,3,positive,positive,,,applied,structural|AB|involve|in|passive,structural|involve,involve,AB,passive,in,clause,DEP-involve-passive,sources,targets,nsubjpass,nmod:in,nsubj:pass,conj,asserted,directed,1,1,0,0,dependency
bioinfer,BioInfer.d146.s0,stanza_craft+coref_f6017b9b_0:rel:2,1,2,positive,positive,,,applied,structural|AB|involve|in|passive,structural|involve,involve,AB,passive,in,clause,DEP-involve-passive,sources,targets,conj,nmod:in,conj,obl,asserted,directed,0,1,0,0,dependency
bioinfer,BioInfer.d146.s0,stanza_craft+coref_f6017b9b_0:rel:3,1,3,positive,positive,,,applied,structural|AB|involve|in|passive,structural|involve,involve,AB,passive,in,clause,DEP-involve-passive,sources,targets,conj,nmod:in,conj,conj,asserted,directed,1,1,0,0,dependency
bioinfer,BioInfer.d149.s0,stanza_craft+coref_5ebf1019_2:rel:0,0,1,negative,negative,,,review_only,relational|RELATIONAL|is-a|_|verbal,relational|RELATIONAL|is-a|_,,RELATIONAL,verbal,,appositive,DEP-ParentheticalAlias,entities_a,entities_b,nmod,dep,nmod,dep,asserted,relational,0,0,0,0,dependency
bioinfer,BioInfer.d15.s0,stanza_craft+coref_d56568af_0:rel:0,0,2,positive,positive,,,applied,structural|AB|participate|in|verbal,structural|participate,participate,AB,verbal,in,clause,DEP-participate,sources,targets,nsubj,nmod:in,nsubj,obl,asserted,directed,1,1,0,0,dependency
bioinfer,BioInfer.d15.s0,stanza_craft+coref_d56568af_0:rel:1,1,2,negative,positive,,,applied,structural|AB|participate|in|verbal,structural|participate,participate,AB,verbal,in,clause,DEP-participate,sources,targets,nsubj,nmod:in,nsubj,obl,asserted,directed,1,1,0,0,dependency
bioinfer,BioInfer.d151.s0,stanza_craft+coref_bc501d1a_1:rel:0,0,1,positive,positive,,,applied,structural|AB|modulate|of|nominalized,structural|modulate,modulate,AB,nominalized,of,event_nominal,DEP-nom-modulation,sources,targets,nmod:by,nmod:of,nmod,compound,asserted,directed,1,0,0,1,dependency
bioinfer,BioInfer.d151.s0,stanza_craft+coref_bc501d1a_1:rel:1,0,2,positive,positive,,,applied,structural|AB|modulate|of|nominalized,structural|modulate,modulate,AB,nominalized,of,event_nominal,DEP-nom-modulation,sources,targets,nmod:by,nmod:of,conj,compound,asserted,directed,1,0,0,1,dependency
bioinfer,BioInfer.d154.s0,stanza_craft+coref_fe498e36_0:rel:0,0,1,positive,positive,,,applied,structural|AB|express|_|verbal,structural|express,express,AB,verbal,,clause,DEP-express,sources,targets,nsubj,dobj,nsubj,obj,asserted,directed,1,1,0,0,dependency
bioinfer,BioInfer.d154.s0,stanza_craft+coref_fe498e36_0:rel:1,0,2,negative,positive,,,applied,structural|AB|express|_|verbal,structural|express,express,AB,verbal,,clause,DEP-express,sources,targets,nsubj,conj,nsubj,conj,asserted,directed,1,1,0,0,dependency
bioinfer,BioInfer.d154.s0,stanza_craft+coref_fe498e36_1:rel:0,0,3,positive,positive,,,applied,structural|AB|induce|_|verbal,structural|induce,induce,AB,verbal,,clause,DEP-induce,sources,targets,nsubj,dobj,nsubj,obj,asserted,directed,1,1,0,0,dependency
bioinfer,BioInfer.d156.s0,stanza_craft+coref_29024e73_0:rel:0,0,1,positive,positive,,,applied,structural|AB|complex|with|passive,structural|complex,complex,AB,passive,with,clause,DEP-complex-passive,sources,targets,nsubjpass,nmod:with,nsubj:pass,obl,asserted,directed,1,1,0,0,dependency
bioinfer,BioInfer.d156.s0,stanza_craft+coref_29024e73_0:rel:1,0,2,positive,positive,,,applied,structural|AB|complex|with|passive,structural|complex,complex,AB,passive,with,clause,DEP-complex-passive,sources,targets,nsubjpass,nmod:with,nsubj:pass,conj,asserted,directed,1,1,0,0,dependency
bioinfer,BioInfer.d157.s0,stanza_craft+coref_ecbc389a_2:rel:0,0,3,positive,positive,,,applied,structural|AA|complex|_|compound_state,structural|complex,complex,AA,compound_state,,state_nominal,DEP-Complex,participants,participants,nmod,nmod,obl,obl,asserted,undirected,1,1,0,1,dependency
bioinfer,BioInfer.d157.s0,stanza_craft+coref_ecbc389a_3:rel:0,1,3,positive,positive,,,applied,structural|AA|complex|_|compound_state,structural|complex,complex,AA,compound_state,,state_nominal,DEP-Complex,participants,participants,dep,dep,dep,dep,asserted,undirected,1,1,0,1,dependency
bioinfer,BioInfer.d157.s0,stanza_craft+coref_ecbc389a_4:rel:0,4,5,negative,negative,,,review_only,relational|RELATIONAL|is-a|_|verbal,relational|RELATIONAL|is-a|_,,RELATIONAL,verbal,,appositive,DEP-ParentheticalAlias,entities_a,entities_b,conj,dep,conj,dep,asserted,relational,0,0,0,0,dependency
bioinfer,BioInfer.d158.s0,stanza_craft+coref_cd40c36d_1:rel:0,0,1,positive,negative,,,review_only,relational|RELATIONAL|domain|_|verbal,relational|RELATIONAL|domain|_,domain,RELATIONAL,verbal,,appositive,DEP-NominalAlias,entities_a,entities_b,nmod,nmod,nmod,nmod,asserted,relational,1,1,0,0,dependency
bioinfer,BioInfer.d159.s0,stanza_craft+coref_320038d3_2:rel:0,0,1,negative,negative,,,review_only,relational|RELATIONAL|is-a|_|verbal,relational|RELATIONAL|is-a|_,,RELATIONAL,verbal,,appositive,DEP-ParentheticalAlias,entities_a,entities_b,dobj,dep,obj,dep,asserted,relational,0,0,0,0,dependency
bioinfer,BioInfer.d159.s0,stanza_craft+coref_320038d3_3:rel:0,2,3,negative,negative,,,review_only,relational|RELATIONAL|is-a|_|verbal,relational|RELATIONAL|is-a|_,,RELATIONAL,verbal,,appositive,DEP-ParentheticalAlias,entities_a,entities_b,conj,dep,conj,dep,asserted,relational,0,0,0,0,dependency
bioinfer,BioInfer.d159.s0,stanza_craft+coref_320038d3_4:rel:0,4,5,negative,negative,,,review_only,relational|RELATIONAL|is-a|_|verbal,relational|RELATIONAL|is-a|_,,RELATIONAL,verbal,,appositive,DEP-ParentheticalAlias,entities_a,entities_b,conj,dep,conj,dep,asserted,relational,0,0,0,0,dependency
bioinfer,BioInfer.d16.s0,stanza_craft+coref_09ec97b0_0:rel:0,0,3,positive,positive,,,applied,structural|AB|define|_|verbal,structural|define,define,AB,verbal,,clause,DEP-define,sources,targets,nsubj,dobj,nsubj,obj,asserted,directed,0,1,0,0,dependency
bioinfer,BioInfer.d16.s0,stanza_craft+coref_09ec97b0_0:rel:1,2,3,positive,positive,,,applied,structural|AB|define|_|verbal,structural|define,define,AB,verbal,,clause,DEP-define,sources,targets,conj,dobj,conj,obj,asserted,directed,0,1,0,0,dependency
bioinfer,BioInfer.d16.s0,stanza_craft+coref_09ec97b0_1:rel:0,0,1,negative,negative,,,review_only,relational|RELATIONAL|is-a|_|verbal,relational|RELATIONAL|is-a|_,,RELATIONAL,verbal,,appositive,DEP-ParentheticalAlias,entities_a,entities_b,nsubj,dep,nsubj,dep,asserted,relational,0,0,0,0,dependency
bioinfer,BioInfer.d161.s1,stanza_craft+coref_9678344d_3:rel:0,3,5,positive,positive,,,applied,structural|AB|bind|to|verbal,structural|bind,bind,AB,verbal,to,clause,DEP-bind,sources,targets,nsubj,nmod:to,nsubj,obl,asserted,directed,0,0,0,0,dependency
bioinfer,BioInfer.d161.s1,stanza_craft+coref_9678344d_3:rel:1,4,5,positive,positive,,,applied,structural|AB|bind|to|verbal,structural|bind,bind,AB,verbal,to,clause,DEP-bind,sources,targets,conj,nmod:to,conj,obl,asserted,directed,0,0,0,0,dependency
bioinfer,BioInfer.d164.s0,stanza_craft+coref_f7e5c1a9_0:rel:0,0,1,positive,positive,,,applied,structural|AB|belong|to|verbal,structural|belong,belong,AB,verbal,to,clause,DEP-belong,sources,targets,nsubj,nmod:to,nsubj,obl,asserted,directed,1,1,0,0,dependency
bioinfer,BioInfer.d169.s0,stanza_craft+coref_c0b4db12_0:rel:0,0,1,positive,positive,,,applied,structural|AB|exhibit|_|verbal,structural|exhibit,exhibit,AB,verbal,,clause,DEP-exhibit,sources,targets,nsubj,dobj,nsubj,obj,asserted,directed,0,1,0,0,dependency
bioinfer,BioInfer.d169.s0,stanza_craft+coref_c0b4db12_0:rel:1,0,2,negative,positive,,,applied,structural|AB|exhibit|_|verbal,structural|exhibit,exhibit,AB,verbal,,clause,DEP-exhibit,sources,targets,nsubj,dobj,nsubj,obj,asserted,directed,0,1,0,0,dependency
bioinfer,BioInfer.d169.s1,stanza_craft+coref_a18e1f5a_0:rel:0,0,1,positive,positive,,,applied,structural|AB|promote|_|verbal,structural|promote,promote,AB,verbal,,clause,DEP-promote,sources,targets,nsubj,dobj,nsubj,obj,asserted,directed,0,1,0,0,dependency
bioinfer,BioInfer.d169.s1,stanza_craft+coref_a18e1f5a_0:rel:1,0,2,negative,positive,,,applied,structural|AB|promote|from|verbal,structural|promote,promote,AB,verbal,from,clause,DEP-promote,sources,targets,nsubj,nmod:from,nsubj,obl,asserted,directed,0,0,0,0,dependency
bioinfer,BioInfer.d169.s2,stanza_craft+coref_a9ee55f1_1:rel:0,0,1,positive,positive,,,applied,structural|AB|promote|_|verbal,structural|promote,promote,AB,verbal,,clause,DEP-promote,sources,targets,nmod:poss,dobj,nsubj:pass,obj,asserted,directed,1,1,0,0,dependency
bioinfer,BioInfer.d169.s2,stanza_craft+coref_a9ee55f1_1:rel:1,0,2,negative,positive,,,applied,structural|AB|promote|from|verbal,structural|promote,promote,AB,verbal,from,clause,DEP-promote,sources,targets,nmod:poss,nmod:from,nsubj:pass,obl,asserted,directed,1,1,0,0,dependency
bioinfer,BioInfer.d169.s2,stanza_craft+coref_a9ee55f1_1:rel:2,0,3,negative,positive,,,applied,structural|AB|promote|from|verbal,structural|promote,promote,AB,verbal,from,clause,DEP-promote,sources,targets,nmod:poss,nmod:from,nsubj:pass,obl,asserted,directed,1,1,0,0,dependency
bioinfer,BioInfer.d169.s2,stanza_craft+coref_a9ee55f1_1:rel:3,0,4,negative,positive,,,applied,structural|AB|promote|from|verbal,structural|promote,promote,AB,verbal,from,clause,DEP-promote,sources,targets,nmod:poss,nmod:from,nsubj:pass,obl,asserted,directed,1,1,0,0,dependency
bioinfer,BioInfer.d169.s2,stanza_craft+coref_a9ee55f1_2:rel:0,2,3,positive,positive,,,applied,structural|AA|complex|_|compound_state,structural|complex,complex,AA,compound_state,,state_nominal,DEP-Complex,participants,participants,compound,compound,compound,compound,asserted,undirected,1,1,0,1,dependency
bioinfer,BioInfer.d169.s2,stanza_craft+coref_a9ee55f1_3:rel:0,2,3,positive,positive,,,applied,structural|AA|complex|_|compound_state,structural|complex,complex,AA,compound_state,,state_nominal,DEP-Complex,participants,participants,nmod,nmod,obl,obl,asserted,undirected,1,1,0,1,dependency
bioinfer,BioInfer.d169.s2,stanza_craft+coref_a9ee55f1_3:rel:1,2,4,positive,positive,,,applied,structural|AA|complex|_|compound_state,structural|complex,complex,AA,compound_state,,state_nominal,DEP-Complex,participants,participants,nmod,nmod,obl,obl,asserted,undirected,1,1,0,1,dependency
bioinfer,BioInfer.d169.s2,stanza_craft+coref_a9ee55f1_3:rel:2,3,4,positive,positive,,,applied,structural|AA|complex|_|compound_state,structural|complex,complex,AA,compound_state,,state_nominal,DEP-Complex,participants,participants,nmod,nmod,obl,obl,asserted,undirected,1,1,0,1,dependency
bioinfer,BioInfer.d169.s3,stanza_craft+coref_58004cda_0:rel:0,0,1,positive,positive,,,applied,structural|AB|co-operativity|on|nominalized,structural|co-operativity,co-operativity,AB,nominalized,on,clause,DEP-co-operativity-nestedinner-directed,sources,targets,nmod:between,nmod:on,nmod,nmod,asserted,directed,1,1,0,1,dependency
bioinfer,BioInfer.d169.s3,stanza_craft+coref_58004cda_0:rel:1,0,2,positive,positive,,,applied,structural|AB|co-operativity|on|nominalized,structural|co-operativity,co-operativity,AB,nominalized,on,clause,DEP-co-operativity-nestedinner-directed,sources,targets,nmod:between,nmod:on,nmod,nmod,asserted,directed,1,1,0,1,dependency
bioinfer,BioInfer.d169.s3,stanza_craft+coref_58004cda_0:rel:2,1,2,positive,positive,,,applied,structural|AB|co-operativity|on|nominalized,structural|co-operativity,co-operativity,AB,nominalized,on,clause,DEP-co-operativity-nestedinner-directed,sources,targets,nmod:between,nmod:on,nmod,nmod,asserted,directed,0,1,0,1,dependency
bioinfer,BioInfer.d173.s0,stanza_craft+coref_240b5a0b_0:rel:0,0,1,positive,positive,,,applied,structural|AB|result|in|verbal,structural|result,result,AB,verbal,in,clause,DEP-result,sources,targets,nsubj,nmod:in,nsubj,obl,asserted,directed,0,1,0,0,dependency
bioinfer,BioInfer.d173.s0,stanza_craft+coref_240b5a0b_0:rel:1,0,2,positive,positive,,,applied,structural|AB|result|in|verbal,structural|result,result,AB,verbal,in,clause,DEP-result,sources,targets,nsubj,nmod:in,nsubj,obl,asserted,directed,0,1,0,0,dependency
bioinfer,BioInfer.d174.s1,stanza_craft+coref_b399a571_3:rel:0,0,1,positive,negative,,,review_only,relational|RELATIONAL|is-a|_|verbal,relational|RELATIONAL|is-a|_,,RELATIONAL,verbal,,appositive,DEP-Apposition,entities_a,entities_b,dobj,appos,obj,appos,asserted,relational,1,1,0,0,dependency
bioinfer,BioInfer.d174.s1,stanza_craft+coref_b399a571_4:rel:0,1,2,negative,negative,,,review_only,relational|RELATIONAL|is-a|_|verbal,relational|RELATIONAL|is-a|_,,RELATIONAL,verbal,,appositive,DEP-ParentheticalAlias,entities_a,entities_b,appos,dep,appos,dep,asserted,relational,0,0,0,0,dependency
bioinfer,BioInfer.d175.s1,stanza_craft+coref_7b0a5c6e_0:rel:0,0,5,negative,positive,,,applied,structural|AB|copurify|with|verbal,structural|copurify,copurify,AB,verbal,with,clause,DEP-copurify,sources,targets,compound,nmod:with,compound,obl,asserted,directed,1,1,0,0,dependency
bioinfer,BioInfer.d175.s1,stanza_craft+coref_7b0a5c6e_0:rel:1,1,5,negative,positive,,,applied,structural|AB|copurify|with|verbal,structural|copurify,copurify,AB,verbal,with,clause,DEP-copurify,sources,targets,nsubjpass,nmod:with,nsubj:pass,obl,asserted,directed,1,1,0,0,dependency
bioinfer,BioInfer.d175.s1,stanza_craft+coref_7b0a5c6e_0:rel:2,2,5,negative,positive,,,applied,structural|AB|copurify|with|verbal,structural|copurify,copurify,AB,verbal,with,clause,DEP-copurify,sources,targets,nsubjpass,nmod:with,nsubj:pass,obl,asserted,directed,1,1,0,0,dependency
bioinfer,BioInfer.d175.s1,stanza_craft+coref_7b0a5c6e_0:rel:3,3,5,negative,positive,,,applied,structural|AB|copurify|with|verbal,structural|copurify,copurify,AB,verbal,with,clause,DEP-copurify,sources,targets,nsubjpass,nmod:with,nsubj:pass,obl,asserted,directed,1,1,0,0,dependency
bioinfer,BioInfer.d175.s1,stanza_craft+coref_7b0a5c6e_1:rel:0,4,5,negative,negative,,,review_only,relational|RELATIONAL|is-a|_|verbal,relational|RELATIONAL|is-a|_,,RELATIONAL,verbal,,appositive,DEP-ParentheticalAlias,entities_a,entities_b,dep,compound,dep,compound,asserted,relational,1,0,0,0,dependency
bioinfer,BioInfer.d176.s0,stanza_craft+coref_0b5d9a3d_1:rel:0,1,2,positive,positive,,,applied,structural|AB|involve|in|passive,structural|involve,involve,AB,passive,in,clause,DEP-involve-passive,sources,targets,nsubjpass,nmod:in,nsubj:pass,conj,asserted,directed,1,1,0,0,dependency
bioinfer,BioInfer.d178.s0,stanza_craft+coref_a3376a7d_0:rel:0,0,1,positive,positive,,,applied,structural|AB|encode|_|verbal,structural|encode,encode,AB,verbal,,clause,DEP-encode,sources,targets,nsubj,dobj,nmod,obj,asserted,directed,1,1,0,0,dependency
bioinfer,BioInfer.d178.s0,stanza_craft+coref_a3376a7d_1:rel:0,1,2,positive,positive,,,applied,structural|AB|monomer-bind|patient|verbal,structural|monomer-bind,monomer-bind,AB,verbal,patient,clause,DEP-hyphen-participle-active-monomer-bind,sources,targets,appos,amod:patient,obj,dep,asserted,directed,0,0,0,0,dependency
bioinfer,BioInfer.d178.s0,stanza_craft+coref_a3376a7d_2:rel:0,1,2,positive,positive,,,review_only,relational|RELATIONAL|identity|_|verbal,relational|RELATIONAL|identity|_,,RELATIONAL,verbal,,appositive,DEP-LooseIdentityCandidate,entities_a,entities_b,dobj,dep,obj,dep,asserted,relational,0,0,0,0,dependency
bioinfer,BioInfer.d18.s0,stanza_craft+coref_ee496012_2:rel:0,1,2,positive,positive,,,applied,structural|AB|effect|on|nominalized,structural|effect,effect,AB,nominalized,on,event_nominal,DEP-nom-effect-subject,sources,targets,nmod:of,nmod:on,nmod,nmod,asserted,directed,0,0,0,1,dependency
bioinfer,BioInfer.d180.s0,stanza_craft+coref_ee6b309d_0:rel:0,0,1,negative,positive,,,applied,structural|AB|mediate|_|passive,structural|mediate,mediate,AB,passive,,clause,DEP-mediate-passive,sources,targets,nmod,nsubjpass,obl,nsubj:pass,asserted,directed,1,1,0,0,dependency
bioinfer,BioInfer.d180.s0,stanza_craft+coref_ee6b309d_0:rel:1,0,2,negative,positive,,,applied,structural|AB|mediate|_|passive,structural|mediate,mediate,AB,passive,,clause,DEP-mediate-passive,sources,targets,nmod,nsubjpass,obl,nsubj:pass,asserted,directed,1,1,0,0,dependency
bioinfer,BioInfer.d180.s0,stanza_craft+coref_ee6b309d_0:rel:2,0,3,negative,positive,,,applied,structural|AB|mediate|_|passive,structural|mediate,mediate,AB,passive,,clause,DEP-mediate-passive,sources,targets,nmod,nsubjpass,obl,nsubj:pass,asserted,directed,1,1,0,0,dependency
bioinfer,BioInfer.d180.s0,stanza_craft+coref_ee6b309d_0:rel:3,0,4,negative,positive,,,applied,structural|AB|mediate|_|passive,structural|mediate,mediate,AB,passive,,clause,DEP-mediate-passive,sources,targets,nmod,nsubjpass,obl,nsubj:pass,asserted,directed,1,1,0,0,dependency
bioinfer,BioInfer.d180.s0,stanza_craft+coref_ee6b309d_1:rel:0,1,2,positive,positive,,,applied,structural|AA|complex|_|compound_state,structural|complex,complex,AA,compound_state,,state_nominal,DEP-Complex,participants,participants,nmod,nmod,obl,obl,asserted,undirected,0,1,0,1,dependency
bioinfer,BioInfer.d180.s0,stanza_craft+coref_ee6b309d_1:rel:1,1,3,positive,positive,,,applied,structural|AA|complex|_|compound_state,structural|complex,complex,AA,compound_state,,state_nominal,DEP-Complex,participants,participants,nmod,nmod,obl,obl,asserted,undirected,0,1,0,1,dependency
bioinfer,BioInfer.d180.s0,stanza_craft+coref_ee6b309d_1:rel:2,1,4,positive,positive,,,applied,structural|AA|complex|_|compound_state,structural|complex,complex,AA,compound_state,,state_nominal,DEP-Complex,participants,participants,nmod,nmod,obl,obl,asserted,undirected,0,1,0,1,dependency
bioinfer,BioInfer.d180.s0,stanza_craft+coref_ee6b309d_1:rel:3,2,3,positive,positive,,,applied,structural|AA|complex|_|compound_state,structural|complex,complex,AA,compound_state,,state_nominal,DEP-Complex,participants,participants,nmod,nmod,obl,obl,asserted,undirected,0,1,0,1,dependency
bioinfer,BioInfer.d180.s0,stanza_craft+coref_ee6b309d_1:rel:4,2,4,positive,positive,,,applied,structural|AA|complex|_|compound_state,structural|complex,complex,AA,compound_state,,state_nominal,DEP-Complex,participants,participants,nmod,nmod,obl,obl,asserted,undirected,0,1,0,1,dependency
bioinfer,BioInfer.d180.s0,stanza_craft+coref_ee6b309d_1:rel:5,3,4,positive,positive,,,applied,structural|AA|complex|_|compound_state,structural|complex,complex,AA,compound_state,,state_nominal,DEP-Complex,participants,participants,nmod,nmod,obl,obl,asserted,undirected,0,1,0,1,dependency
bioinfer,BioInfer.d183.s0,stanza_craft+coref_727723ae_0:rel:0,0,1,positive,positive,,,applied,structural|AB|stabilize|_|passive,structural|stabilize,stabilize,AB,passive,,clause,DEP-stabilize-passive,sources,targets,nmod,ROOT,obl,root,asserted,directed,1,1,0,0,dependency
bioinfer,BioInfer.d183.s1,stanza_craft+coref_573d4c3a_0:rel:0,0,1,positive,positive,,,applied,structural|AB|alter|_|passive,structural|alter,alter,AB,passive,,clause,DEP-alter-passive,sources,targets,nmod,nsubjpass,obl,nsubj:pass,asserted,directed,1,1,0,0,dependency
bioinfer,BioInfer.d183.s2,stanza_craft+coref_1f151d37_2:rel:0,1,2,negative,negative,,,review_only,relational|RELATIONAL|identity|_|verbal,relational|RELATIONAL|identity|_,,RELATIONAL,verbal,,appositive,DEP-LooseIdentityCandidate,entities_a,entities_b,dobj,compound,obj,compound,asserted,relational,1,0,0,0,dependency
bioinfer,BioInfer.d184.s0,stanza_craft+coref_c7e47b40_0:rel:0,0,2,positive,positive,,,applied,structural|AB|effect|on|nominalized,structural|effect,effect,AB,nominalized,on,event_nominal,DEP-nom-effect,sources,targets,nmod:of,nmod:on,compound,nmod,asserted,directed,1,0,0,1,dependency
bioinfer,BioInfer.d184.s0,stanza_craft+coref_c7e47b40_0:rel:1,1,2,positive,positive,,,applied,structural|AB|effect|on|nominalized,structural|effect,effect,AB,nominalized,on,event_nominal,DEP-nom-effect,sources,targets,nmod:of,nmod:on,compound,nmod,asserted,directed,1,0,0,1,dependency
bioinfer,BioInfer.d184.s0,stanza_craft+coref_c7e47b40_0:rel:2,0,3,positive,positive,,,applied,structural|AB|effect|on|nominalized,structural|effect,effect,AB,nominalized,on,event_nominal,DEP-nom-effect,sources,targets,nmod:of,nmod:on,compound,conj,asserted,directed,1,0,0,1,dependency
bioinfer,BioInfer.d184.s0,stanza_craft+coref_c7e47b40_0:rel:3,1,3,positive,positive,,,applied,structural|AB|effect|on|nominalized,structural|effect,effect,AB,nominalized,on,event_nominal,DEP-nom-effect,sources,targets,nmod:of,nmod:on,compound,conj,asserted,directed,1,0,0,1,dependency
bioinfer,BioInfer.d184.s0,stanza_craft+coref_c7e47b40_1:rel:0,0,1,positive,positive,,,applied,structural|AA|associate|_|nominalized,structural|associate,associate,AA,nominalized,,event_nominal,DEP-nom-association-undirected,participants,participants,compound,compound,compound,compound,asserted,undirected,1,0,0,1,dependency
bioinfer,BioInfer.d185.s0,stanza_craft+coref_0871a4d4_0:rel:0,0,1,positive,positive,,,applied,structural|AB|effect|on|nominalized,structural|effect,effect,AB,nominalized,on,event_nominal,DEP-nom-effect,sources,targets,nmod:of,nmod:on,nmod,nmod,asserted,directed,0,0,0,1,dependency
bioinfer,BioInfer.d19.s0,stanza_craft+coref_142d4e29_1:rel:0,0,1,positive,negative,,,review_only,relational|RELATIONAL|protein|_|verbal,relational|RELATIONAL|protein|_,protein,RELATIONAL,verbal,,appositive,DEP-Apposition,entities_a,entities_b,nmod,appos,nmod,appos,asserted,relational,1,1,0,0,dependency
bioinfer,BioInfer.d190.s0,stanza_craft+coref_d8f7f62a_0:rel:0,0,1,positive,positive,,,applied,structural|AB|encode|_|verbal,structural|encode,encode,AB,verbal,,clause,DEP-encode,sources,targets,nsubj,dobj,nsubj,obj,asserted,directed,0,1,0,0,dependency
bioinfer,BioInfer.d190.s0,stanza_craft+coref_d8f7f62a_0:rel:1,0,2,positive,positive,,,applied,structural|AB|encode|_|verbal,structural|encode,encode,AB,verbal,,clause,DEP-encode,sources,targets,nsubj,dobj,nsubj,obj,asserted,directed,0,1,0,0,dependency
bioinfer,BioInfer.d190.s0,stanza_craft+coref_d8f7f62a_1:rel:0,1,3,positive,positive,,,applied,structural|AB|require|for|passive,structural|require,require,AB,passive,for,clause,DEP-require-passive,sources,targets,dobj,nmod:for,obj,obl,asserted,directed,1,1,0,0,dependency
bioinfer,BioInfer.d190.s0,stanza_craft+coref_d8f7f62a_1:rel:1,2,3,positive,positive,,,applied,structural|AB|require|for|passive,structural|require,require,AB,passive,for,clause,DEP-require-passive,sources,targets,dobj,nmod:for,obj,obl,asserted,directed,1,1,0,0,dependency
bioinfer,BioInfer.d195.s0,stanza_craft+coref_b69b17f8_0:rel:0,0,2,positive,positive,,,applied,structural|AB|induce|_|passive,structural|induce,induce,AB,passive,,clause,DEP-induce-passive,sources,targets,nmod,nmod,obl,nmod,asserted,directed,1,1,0,0,dependency
bioinfer,BioInfer.d195.s0,stanza_craft+coref_b69b17f8_1:rel:0,1,2,positive,negative,,,review_only,relational|RELATIONAL|is-a|_|verbal,relational|RELATIONAL|is-a|_,,RELATIONAL,verbal,,appositive,DEP-ParentheticalAlias,entities_a,entities_b,dep,compound,dep,compound,asserted,relational,1,0,0,0,dependency
bioinfer,BioInfer.d198.s0,stanza_craft+coref_7cc22beb_3:rel:0,0,1,positive,positive,,,applied,structural|AB|interact|with|verbal,structural|interact,interact,AB,verbal,with,clause,DEP-interact,sources,targets,nsubj,nmod:with,nsubj,obl,asserted,directed,1,1,0,0,dependency
bioinfer,BioInfer.d198.s0,stanza_craft+coref_7cc22beb_3:rel:1,0,2,positive,positive,,,applied,structural|AB|interact|with|verbal,structural|interact,interact,AB,verbal,with,clause,DEP-interact,sources,targets,nsubj,nmod:with,nsubj,obl,asserted,directed,0,1,0,0,dependency
bioinfer,BioInfer.d198.s1,stanza_craft+coref_390e322b_0:rel:0,0,1,positive,positive,,,applied,structural|AB|recognize|_|verbal,structural|recognize,recognize,AB,verbal,,clause,DEP-recognize,sources,targets,nsubjpass,dobj,nsubj:pass,obj,asserted,directed,1,1,0,0,dependency
bioinfer,BioInfer.d20.s0,stanza_craft+coref_edc3fe49_0:rel:0,0,1,positive,positive,,,applied,structural|AB|interact|with|nominalized,structural|interact,interact,AB,nominalized,with,clause,DEP-interaction-nestedinner-controlled,sources,targets,nsubj,nmod:with,nsubj,nmod,asserted,directed,0,1,0,1,dependency
bioinfer,BioInfer.d20.s0,stanza_craft+coref_edc3fe49_0:rel:1,0,2,positive,positive,,,applied,structural|AB|interact|with|nominalized,structural|interact,interact,AB,nominalized,with,clause,DEP-interaction-nestedinner-controlled,sources,targets,nsubj,nmod:with,nsubj,nmod,asserted,directed,0,1,0,1,dependency
bioinfer,BioInfer.d20.s0,stanza_craft+coref_edc3fe49_1:rel:0,0,1,positive,positive,,,not_applied,structural|NESTED|effect|via|nested,structural|NESTED|effect|via,effect,NESTED,nested,via,clause,DEP-effect-nested,sources,targets:event_ref:stanza_craft+coref_edc3fe49_0,nsubj,nmod:with,nsubj,nmod,asserted,nested_review,0,1,0,0,dependency
bioinfer,BioInfer.d20.s0,stanza_craft+coref_edc3fe49_1:rel:1,0,2,positive,positive,,,not_applied,structural|NESTED|effect|via|nested,structural|NESTED|effect|via,effect,NESTED,nested,via,clause,DEP-effect-nested,sources,targets:event_ref:stanza_craft+coref_edc3fe49_0,nsubj,nmod:with,nsubj,nmod,asserted,nested_review,0,1,0,0,dependency
bioinfer,BioInfer.d20.s0,stanza_craft+coref_edc3fe49_1:rel:2,0,1,positive,positive,,,not_applied,structural|NESTED|effect|via|nested,structural|NESTED|effect|via,effect,NESTED,nested,via,clause,DEP-effect-nested,sources,targets:event_ref:stanza_craft+coref_edc3fe49_0,nsubj,nmod:with,nsubj,nmod,asserted,nested_review,0,1,0,0,dependency
bioinfer,BioInfer.d20.s0,stanza_craft+coref_edc3fe49_1:rel:3,0,2,positive,positive,,,not_applied,structural|NESTED|effect|via|nested,structural|NESTED|effect|via,effect,NESTED,nested,via,clause,DEP-effect-nested,sources,targets:event_ref:stanza_craft+coref_edc3fe49_0,nsubj,nmod:with,nsubj,nmod,asserted,nested_review,0,1,0,0,dependency
bioinfer,BioInfer.d20.s0,stanza_craft+coref_edc3fe49_2:rel:0,1,3,positive,positive,,,applied,structural|AB|bridge|_|verbal,structural|bridge,bridge,AB,verbal,,clause,DEP-bridge,sources,targets,nmod,dobj,nmod,obj,asserted,directed,1,1,0,0,dependency
bioinfer,BioInfer.d20.s0,stanza_craft+coref_edc3fe49_2:rel:1,2,3,positive,positive,,,applied,structural|AB|bridge|_|verbal,structural|bridge,bridge,AB,verbal,,clause,DEP-bridge,sources,targets,nmod,dobj,nmod,obj,asserted,directed,1,1,0,0,dependency
bioinfer,BioInfer.d20.s0,stanza_craft+coref_edc3fe49_3:rel:0,1,2,negative,negative,,,review_only,relational|RELATIONAL|is-a|_|verbal,relational|RELATIONAL|is-a|_,,RELATIONAL,verbal,,appositive,DEP-Apposition,entities_a,entities_b,nmod,dep,nmod,dep,asserted,relational,0,1,0,0,dependency
bioinfer,BioInfer.d20.s0,stanza_craft+coref_edc3fe49_4:rel:0,1,2,negative,negative,,,review_only,relational|RELATIONAL|is-a|_|verbal,relational|RELATIONAL|is-a|_,,RELATIONAL,verbal,,appositive,DEP-Apposition,entities_a,entities_b,nmod,appos,nmod,appos,asserted,relational,0,1,0,0,dependency
bioinfer,BioInfer.d202.s0,stanza_craft+coref_c4da760c_0:rel:0,0,1,positive,negative,,,not_applied,structural|AB|correlate|with|verbal,structural|correlate,correlate,AB,verbal,with,clause,DEP-correlate,sources,targets,nsubj,nmod:with,nsubj,obl,negated,directed,0,1,0,0,dependency
bioinfer,BioInfer.d202.s0,stanza_craft+coref_c4da760c_0:rel:1,0,2,positive,negative,,,not_applied,structural|AB|correlate|with|verbal,structural|correlate,correlate,AB,verbal,with,clause,DEP-correlate,sources,targets,nsubj,nmod:with,nsubj,obl,negated,directed,0,1,0,0,dependency
bioinfer,BioInfer.d203.s0,stanza_craft+coref_74249f23_0:rel:0,1,2,negative,positive,,,applied,structural|AB|conjunction|with|nominalized,structural|conjunction,conjunction,AB,nominalized,with,clause,DEP-conjunction-nestedinner-directed,sources,targets,nmod:of,nmod:with,nmod,nmod,asserted,directed,0,1,0,1,dependency
bioinfer,BioInfer.d203.s0,stanza_craft+coref_74249f23_0:rel:1,1,3,negative,positive,,,applied,structural|AB|conjunction|with|nominalized,structural|conjunction,conjunction,AB,nominalized,with,clause,DEP-conjunction-nestedinner-directed,sources,targets,nmod:of,nmod:with,nmod,nmod,asserted,directed,0,1,0,1,dependency
bioinfer,BioInfer.d203.s0,stanza_craft+coref_74249f23_0:rel:2,2,3,negative,positive,,,applied,structural|AB|conjunction|with|nominalized,structural|conjunction,conjunction,AB,nominalized,with,clause,DEP-conjunction-nestedinner-directed,sources,targets,nmod:of,nmod:with,nmod,nmod,asserted,directed,0,1,0,1,dependency
bioinfer,BioInfer.d203.s0,stanza_craft+coref_74249f23_1:rel:0,0,1,negative,negative,,,not_applied,structural|NESTED|investigate|in|nested,structural|NESTED|investigate|in,investigate,NESTED,nested,in,clause,DEP-investigate-passive-nested,outer_arguments,targets:event_ref:stanza_craft+coref_74249f23_0,nsubjpass,nmod:of,nsubj:pass,nmod,asserted,nested_review,0,1,0,0,dependency
bioinfer,BioInfer.d203.s0,stanza_craft+coref_74249f23_1:rel:1,0,2,negative,negative,,,not_applied,structural|NESTED|investigate|in|nested,structural|NESTED|investigate|in,investigate,NESTED,nested,in,clause,DEP-investigate-passive-nested,outer_arguments,targets:event_ref:stanza_craft+coref_74249f23_0,nsubjpass,nmod:of,nsubj:pass,nmod,asserted,nested_review,0,1,0,0,dependency
bioinfer,BioInfer.d203.s0,stanza_craft+coref_74249f23_1:rel:2,0,3,negative,negative,,,not_applied,structural|NESTED|investigate|in|nested,structural|NESTED|investigate|in,investigate,NESTED,nested,in,clause,DEP-investigate-passive-nested,outer_arguments,targets:event_ref:stanza_craft+coref_74249f23_0,nsubjpass,nmod:of,nsubj:pass,nmod,asserted,nested_review,0,1,0,0,dependency
bioinfer,BioInfer.d203.s0,stanza_craft+coref_74249f23_1:rel:3,0,3,negative,negative,,,not_applied,structural|NESTED|investigate|in|nested,structural|NESTED|investigate|in,investigate,NESTED,nested,in,clause,DEP-investigate-passive-nested,outer_arguments,targets:event_ref:stanza_craft+coref_74249f23_0,nsubjpass,nmod:of,nsubj:pass,conj,asserted,nested_review,0,1,0,0,dependency
bioinfer,BioInfer.d203.s0,stanza_craft+coref_74249f23_1:rel:4,0,1,negative,negative,,,not_applied,structural|NESTED|investigate|in|nested,structural|NESTED|investigate|in,investigate,NESTED,nested,in,clause,DEP-investigate-passive-nested,outer_arguments,targets:event_ref:stanza_craft+coref_74249f23_0,nsubjpass,nmod:with,nsubj:pass,nmod,asserted,nested_review,0,1,0,0,dependency
bioinfer,BioInfer.d203.s0,stanza_craft+coref_74249f23_1:rel:5,0,2,negative,negative,,,not_applied,structural|NESTED|investigate|in|nested,structural|NESTED|investigate|in,investigate,NESTED,nested,in,clause,DEP-investigate-passive-nested,outer_arguments,targets:event_ref:stanza_craft+coref_74249f23_0,nsubjpass,nmod:with,nsubj:pass,nmod,asserted,nested_review,0,1,0,0,dependency
bioinfer,BioInfer.d203.s0,stanza_craft+coref_74249f23_1:rel:6,0,3,negative,negative,,,not_applied,structural|NESTED|investigate|in|nested,structural|NESTED|investigate|in,investigate,NESTED,nested,in,clause,DEP-investigate-passive-nested,outer_arguments,targets:event_ref:stanza_craft+coref_74249f23_0,nsubjpass,nmod:with,nsubj:pass,nmod,asserted,nested_review,0,1,0,0,dependency
bioinfer,BioInfer.d203.s0,stanza_craft+coref_74249f23_3:rel:0,1,2,negative,positive,,,review_only,relational|RELATIONAL|is-a|_|verbal,relational|RELATIONAL|is-a|_,,RELATIONAL,verbal,,appositive,DEP-ParentheticalAlias,entities_a,entities_b,nmod,dep,nmod,dep,asserted,relational,0,0,0,0,dependency
bioinfer,BioInfer.d204.s0,stanza_craft+coref_7a93d387_0:rel:0,0,2,positive,positive,,,applied,structural|AB|activate|_|verbal,structural|activate,activate,AB,verbal,,clause,DEP-activate,sources,targets,nsubj,dobj,nsubj,obj,asserted,directed,1,1,0,0,dependency
bioinfer,BioInfer.d204.s0,stanza_craft+coref_7a93d387_0:rel:1,0,3,positive,positive,,,applied,structural|AB|activate|_|verbal,structural|activate,activate,AB,verbal,,clause,DEP-activate,sources,targets,nsubj,dobj,nsubj,obj,asserted,directed,0,1,0,0,dependency
bioinfer,BioInfer.d204.s0,stanza_craft+coref_7a93d387_0:rel:2,1,2,positive,positive,,,applied,structural|AB|activate|_|verbal,structural|activate,activate,AB,verbal,,clause,DEP-activate,sources,targets,nsubj,dobj,nsubj,obj,asserted,directed,1,1,0,0,dependency
bioinfer,BioInfer.d204.s0,stanza_craft+coref_7a93d387_0:rel:3,1,3,positive,positive,,,applied,structural|AB|activate|_|verbal,structural|activate,activate,AB,verbal,,clause,DEP-activate,sources,targets,nsubj,dobj,nsubj,obj,asserted,directed,0,1,0,0,dependency
bioinfer,BioInfer.d208.s1,stanza_craft+coref_f4040bbc_0:rel:0,0,2,positive,positive,,,applied,structural|AB|use|_|verbal,structural|use,use,AB,verbal,,clause,DEP-use,sources,targets,nsubj,dobj,nsubj,obj,asserted,directed,0,0,0,0,dependency
bioinfer,BioInfer.d208.s1,stanza_craft+coref_f4040bbc_0:rel:1,0,3,positive,positive,,,applied,structural|AB|use|_|verbal,structural|use,use,AB,verbal,,clause,DEP-use,sources,targets,nsubj,conj,nsubj,conj,asserted,directed,0,0,0,0,dependency
bioinfer,BioInfer.d208.s1,stanza_craft+coref_f4040bbc_0:rel:2,0,4,positive,positive,,,applied,structural|AB|use|_|verbal,structural|use,use,AB,verbal,,clause,DEP-use,sources,targets,nsubj,conj,nsubj,conj,asserted,directed,0,0,0,0,dependency
bioinfer,BioInfer.d208.s1,stanza_craft+coref_f4040bbc_0:rel:3,1,2,positive,positive,,,applied,structural|AB|use|_|verbal,structural|use,use,AB,verbal,,clause,DEP-use,sources,targets,conj,dobj,conj,obj,asserted,directed,0,0,0,0,dependency
bioinfer,BioInfer.d208.s1,stanza_craft+coref_f4040bbc_0:rel:4,1,3,positive,positive,,,applied,structural|AB|use|_|verbal,structural|use,use,AB,verbal,,clause,DEP-use,sources,targets,conj,conj,conj,conj,asserted,directed,0,0,0,0,dependency
bioinfer,BioInfer.d208.s1,stanza_craft+coref_f4040bbc_0:rel:5,1,4,positive,positive,,,applied,structural|AB|use|_|verbal,structural|use,use,AB,verbal,,clause,DEP-use,sources,targets,conj,conj,conj,conj,asserted,directed,0,0,0,0,dependency
bioinfer,BioInfer.d210.s0,stanza_craft+coref_6d64f5df_2:rel:0,5,7,negative,positive,,,applied,structural|AB|prefer|over|passive,structural|prefer,prefer,AB,passive,over,clause,DEP-prefer-passive,sources,targets,nsubjpass,nmod:over,nsubj:pass,obl,asserted,directed,1,1,0,0,dependency
bioinfer,BioInfer.d210.s0,stanza_craft+coref_6d64f5df_2:rel:1,5,8,negative,positive,,,applied,structural|AB|prefer|over|passive,structural|prefer,prefer,AB,passive,over,clause,DEP-prefer-passive,sources,targets,nsubjpass,nmod:over,nsubj:pass,obl,asserted,directed,1,1,0,0,dependency
bioinfer,BioInfer.d210.s0,stanza_craft+coref_6d64f5df_2:rel:2,5,9,negative,positive,,,applied,structural|AB|prefer|over|passive,structural|prefer,prefer,AB,passive,over,clause,DEP-prefer-passive,sources,targets,nsubjpass,nmod:over,nsubj:pass,obl,asserted,directed,1,1,0,0,dependency
bioinfer,BioInfer.d210.s0,stanza_craft+coref_6d64f5df_2:rel:3,6,7,negative,positive,,,applied,structural|AB|prefer|over|passive,structural|prefer,prefer,AB,passive,over,clause,DEP-prefer-passive,sources,targets,nsubjpass,nmod:over,nsubj:pass,obl,asserted,directed,1,1,0,0,dependency
bioinfer,BioInfer.d210.s0,stanza_craft+coref_6d64f5df_2:rel:4,6,8,negative,positive,,,applied,structural|AB|prefer|over|passive,structural|prefer,prefer,AB,passive,over,clause,DEP-prefer-passive,sources,targets,nsubjpass,nmod:over,nsubj:pass,obl,asserted,directed,1,1,0,0,dependency
bioinfer,BioInfer.d210.s0,stanza_craft+coref_6d64f5df_2:rel:5,6,9,negative,positive,,,applied,structural|AB|prefer|over|passive,structural|prefer,prefer,AB,passive,over,clause,DEP-prefer-passive,sources,targets,nsubjpass,nmod:over,nsubj:pass,obl,asserted,directed,0,1,0,0,dependency
bioinfer,BioInfer.d210.s0,stanza_craft+coref_6d64f5df_3:rel:0,0,2,positive,negative,,,review_only,relational|RELATIONAL|is-a|_|verbal,relational|RELATIONAL|is-a|_,,RELATIONAL,verbal,,appositive,DEP-Apposition,entities_a,entities_b,nmod,appos,nmod,appos,asserted,relational,1,1,0,0,dependency
bioinfer,BioInfer.d210.s0,stanza_craft+coref_6d64f5df_3:rel:1,2,3,negative,negative,,,review_only,relational|RELATIONAL|is-a|_|verbal,relational|RELATIONAL|is-a|_,,RELATIONAL,verbal,,appositive,DEP-Apposition,entities_a,entities_b,nmod,appos,nmod,appos,asserted,relational,0,1,0,0,dependency
bioinfer,BioInfer.d211.s0,stanza_craft+coref_443da989_1:rel:0,1,2,negative,positive,,,applied,structural|AA|interact|_|verbal,structural|interact,interact,AA,verbal,,clause,DEP-interact-undirected,participants,participants,nsubj,nsubj,nsubj,nsubj,asserted,undirected,1,1,0,0,dependency
bioinfer,BioInfer.d213.s0,stanza_craft+coref_fb202595_1:rel:0,0,1,positive,positive,,,applied,structural|AB|analog|_|nominalized,structural|analog,analog,AB,nominalized,,event_nominal,DEP-nom-analog-subject,sources,targets,nmod:with,compound,nmod,compound,asserted,directed,1,0,0,1,dependency
bioinfer,BioInfer.d213.s2,stanza_craft+coref_86653f11_4:rel:0,1,2,positive,positive,,,applied,structural|AB|interact|with|verbal,structural|interact,interact,AB,verbal,with,clause,DEP-interact,sources,targets,dobj,nmod:with,obj,conj,asserted,directed,1,1,0,0,dependency
bioinfer,BioInfer.d214.s1,stanza_craft+coref_8ba2f31c_2:rel:0,2,3,positive,positive,,,applied,structural|AA|complex|_|compound_state,structural|complex,complex,AA,compound_state,,state_nominal,DEP-Complex,participants,participants,nmod,nmod,obl,obl,asserted,undirected,0,1,0,1,dependency
bioinfer,BioInfer.d214.s1,stanza_craft+coref_8ba2f31c_2:rel:1,2,4,positive,positive,,,applied,structural|AA|complex|_|compound_state,structural|complex,complex,AA,compound_state,,state_nominal,DEP-Complex,participants,participants,nmod,nmod,obl,obl,asserted,undirected,0,1,0,1,dependency
bioinfer,BioInfer.d214.s1,stanza_craft+coref_8ba2f31c_2:rel:2,3,4,positive,positive,,,applied,structural|AA|complex|_|compound_state,structural|complex,complex,AA,compound_state,,state_nominal,DEP-Complex,participants,participants,nmod,nmod,obl,obl,asserted,undirected,0,1,0,1,dependency
bioinfer,BioInfer.d214.s2,stanza_craft+coref_a8996733_2:rel:0,1,2,negative,negative,,,review_only,relational|RELATIONAL|is-a|_|verbal,relational|RELATIONAL|is-a|_,,RELATIONAL,verbal,,appositive,DEP-Apposition,entities_a,entities_b,conj,appos,conj,appos,asserted,relational,0,1,0,0,dependency
bioinfer,BioInfer.d214.s2,stanza_craft+coref_a8996733_2:rel:1,1,3,negative,negative,,,review_only,relational|RELATIONAL|is-a|_|verbal,relational|RELATIONAL|is-a|_,,RELATIONAL,verbal,,appositive,DEP-Apposition,entities_a,entities_b,conj,appos,conj,appos,asserted,relational,0,1,0,0,dependency
bioinfer,BioInfer.d215.s0,stanza_craft+coref_a1d38bf8_2:rel:0,1,2,negative,negative,,,review_only,relational|RELATIONAL|is-a|_|verbal,relational|RELATIONAL|is-a|_,,RELATIONAL,verbal,,appositive,DEP-ParentheticalAlias,entities_a,entities_b,conj,dep,conj,dep,asserted,relational,0,0,0,0,dependency
bioinfer,BioInfer.d217.s0,stanza_craft+coref_1d24278e_2:rel:0,0,3,positive,positive,,,applied,structural|AB|link|_|verbal,structural|link,link,AB,verbal,,clause,DEP-link,sources,targets,nsubj,dobj,nsubj,obj,asserted,directed,1,1,0,0,dependency
bioinfer,BioInfer.d217.s0,stanza_craft+coref_1d24278e_2:rel:1,1,3,positive,positive,,,applied,structural|AB|link|_|verbal,structural|link,link,AB,verbal,,clause,DEP-link,sources,targets,nsubj,dobj,nsubj,obj,asserted,directed,0,1,0,0,dependency
bioinfer,BioInfer.d217.s0,stanza_craft+coref_1d24278e_2:rel:2,2,3,positive,positive,,,applied,structural|AB|link|_|verbal,structural|link,link,AB,verbal,,clause,DEP-link,sources,targets,nsubj,dobj,nsubj,obj,asserted,directed,0,1,0,0,dependency
bioinfer,BioInfer.d217.s0,stanza_craft+coref_1d24278e_2:rel:3,0,4,positive,positive,,,applied,structural|AB|link|to|verbal,structural|link,link,AB,verbal,to,clause,DEP-link,sources,targets,nsubj,nmod:to,nsubj,obl,asserted,directed,1,1,0,0,dependency
bioinfer,BioInfer.d217.s0,stanza_craft+coref_1d24278e_2:rel:4,1,4,positive,positive,,,applied,structural|AB|link|to|verbal,structural|link,link,AB,verbal,to,clause,DEP-link,sources,targets,nsubj,nmod:to,nsubj,obl,asserted,directed,1,1,0,0,dependency
bioinfer,BioInfer.d217.s0,stanza_craft+coref_1d24278e_2:rel:5,2,4,positive,positive,,,applied,structural|AB|link|to|verbal,structural|link,link,AB,verbal,to,clause,DEP-link,sources,targets,nsubj,nmod:to,nsubj,obl,asserted,directed,1,1,0,0,dependency
bioinfer,BioInfer.d218.s0,stanza_craft+coref_09b710db_4:rel:0,4,5,negative,positive,,,applied,structural|AB|have|in|verbal,structural|have,have,AB,verbal,in,clause,DEP-have,sources,targets,nsubj,nmod:in,nsubj,obl,asserted,directed,1,1,0,0,dependency
bioinfer,BioInfer.d218.s0,stanza_craft+coref_09b710db_4:rel:1,4,6,negative,positive,,,applied,structural|AB|have|in|verbal,structural|have,have,AB,verbal,in,clause,DEP-have,sources,targets,nsubj,nmod:in,nsubj,obl,asserted,directed,1,1,0,0,dependency
bioinfer,BioInfer.d218.s0,stanza_craft+coref_09b710db_5:rel:0,5,6,positive,positive,,,applied,structural|AA|complex|_|compound_state,structural|complex,complex,AA,compound_state,,state_nominal,DEP-CollectiveSlashPair,participants,participants,orthographic_member,orthographic_member,compound,compound,asserted,undirected,1,0,0,1,dependency
bioinfer,BioInfer.d218.s0,stanza_craft+coref_09b710db_6:rel:0,5,6,positive,positive,,,applied,structural|AA|complex|_|compound_state,structural|complex,complex,AA,compound_state,,state_nominal,DEP-Complex,participants,participants,compound,compound,compound,compound,asserted,undirected,1,1,0,1,dependency
bioinfer,BioInfer.d221.s1,stanza_craft+coref_137c99c2_0:rel:0,0,1,positive,positive,,,applied,structural|AB|stimulate|_|verbal,structural|stimulate,stimulate,AB,verbal,,clause,DEP-stimulate,sources,targets,nsubj,dobj,nsubj,obj,asserted,directed,1,1,0,0,dependency
bioinfer,BioInfer.d221.s1,stanza_craft+coref_137c99c2_0:rel:1,0,2,negative,positive,,,applied,structural|AB|stimulate|with|verbal,structural|stimulate,stimulate,AB,verbal,with,clause,DEP-stimulate,sources,targets,nsubj,nmod:with,nsubj,obl,asserted,directed,1,1,0,0,dependency
bioinfer,BioInfer.d221.s1,stanza_craft+coref_137c99c2_0:rel:2,0,3,negative,positive,,,applied,structural|AB|stimulate|with|verbal,structural|stimulate,stimulate,AB,verbal,with,clause,DEP-stimulate,sources,targets,nsubj,nmod:with,nsubj,obl,asserted,directed,1,1,0,0,dependency
bioinfer,BioInfer.d221.s1,stanza_craft+coref_137c99c2_1:rel:0,2,3,positive,positive,,,applied,structural|AA|complex|_|compound_state,structural|complex,complex,AA,compound_state,,state_nominal,DEP-Complex,participants,participants,nmod,nmod,obl,obl,asserted,undirected,1,1,0,1,dependency
bioinfer,BioInfer.d223.s0,stanza_craft+coref_fd2f3f4c_2:rel:0,1,2,negative,negative,,,review_only,relational|RELATIONAL|identity|_|verbal,relational|RELATIONAL|identity|_,,RELATIONAL,verbal,,appositive,DEP-LooseIdentityCandidate,entities_a,entities_b,nmod,nmod,nmod,nmod,asserted,relational,0,0,0,0,dependency
bioinfer,BioInfer.d224.s0,stanza_craft+coref_331e9633_1:rel:0,0,1,positive,negative,,,not_applied,structural|AB|coexpress|_|verbal,structural|coexpress,coexpress,AB,verbal,,clause,DEP-coexpress,sources,targets,nsubjpass,dobj,nsubj:pass,obj,negated,directed,0,1,0,0,dependency
bioinfer,BioInfer.d226.s0,stanza_craft+coref_ed869dc4_0:rel:0,0,1,positive,positive,,,applied,structural|AB|link|_|verbal,structural|link,link,AB,verbal,,clause,DEP-link,sources,targets,nsubjpass,dobj,nsubj:pass,obj,asserted,directed,0,0,0,0,dependency
bioinfer,BioInfer.d226.s0,stanza_craft+coref_ed869dc4_0:rel:1,0,2,positive,positive,,,applied,structural|AB|link|to|verbal,structural|link,link,AB,verbal,to,clause,DEP-link,sources,targets,nsubjpass,nmod:to,nsubj:pass,obl,asserted,directed,1,1,0,0,dependency
bioinfer,BioInfer.d229.s0,stanza_craft+coref_2db2b6fb_3:rel:0,2,3,negative,negative,,,review_only,relational|RELATIONAL|is-a|_|verbal,relational|RELATIONAL|is-a|_,,RELATIONAL,verbal,,appositive,DEP-ParentheticalAlias,entities_a,entities_b,dep,compound,dep,compound,asserted,relational,1,0,0,0,dependency
bioinfer,BioInfer.d23.s0,stanza_craft+coref_2b2c987b_2:rel:0,0,2,positive,positive,,,applied,structural|AB|reduce|_|verbal,structural|reduce,reduce,AB,verbal,,clause,DEP-reduce,sources,targets,nsubj,dobj,nsubj,obj,asserted,directed,0,1,0,0,dependency
bioinfer,BioInfer.d23.s0,stanza_craft+coref_2b2c987b_2:rel:1,1,2,negative,positive,,,applied,structural|AB|reduce|_|verbal,structural|reduce,reduce,AB,verbal,,clause,DEP-reduce,sources,targets,nsubj,dobj,nsubj,obj,asserted,directed,0,1,0,0,dependency
bioinfer,BioInfer.d23.s0,stanza_craft+coref_2b2c987b_4:rel:0,0,1,negative,positive,,,applied,structural|AB|addition|to|nominalized,structural|addition,addition,AB,nominalized,to,event_nominal,DEP-nom-addition-subject,sources,targets,nmod:of,nmod:to,nmod,nmod,asserted,directed,0,0,0,1,dependency
bioinfer,BioInfer.d230.s0,stanza_craft+coref_4811dfa0_1:rel:0,0,2,negative,negative,,,review_only,relational|RELATIONAL|is-a|_|verbal,relational|RELATIONAL|is-a|_,,RELATIONAL,verbal,,appositive,DEP-Apposition,entities_a,entities_b,nmod,appos,nmod,appos,asserted,relational,0,1,0,0,dependency
bioinfer,BioInfer.d230.s0,stanza_craft+coref_4811dfa0_1:rel:1,0,3,negative,negative,,,review_only,relational|RELATIONAL|is-a|_|verbal,relational|RELATIONAL|is-a|_,,RELATIONAL,verbal,,appositive,DEP-Apposition,entities_a,entities_b,nmod,appos,nmod,appos,asserted,relational,0,1,0,0,dependency
bioinfer,BioInfer.d230.s0,stanza_craft+coref_4811dfa0_2:rel:0,0,1,negative,negative,,,review_only,relational|RELATIONAL|is-a|_|verbal,relational|RELATIONAL|is-a|_,,RELATIONAL,verbal,,appositive,DEP-ParentheticalAlias,entities_a,entities_b,appos,dep,appos,dep,asserted,relational,0,0,0,0,dependency
bioinfer,BioInfer.d232.s1,stanza_craft+coref_326f8248_2:rel:0,0,1,negative,negative,,,review_only,relational|RELATIONAL|is-a|_|verbal,relational|RELATIONAL|is-a|_,,RELATIONAL,verbal,,appositive,DEP-ParentheticalAlias,entities_a,entities_b,compound,dep,compound,dep,asserted,relational,1,0,0,0,dependency
bioinfer,BioInfer.d232.s1,stanza_craft+coref_326f8248_3:rel:0,2,3,negative,negative,,,review_only,relational|RELATIONAL|is-a|_|verbal,relational|RELATIONAL|is-a|_,,RELATIONAL,verbal,,appositive,DEP-ParentheticalAlias,entities_a,entities_b,conj,dep,conj,dep,asserted,relational,0,0,0,0,dependency
bioinfer,BioInfer.d233.s0,stanza_craft+coref_d6b0c712_0:rel:0,0,1,negative,negative,,,review_only,relational|RELATIONAL|is-a|_|verbal,relational|RELATIONAL|is-a|_,,RELATIONAL,verbal,,appositive,DEP-Apposition,entities_a,entities_b,nmod,appos,nmod,appos,asserted,relational,0,1,0,0,dependency
bioinfer,BioInfer.d233.s0,stanza_craft+coref_d6b0c712_0:rel:1,0,2,negative,negative,,,review_only,relational|RELATIONAL|is-a|_|verbal,relational|RELATIONAL|is-a|_,,RELATIONAL,verbal,,appositive,DEP-Apposition,entities_a,entities_b,nmod,appos,nmod,appos,asserted,relational,0,1,0,0,dependency
bioinfer,BioInfer.d233.s0,stanza_craft+coref_d6b0c712_0:rel:2,0,3,negative,negative,,,review_only,relational|RELATIONAL|is-a|_|verbal,relational|RELATIONAL|is-a|_,,RELATIONAL,verbal,,appositive,DEP-Apposition,entities_a,entities_b,nmod,appos,nmod,appos,asserted,relational,0,1,0,0,dependency
bioinfer,BioInfer.d233.s0,stanza_craft+coref_d6b0c712_0:rel:3,0,4,negative,negative,,,review_only,relational|RELATIONAL|is-a|_|verbal,relational|RELATIONAL|is-a|_,,RELATIONAL,verbal,,appositive,DEP-Apposition,entities_a,entities_b,nmod,appos,nmod,appos,asserted,relational,0,1,0,0,dependency
bioinfer,BioInfer.d234.s0,stanza_craft+coref_f7e0fbda_0:rel:0,0,1,negative,positive,,,applied,structural|AB|perform|with|passive,structural|perform,perform,AB,passive,with,clause,DEP-perform-passive,sources,targets,nsubj,nmod:with,nsubj,obl,asserted,directed,1,1,0,0,dependency
bioinfer,BioInfer.d234.s0,stanza_craft+coref_f7e0fbda_1:rel:0,0,2,negative,positive,,,applied,structural|AB|localize|_|verbal,structural|localize,localize,AB,verbal,,clause,DEP-localize,sources,targets,nsubj,dobj,nsubj,obj,asserted,directed,1,1,0,0,dependency
bioinfer,BioInfer.d237.s0,stanza_craft+coref_6c12b84c_0:rel:0,0,1,positive,positive,,,applied,structural|AA|interact|between|nominalized,structural|interact,interact,AA,nominalized,between,clause,DEP-interaction-nestedinner,participants,participants,nmod:between,conj,nmod,conj,asserted,undirected,1,1,0,1,dependency
bioinfer,BioInfer.d237.s1,stanza_craft+coref_140ca152_1:rel:0,0,1,positive,positive,,,applied,structural|AA|interact|of|nominalized,structural|interact,interact,AA,nominalized,of,event_nominal,DEP-nom-interaction-subject-undirected,participants,participants,nmod:of,nmod:of,compound,conj,asserted,undirected,1,0,0,1,dependency
bioinfer,BioInfer.d237.s2,stanza_craft+coref_898f98bd_0:rel:0,0,1,positive,positive,,,applied,structural|AA|interact|between|nominalized,structural|interact,interact,AA,nominalized,between,event_nominal,DEP-nom-interaction-undirected,participants,participants,nmod:between,nmod:between,compound,conj,asserted,undirected,1,0,0,1,dependency
bioinfer,BioInfer.d237.s3,stanza_craft+coref_e36dbd11_1:rel:0,3,4,positive,positive,,,applied,structural|AA|interact|between|nominalized,structural|interact,interact,AA,nominalized,between,event_nominal,DEP-nom-interaction-subject-undirected,participants,participants,nmod:between,nmod:between,nmod,conj,asserted,undirected,0,0,0,1,dependency
bioinfer,BioInfer.d237.s4,stanza_craft+coref_08d68a08_1:rel:0,0,1,positive,positive,,,applied,structural|AB|modulate|_|verbal,structural|modulate,modulate,AB,verbal,,clause,DEP-modulate,sources,targets,nsubj,dobj,nsubj,obj,asserted,directed,1,1,0,0,dependency
bioinfer,BioInfer.d238.s1,stanza_craft+coref_0221990e_1:rel:0,0,1,positive,negative,,,review_only,relational|RELATIONAL|is-a|_|verbal,relational|RELATIONAL|is-a|_,,RELATIONAL,verbal,,appositive,DEP-Apposition,entities_a,entities_b,nsubj,dep,nsubj,dep,asserted,relational,1,1,0,0,dependency
bioinfer,BioInfer.d238.s2,stanza_craft+coref_af770055_1:rel:0,0,1,positive,positive,,,applied,structural|AB|provide|_|verbal,structural|provide,provide,AB,verbal,,clause,DEP-provide,sources,targets,nsubj,dobj,nsubj,obj,asserted,directed,1,1,0,0,dependency
bioinfer,BioInfer.d239.s0,stanza_craft+coref_23e9a427_1:rel:0,2,4,positive,positive,,,applied,structural|AB|associate|with|nominalized,structural|associate,associate,AB,nominalized,with,clause,DEP-association-nestedinner-directed,sources,targets,nmod:of,nmod:with,nmod,nmod,asserted,directed,1,1,0,1,dependency
bioinfer,BioInfer.d239.s0,stanza_craft+coref_23e9a427_1:rel:1,2,3,positive,negative,,,not_selected,structural|AB|associate|with|nominalized,structural|associate,associate,AB,nominalized,with,clause,DEP-association-nestedinner-directed,sources,targets,nmod:of,nmod:with,nmod,nmod,asserted,directed,0,0,0,1,dependency
bioinfer,BioInfer.d239.s0,stanza_craft+coref_23e9a427_3:rel:0,5,6,positive,positive,,,applied,structural|AB|associate|to|passive,structural|associate,associate,AB,passive,to,clause,DEP-associate-passive,sources,targets,nmod,nmod:to,nmod,obl,asserted,directed,1,1,0,0,dependency
bioinfer,BioInfer.d239.s0,stanza_craft+coref_23e9a427_3:rel:1,5,7,positive,positive,,,applied,structural|AB|associate|to|passive,structural|associate,associate,AB,passive,to,clause,DEP-associate-passive,sources,targets,nmod,nmod:to,nmod,obl,asserted,directed,1,1,0,0,dependency
bioinfer,BioInfer.d239.s0,stanza_craft+coref_23e9a427_4:rel:0,3,4,positive,positive,,,applied,structural|AA|complex|_|compound_state,structural|complex,complex,AA,compound_state,,state_nominal,DEP-CollectiveSlashPair,participants,participants,orthographic_member,orthographic_member,compound,compound,asserted,undirected,1,0,0,1,dependency
bioinfer,BioInfer.d239.s0,stanza_craft+coref_23e9a427_5:rel:0,3,4,positive,positive,,,applied,structural|AA|complex|_|compound_state,structural|complex,complex,AA,compound_state,,state_nominal,DEP-Complex,participants,participants,compound,compound,compound,compound,asserted,undirected,1,1,0,1,dependency
bioinfer,BioInfer.d240.s0,stanza_craft+coref_bf4cc27e_0:rel:0,0,1,positive,positive,,,applied,structural|AB|concentrate|at|passive,structural|concentrate,concentrate,AB,passive,at,clause,DEP-concentrate-passive,sources,targets,nsubjpass,nmod:at,nsubj:pass,obl,asserted,directed,1,1,0,0,dependency
bioinfer,BioInfer.d240.s0,stanza_craft+coref_bf4cc27e_1:rel:0,0,2,positive,positive,,,applied,structural|AB|co-localize|with|verbal,structural|co-localize,co-localize,AB,verbal,with,clause,DEP-co-localize,sources,targets,nsubjpass,nmod:with,nsubj:pass,obl,asserted,directed,0,1,0,0,dependency
bioinfer,BioInfer.d240.s0,stanza_craft+coref_bf4cc27e_1:rel:1,0,3,positive,positive,,,applied,structural|AB|co-localize|with|verbal,structural|co-localize,co-localize,AB,verbal,with,clause,DEP-co-localize,sources,targets,nsubjpass,nmod:with,nsubj:pass,obl,asserted,directed,0,1,0,0,dependency
bioinfer,BioInfer.d242.s0,stanza_craft+coref_b03093c9_2:rel:0,0,1,positive,negative,,,not_applied,structural|NESTED|dependent|_|nested,structural|NESTED|dependent|_,dependent,NESTED,nested,,clause,DEP-agentive-process-bridge-dependent,sources,targets:event_ref:stanza_craft+coref_b03093c9_1,agentive_controller,nmod:of,amod,nmod,asserted,nested_review,0,0,0,0,dependency
bioinfer,BioInfer.d242.s0,stanza_craft+coref_b03093c9_3:rel:0,1,3,negative,positive,,,applied,structural|AB|activate|through|nominalized,structural|activate,activate,AB,nominalized,through,event_nominal,DEP-nom-activation,sources,targets,nmod:of,nmod:through,nmod,compound,asserted,directed,1,0,0,1,dependency
bioinfer,BioInfer.d242.s0,stanza_craft+coref_b03093c9_3:rel:1,1,5,positive,positive,,,applied,structural|AB|activate|through|nominalized,structural|activate,activate,AB,nominalized,through,event_nominal,DEP-nom-activation,sources,targets,nmod:of,nmod:through,nmod,dep,asserted,directed,0,0,0,1,dependency
bioinfer,BioInfer.d242.s0,stanza_craft+coref_b03093c9_3:rel:2,1,6,positive,positive,,,applied,structural|AB|activate|through|nominalized,structural|activate,activate,AB,nominalized,through,event_nominal,DEP-nom-activation,sources,targets,nmod:of,nmod:through,nmod,conj,asserted,directed,0,0,0,1,dependency
bioinfer,BioInfer.d242.s0,stanza_craft+coref_b03093c9_4:rel:0,1,2,negative,positive,,,review_only,relational|RELATIONAL|is-a|_|verbal,relational|RELATIONAL|is-a|_,,RELATIONAL,verbal,,appositive,DEP-ParentheticalAlias,entities_a,entities_b,nmod,dep,nmod,dep,asserted,relational,0,0,0,0,dependency
bioinfer,BioInfer.d242.s1,stanza_craft+coref_0c83d36f_0:rel:0,0,1,positive,positive,,,applied,structural|AB|domain-associate|_|verbal,structural|domain-associate,domain-associate,AB,verbal,,clause,DEP-domain-associate,sources,targets,nsubj,dobj,nsubj,obj,asserted,directed,1,1,0,0,dependency
bioinfer,BioInfer.d242.s1,stanza_craft+coref_0c83d36f_0:rel:1,0,2,positive,positive,,,applied,structural|AB|domain-associate|_|verbal,structural|domain-associate,domain-associate,AB,verbal,,clause,DEP-domain-associate,sources,targets,nsubj,dobj,nsubj,obj,asserted,directed,1,1,0,0,dependency
bioinfer,BioInfer.d242.s1,stanza_craft+coref_0c83d36f_0:rel:2,0,3,negative,positive,,,applied,structural|AB|domain-associate|_|verbal,structural|domain-associate,domain-associate,AB,verbal,,clause,DEP-domain-associate,sources,targets,nsubj,dobj,nsubj,obj,asserted,directed,1,1,0,0,dependency
bioinfer,BioInfer.d242.s1,stanza_craft+coref_0c83d36f_1:rel:0,1,3,positive,positive,,,applied,structural|AB|activate|_|nominalized,structural|activate,activate,AB,nominalized,,event_nominal,DEP-nom-activation,sources,targets,nmod:of,compound,nmod,compound,asserted,directed,1,0,0,1,dependency
bioinfer,BioInfer.d242.s1,stanza_craft+coref_0c83d36f_1:rel:1,2,3,positive,positive,,,applied,structural|AB|activate|_|nominalized,structural|activate,activate,AB,nominalized,,event_nominal,DEP-nom-activation,sources,targets,nmod:of,compound,nmod,conj,asserted,directed,1,0,0,1,dependency
bioinfer,BioInfer.d245.s0,stanza_craft+coref_8c677c07_1:rel:0,1,2,negative,negative,,,not_applied,structural|AA|interact|with|nominalized,structural|interact,interact,AA,nominalized,with,clause,DEP-interaction-nestedinner,participants,participants,nmod:with,nmod:with,nmod,conj,asserted,undirected,0,0,0,1,dependency
bioinfer,BioInfer.d245.s0,stanza_craft+coref_8c677c07_2:rel:0,0,1,positive,negative,,,not_applied,structural|NESTED|mediate|_|nested,structural|NESTED|mediate|_,mediate,NESTED,nested,,clause,DEP-mediate-nested,sources,targets:event_ref:stanza_craft+coref_8c677c07_1,dobj,nmod:with,obj,nmod,asserted,nested_review,0,1,0,0,dependency
bioinfer,BioInfer.d245.s0,stanza_craft+coref_8c677c07_2:rel:1,0,2,positive,negative,,,not_applied,structural|NESTED|mediate|_|nested,structural|NESTED|mediate|_,mediate,NESTED,nested,,clause,DEP-mediate-nested,sources,targets:event_ref:stanza_craft+coref_8c677c07_1,dobj,nmod:with,obj,conj,asserted,nested_review,0,1,0,0,dependency
bioinfer,BioInfer.d246.s0,stanza_craft+coref_01805df6_2:rel:0,0,1,positive,negative,,,review_only,relational|RELATIONAL|identity|_|verbal,relational|RELATIONAL|identity|_,,RELATIONAL,verbal,,appositive,DEP-LooseIdentityCandidate,entities_a,entities_b,nmod,appos,nmod,appos,asserted,relational,0,0,0,0,dependency
bioinfer,BioInfer.d246.s2,stanza_craft+coref_14664a97_0:rel:0,0,1,positive,positive,,,applied,structural|AB|inactivate|_|verbal,structural|inactivate,inactivate,AB,verbal,,clause,DEP-inactivate,sources,targets,nsubj,dobj,nsubj,obj,asserted,directed,0,1,0,0,dependency
bioinfer,BioInfer.d246.s2,stanza_craft+coref_14664a97_1:rel:0,0,2,positive,positive,,,applied,structural|AB|lead|to|verbal,structural|lead,lead,AB,verbal,to,clause,DEP-lead,sources,targets,nsubj,nmod:to,nsubj,obl,asserted,directed,1,1,0,0,dependency
bioinfer,BioInfer.d246.s3,stanza_craft+coref_6cae579a_0:rel:0,0,1,positive,positive,,,applied,structural|AB|dynamics|through|verbal,structural|dynamics,dynamics,AB,verbal,through,clause,DEP-dynamics,sources,targets,nsubj,nmod:through,nsubj,obl,asserted,directed,0,1,0,0,dependency
bioinfer,BioInfer.d247.s2,stanza_craft+coref_f51975b3_1:rel:0,0,1,positive,positive,,,applied,structural|AB|link|to|verbal,structural|link,link,AB,verbal,to,clause,DEP-link,sources,targets,nsubj,nmod:to,nsubj,obl,asserted,directed,1,1,0,0,dependency
bioinfer,BioInfer.d247.s3,stanza_craft+coref_7e48aef8_0:rel:0,0,1,positive,positive,,,applied,structural|AB|suppress|_|verbal,structural|suppress,suppress,AB,verbal,,clause,DEP-suppress,sources,targets,nsubj,dobj,nsubj,obj,asserted,directed,1,1,0,0,dependency
bioinfer,BioInfer.d248.s0,stanza_craft+coref_b5dca7c4_2:rel:0,1,2,positive,positive,,,applied,structural|AA|complex|_|compound_state,structural|complex,complex,AA,compound_state,,state_nominal,DEP-Complex,participants,participants,compound_state,compound_state,obl,obl,asserted,undirected,0,1,0,1,dependency
bioinfer,BioInfer.d248.s0,stanza_craft+coref_b5dca7c4_2:rel:1,1,3,positive,positive,,,applied,structural|AA|complex|_|compound_state,structural|complex,complex,AA,compound_state,,state_nominal,DEP-Complex,participants,participants,compound_state,compound_state,obl,obl,asserted,undirected,0,1,0,1,dependency
bioinfer,BioInfer.d248.s0,stanza_craft+coref_b5dca7c4_2:rel:2,1,4,positive,positive,,,applied,structural|AA|complex|_|compound_state,structural|complex,complex,AA,compound_state,,state_nominal,DEP-Complex,participants,participants,compound_state,compound_state,obl,obl,asserted,undirected,0,1,0,1,dependency
bioinfer,BioInfer.d248.s0,stanza_craft+coref_b5dca7c4_2:rel:3,2,3,positive,positive,,,applied,structural|AA|complex|_|compound_state,structural|complex,complex,AA,compound_state,,state_nominal,DEP-Complex,participants,participants,compound_state,compound_state,obl,obl,asserted,undirected,0,1,0,1,dependency
bioinfer,BioInfer.d248.s0,stanza_craft+coref_b5dca7c4_2:rel:4,2,4,positive,positive,,,applied,structural|AA|complex|_|compound_state,structural|complex,complex,AA,compound_state,,state_nominal,DEP-Complex,participants,participants,compound_state,compound_state,obl,obl,asserted,undirected,0,1,0,1,dependency
bioinfer,BioInfer.d248.s0,stanza_craft+coref_b5dca7c4_2:rel:5,3,4,positive,positive,,,applied,structural|AA|complex|_|compound_state,structural|complex,complex,AA,compound_state,,state_nominal,DEP-Complex,participants,participants,compound_state,compound_state,obl,obl,asserted,undirected,0,1,0,1,dependency
bioinfer,BioInfer.d250.s0,stanza_craft+coref_edd8b567_1:rel:0,0,1,negative,negative,,,review_only,relational|RELATIONAL|member|_|nominalized,relational|RELATIONAL|member|_,member,RELATIONAL,nominalized,,clause,DEP-CopulaIsA,entities_a,entities_b,nsubj,ccomp,nsubj,ccomp,asserted,relational,0,1,0,1,dependency
bioinfer,BioInfer.d250.s0,stanza_craft+coref_edd8b567_1:rel:1,0,2,negative,negative,,,review_only,relational|RELATIONAL|member|_|nominalized,relational|RELATIONAL|member|_,member,RELATIONAL,nominalized,,clause,DEP-CopulaIsA,entities_a,entities_b,nsubj,ccomp,nsubj,ccomp,asserted,relational,0,1,0,1,dependency
bioinfer,BioInfer.d250.s0,stanza_craft+coref_edd8b567_1:rel:2,0,3,negative,negative,,,review_only,relational|RELATIONAL|member|_|nominalized,relational|RELATIONAL|member|_,member,RELATIONAL,nominalized,,clause,DEP-CopulaIsA,entities_a,entities_b,nsubj,ccomp,nsubj,ccomp,asserted,relational,0,1,0,1,dependency
bioinfer,BioInfer.d251.s0,stanza_craft+coref_dc53b7ff_1:rel:0,0,1,negative,positive,,,applied,structural|AB|inhibit|_|verbal,structural|inhibit,inhibit,AB,verbal,,clause,DEP-inhibit,sources,targets,nmod:poss,dobj,nsubj,obj,asserted,directed,0,0,0,0,dependency
bioinfer,BioInfer.d251.s0,stanza_craft+coref_dc53b7ff_1:rel:1,0,2,negative,positive,,,applied,structural|AB|inhibit|_|verbal,structural|inhibit,inhibit,AB,verbal,,clause,DEP-inhibit,sources,targets,nmod:poss,conj,nsubj,conj,asserted,directed,0,0,0,0,dependency
bioinfer,BioInfer.d251.s0,stanza_craft+coref_dc53b7ff_1:rel:2,0,3,negative,positive,,,applied,structural|AB|inhibit|_|verbal,structural|inhibit,inhibit,AB,verbal,,clause,DEP-inhibit,sources,targets,nmod:poss,conj,nsubj,conj,asserted,directed,0,0,0,0,dependency
bioinfer,BioInfer.d252.s0,stanza_craft+coref_a50f9d59_3:rel:0,3,4,positive,positive,,,applied,structural|AA|complex|_|compound_state,structural|complex,complex,AA,compound_state,,state_nominal,DEP-Complex,participants,participants,conj,conj,conj,conj,asserted,undirected,1,1,0,1,dependency
bioinfer,BioInfer.d252.s0,stanza_craft+coref_a50f9d59_4:rel:0,6,7,positive,positive,,,applied,structural|AA|complex|_|compound_state,structural|complex,complex,AA,compound_state,,state_nominal,DEP-Complex,participants,participants,nmod,nmod,obl,obl,asserted,undirected,1,1,0,1,dependency
bioinfer,BioInfer.d253.s0,stanza_craft+coref_fd19b16c_0:rel:0,0,1,positive,positive,,,applied,structural|AB|involve|in|passive,structural|involve,involve,AB,passive,in,clause,DEP-involve-passive,sources,targets,nsubjpass,nmod:in,nsubj:pass,obl,asserted,directed,1,1,1,0,dependency
bioinfer,BioInfer.d253.s1,stanza_craft+coref_0dc0db38_4:rel:0,2,3,negative,negative,,,review_only,relational|RELATIONAL|is-a|_|verbal,relational|RELATIONAL|is-a|_,,RELATIONAL,verbal,,appositive,DEP-ParentheticalAlias,entities_a,entities_b,conj,dep,conj,dep,negated,relational,0,0,0,0,dependency
bioinfer,BioInfer.d255.s0,stanza_craft+coref_5d72a866_0:rel:0,0,1,positive,positive,,,applied,structural|AB|bind|to|verbal,structural|bind,bind,AB,verbal,to,clause,DEP-bind,sources,targets,nsubj,nmod:to,nsubj,obl,asserted,directed,0,1,0,0,dependency
bioinfer,BioInfer.d255.s0,stanza_craft+coref_5d72a866_0:rel:1,0,2,positive,positive,,,applied,structural|AB|bind|to|verbal,structural|bind,bind,AB,verbal,to,clause,DEP-bind,sources,targets,nsubj,nmod:to,nsubj,obl,asserted,directed,0,1,0,0,dependency
bioinfer,BioInfer.d257.s0,stanza_craft+coref_6200b506_1:rel:0,0,1,positive,positive,,,applied,structural|AB|compose|of|passive,structural|compose,compose,AB,passive,of,clause,DEP-compose-passive,sources,targets,dobj,nmod:of,obj,obl,asserted,directed,1,1,0,0,dependency
bioinfer,BioInfer.d257.s0,stanza_craft+coref_6200b506_1:rel:1,0,2,positive,positive,,,applied,structural|AB|compose|of|passive,structural|compose,compose,AB,passive,of,clause,DEP-compose-passive,sources,targets,dobj,nmod:of,obj,obl,asserted,directed,1,1,0,0,dependency
bioinfer,BioInfer.d257.s0,stanza_craft+coref_6200b506_1:rel:2,0,3,positive,positive,,,applied,structural|AB|compose|of|passive,structural|compose,compose,AB,passive,of,clause,DEP-compose-passive,sources,targets,dobj,nmod:of,obj,obl,asserted,directed,1,1,0,0,dependency
bioinfer,BioInfer.d257.s0,stanza_craft+coref_6200b506_2:rel:0,1,2,positive,positive,,,applied,structural|AA|complex|_|compound_state,structural|complex,complex,AA,compound_state,,state_nominal,DEP-Complex,participants,participants,acl:relcl,acl:relcl,acl:relcl,acl:relcl,asserted,undirected,1,1,0,1,dependency
bioinfer,BioInfer.d257.s0,stanza_craft+coref_6200b506_2:rel:1,1,3,positive,positive,,,applied,structural|AA|complex|_|compound_state,structural|complex,complex,AA,compound_state,,state_nominal,DEP-Complex,participants,participants,acl:relcl,acl:relcl,acl:relcl,acl:relcl,asserted,undirected,1,1,0,1,dependency
bioinfer,BioInfer.d257.s0,stanza_craft+coref_6200b506_2:rel:2,2,3,positive,positive,,,applied,structural|AA|complex|_|compound_state,structural|complex,complex,AA,compound_state,,state_nominal,DEP-Complex,participants,participants,acl:relcl,acl:relcl,acl:relcl,acl:relcl,asserted,undirected,0,1,0,1,dependency
bioinfer,BioInfer.d258.s1,stanza_craft+coref_0b327691_0:rel:0,0,1,positive,positive,,,applied,structural|AB|interact|with|nominalized,structural|interact,interact,AB,nominalized,with,clause,DEP-interaction-nestedinner-directed,sources,targets,nmod:of,nmod:with,nmod,nmod,asserted,directed,1,1,0,1,dependency
bioinfer,BioInfer.d258.s1,stanza_craft+coref_0b327691_0:rel:1,0,2,positive,positive,,,applied,structural|AB|interact|with|nominalized,structural|interact,interact,AB,nominalized,with,clause,DEP-interaction-nestedinner-directed,sources,targets,nmod:of,nmod:with,nmod,nmod,asserted,directed,1,1,0,1,dependency
bioinfer,BioInfer.d259.s0,stanza_craft+coref_0fa55d1a_1:rel:0,0,1,positive,positive,,,applied,structural|AB|consist|of|verbal,structural|consist,consist,AB,verbal,of,clause,DEP-consist,sources,targets,dobj,nmod:of,obj,obl,asserted,directed,1,1,0,0,dependency
bioinfer,BioInfer.d259.s0,stanza_craft+coref_0fa55d1a_1:rel:1,0,2,positive,positive,,,applied,structural|AB|consist|of|verbal,structural|consist,consist,AB,verbal,of,clause,DEP-consist,sources,targets,dobj,nmod:of,obj,obl,asserted,directed,0,1,0,0,dependency
bioinfer,BioInfer.d259.s0,stanza_craft+coref_0fa55d1a_1:rel:2,0,3,positive,positive,,,applied,structural|AB|consist|of|verbal,structural|consist,consist,AB,verbal,of,clause,DEP-consist,sources,targets,dobj,nmod:of,obj,obl,asserted,directed,0,1,0,0,dependency
bioinfer,BioInfer.d261.s0,stanza_craft+coref_0dee8280_1:rel:0,0,1,positive,positive,,,applied,structural|AB|compose|of|passive,structural|compose,compose,AB,passive,of,clause,DEP-compose-passive,sources,targets,dobj,nmod:of,obj,obl,asserted,directed,0,1,0,0,dependency
bioinfer,BioInfer.d261.s0,stanza_craft+coref_0dee8280_1:rel:1,0,2,positive,positive,,,applied,structural|AB|compose|of|passive,structural|compose,compose,AB,passive,of,clause,DEP-compose-passive,sources,targets,dobj,nmod:of,obj,obl,asserted,directed,0,1,0,0,dependency
bioinfer,BioInfer.d261.s0,stanza_craft+coref_0dee8280_1:rel:2,0,3,positive,positive,,,applied,structural|AB|compose|of|passive,structural|compose,compose,AB,passive,of,clause,DEP-compose-passive,sources,targets,dobj,nmod:of,obj,obl,asserted,directed,0,1,0,0,dependency
bioinfer,BioInfer.d262.s0,stanza_craft+coref_92971071_0:rel:0,1,2,negative,positive,,,applied,structural|AB|reduce|_|verbal,structural|reduce,reduce,AB,verbal,,clause,DEP-reduce,sources,targets,nsubj,dobj,nsubj,obj,asserted,directed,1,1,0,0,dependency
bioinfer,BioInfer.d262.s0,stanza_craft+coref_92971071_1:rel:0,2,3,positive,positive,,,applied,structural|AB|complex|with|passive,structural|complex,complex,AB,passive,with,clause,DEP-complex-passive,sources,targets,nmod,nmod:with,nmod,obl,asserted,directed,0,0,0,0,dependency
bioinfer,BioInfer.d263.s1,stanza_craft+coref_1a279c03_0:rel:0,0,2,positive,positive,,,applied,structural|AB|encode|_|verbal,structural|encode,encode,AB,verbal,,clause,DEP-encode,sources,targets,nmod,dobj,nmod,obj,asserted,directed,1,1,0,0,dependency
bioinfer,BioInfer.d263.s1,stanza_craft+coref_1a279c03_0:rel:1,1,2,positive,positive,,,applied,structural|AB|encode|_|verbal,structural|encode,encode,AB,verbal,,clause,DEP-encode,sources,targets,nmod,dobj,nmod,obj,asserted,directed,0,1,0,0,dependency
bioinfer,BioInfer.d263.s1,stanza_craft+coref_1a279c03_3:rel:0,0,1,negative,negative,,,review_only,relational|RELATIONAL|is-a|_|verbal,relational|RELATIONAL|is-a|_,,RELATIONAL,verbal,,appositive,DEP-Apposition,entities_a,entities_b,nmod,appos,nmod,appos,asserted,relational,1,1,0,0,dependency
bioinfer,BioInfer.d263.s2,stanza_craft+coref_2b01091c_0:rel:0,0,1,positive,positive,,,applied,structural|AB|compensate|for|verbal,structural|compensate,compensate,AB,verbal,for,clause,DEP-compensate,sources,targets,nsubj,nmod:for,nsubj,obl,asserted,directed,1,1,0,0,dependency
bioinfer,BioInfer.d265.s0,stanza_craft+coref_0b1c09ec_0:rel:0,0,1,positive,positive,,,applied,structural|AB|control|_|verbal,structural|control,control,AB,verbal,,clause,DEP-control,sources,targets,nsubj,dobj,nsubj,obj,asserted,directed,1,1,0,0,dependency
bioinfer,BioInfer.d265.s1,stanza_craft+coref_36a376c8_0:rel:0,0,1,negative,positive,,,applied,structural|AB|play|in|verbal,structural|play,play,AB,verbal,in,clause,DEP-play,sources,targets,nsubjpass,nmod:in,nsubj:pass,obl,asserted,directed,1,1,0,0,dependency
bioinfer,BioInfer.d265.s2,stanza_craft+coref_0e338c83_2:rel:0,0,2,positive,positive,,,applied,structural|AB|control|_|passive,structural|control,control,AB,passive,,clause,DEP-control-passive,sources,targets,nmod,nsubjpass,obl,nsubj:pass,asserted,directed,0,1,0,0,dependency
bioinfer,BioInfer.d265.s2,stanza_craft+coref_0e338c83_2:rel:1,1,2,positive,positive,,,applied,structural|AB|control|_|passive,structural|control,control,AB,passive,,clause,DEP-control-passive,sources,targets,nmod,conj,obl,conj,asserted,directed,1,1,0,0,dependency
bioinfer,BioInfer.d266.s0,stanza_craft+coref_32761020_0:rel:0,0,1,positive,negative,,,not_applied,structural|AB|induce|_|verbal,structural|induce,induce,AB,verbal,,clause,DEP-induce,sources,targets,nsubj,dobj,nsubj,obj,negated,directed,1,1,0,0,dependency
bioinfer,BioInfer.d266.s0,stanza_craft+coref_32761020_1:rel:0,2,4,positive,positive,,,applied,structural|AB|allow|_|verbal,structural|allow,allow,AB,verbal,,clause,DEP-allow,sources,targets,nsubj,dobj,nsubj,obj,asserted,directed,1,1,0,0,dependency
bioinfer,BioInfer.d266.s0,stanza_craft+coref_32761020_1:rel:1,3,4,positive,positive,,,applied,structural|AB|allow|_|verbal,structural|allow,allow,AB,verbal,,clause,DEP-allow,sources,targets,nsubj,dobj,nsubj,obj,asserted,directed,1,1,0,0,dependency
bioinfer,BioInfer.d266.s0,stanza_craft+coref_32761020_2:rel:0,2,3,positive,positive,,,applied,structural|AB|coexpression|with|nominalized,structural|coexpression,coexpression,AB,nominalized,with,event_nominal,DEP-nom-coexpression-subject,sources,targets,nmod:of,nmod:with,nmod,nmod,asserted,directed,0,0,0,1,dependency
bioinfer,BioInfer.d266.s0,stanza_craft+coref_32761020_3:rel:0,5,7,positive,negative,,,review_only,relational|RELATIONAL|is-a|_|verbal,relational|RELATIONAL|is-a|_,,RELATIONAL,verbal,,appositive,DEP-ParentheticalAlias,entities_a,entities_b,nmod,dep,nmod,dep,asserted,relational,1,1,0,0,dependency
bioinfer,BioInfer.d266.s0,stanza_craft+coref_32761020_3:rel:1,6,7,negative,negative,,,review_only,relational|RELATIONAL|is-a|_|verbal,relational|RELATIONAL|is-a|_,,RELATIONAL,verbal,,appositive,DEP-ParentheticalAlias,entities_a,entities_b,nmod,dep,nmod,dep,asserted,relational,0,0,0,0,dependency
bioinfer,BioInfer.d267.s0,stanza_craft+coref_53dc3cac_2:rel:0,1,2,negative,negative,,,review_only,relational|RELATIONAL|is-a|_|verbal,relational|RELATIONAL|is-a|_,,RELATIONAL,verbal,,appositive,DEP-ParentheticalAlias,entities_a,entities_b,conj,conj,conj,conj,asserted,relational,0,0,0,0,dependency
bioinfer,BioInfer.d267.s1,stanza_craft+coref_f0e50797_1:rel:0,0,2,negative,positive,,,applied,structural|AB|function|in|verbal,structural|function,function,AB,verbal,in,clause,DEP-function,sources,targets,dobj,nmod:in,obj,conj,asserted,directed,1,1,0,0,dependency
bioinfer,BioInfer.d267.s1,stanza_craft+coref_f0e50797_1:rel:1,0,3,negative,positive,,,applied,structural|AB|function|in|verbal,structural|function,function,AB,verbal,in,clause,DEP-function,sources,targets,dobj,nmod:in,obj,conj,asserted,directed,0,1,0,0,dependency
bioinfer,BioInfer.d267.s1,stanza_craft+coref_f0e50797_1:rel:2,1,2,negative,positive,,,applied,structural|AB|function|in|verbal,structural|function,function,AB,verbal,in,clause,DEP-function,sources,targets,conj,nmod:in,conj,conj,asserted,directed,1,1,0,0,dependency
bioinfer,BioInfer.d267.s1,stanza_craft+coref_f0e50797_1:rel:3,1,3,negative,positive,,,applied,structural|AB|function|in|verbal,structural|function,function,AB,verbal,in,clause,DEP-function,sources,targets,conj,nmod:in,conj,conj,asserted,directed,0,1,0,0,dependency
bioinfer,BioInfer.d268.s1,stanza_craft+coref_ea1ef62b_1:rel:0,0,1,positive,positive,,,applied,structural|AB|bind|_|verbal,structural|bind,bind,AB,verbal,,clause,DEP-bind,sources,targets,nsubj,dobj,nsubj,obj,asserted,directed,0,0,0,0,dependency
bioinfer,BioInfer.d27.s1,stanza_craft+coref_2aa809ea_0:rel:0,0,1,positive,positive,,,applied,structural|AB|induce|_|passive,structural|induce,induce,AB,passive,,clause,DEP-induce-passive,sources,targets,nmod,nsubj,obl,nsubj,asserted,directed,0,1,0,0,dependency
bioinfer,BioInfer.d271.s0,stanza_craft+coref_ef8209f0_1:rel:0,0,2,positive,negative,,,review_only,relational|RELATIONAL|is-a|_|verbal,relational|RELATIONAL|is-a|_,,RELATIONAL,verbal,,appositive,DEP-ParentheticalAlias,entities_a,entities_b,nmod,dep,nmod,dep,asserted,relational,1,1,0,0,dependency
bioinfer,BioInfer.d271.s0,stanza_craft+coref_ef8209f0_1:rel:1,1,2,negative,negative,,,review_only,relational|RELATIONAL|is-a|_|verbal,relational|RELATIONAL|is-a|_,,RELATIONAL,verbal,,appositive,DEP-ParentheticalAlias,entities_a,entities_b,nmod,dep,nmod,dep,asserted,relational,0,0,0,0,dependency
bioinfer,BioInfer.d272.s1,stanza_craft+coref_176879fb_2:rel:0,0,1,positive,negative,,,not_selected,structural|AB|occur|in|verbal,structural|occur,occur,AB,verbal,in,clause,DEP-occur,sources,targets,nsubj,nmod:in,nsubj,obl,asserted,directed,1,1,0,0,dependency
bioinfer,BioInfer.d272.s1,stanza_craft+coref_176879fb_2:rel:1,0,2,negative,positive,,,applied,structural|AB|occur|unlike|verbal,structural|occur,occur,AB,verbal,unlike,clause,DEP-occur,sources,targets,nsubj,nmod:unlike,nsubj,obl,asserted,directed,1,1,0,0,dependency
bioinfer,BioInfer.d272.s1,stanza_craft+coref_176879fb_2:rel:2,0,3,negative,positive,,,applied,structural|AB|occur|unlike|verbal,structural|occur,occur,AB,verbal,unlike,clause,DEP-occur,sources,targets,nsubj,nmod:unlike,nsubj,obl,asserted,directed,1,1,0,0,dependency
bioinfer,BioInfer.d274.s1,stanza_craft+coref_29064aae_0:rel:0,0,1,positive,positive,,,applied,structural|AB|identify|to|nominalized,structural|identify,identify,AB,nominalized,to,event_nominal,DEP-nom-identification,sources,targets,nmod:of,nmod:to,compound,nmod,asserted,directed,1,0,0,1,dependency
bioinfer,BioInfer.d274.s1,stanza_craft+coref_29064aae_0:rel:1,0,2,positive,positive,,,applied,structural|AB|identify|to|nominalized,structural|identify,identify,AB,nominalized,to,event_nominal,DEP-nom-identification,sources,targets,nmod:of,nmod:to,compound,conj,asserted,directed,1,0,0,1,dependency
bioinfer,BioInfer.d274.s1,stanza_craft+coref_29064aae_0:rel:2,0,3,positive,positive,,,applied,structural|AB|identify|to|nominalized,structural|identify,identify,AB,nominalized,to,event_nominal,DEP-nom-identification,sources,targets,nmod:of,nmod:to,compound,conj,asserted,directed,1,0,0,1,dependency
bioinfer,BioInfer.d276.s0,stanza_craft+coref_8ab80e17_0:rel:0,0,1,positive,positive,,,applied,structural|AB|bind|to|verbal,structural|bind,bind,AB,verbal,to,clause,DEP-bind,sources,targets,nsubjpass,nmod:to,nsubj:pass,obl,asserted,directed,0,1,0,0,dependency
bioinfer,BioInfer.d276.s0,stanza_craft+coref_8ab80e17_2:rel:0,0,2,negative,positive,,,applied,structural|AB|make|_|verbal,structural|make,make,AB,verbal,,clause,DEP-make,sources,targets,nsubjpass,dobj,nsubj:pass,obj,asserted,directed,1,1,0,0,dependency
bioinfer,BioInfer.d278.s0,stanza_craft+coref_343c5fff_1:rel:0,1,2,positive,positive,,,applied,structural|AB|correlate|with|verbal,structural|correlate,correlate,AB,verbal,with,clause,DEP-correlate,sources,targets,nsubj,nmod:with,nsubj,obl,asserted,directed,1,1,0,0,dependency
bioinfer,BioInfer.d278.s1,stanza_craft+coref_589c9654_3:rel:0,0,3,positive,positive,,,applied,structural|AB|dephosphorylate|of|nominalized,structural|dephosphorylate,dephosphorylate,AB,nominalized,of,event_nominal,DEP-nom-dephosphorylation-subject,sources,targets,nmod:by,nmod:of,nmod,nmod,asserted,directed,0,0,0,1,dependency
bioinfer,BioInfer.d278.s1,stanza_craft+coref_589c9654_3:rel:1,1,3,positive,positive,,,applied,structural|AB|dephosphorylate|of|nominalized,structural|dephosphorylate,dephosphorylate,AB,nominalized,of,event_nominal,DEP-nom-dephosphorylation-subject,sources,targets,nmod:by,nmod:of,nmod,conj,asserted,directed,1,1,0,1,dependency
bioinfer,BioInfer.d278.s1,stanza_craft+coref_589c9654_3:rel:2,2,3,positive,positive,,,applied,structural|AB|dephosphorylate|of|nominalized,structural|dephosphorylate,dephosphorylate,AB,nominalized,of,event_nominal,DEP-nom-dephosphorylation-subject,sources,targets,nmod:by,nmod:of,nmod,conj,asserted,directed,0,0,0,1,dependency
bioinfer,BioInfer.d279.s1,stanza_craft+coref_3f9e3a4c_0:rel:0,0,2,positive,positive,,,applied,structural|AB|translocate|with|verbal,structural|translocate,translocate,AB,verbal,with,clause,DEP-translocate,sources,targets,nsubj,nmod:with,nsubj,obl,asserted,directed,0,0,0,0,dependency
bioinfer,BioInfer.d279.s1,stanza_craft+coref_3f9e3a4c_0:rel:1,1,2,positive,positive,,,applied,structural|AB|translocate|with|verbal,structural|translocate,translocate,AB,verbal,with,clause,DEP-translocate,sources,targets,conj,nmod:with,conj,obl,asserted,directed,0,0,0,0,dependency
bioinfer,BioInfer.d279.s2,stanza_craft+coref_dcad4d3e_0:rel:0,0,1,positive,positive,,,applied,structural|AB|induce|_|passive,structural|induce,induce,AB,passive,,clause,DEP-induce-passive,sources,targets,nmod,nmod,obl,nmod,asserted,directed,1,1,0,0,dependency
bioinfer,BioInfer.d281.s0,stanza_craft+coref_bd226a9f_0:rel:0,0,1,positive,positive,,,applied,structural|AB|link|_|verbal,structural|link,link,AB,verbal,,clause,DEP-link,sources,targets,nsubj,dobj,nsubj,obj,asserted,directed,1,1,0,0,dependency
bioinfer,BioInfer.d282.s0,stanza_craft+coref_26b545e6_1:rel:0,0,1,positive,negative,,,review_only,relational|RELATIONAL|identity|_|verbal,relational|RELATIONAL|identity|_,,RELATIONAL,verbal,,appositive,DEP-LooseIdentityCandidate,entities_a,entities_b,nsubj,obl:npmod,nsubj,obl:npmod,asserted,relational,0,0,0,0,dependency
bioinfer,BioInfer.d282.s0,stanza_craft+coref_26b545e6_1:rel:1,1,2,negative,negative,,,review_only,relational|RELATIONAL|identity|_|verbal,relational|RELATIONAL|identity|_,,RELATIONAL,verbal,,appositive,DEP-LooseIdentityCandidate,entities_a,entities_b,nsubj,obl:npmod,nsubj,obl:npmod,asserted,relational,0,0,0,0,dependency
bioinfer,BioInfer.d283.s0,stanza_craft+coref_b8695b78_1:rel:0,0,1,positive,negative,,,review_only,relational|RELATIONAL|identity|_|verbal,relational|RELATIONAL|identity|_,,RELATIONAL,verbal,,appositive,DEP-LooseIdentityCandidate,entities_a,entities_b,dobj,compound,obj,compound,asserted,relational,1,0,0,0,dependency
bioinfer,BioInfer.d284.s0,stanza_craft+coref_9bc13781_2:rel:0,3,4,negative,negative,,,review_only,relational|RELATIONAL|is-a|_|verbal,relational|RELATIONAL|is-a|_,,RELATIONAL,verbal,,appositive,DEP-ParentheticalAlias,entities_a,entities_b,conj,conj,conj,conj,asserted,relational,0,0,0,0,dependency
bioinfer,BioInfer.d285.s0,stanza_craft+coref_fa1fa958_0:rel:0,0,1,positive,positive,,,applied,structural|AA|cosediment|_|verbal,structural|cosediment,cosediment,AA,verbal,,clause,DEP-cosediment-undirected,participants,participants,nsubj,conj,nsubj,conj,asserted,undirected,0,0,0,0,dependency
bioinfer,BioInfer.d285.s0,stanza_craft+coref_fa1fa958_0:rel:1,0,2,positive,positive,,,applied,structural|AA|cosediment|_|verbal,structural|cosediment,cosediment,AA,verbal,,clause,DEP-cosediment-undirected,participants,participants,nsubj,conj,nsubj,conj,asserted,undirected,0,0,0,0,dependency
bioinfer,BioInfer.d285.s0,stanza_craft+coref_fa1fa958_0:rel:2,1,2,positive,positive,,,applied,structural|AA|cosediment|_|verbal,structural|cosediment,cosediment,AA,verbal,,clause,DEP-cosediment-undirected,participants,participants,conj,conj,conj,conj,asserted,undirected,0,0,0,0,dependency
bioinfer,BioInfer.d286.s0,stanza_craft+coref_2e304ebe_1:rel:0,2,3,negative,negative,,,review_only,relational|RELATIONAL|is-a|_|verbal,relational|RELATIONAL|is-a|_,,RELATIONAL,verbal,,appositive,DEP-ParentheticalAlias,entities_a,entities_b,conj,conj,conj,conj,asserted,relational,0,0,0,0,dependency
bioinfer,BioInfer.d288.s0,stanza_craft+coref_73ac6a62_0:rel:0,1,2,positive,positive,,,applied,structural|AB|associate|with|passive,structural|associate,associate,AB,passive,with,clause,DEP-associate-passive,sources,targets,nsubjpass,nmod:with,nsubj:pass,obl,asserted,directed,1,1,0,0,dependency
bioinfer,BioInfer.d288.s2,stanza_craft+coref_e9cfc023_1:rel:0,0,1,positive,positive,,,applied,structural|AB|bind|to|verbal,structural|bind,bind,AB,verbal,to,clause,DEP-bind,sources,targets,nmod:poss,nmod:to,nmod,obl,asserted,directed,1,1,0,0,dependency
bioinfer,BioInfer.d288.s3,stanza_craft+coref_df5b250a_1:rel:0,0,1,positive,negative,,,review_only,relational|RELATIONAL|is-a|_|verbal,relational|RELATIONAL|is-a|_,,RELATIONAL,verbal,,appositive,DEP-Apposition,entities_a,entities_b,nmod,dep,nmod,dep,asserted,relational,0,0,0,0,dependency
bioinfer,BioInfer.d290.s0,stanza_craft+coref_6ee95649_1:rel:0,1,2,negative,positive,,,applied,structural|AB|label|with|verbal,structural|label,label,AB,verbal,with,clause,DEP-label,sources,targets,nsubj,nmod:with,nsubj,obl,asserted,directed,0,0,0,0,dependency
bioinfer,BioInfer.d294.s0,stanza_craft+coref_efedbf24_1:rel:0,7,10,negative,negative,,,review_only,relational|RELATIONAL|is-a|_|verbal,relational|RELATIONAL|is-a|_,,RELATIONAL,verbal,,appositive,DEP-Apposition,entities_a,entities_b,conj,appos,conj,appos,asserted,relational,1,1,0,0,dependency
bioinfer,BioInfer.d294.s0,stanza_craft+coref_efedbf24_1:rel:1,9,10,negative,negative,,,review_only,relational|RELATIONAL|is-a|_|verbal,relational|RELATIONAL|is-a|_,,RELATIONAL,verbal,,appositive,DEP-Apposition,entities_a,entities_b,conj,appos,conj,appos,asserted,relational,1,1,0,0,dependency
bioinfer,BioInfer.d294.s0,stanza_craft+coref_efedbf24_2:rel:0,7,8,negative,negative,,,review_only,relational|RELATIONAL|is-a|_|verbal,relational|RELATIONAL|is-a|_,,RELATIONAL,verbal,,appositive,DEP-ParentheticalAlias,entities_a,entities_b,compound,dep,compound,dep,asserted,relational,1,0,0,0,dependency
bioinfer,BioInfer.d296.s0,stanza_craft+coref_32159e11_2:rel:0,0,1,negative,negative,,,review_only,relational|RELATIONAL|is-a|_|verbal,relational|RELATIONAL|is-a|_,,RELATIONAL,verbal,,appositive,DEP-ParentheticalAlias,entities_a,entities_b,nmod,dep,nmod,dep,asserted,relational,0,0,0,0,dependency
bioinfer,BioInfer.d296.s3,stanza_craft+coref_e7adb986_0:rel:0,0,6,negative,positive,,,applied,structural|AB|correlate|except for|verbal,structural|correlate,correlate,AB,verbal,except for,clause,DEP-correlate,sources,targets,nsubj,nmod:except for,nsubj,obl,asserted,directed,1,1,0,0,dependency
bioinfer,BioInfer.d296.s3,stanza_craft+coref_e7adb986_0:rel:1,1,6,negative,positive,,,applied,structural|AB|correlate|except for|verbal,structural|correlate,correlate,AB,verbal,except for,clause,DEP-correlate,sources,targets,nsubj,nmod:except for,nsubj,obl,asserted,directed,0,1,0,0,dependency
bioinfer,BioInfer.d296.s3,stanza_craft+coref_e7adb986_0:rel:2,2,6,negative,positive,,,applied,structural|AB|correlate|except for|verbal,structural|correlate,correlate,AB,verbal,except for,clause,DEP-correlate,sources,targets,nsubj,nmod:except for,nsubj,obl,asserted,directed,0,1,0,0,dependency
bioinfer,BioInfer.d299.s0,stanza_craft+coref_aeeb38e2_2:rel:0,0,1,positive,positive,,,applied,structural|AA|complex|_|compound_state,structural|complex,complex,AA,compound_state,,state_nominal,DEP-Complex,participants,participants,compound,compound,compound,compound,asserted,undirected,1,1,0,1,dependency
bioinfer,BioInfer.d3.s1,stanza_craft+coref_c2bc9aa2_0:rel:0,0,1,positive,positive,,,applied,structural|AB|have|_|verbal,structural|have,have,AB,verbal,,clause,DEP-have,sources,targets,nsubj,conj,nsubj,conj,asserted,directed,0,1,0,0,dependency
bioinfer,BioInfer.d3.s1,stanza_craft+coref_c2bc9aa2_0:rel:1,0,2,positive,positive,,,applied,structural|AB|have|_|verbal,structural|have,have,AB,verbal,,clause,DEP-have,sources,targets,nsubj,conj,nsubj,conj,asserted,directed,0,1,0,0,dependency
bioinfer,BioInfer.d3.s1,stanza_craft+coref_c2bc9aa2_0:rel:2,0,3,positive,positive,,,applied,structural|AB|have|_|verbal,structural|have,have,AB,verbal,,clause,DEP-have,sources,targets,nsubj,conj,nsubj,conj,asserted,directed,0,1,0,0,dependency
bioinfer,BioInfer.d30.s0,stanza_craft+coref_27603bda_0:rel:0,0,1,negative,positive,,,applied,structural|AB|recover|after|passive,structural|recover,recover,AB,passive,after,clause,DEP-recover-passive,sources,targets,nsubjpass,nmod:after,nsubj:pass,obl,asserted,directed,0,1,0,0,dependency
bioinfer,BioInfer.d30.s0,stanza_craft+coref_27603bda_0:rel:1,1,3,negative,positive,,,applied,structural|AB|recover|from|passive,structural|recover,recover,AB,passive,from,clause,DEP-recover-passive,sources,targets,nsubjpass,nmod:from,nsubj:pass,obl,asserted,directed,1,1,0,0,dependency
bioinfer,BioInfer.d30.s0,stanza_craft+coref_27603bda_0:rel:2,0,2,negative,positive,,,applied,structural|AB|recover|after|passive,structural|recover,recover,AB,passive,after,clause,DEP-recover-passive,sources,targets,conj,nmod:after,conj,obl,asserted,directed,0,1,0,0,dependency
bioinfer,BioInfer.d30.s0,stanza_craft+coref_27603bda_0:rel:3,2,3,negative,positive,,,applied,structural|AB|recover|from|passive,structural|recover,recover,AB,passive,from,clause,DEP-recover-passive,sources,targets,conj,nmod:from,conj,obl,asserted,directed,1,1,0,0,dependency
bioinfer,BioInfer.d304.s0,stanza_craft+coref_0c206c35_0:rel:0,0,2,positive,positive,,,applied,structural|AB|impact|on|nominalized,structural|impact,impact,AB,nominalized,on,event_nominal,DEP-nom-impact,sources,targets,nmod:of,nmod:on,nmod,compound,asserted,directed,1,0,0,1,dependency
bioinfer,BioInfer.d305.s0,stanza_craft+coref_a7eb1b75_0:rel:0,0,1,positive,positive,,,applied,structural|AB|inhibit|_|verbal,structural|inhibit,inhibit,AB,verbal,,clause,DEP-inhibit,sources,targets,nsubj,dobj,nsubj,obj,asserted,directed,1,1,0,0,dependency
bioinfer,BioInfer.d306.s0,stanza_craft+coref_2eaa0317_0:rel:0,0,1,positive,positive,,,applied,structural|AB|bind|to|verbal,structural|bind,bind,AB,verbal,to,clause,DEP-bind,sources,targets,nsubj,nmod:to,nsubj,obl,asserted,directed,0,0,0,0,dependency
bioinfer,BioInfer.d306.s0,stanza_craft+coref_2eaa0317_0:rel:1,0,2,positive,positive,,,applied,structural|AB|bind|to|verbal,structural|bind,bind,AB,verbal,to,clause,DEP-bind,sources,targets,nsubj,nmod:to,nsubj,conj,asserted,directed,0,0,0,0,dependency
bioinfer,BioInfer.d307.s0,stanza_craft+coref_731ba0bc_0:rel:0,0,1,positive,positive,,,applied,structural|AB|regulate|_|passive,structural|regulate,regulate,AB,passive,,clause,DEP-regulate-passive,sources,targets,nmod,nsubjpass,obl,nsubj:pass,asserted,directed,1,1,0,0,dependency
bioinfer,BioInfer.d307.s0,stanza_craft+coref_731ba0bc_0:rel:1,0,3,positive,positive,,,applied,structural|AB|regulate|_|passive,structural|regulate,regulate,AB,passive,,clause,DEP-regulate-passive,sources,targets,conj,nsubjpass,conj,nsubj:pass,asserted,directed,1,1,0,0,dependency
bioinfer,BioInfer.d307.s0,stanza_craft+coref_731ba0bc_1:rel:0,1,2,positive,positive,,,applied,structural|AB|bind|to|verbal,structural|bind,bind,AB,verbal,to,clause,DEP-bind,sources,targets,nmod,nmod:to,obl,obl,asserted,directed,1,1,0,0,dependency
bioinfer,BioInfer.d307.s0,stanza_craft+coref_731ba0bc_1:rel:1,2,3,negative,positive,,,applied,structural|AB|bind|to|verbal,structural|bind,bind,AB,verbal,to,clause,DEP-bind,sources,targets,conj,nmod:to,conj,obl,asserted,directed,1,1,0,0,dependency
bioinfer,BioInfer.d309.s0,stanza_craft+coref_8caee4fe_0:rel:0,0,1,negative,positive,,,applied,structural|AB|occur|through|verbal,structural|occur,occur,AB,verbal,through,clause,DEP-occur,sources,targets,nsubj,nmod:through,nsubj,obl,asserted,directed,1,1,0,0,dependency
bioinfer,BioInfer.d309.s0,stanza_craft+coref_8caee4fe_0:rel:1,0,2,positive,positive,,,applied,structural|AB|occur|through|verbal,structural|occur,occur,AB,verbal,through,clause,DEP-occur,sources,targets,nsubj,nmod:through,nsubj,obl,asserted,directed,1,1,0,0,dependency
bioinfer,BioInfer.d309.s0,stanza_craft+coref_8caee4fe_0:rel:2,0,3,positive,positive,,,applied,structural|AB|occur|through|verbal,structural|occur,occur,AB,verbal,through,clause,DEP-occur,sources,targets,nsubj,nmod:through,nsubj,obl,asserted,directed,1,1,0,0,dependency
bioinfer,BioInfer.d309.s0,stanza_craft+coref_8caee4fe_0:rel:3,0,4,positive,positive,,,applied,structural|AB|occur|through|verbal,structural|occur,occur,AB,verbal,through,clause,DEP-occur,sources,targets,nsubj,nmod:through,nsubj,obl,asserted,directed,1,1,0,0,dependency
bioinfer,BioInfer.d309.s0,stanza_craft+coref_8caee4fe_1:rel:0,1,3,positive,negative,,,review_only,relational|RELATIONAL|is-a|_|verbal,relational|RELATIONAL|is-a|_,,RELATIONAL,verbal,,appositive,DEP-ParentheticalAlias,entities_a,entities_b,nmod,dep,nmod,dep,asserted,relational,1,1,0,0,dependency
bioinfer,BioInfer.d309.s0,stanza_craft+coref_8caee4fe_1:rel:1,2,3,negative,negative,,,review_only,relational|RELATIONAL|is-a|_|verbal,relational|RELATIONAL|is-a|_,,RELATIONAL,verbal,,appositive,DEP-ParentheticalAlias,entities_a,entities_b,nmod,dep,nmod,dep,asserted,relational,0,0,0,0,dependency
bioinfer,BioInfer.d310.s0,stanza_craft+coref_d4519c4b_0:rel:0,0,1,positive,positive,,,applied,structural|AB|implicate|_|verbal,structural|implicate,implicate,AB,verbal,,clause,DEP-implicate,sources,targets,nsubj,dobj,nsubj,obj,asserted,directed,1,1,0,0,dependency
bioinfer,BioInfer.d312.s0,stanza_craft+coref_e6fa208a_0:rel:0,1,2,positive,positive,,,applied,structural|AB|lead|to|verbal,structural|lead,lead,AB,verbal,to,clause,DEP-lead,sources,targets,nsubj,nmod:to,nsubj,obl,asserted,directed,1,1,0,0,dependency
bioinfer,BioInfer.d312.s0,stanza_craft+coref_e6fa208a_0:rel:1,1,3,positive,positive,,,applied,structural|AB|lead|to|verbal,structural|lead,lead,AB,verbal,to,clause,DEP-lead,sources,targets,nsubj,nmod:to,nsubj,conj,asserted,directed,1,1,0,0,dependency
bioinfer,BioInfer.d313.s0,stanza_craft+coref_3627e4d4_2:rel:0,0,2,negative,positive,,,applied,structural|AB|interact|with|nominalized,structural|interact,interact,AB,nominalized,with,clause,DEP-interaction-nestedinner-controlled,sources,targets,nsubj,nmod:with,nsubj,nmod,asserted,directed,1,1,0,1,dependency
bioinfer,BioInfer.d313.s0,stanza_craft+coref_3627e4d4_2:rel:1,0,3,positive,positive,,,applied,structural|AB|interact|with|nominalized,structural|interact,interact,AB,nominalized,with,clause,DEP-interaction-nestedinner-controlled,sources,targets,nsubj,nmod:with,nsubj,nmod,asserted,directed,1,1,0,1,dependency
bioinfer,BioInfer.d313.s0,stanza_craft+coref_3627e4d4_2:rel:2,1,2,negative,positive,,,applied,structural|AB|interact|with|nominalized,structural|interact,interact,AB,nominalized,with,clause,DEP-interaction-nestedinner-controlled,sources,targets,nsubj,nmod:with,nsubj,nmod,asserted,directed,1,1,0,1,dependency
bioinfer,BioInfer.d313.s0,stanza_craft+coref_3627e4d4_2:rel:3,1,3,positive,positive,,,applied,structural|AB|interact|with|nominalized,structural|interact,interact,AB,nominalized,with,clause,DEP-interaction-nestedinner-controlled,sources,targets,nsubj,nmod:with,nsubj,nmod,asserted,directed,1,1,0,1,dependency
bioinfer,BioInfer.d313.s0,stanza_craft+coref_3627e4d4_2:rel:4,0,4,negative,positive,,,applied,structural|AB|interact|with|nominalized,structural|interact,interact,AB,nominalized,with,clause,DEP-interaction-nestedinner-controlled,sources,targets,nsubj,nmod:with,nsubj,conj,asserted,directed,1,1,0,1,dependency
bioinfer,BioInfer.d313.s0,stanza_craft+coref_3627e4d4_2:rel:5,0,5,positive,positive,,,applied,structural|AB|interact|with|nominalized,structural|interact,interact,AB,nominalized,with,clause,DEP-interaction-nestedinner-controlled,sources,targets,nsubj,nmod:with,nsubj,conj,asserted,directed,1,1,0,1,dependency
bioinfer,BioInfer.d313.s0,stanza_craft+coref_3627e4d4_2:rel:6,1,4,negative,positive,,,applied,structural|AB|interact|with|nominalized,structural|interact,interact,AB,nominalized,with,clause,DEP-interaction-nestedinner-controlled,sources,targets,nsubj,nmod:with,nsubj,conj,asserted,directed,1,1,0,1,dependency
bioinfer,BioInfer.d313.s0,stanza_craft+coref_3627e4d4_2:rel:7,1,5,positive,positive,,,applied,structural|AB|interact|with|nominalized,structural|interact,interact,AB,nominalized,with,clause,DEP-interaction-nestedinner-controlled,sources,targets,nsubj,nmod:with,nsubj,conj,asserted,directed,1,1,0,1,dependency
bioinfer,BioInfer.d313.s0,stanza_craft+coref_3627e4d4_3:rel:0,0,1,positive,positive,,,not_applied,structural|NESTED|involve|_|nested,structural|NESTED|involve|_,involve,NESTED,nested,,clause,DEP-involve-nested,sources,targets:event_ref:stanza_craft+coref_3627e4d4_2,nsubj,nsubj,nsubj,nsubj,asserted,nested_review,1,1,0,0,dependency
bioinfer,BioInfer.d313.s0,stanza_craft+coref_3627e4d4_3:rel:1,0,2,negative,positive,,,not_applied,structural|NESTED|involve|_|nested,structural|NESTED|involve|_,involve,NESTED,nested,,clause,DEP-involve-nested,sources,targets:event_ref:stanza_craft+coref_3627e4d4_2,nsubj,nmod:with,nsubj,nmod,asserted,nested_review,1,1,0,0,dependency
bioinfer,BioInfer.d313.s0,stanza_craft+coref_3627e4d4_3:rel:2,0,3,positive,positive,,,not_applied,structural|NESTED|involve|_|nested,structural|NESTED|involve|_,involve,NESTED,nested,,clause,DEP-involve-nested,sources,targets:event_ref:stanza_craft+coref_3627e4d4_2,nsubj,nmod:with,nsubj,nmod,asserted,nested_review,1,1,0,0,dependency
bioinfer,BioInfer.d313.s0,stanza_craft+coref_3627e4d4_3:rel:3,1,2,negative,positive,,,not_applied,structural|NESTED|involve|_|nested,structural|NESTED|involve|_,involve,NESTED,nested,,clause,DEP-involve-nested,sources,targets:event_ref:stanza_craft+coref_3627e4d4_2,nsubj,nmod:with,nsubj,nmod,asserted,nested_review,1,1,0,0,dependency
bioinfer,BioInfer.d313.s0,stanza_craft+coref_3627e4d4_3:rel:4,1,3,positive,positive,,,not_applied,structural|NESTED|involve|_|nested,structural|NESTED|involve|_,involve,NESTED,nested,,clause,DEP-involve-nested,sources,targets:event_ref:stanza_craft+coref_3627e4d4_2,nsubj,nmod:with,nsubj,nmod,asserted,nested_review,1,1,0,0,dependency
bioinfer,BioInfer.d313.s0,stanza_craft+coref_3627e4d4_3:rel:5,0,2,negative,positive,,,not_applied,structural|NESTED|involve|_|nested,structural|NESTED|involve|_,involve,NESTED,nested,,clause,DEP-involve-nested,sources,targets:event_ref:stanza_craft+coref_3627e4d4_2,nsubj,nmod:with,nsubj,nmod,asserted,nested_review,1,1,0,0,dependency
bioinfer,BioInfer.d313.s0,stanza_craft+coref_3627e4d4_3:rel:6,0,3,positive,positive,,,not_applied,structural|NESTED|involve|_|nested,structural|NESTED|involve|_,involve,NESTED,nested,,clause,DEP-involve-nested,sources,targets:event_ref:stanza_craft+coref_3627e4d4_2,nsubj,nmod:with,nsubj,nmod,asserted,nested_review,1,1,0,0,dependency
bioinfer,BioInfer.d313.s0,stanza_craft+coref_3627e4d4_3:rel:7,1,2,negative,positive,,,not_applied,structural|NESTED|involve|_|nested,structural|NESTED|involve|_,involve,NESTED,nested,,clause,DEP-involve-nested,sources,targets:event_ref:stanza_craft+coref_3627e4d4_2,nsubj,nmod:with,nsubj,nmod,asserted,nested_review,1,1,0,0,dependency
bioinfer,BioInfer.d313.s0,stanza_craft+coref_3627e4d4_3:rel:8,1,3,positive,positive,,,not_applied,structural|NESTED|involve|_|nested,structural|NESTED|involve|_,involve,NESTED,nested,,clause,DEP-involve-nested,sources,targets:event_ref:stanza_craft+coref_3627e4d4_2,nsubj,nmod:with,nsubj,nmod,asserted,nested_review,1,1,0,0,dependency
bioinfer,BioInfer.d313.s0,stanza_craft+coref_3627e4d4_3:rel:9,0,4,negative,positive,,,not_applied,structural|NESTED|involve|_|nested,structural|NESTED|involve|_,involve,NESTED,nested,,clause,DEP-involve-nested,sources,targets:event_ref:stanza_craft+coref_3627e4d4_2,nsubj,nmod:with,nsubj,conj,asserted,nested_review,1,1,0,0,dependency
bioinfer,BioInfer.d313.s0,stanza_craft+coref_3627e4d4_3:rel:10,0,5,positive,positive,,,not_applied,structural|NESTED|involve|_|nested,structural|NESTED|involve|_,involve,NESTED,nested,,clause,DEP-involve-nested,sources,targets:event_ref:stanza_craft+coref_3627e4d4_2,nsubj,nmod:with,nsubj,conj,asserted,nested_review,1,1,0,0,dependency
bioinfer,BioInfer.d313.s0,stanza_craft+coref_3627e4d4_3:rel:11,1,4,negative,positive,,,not_applied,structural|NESTED|involve|_|nested,structural|NESTED|involve|_,involve,NESTED,nested,,clause,DEP-involve-nested,sources,targets:event_ref:stanza_craft+coref_3627e4d4_2,nsubj,nmod:with,nsubj,conj,asserted,nested_review,1,1,0,0,dependency
bioinfer,BioInfer.d313.s0,stanza_craft+coref_3627e4d4_3:rel:12,1,5,positive,positive,,,not_applied,structural|NESTED|involve|_|nested,structural|NESTED|involve|_,involve,NESTED,nested,,clause,DEP-involve-nested,sources,targets:event_ref:stanza_craft+coref_3627e4d4_2,nsubj,nmod:with,nsubj,conj,asserted,nested_review,1,1,0,0,dependency
bioinfer,BioInfer.d313.s0,stanza_craft+coref_3627e4d4_3:rel:13,0,4,negative,positive,,,not_applied,structural|NESTED|involve|_|nested,structural|NESTED|involve|_,involve,NESTED,nested,,clause,DEP-involve-nested,sources,targets:event_ref:stanza_craft+coref_3627e4d4_2,nsubj,compound,nsubj,conj,asserted,nested_review,1,1,0,0,dependency
bioinfer,BioInfer.d313.s0,stanza_craft+coref_3627e4d4_3:rel:14,0,5,positive,positive,,,not_applied,structural|NESTED|involve|_|nested,structural|NESTED|involve|_,involve,NESTED,nested,,clause,DEP-involve-nested,sources,targets:event_ref:stanza_craft+coref_3627e4d4_2,nsubj,compound,nsubj,conj,asserted,nested_review,1,1,0,0,dependency
bioinfer,BioInfer.d313.s0,stanza_craft+coref_3627e4d4_3:rel:15,1,4,negative,positive,,,not_applied,structural|NESTED|involve|_|nested,structural|NESTED|involve|_,involve,NESTED,nested,,clause,DEP-involve-nested,sources,targets:event_ref:stanza_craft+coref_3627e4d4_2,nsubj,compound,nsubj,conj,asserted,nested_review,1,1,0,0,dependency
bioinfer,BioInfer.d313.s0,stanza_craft+coref_3627e4d4_3:rel:16,1,5,positive,positive,,,not_applied,structural|NESTED|involve|_|nested,structural|NESTED|involve|_,involve,NESTED,nested,,clause,DEP-involve-nested,sources,targets:event_ref:stanza_craft+coref_3627e4d4_2,nsubj,compound,nsubj,conj,asserted,nested_review,1,1,0,0,dependency
bioinfer,BioInfer.d313.s0,stanza_craft+coref_3627e4d4_4:rel:0,0,1,positive,positive,,,applied,structural|AB|stimulate|_|nominalized,structural|stimulate,stimulate,AB,nominalized,,event_nominal,DEP-nom-stimulation-subject,sources,targets,nmod:of,compound,compound,compound,asserted,directed,1,0,0,1,dependency
bioinfer,BioInfer.d314.s0,stanza_craft+coref_1ac39218_1:rel:0,0,3,positive,positive,,,applied,structural|AB|bind|to|verbal,structural|bind,bind,AB,verbal,to,clause,DEP-bind,sources,targets,nsubj,nmod:to,nsubj,obl,asserted,directed,1,1,0,0,dependency
bioinfer,BioInfer.d314.s0,stanza_craft+coref_1ac39218_1:rel:1,1,3,negative,positive,,,applied,structural|AB|bind|to|verbal,structural|bind,bind,AB,verbal,to,clause,DEP-bind,sources,targets,conj,nmod:to,conj,obl,asserted,directed,1,1,0,0,dependency
bioinfer,BioInfer.d315.s0,stanza_craft+coref_4b042ed8_1:rel:0,0,2,positive,positive,,,applied,structural|AB|suppress|_|verbal,structural|suppress,suppress,AB,verbal,,clause,DEP-suppress,sources,targets,nsubj,dobj,nsubj,obj,asserted,directed,1,1,0,0,dependency
bioinfer,BioInfer.d315.s0,stanza_craft+coref_4b042ed8_1:rel:1,1,2,positive,positive,,,applied,structural|AB|suppress|_|verbal,structural|suppress,suppress,AB,verbal,,clause,DEP-suppress,sources,targets,nsubj,dobj,nsubj,obj,asserted,directed,1,1,0,0,dependency
bioinfer,BioInfer.d318.s0,stanza_craft+coref_d1ebaa20_1:rel:0,1,3,positive,positive,,,applied,structural|AB|bind|to|verbal,structural|bind,bind,AB,verbal,to,clause,DEP-bind,sources,targets,nmod,nmod:to,obl,obl,asserted,directed,0,1,0,0,dependency
bioinfer,BioInfer.d324.s0,stanza_craft+coref_c4139f13_0:rel:0,0,1,positive,positive,,,applied,structural|AB|suppress|_|verbal,structural|suppress,suppress,AB,verbal,,clause,DEP-suppress,sources,targets,nsubj,dobj,nsubj,obj,asserted,directed,1,1,0,0,dependency
bioinfer,BioInfer.d325.s0,stanza_craft+coref_5d751e0e_3:rel:0,0,1,positive,negative,,,review_only,relational|RELATIONAL|protein|_|verbal,relational|RELATIONAL|protein|_,protein,RELATIONAL,verbal,,appositive,DEP-Apposition,entities_a,entities_b,nsubjpass,appos,nsubj:pass,appos,asserted,relational,1,1,0,0,dependency
bioinfer,BioInfer.d328.s0,stanza_craft+coref_cb2b883b_0:rel:0,1,2,negative,positive,,,applied,structural|AB|display|_|verbal,structural|display,display,AB,verbal,,clause,DEP-display,sources,targets,nsubj,dobj,nsubj,obj,asserted,directed,1,1,0,0,dependency
bioinfer,BioInfer.d328.s0,stanza_craft+coref_cb2b883b_0:rel:1,1,3,negative,positive,,,applied,structural|AB|display|_|verbal,structural|display,display,AB,verbal,,clause,DEP-display,sources,targets,nsubj,dobj,nsubj,obj,asserted,directed,1,1,0,0,dependency
bioinfer,BioInfer.d328.s0,stanza_craft+coref_cb2b883b_0:rel:2,1,4,negative,positive,,,applied,structural|AB|display|_|verbal,structural|display,display,AB,verbal,,clause,DEP-display,sources,targets,nsubj,dobj,nsubj,obj,asserted,directed,1,1,0,0,dependency
bioinfer,BioInfer.d328.s0,stanza_craft+coref_cb2b883b_0:rel:3,0,1,negative,positive,,,applied,structural|AB|display|in|verbal,structural|display,display,AB,verbal,in,clause,DEP-display,sources,targets,nsubj,nmod:in,nsubj,obl,asserted,directed,1,1,0,0,dependency
bioinfer,BioInfer.d329.s0,stanza_craft+coref_d7160aa9_0:rel:0,0,1,positive,positive,,,applied,structural|AB|propose|for|passive,structural|propose,propose,AB,passive,for,clause,DEP-propose-passive,sources,targets,nmod,nmod:for,nmod,obl,asserted,directed,1,1,0,0,dependency
bioinfer,BioInfer.d329.s0,stanza_craft+coref_d7160aa9_2:rel:0,2,4,positive,positive,,,applied,structural|AB|associate|with|verbal,structural|associate,associate,AB,verbal,with,clause,DEP-associate,sources,targets,nsubj,nmod:with,nsubj,obl,asserted,directed,1,1,0,0,dependency
bioinfer,BioInfer.d329.s0,stanza_craft+coref_d7160aa9_3:rel:0,1,2,negative,negative,,,review_only,relational|RELATIONAL|identity|_|verbal,relational|RELATIONAL|identity|_,,RELATIONAL,verbal,,appositive,DEP-LooseIdentityCandidate,entities_a,entities_b,nmod,compound,obl,compound,asserted,relational,1,0,0,0,dependency
bioinfer,BioInfer.d33.s0,stanza_craft+coref_6cd3729f_0:rel:0,0,1,positive,negative,,,not_applied,structural|AA|loss|of|nominalized,structural|loss,loss,AA,nominalized,of,clause,DEP-loss-nestedinner,participants,participants,nmod:of,nmod:of,nmod,conj,asserted,undirected,0,1,0,1,dependency
bioinfer,BioInfer.d33.s0,stanza_craft+coref_6cd3729f_0:rel:1,1,2,positive,negative,,,not_applied,structural|AA|loss|of|nominalized,structural|loss,loss,AA,nominalized,of,clause,DEP-loss-nestedinner,participants,participants,nmod:of,nmod:of,nmod,conj,asserted,undirected,0,1,0,1,dependency
bioinfer,BioInfer.d33.s0,stanza_craft+coref_6cd3729f_0:rel:2,0,2,positive,negative,,,not_applied,structural|AA|loss|of|nominalized,structural|loss,loss,AA,nominalized,of,clause,DEP-loss-nestedinner,participants,participants,nmod:of,nmod:of,nmod,conj,asserted,undirected,0,1,0,1,dependency
bioinfer,BioInfer.d33.s0,stanza_craft+coref_6cd3729f_0:rel:3,0,3,positive,negative,,,not_applied,structural|AA|loss|of|nominalized,structural|loss,loss,AA,nominalized,of,clause,DEP-loss-nestedinner,participants,participants,nmod:of,nmod:of,nmod,conj,negated,undirected,0,1,0,1,dependency
bioinfer,BioInfer.d33.s0,stanza_craft+coref_6cd3729f_0:rel:4,1,3,positive,negative,,,not_applied,structural|AA|loss|of|nominalized,structural|loss,loss,AA,nominalized,of,clause,DEP-loss-nestedinner,participants,participants,nmod:of,nmod:of,nmod,conj,negated,undirected,0,1,0,1,dependency
bioinfer,BioInfer.d33.s0,stanza_craft+coref_6cd3729f_0:rel:5,2,3,positive,negative,,,not_applied,structural|AA|loss|of|nominalized,structural|loss,loss,AA,nominalized,of,clause,DEP-loss-nestedinner,participants,participants,nmod:of,nmod:of,nmod,conj,negated,undirected,0,1,0,1,dependency
bioinfer,BioInfer.d330.s0,stanza_craft+coref_2daecb77_3:rel:0,1,2,negative,negative,,,review_only,relational|RELATIONAL|identity|_|verbal,relational|RELATIONAL|identity|_,,RELATIONAL,verbal,,appositive,DEP-LooseIdentityCandidate,entities_a,entities_b,nmod,compound,obl,compound,asserted,relational,1,0,0,0,dependency
bioinfer,BioInfer.d331.s0,stanza_craft+coref_43a4b2a2_0:rel:0,0,1,positive,positive,,,applied,structural|AB|interact|with|nominalized,structural|interact,interact,AB,nominalized,with,clause,DEP-interaction-nestedinner-directed,sources,targets,nmod:of,nmod:with,nmod,nmod,asserted,directed,1,1,0,1,dependency
bioinfer,BioInfer.d331.s0,stanza_craft+coref_43a4b2a2_1:rel:0,0,2,positive,negative,,,not_applied,structural|NESTED|mediate|_|nested,structural|NESTED|mediate|_,mediate,NESTED,nested,,clause,DEP-mediate-passive-nested,sources,targets:event_ref:stanza_craft+coref_43a4b2a2_0,nmod,nmod:of,obl,nmod,asserted,nested_review,0,1,0,0,dependency
bioinfer,BioInfer.d331.s0,stanza_craft+coref_43a4b2a2_1:rel:1,1,2,positive,negative,,,not_applied,structural|NESTED|mediate|_|nested,structural|NESTED|mediate|_,mediate,NESTED,nested,,clause,DEP-mediate-passive-nested,sources,targets:event_ref:stanza_craft+coref_43a4b2a2_0,nmod,nmod:with,obl,nmod,asserted,nested_review,1,1,0,0,dependency
bioinfer,BioInfer.d332.s0,stanza_craft+coref_3f3a9ea4_2:rel:0,0,1,positive,positive,,,applied,structural|AB|bind|to|verbal,structural|bind,bind,AB,verbal,to,clause,DEP-bind,sources,targets,dobj,nmod:to,obj,obl,asserted,directed,0,1,0,0,dependency
bioinfer,BioInfer.d332.s1,stanza_craft+coref_8b86013a_0:rel:0,0,1,positive,positive,,,applied,structural|AB|interact|with|nominalized,structural|interact,interact,AB,nominalized,with,event_nominal,DEP-nom-interaction,sources,targets,nmod:of,nmod:with,nmod,nmod,asserted,directed,0,0,0,1,dependency
bioinfer,BioInfer.d333.s0,stanza_craft+coref_4e8f51d1_3:rel:0,2,3,negative,negative,,,review_only,relational|RELATIONAL|is-a|_|verbal,relational|RELATIONAL|is-a|_,,RELATIONAL,verbal,,appositive,DEP-ParentheticalAlias,entities_a,entities_b,conj,dep,conj,dep,asserted,relational,0,0,0,0,dependency
bioinfer,BioInfer.d334.s0,stanza_craft+coref_0d093a84_0:rel:0,0,2,negative,positive,,,applied,structural|AB|form|_|verbal,structural|form,form,AB,verbal,,clause,DEP-form,sources,targets,nsubj,dobj,nsubj,obj,asserted,directed,1,1,0,0,dependency
bioinfer,BioInfer.d334.s0,stanza_craft+coref_0d093a84_0:rel:1,1,2,negative,positive,,,applied,structural|AB|form|_|verbal,structural|form,form,AB,verbal,,clause,DEP-form,sources,targets,conj,dobj,conj,obj,asserted,directed,1,1,0,0,dependency
bioinfer,BioInfer.d334.s1,stanza_craft+coref_7ba2ff56_0:rel:0,0,2,negative,positive,,,applied,structural|AB|associate|with|verbal,structural|associate,associate,AB,verbal,with,clause,DEP-associate,sources,targets,nsubj,nmod:with,nsubj,obl,asserted,directed,1,1,0,0,dependency
bioinfer,BioInfer.d334.s1,stanza_craft+coref_7ba2ff56_0:rel:1,1,2,negative,positive,,,applied,structural|AB|associate|with|verbal,structural|associate,associate,AB,verbal,with,clause,DEP-associate,sources,targets,conj,nmod:with,conj,obl,asserted,directed,1,1,0,0,dependency
bioinfer,BioInfer.d334.s2,stanza_craft+coref_4785d43a_1:rel:0,0,2,positive,positive,,,applied,structural|AB|link|_|verbal,structural|link,link,AB,verbal,,clause,DEP-link,sources,targets,nsubj,dobj,nsubj,obj,asserted,directed,1,1,0,0,dependency
bioinfer,BioInfer.d334.s2,stanza_craft+coref_4785d43a_1:rel:1,1,2,positive,positive,,,applied,structural|AB|link|_|verbal,structural|link,link,AB,verbal,,clause,DEP-link,sources,targets,nsubj,dobj,nsubj,obj,asserted,directed,1,1,0,0,dependency
bioinfer,BioInfer.d334.s2,stanza_craft+coref_4785d43a_2:rel:0,0,3,positive,positive,,,applied,structural|AB|direct|_|verbal,structural|direct,direct,AB,verbal,,clause,DEP-direct,sources,targets,nsubj,dobj,nsubj,obj,asserted,directed,1,1,0,0,dependency
bioinfer,BioInfer.d334.s2,stanza_craft+coref_4785d43a_2:rel:1,0,4,positive,positive,,,applied,structural|AB|direct|_|verbal,structural|direct,direct,AB,verbal,,clause,DEP-direct,sources,targets,nsubj,dobj,nsubj,obj,asserted,directed,1,1,0,0,dependency
bioinfer,BioInfer.d334.s2,stanza_craft+coref_4785d43a_2:rel:2,1,3,positive,positive,,,applied,structural|AB|direct|_|verbal,structural|direct,direct,AB,verbal,,clause,DEP-direct,sources,targets,nsubj,dobj,nsubj,obj,asserted,directed,1,1,0,0,dependency
bioinfer,BioInfer.d334.s2,stanza_craft+coref_4785d43a_2:rel:3,1,4,positive,positive,,,applied,structural|AB|direct|_|verbal,structural|direct,direct,AB,verbal,,clause,DEP-direct,sources,targets,nsubj,dobj,nsubj,obj,asserted,directed,0,1,0,0,dependency
bioinfer,BioInfer.d334.s2,stanza_craft+coref_4785d43a_4:rel:0,0,1,negative,positive,,,applied,structural|AA|complex|_|compound_state,structural|complex,complex,AA,compound_state,,state_nominal,DEP-Complex,participants,participants,nsubj,nsubj,nsubj,nsubj,asserted,undirected,1,1,0,1,dependency
bioinfer,BioInfer.d335.s0,stanza_craft+coref_d3604612_1:rel:0,0,1,positive,positive,,,applied,structural|AB|reorganize|_|verbal,structural|reorganize,reorganize,AB,verbal,,clause,DEP-reorganize,sources,targets,nsubj,dobj,nsubj,obj,asserted,directed,1,1,0,0,dependency
bioinfer,BioInfer.d335.s1,stanza_craft+coref_d2bddd02_1:rel:0,0,1,positive,positive,,,applied,structural|AB|involve|in|passive,structural|involve,involve,AB,passive,in,clause,DEP-involve-passive,sources,targets,nsubjpass,nmod:in,nsubj:pass,obl,asserted,directed,1,1,0,0,dependency
bioinfer,BioInfer.d337.s0,stanza_craft+coref_e2ced209_0:rel:0,0,1,negative,negative,,,review_only,relational|RELATIONAL|is-a|_|verbal,relational|RELATIONAL|is-a|_,,RELATIONAL,verbal,,appositive,DEP-Apposition,entities_a,entities_b,nmod,appos,nmod,appos,asserted,relational,0,0,0,0,dependency
bioinfer,BioInfer.d339.s0,stanza_craft+coref_3b71a58a_2:rel:0,2,3,positive,positive,,,applied,structural|AB|compare|to|verbal,structural|compare,compare,AB,verbal,to,clause,DEP-compare,sources,targets,nsubj,nmod:to,nsubj,obl,asserted,directed,0,1,0,0,dependency
bioinfer,BioInfer.d34.s0,stanza_craft+coref_d1b0b5f5_3:rel:0,0,1,negative,negative,,,review_only,relational|RELATIONAL|is-a|_|verbal,relational|RELATIONAL|is-a|_,,RELATIONAL,verbal,,appositive,DEP-ParentheticalAlias,entities_a,entities_b,nmod,dep,nmod,dep,asserted,relational,0,0,0,0,dependency
bioinfer,BioInfer.d34.s0,stanza_craft+coref_d1b0b5f5_4:rel:0,2,3,negative,negative,,,review_only,relational|RELATIONAL|is-a|_|verbal,relational|RELATIONAL|is-a|_,,RELATIONAL,verbal,,appositive,DEP-ParentheticalAlias,entities_a,entities_b,conj,dep,conj,dep,asserted,relational,0,0,0,0,dependency
bioinfer,BioInfer.d34.s0,stanza_craft+coref_d1b0b5f5_5:rel:0,4,5,negative,negative,,,review_only,relational|RELATIONAL|is-a|_|verbal,relational|RELATIONAL|is-a|_,,RELATIONAL,verbal,,appositive,DEP-ParentheticalAlias,entities_a,entities_b,conj,dep,conj,dep,asserted,relational,0,0,0,0,dependency
bioinfer,BioInfer.d340.s0,stanza_craft+coref_84a1b218_0:rel:0,0,3,positive,positive,,,applied,structural|AB|inhibit|of|nominalized,structural|inhibit,inhibit,AB,nominalized,of,event_nominal,DEP-nom-inhibition,sources,targets,nmod:by,nmod:of,nmod,compound,asserted,directed,1,0,0,1,dependency
bioinfer,BioInfer.d340.s0,stanza_craft+coref_84a1b218_0:rel:1,1,3,negative,positive,,,applied,structural|AB|inhibit|of|nominalized,structural|inhibit,inhibit,AB,nominalized,of,event_nominal,DEP-nom-inhibition,sources,targets,nmod:by,nmod:of,nmod,compound,asserted,directed,1,0,0,1,dependency
bioinfer,BioInfer.d342.s0,stanza_craft+coref_6e23c106_1:rel:0,0,3,positive,positive,,,applied,structural|AB|interact|with|nominalized,structural|interact,interact,AB,nominalized,with,event_nominal,DEP-nom-interaction,sources,targets,nmod:of,nmod:with,nmod,nmod,asserted,directed,0,0,0,1,dependency
bioinfer,BioInfer.d342.s0,stanza_craft+coref_6e23c106_1:rel:1,1,3,positive,positive,,,applied,structural|AB|interact|with|nominalized,structural|interact,interact,AB,nominalized,with,event_nominal,DEP-nom-interaction,sources,targets,nmod:of,nmod:with,conj,nmod,asserted,directed,0,0,0,1,dependency
bioinfer,BioInfer.d342.s0,stanza_craft+coref_6e23c106_1:rel:2,2,3,positive,positive,,,applied,structural|AB|interact|with|nominalized,structural|interact,interact,AB,nominalized,with,event_nominal,DEP-nom-interaction,sources,targets,nmod:of,nmod:with,conj,nmod,asserted,directed,0,0,0,1,dependency
bioinfer,BioInfer.d343.s0,stanza_craft+coref_16214872_2:rel:0,0,1,positive,negative,,,review_only,relational|RELATIONAL|is-a|_|verbal,relational|RELATIONAL|is-a|_,,RELATIONAL,verbal,,appositive,DEP-Apposition,entities_a,entities_b,nmod,dep,nmod,dep,asserted,relational,1,1,0,0,dependency
bioinfer,BioInfer.d345.s0,stanza_craft+coref_063cb048_2:rel:0,1,2,negative,positive,,,applied,structural|AB|cause|_|verbal,structural|cause,cause,AB,verbal,,clause,DEP-cause,sources,targets,nsubj,dobj,nsubj,obj,asserted,directed,1,1,0,0,dependency
bioinfer,BioInfer.d345.s0,stanza_craft+coref_063cb048_2:rel:1,1,3,positive,positive,,,applied,structural|AB|cause|_|verbal,structural|cause,cause,AB,verbal,,clause,DEP-cause,sources,targets,nsubj,dobj,nsubj,obj,asserted,directed,0,1,0,0,dependency
bioinfer,BioInfer.d345.s0,stanza_craft+coref_063cb048_2:rel:2,1,4,positive,positive,,,applied,structural|AB|cause|_|verbal,structural|cause,cause,AB,verbal,,clause,DEP-cause,sources,targets,nsubj,dobj,nsubj,obj,asserted,directed,0,1,0,0,dependency
bioinfer,BioInfer.d345.s0,stanza_craft+coref_063cb048_3:rel:0,2,5,negative,positive,,,applied,structural|AB|accompany|_|passive,structural|accompany,accompany,AB,passive,,clause,DEP-accompany-passive,sources,targets,nmod,nmod,obl,nmod,asserted,directed,1,1,0,0,dependency
bioinfer,BioInfer.d345.s0,stanza_craft+coref_063cb048_3:rel:1,3,5,positive,positive,,,applied,structural|AB|accompany|_|passive,structural|accompany,accompany,AB,passive,,clause,DEP-accompany-passive,sources,targets,nmod,nmod,obl,nmod,asserted,directed,0,1,0,0,dependency
bioinfer,BioInfer.d345.s0,stanza_craft+coref_063cb048_3:rel:2,2,6,negative,positive,,,applied,structural|AB|accompany|_|passive,structural|accompany,accompany,AB,passive,,clause,DEP-accompany-passive,sources,targets,nmod,nmod,obl,nmod,asserted,directed,1,1,0,0,dependency
bioinfer,BioInfer.d345.s0,stanza_craft+coref_063cb048_3:rel:3,3,6,positive,positive,,,applied,structural|AB|accompany|_|passive,structural|accompany,accompany,AB,passive,,clause,DEP-accompany-passive,sources,targets,nmod,nmod,obl,nmod,asserted,directed,0,1,0,0,dependency
bioinfer,BioInfer.d345.s0,stanza_craft+coref_063cb048_3:rel:4,2,8,negative,positive,,,applied,structural|AB|accompany|_|passive,structural|accompany,accompany,AB,passive,,clause,DEP-accompany-passive,sources,targets,conj,nmod,conj,nmod,asserted,directed,1,1,0,0,dependency
bioinfer,BioInfer.d345.s0,stanza_craft+coref_063cb048_3:rel:5,3,8,positive,positive,,,applied,structural|AB|accompany|_|passive,structural|accompany,accompany,AB,passive,,clause,DEP-accompany-passive,sources,targets,conj,nmod,conj,nmod,asserted,directed,1,1,0,0,dependency
bioinfer,BioInfer.d345.s0,stanza_craft+coref_063cb048_4:rel:0,5,7,positive,positive,,,applied,structural|AB|bind|to|passive,structural|bind,bind,AB,passive,to,clause,DEP-bind-passive,sources,targets,nmod,nmod:to,obl,obl,asserted,directed,0,1,0,0,dependency
bioinfer,BioInfer.d345.s0,stanza_craft+coref_063cb048_4:rel:1,6,7,positive,positive,,,applied,structural|AB|bind|to|passive,structural|bind,bind,AB,passive,to,clause,DEP-bind-passive,sources,targets,nmod,nmod:to,obl,obl,asserted,directed,0,1,0,0,dependency
bioinfer,BioInfer.d345.s0,stanza_craft+coref_063cb048_4:rel:2,7,8,negative,positive,,,applied,structural|AB|bind|to|passive,structural|bind,bind,AB,passive,to,clause,DEP-bind-passive,sources,targets,conj,nmod:to,conj,obl,asserted,directed,1,1,0,0,dependency
bioinfer,BioInfer.d345.s0,stanza_craft+coref_063cb048_5:rel:0,2,4,positive,negative,,,review_only,relational|RELATIONAL|is-a|_|verbal,relational|RELATIONAL|is-a|_,,RELATIONAL,verbal,,appositive,DEP-ParentheticalAlias,entities_a,entities_b,nmod,dep,nmod,dep,asserted,relational,1,1,0,0,dependency
bioinfer,BioInfer.d345.s0,stanza_craft+coref_063cb048_5:rel:1,3,4,negative,negative,,,review_only,relational|RELATIONAL|is-a|_|verbal,relational|RELATIONAL|is-a|_,,RELATIONAL,verbal,,appositive,DEP-ParentheticalAlias,entities_a,entities_b,nmod,dep,nmod,dep,asserted,relational,0,0,0,0,dependency
bioinfer,BioInfer.d345.s0,stanza_craft+coref_063cb048_6:rel:0,5,6,negative,negative,,,review_only,relational|RELATIONAL|is-a|_|verbal,relational|RELATIONAL|is-a|_,,RELATIONAL,verbal,,appositive,DEP-ParentheticalAlias,entities_a,entities_b,nmod,dep,nmod,dep,asserted,relational,0,0,0,0,dependency
bioinfer,BioInfer.d348.s1,stanza_craft+coref_48ce84ff_0:rel:0,0,2,positive,positive,,,applied,structural|AB|cause|_|verbal,structural|cause,cause,AB,verbal,,clause,DEP-cause,sources,targets,nsubj,dobj,nsubj,obj,asserted,directed,1,1,0,0,dependency
bioinfer,BioInfer.d348.s1,stanza_craft+coref_48ce84ff_0:rel:1,1,2,positive,negative,,,not_selected,structural|AB|cause|_|verbal,structural|cause,cause,AB,verbal,,clause,DEP-cause,sources,targets,conj,dobj,conj,obj,negated,directed,1,1,0,0,dependency
bioinfer,BioInfer.d349.s0,stanza_craft+coref_5a08bb37_3:rel:0,0,1,positive,negative,,,review_only,relational|RELATIONAL|is-a|_|verbal,relational|RELATIONAL|is-a|_,,RELATIONAL,verbal,,appositive,DEP-Apposition,entities_a,entities_b,nmod,appos,nmod,appos,asserted,relational,1,1,0,0,dependency
bioinfer,BioInfer.d349.s0,stanza_craft+coref_5a08bb37_3:rel:1,1,2,negative,negative,,,review_only,relational|RELATIONAL|is-a|_|verbal,relational|RELATIONAL|is-a|_,,RELATIONAL,verbal,,appositive,DEP-Apposition,entities_a,entities_b,nmod,appos,nmod,appos,asserted,relational,0,1,0,0,dependency
bioinfer,BioInfer.d35.s0,stanza_craft+coref_1e9409c0_1:rel:0,0,2,positive,positive,,,applied,structural|AB|disassemble|_|verbal,structural|disassemble,disassemble,AB,verbal,,clause,DEP-disassemble,sources,targets,nsubj,dobj,nsubj,obj,asserted,directed,1,1,0,0,dependency
bioinfer,BioInfer.d35.s1,stanza_craft+coref_fcfdf8dc_0:rel:0,0,1,positive,positive,,,applied,structural|AB|localize|to|verbal,structural|localize,localize,AB,verbal,to,clause,DEP-localize,sources,targets,nsubj,nmod:to,nsubj,obl,asserted,directed,1,1,0,0,dependency
bioinfer,BioInfer.d35.s2,stanza_craft+coref_06cb8842_2:rel:0,2,3,positive,positive,,,applied,structural|AA|interact|of|nominalized,structural|interact,interact,AA,nominalized,of,event_nominal,DEP-nom-interaction-undirected,participants,participants,nmod:of,nmod:of,nmod,conj,asserted,undirected,0,0,0,1,dependency
bioinfer,BioInfer.d35.s2,stanza_craft+coref_06cb8842_2:rel:1,2,4,positive,positive,,,applied,structural|AA|interact|of|nominalized,structural|interact,interact,AA,nominalized,of,event_nominal,DEP-nom-interaction-undirected,participants,participants,nmod:of,nmod:of,nmod,conj,asserted,undirected,0,0,0,1,dependency
bioinfer,BioInfer.d35.s2,stanza_craft+coref_06cb8842_2:rel:2,3,4,positive,positive,,,applied,structural|AA|interact|of|nominalized,structural|interact,interact,AA,nominalized,of,event_nominal,DEP-nom-interaction-undirected,participants,participants,nmod:of,nmod:of,conj,conj,asserted,undirected,0,0,0,1,dependency
bioinfer,BioInfer.d35.s3,stanza_craft+coref_5f6ed045_0:rel:0,0,1,negative,positive,,,applied,structural|AB|interact|with|verbal,structural|interact,interact,AB,verbal,with,clause,DEP-interact,sources,targets,nsubj,nmod:with,nsubj,obl,asserted,directed,1,1,0,0,dependency
bioinfer,BioInfer.d35.s3,stanza_craft+coref_5f6ed045_0:rel:1,0,2,positive,positive,,,applied,structural|AB|interact|with|verbal,structural|interact,interact,AB,verbal,with,clause,DEP-interact,sources,targets,nsubj,nmod:with,nsubj,obl,asserted,directed,0,0,0,0,dependency
bioinfer,BioInfer.d35.s4,stanza_craft+coref_4c511c3c_1:rel:0,0,2,positive,positive,,,applied,structural|AB|enhance|_|verbal,structural|enhance,enhance,AB,verbal,,clause,DEP-enhance,sources,targets,nsubj,dobj,nsubj,obj,asserted,directed,0,1,0,0,dependency
bioinfer,BioInfer.d350.s0,stanza_craft+coref_a00f3077_3:rel:0,2,3,negative,positive,,,applied,structural|AB|block|_|verbal,structural|block,block,AB,verbal,,clause,DEP-block,sources,targets,dep,dobj,dep,obj,asserted,directed,0,1,0,0,dependency
bioinfer,BioInfer.d350.s0,stanza_craft+coref_a00f3077_4:rel:0,1,2,positive,negative,,,review_only,relational|RELATIONAL|is-a|_|verbal,relational|RELATIONAL|is-a|_,,RELATIONAL,verbal,,appositive,DEP-Apposition,entities_a,entities_b,nmod,dep,obl,dep,asserted,relational,0,0,0,0,dependency
bioinfer,BioInfer.d351.s0,stanza_craft+coref_47029aba_0:rel:0,0,1,positive,positive,,,applied,structural|AB|incubate|with|passive,structural|incubate,incubate,AB,passive,with,clause,DEP-incubate-passive,sources,targets,nsubj,nmod:with,nsubj,obl,asserted,directed,1,1,0,0,dependency
bioinfer,BioInfer.d351.s0,stanza_craft+coref_47029aba_0:rel:1,0,2,positive,positive,,,applied,structural|AB|incubate|with|passive,structural|incubate,incubate,AB,passive,with,clause,DEP-incubate-passive,sources,targets,nsubj,nmod:with,nsubj,conj,asserted,directed,1,1,0,0,dependency
bioinfer,BioInfer.d352.s0,stanza_craft+coref_655bd6b8_0:rel:0,0,1,positive,positive,,,applied,structural|AB|link|to|passive,structural|link,link,AB,passive,to,clause,DEP-link-passive,sources,targets,nsubjpass,nmod:to,nsubj:pass,obl,asserted,directed,1,1,0,0,dependency
bioinfer,BioInfer.d352.s0,stanza_craft+coref_655bd6b8_0:rel:1,0,2,positive,positive,,,applied,structural|AB|link|via|passive,structural|link,link,AB,passive,via,clause,DEP-link-passive,sources,targets,nsubjpass,nmod:via,nsubj:pass,obl,asserted,directed,0,1,0,0,dependency
bioinfer,BioInfer.d355.s0,stanza_craft+coref_702b062b_0:rel:0,0,1,positive,positive,,,applied,structural|AB|stimulate|_|verbal,structural|stimulate,stimulate,AB,verbal,,clause,DEP-stimulate,sources,targets,nsubj,dobj,nsubj,obj,asserted,directed,1,1,0,0,dependency
bioinfer,BioInfer.d355.s0,stanza_craft+coref_702b062b_0:rel:1,0,2,positive,positive,,,applied,structural|AB|stimulate|_|verbal,structural|stimulate,stimulate,AB,verbal,,clause,DEP-stimulate,sources,targets,nsubj,dobj,nsubj,obj,asserted,directed,0,1,0,0,dependency
bioinfer,BioInfer.d355.s1,stanza_craft+coref_b2190c54_2:rel:0,0,1,negative,negative,,,review_only,relational|RELATIONAL|is-a|_|verbal,relational|RELATIONAL|is-a|_,,RELATIONAL,verbal,,appositive,DEP-ParentheticalAlias,entities_a,entities_b,nmod,dep,nmod,dep,asserted,relational,0,0,0,0,dependency
bioinfer,BioInfer.d357.s0,stanza_craft+coref_5cc1971d_0:rel:0,0,1,positive,positive,,,applied,structural|AB|interact|with|verbal,structural|interact,interact,AB,verbal,with,clause,DEP-interact,sources,targets,nsubj,nmod:with,nsubj,obl,asserted,directed,0,0,0,0,dependency
bioinfer,BioInfer.d357.s0,stanza_craft+coref_5cc1971d_0:rel:1,0,2,negative,positive,,,applied,structural|AB|interact|with|verbal,structural|interact,interact,AB,verbal,with,clause,DEP-interact,sources,targets,nsubj,nmod:with,nsubj,obl,asserted,directed,0,0,0,0,dependency
bioinfer,BioInfer.d357.s0,stanza_craft+coref_5cc1971d_0:rel:2,0,3,negative,negative,,,not_selected,structural|AB|interact|with|verbal,structural|interact,interact,AB,verbal,with,clause,DEP-interact,sources,targets,nsubj,nmod:with,nsubj,obl,asserted,directed,0,0,0,0,dependency
bioinfer,BioInfer.d357.s0,stanza_craft+coref_5cc1971d_2:rel:0,1,2,positive,negative,,,review_only,relational|RELATIONAL|is-a|_|verbal,relational|RELATIONAL|is-a|_,,RELATIONAL,verbal,,appositive,DEP-Apposition,entities_a,entities_b,nmod,appos,obl,appos,asserted,relational,0,0,0,0,dependency
bioinfer,BioInfer.d357.s0,stanza_craft+coref_5cc1971d_2:rel:1,2,3,negative,negative,,,review_only,relational|RELATIONAL|is-a|_|verbal,relational|RELATIONAL|is-a|_,,RELATIONAL,verbal,,appositive,DEP-Apposition,entities_a,entities_b,nmod,appos,obl,appos,asserted,relational,0,0,0,0,dependency
bioinfer,BioInfer.d358.s0,stanza_craft+coref_a1ff11d7_2:rel:0,1,2,negative,positive,,,applied,structural|AB|link|_|verbal,structural|link,link,AB,verbal,,clause,DEP-link,sources,targets,nmod,dobj,nmod,obj,asserted,directed,0,0,0,0,dependency
bioinfer,BioInfer.d359.s0,stanza_craft+coref_1636ac98_0:rel:0,0,2,positive,positive,,,applied,structural|AA|interact|between|nominalized,structural|interact,interact,AA,nominalized,between,event_nominal,DEP-nom-interaction-subject-undirected,participants,participants,nmod:between,nmod:between,nmod,conj,asserted,undirected,0,0,0,1,dependency
bioinfer,BioInfer.d359.s0,stanza_craft+coref_1636ac98_1:rel:0,0,1,negative,positive,,,review_only,relational|RELATIONAL|is-a|_|verbal,relational|RELATIONAL|is-a|_,,RELATIONAL,verbal,,appositive,DEP-ParentheticalAlias,entities_a,entities_b,nmod,dep,nmod,dep,asserted,relational,0,0,0,0,dependency
bioinfer,BioInfer.d359.s0,stanza_craft+coref_1636ac98_2:rel:0,2,3,negative,positive,,,review_only,relational|RELATIONAL|is-a|_|verbal,relational|RELATIONAL|is-a|_,,RELATIONAL,verbal,,appositive,DEP-ParentheticalAlias,entities_a,entities_b,conj,dep,conj,dep,asserted,relational,0,0,0,0,dependency
bioinfer,BioInfer.d36.s0,stanza_craft+coref_b13ffe43_0:rel:0,0,1,negative,positive,,,applied,structural|AB|abolish|_|verbal,structural|abolish,abolish,AB,verbal,,clause,DEP-abolish,sources,targets,nsubj,dobj,nsubj,obj,asserted,directed,1,1,0,0,dependency
bioinfer,BioInfer.d36.s0,stanza_craft+coref_b13ffe43_0:rel:1,0,2,positive,positive,,,applied,structural|AB|abolish|_|verbal,structural|abolish,abolish,AB,verbal,,clause,DEP-abolish,sources,targets,nsubj,dobj,nsubj,obj,asserted,directed,1,1,0,0,dependency
bioinfer,BioInfer.d36.s0,stanza_craft+coref_b13ffe43_0:rel:2,0,3,positive,positive,,,applied,structural|AB|abolish|_|verbal,structural|abolish,abolish,AB,verbal,,clause,DEP-abolish,sources,targets,nsubj,dobj,nsubj,obj,asserted,directed,1,1,0,0,dependency
bioinfer,BioInfer.d360.s0,stanza_craft+coref_e1f2643a_0:rel:0,0,2,positive,positive,,,applied,structural|AB|control|_|verbal,structural|control,control,AB,verbal,,clause,DEP-control,sources,targets,nsubj,dobj,nsubj,obj,asserted,directed,0,1,0,0,dependency
bioinfer,BioInfer.d360.s0,stanza_craft+coref_e1f2643a_0:rel:1,1,2,positive,positive,,,applied,structural|AB|control|_|verbal,structural|control,control,AB,verbal,,clause,DEP-control,sources,targets,nsubj,dobj,nsubj,obj,asserted,directed,0,1,0,0,dependency
bioinfer,BioInfer.d360.s0,stanza_craft+coref_e1f2643a_1:rel:0,0,1,positive,positive,,,applied,structural|AB|interact|with|nominalized,structural|interact,interact,AB,nominalized,with,event_nominal,DEP-nom-interaction-subject,sources,targets,nmod:of,nmod:with,nmod,nmod,asserted,directed,0,0,0,1,dependency
bioinfer,BioInfer.d360.s1,stanza_craft+coref_0853ae01_2:rel:0,0,1,positive,positive,,,applied,structural|AB|associate|with|verbal,structural|associate,associate,AB,verbal,with,clause,DEP-associate,sources,targets,nmod,nmod:with,nmod,obl,asserted,directed,0,1,0,0,dependency
bioinfer,BioInfer.d361.s0,stanza_craft+coref_2eb5e747_0:rel:0,0,4,positive,positive,,,applied,structural|AA|interact|of|nominalized,structural|interact,interact,AA,nominalized,of,event_nominal,DEP-nom-interaction-undirected,participants,participants,nmod:of,nmod:of,compound,conj,asserted,undirected,1,1,0,1,dependency
bioinfer,BioInfer.d361.s0,stanza_craft+coref_2eb5e747_0:rel:1,1,4,positive,positive,,,applied,structural|AA|interact|of|nominalized,structural|interact,interact,AA,nominalized,of,event_nominal,DEP-nom-interaction-undirected,participants,participants,nmod:of,nmod:of,compound,conj,asserted,undirected,1,0,0,1,dependency
bioinfer,BioInfer.d361.s0,stanza_craft+coref_2eb5e747_0:rel:2,0,5,positive,positive,,,applied,structural|AA|interact|of|nominalized,structural|interact,interact,AA,nominalized,of,event_nominal,DEP-nom-interaction-undirected,participants,participants,nmod:of,nmod:of,compound,conj,asserted,undirected,1,1,0,1,dependency
bioinfer,BioInfer.d361.s0,stanza_craft+coref_2eb5e747_0:rel:3,1,5,positive,positive,,,applied,structural|AA|interact|of|nominalized,structural|interact,interact,AA,nominalized,of,event_nominal,DEP-nom-interaction-undirected,participants,participants,nmod:of,nmod:of,compound,conj,asserted,undirected,1,0,0,1,dependency
bioinfer,BioInfer.d361.s0,stanza_craft+coref_2eb5e747_0:rel:4,0,2,positive,positive,,,applied,structural|AA|interact|of|nominalized,structural|interact,interact,AA,nominalized,of,event_nominal,DEP-nom-interaction-undirected,participants,participants,nmod:of,nmod:of,compound,compound,asserted,undirected,1,1,0,1,dependency
bioinfer,BioInfer.d361.s0,stanza_craft+coref_2eb5e747_0:rel:5,0,3,positive,positive,,,applied,structural|AA|interact|of|nominalized,structural|interact,interact,AA,nominalized,of,event_nominal,DEP-nom-interaction-undirected,participants,participants,nmod:of,nmod:of,compound,compound,asserted,undirected,1,1,0,1,dependency
bioinfer,BioInfer.d361.s0,stanza_craft+coref_2eb5e747_0:rel:6,1,2,positive,positive,,,applied,structural|AA|interact|of|nominalized,structural|interact,interact,AA,nominalized,of,event_nominal,DEP-nom-interaction-undirected,participants,participants,nmod:of,nmod:of,compound,compound,asserted,undirected,1,1,0,1,dependency
bioinfer,BioInfer.d361.s0,stanza_craft+coref_2eb5e747_0:rel:7,1,3,positive,positive,,,applied,structural|AA|interact|of|nominalized,structural|interact,interact,AA,nominalized,of,event_nominal,DEP-nom-interaction-undirected,participants,participants,nmod:of,nmod:of,compound,compound,asserted,undirected,1,0,0,1,dependency
bioinfer,BioInfer.d361.s0,stanza_craft+coref_2eb5e747_0:rel:8,0,1,negative,positive,,,applied,structural|AA|interact|of|nominalized,structural|interact,interact,AA,nominalized,of,event_nominal,DEP-nom-interaction-undirected,participants,participants,nmod:of,nmod:of,compound,compound,asserted,undirected,1,1,0,1,dependency
bioinfer,BioInfer.d361.s0,stanza_craft+coref_2eb5e747_0:rel:9,4,5,positive,positive,,,applied,structural|AA|interact|of|nominalized,structural|interact,interact,AA,nominalized,of,event_nominal,DEP-nom-interaction-undirected,participants,participants,nmod:of,nmod:of,conj,conj,asserted,undirected,0,0,0,1,dependency
bioinfer,BioInfer.d361.s0,stanza_craft+coref_2eb5e747_0:rel:10,2,4,positive,positive,,,applied,structural|AA|interact|of|nominalized,structural|interact,interact,AA,nominalized,of,event_nominal,DEP-nom-interaction-undirected,participants,participants,nmod:of,nmod:of,conj,compound,asserted,undirected,1,1,0,1,dependency
bioinfer,BioInfer.d361.s0,stanza_craft+coref_2eb5e747_0:rel:11,3,4,positive,positive,,,applied,structural|AA|interact|of|nominalized,structural|interact,interact,AA,nominalized,of,event_nominal,DEP-nom-interaction-undirected,participants,participants,nmod:of,nmod:of,conj,compound,asserted,undirected,1,0,0,1,dependency
bioinfer,BioInfer.d361.s0,stanza_craft+coref_2eb5e747_0:rel:12,2,5,positive,positive,,,applied,structural|AA|interact|of|nominalized,structural|interact,interact,AA,nominalized,of,event_nominal,DEP-nom-interaction-undirected,participants,participants,nmod:of,nmod:of,conj,compound,asserted,undirected,1,1,0,1,dependency
bioinfer,BioInfer.d361.s0,stanza_craft+coref_2eb5e747_0:rel:13,3,5,positive,positive,,,applied,structural|AA|interact|of|nominalized,structural|interact,interact,AA,nominalized,of,event_nominal,DEP-nom-interaction-undirected,participants,participants,nmod:of,nmod:of,conj,compound,asserted,undirected,1,0,0,1,dependency
bioinfer,BioInfer.d361.s0,stanza_craft+coref_2eb5e747_0:rel:14,2,3,positive,positive,,,applied,structural|AA|interact|of|nominalized,structural|interact,interact,AA,nominalized,of,event_nominal,DEP-nom-interaction-undirected,participants,participants,nmod:of,nmod:of,compound,compound,asserted,undirected,1,1,0,1,dependency
bioinfer,BioInfer.d361.s0,stanza_craft+coref_2eb5e747_1:rel:0,0,1,negative,positive,,,applied,structural|AA|complex|_|compound_state,structural|complex,complex,AA,compound_state,,state_nominal,DEP-CollectiveSlashPair,participants,participants,orthographic_member,orthographic_member,compound,compound,asserted,undirected,1,0,0,1,dependency
bioinfer,BioInfer.d361.s0,stanza_craft+coref_2eb5e747_2:rel:0,0,1,negative,positive,,,applied,structural|AA|complex|_|compound_state,structural|complex,complex,AA,compound_state,,state_nominal,DEP-Complex,participants,participants,compound,compound,compound,compound,asserted,undirected,1,1,0,1,dependency
bioinfer,BioInfer.d361.s0,stanza_craft+coref_2eb5e747_3:rel:0,2,3,positive,positive,,,applied,structural|AA|complex|_|compound_state,structural|complex,complex,AA,compound_state,,state_nominal,DEP-Complex,participants,participants,compound,compound,compound,compound,asserted,undirected,1,1,0,1,dependency
bioinfer,BioInfer.d361.s0,stanza_craft+coref_2eb5e747_4:rel:0,1,2,positive,positive,,,applied,structural|AA|complex|_|compound_state,structural|complex,complex,AA,compound_state,,state_nominal,DEP-Complex,participants,participants,nmod,nmod,nmod,nmod,asserted,undirected,1,1,0,1,dependency
bioinfer,BioInfer.d361.s0,stanza_craft+coref_2eb5e747_4:rel:1,1,3,positive,positive,,,applied,structural|AA|complex|_|compound_state,structural|complex,complex,AA,compound_state,,state_nominal,DEP-Complex,participants,participants,nmod,nmod,nmod,nmod,asserted,undirected,1,1,0,1,dependency
bioinfer,BioInfer.d361.s0,stanza_craft+coref_2eb5e747_4:rel:2,1,4,positive,positive,,,applied,structural|AA|complex|_|compound_state,structural|complex,complex,AA,compound_state,,state_nominal,DEP-Complex,participants,participants,nmod,nmod,nmod,nmod,asserted,undirected,1,1,0,1,dependency
bioinfer,BioInfer.d361.s0,stanza_craft+coref_2eb5e747_4:rel:3,1,5,positive,positive,,,applied,structural|AA|complex|_|compound_state,structural|complex,complex,AA,compound_state,,state_nominal,DEP-Complex,participants,participants,nmod,nmod,nmod,nmod,asserted,undirected,1,1,0,1,dependency
bioinfer,BioInfer.d361.s0,stanza_craft+coref_2eb5e747_4:rel:4,2,3,positive,positive,,,applied,structural|AA|complex|_|compound_state,structural|complex,complex,AA,compound_state,,state_nominal,DEP-Complex,participants,participants,nmod,nmod,nmod,nmod,asserted,undirected,1,1,0,1,dependency
bioinfer,BioInfer.d361.s0,stanza_craft+coref_2eb5e747_4:rel:5,2,4,positive,positive,,,applied,structural|AA|complex|_|compound_state,structural|complex,complex,AA,compound_state,,state_nominal,DEP-Complex,participants,participants,nmod,nmod,nmod,nmod,asserted,undirected,1,1,0,1,dependency
bioinfer,BioInfer.d361.s0,stanza_craft+coref_2eb5e747_4:rel:6,2,5,positive,positive,,,applied,structural|AA|complex|_|compound_state,structural|complex,complex,AA,compound_state,,state_nominal,DEP-Complex,participants,participants,nmod,nmod,nmod,nmod,asserted,undirected,1,1,0,1,dependency
bioinfer,BioInfer.d361.s0,stanza_craft+coref_2eb5e747_4:rel:7,3,4,positive,positive,,,applied,structural|AA|complex|_|compound_state,structural|complex,complex,AA,compound_state,,state_nominal,DEP-Complex,participants,participants,nmod,nmod,nmod,nmod,asserted,undirected,1,1,0,1,dependency
bioinfer,BioInfer.d361.s0,stanza_craft+coref_2eb5e747_4:rel:8,3,5,positive,positive,,,applied,structural|AA|complex|_|compound_state,structural|complex,complex,AA,compound_state,,state_nominal,DEP-Complex,participants,participants,nmod,nmod,nmod,nmod,asserted,undirected,1,1,0,1,dependency
bioinfer,BioInfer.d361.s0,stanza_craft+coref_2eb5e747_4:rel:9,4,5,positive,positive,,,applied,structural|AA|complex|_|compound_state,structural|complex,complex,AA,compound_state,,state_nominal,DEP-Complex,participants,participants,nmod,nmod,nmod,nmod,asserted,undirected,0,1,0,1,dependency
bioinfer,BioInfer.d364.s0,stanza_craft+coref_d9597a80_2:rel:0,2,3,positive,negative,,,review_only,relational|RELATIONAL|is-a|_|verbal,relational|RELATIONAL|is-a|_,,RELATIONAL,verbal,,appositive,DEP-Apposition,entities_a,entities_b,nmod,appos,nmod,appos,asserted,relational,1,1,0,0,dependency
bioinfer,BioInfer.d364.s0,stanza_craft+coref_d9597a80_2:rel:1,3,4,negative,negative,,,review_only,relational|RELATIONAL|is-a|_|verbal,relational|RELATIONAL|is-a|_,,RELATIONAL,verbal,,appositive,DEP-Apposition,entities_a,entities_b,nmod,appos,nmod,appos,asserted,relational,0,1,0,0,dependency
bioinfer,BioInfer.d365.s0,stanza_craft+coref_50ce2f70_0:rel:0,3,5,negative,negative,,,not_applied,structural|AB|antibody|with|nominalized,structural|antibody,antibody,AB,nominalized,with,event_nominal,DEP-nom-antibody,sources,targets,nmod:to,nmod:with,nmod,compound,negated,directed,1,0,0,1,dependency
bioinfer,BioInfer.d365.s0,stanza_craft+coref_50ce2f70_0:rel:1,3,6,negative,negative,,,not_applied,structural|AB|antibody|with|nominalized,structural|antibody,antibody,AB,nominalized,with,event_nominal,DEP-nom-antibody,sources,targets,nmod:to,nmod:with,nmod,conj,negated,directed,0,0,0,1,dependency
bioinfer,BioInfer.d365.s0,stanza_craft+coref_50ce2f70_0:rel:2,4,5,negative,negative,,,not_applied,structural|AB|antibody|with|nominalized,structural|antibody,antibody,AB,nominalized,with,event_nominal,DEP-nom-antibody,sources,targets,nmod:to,nmod:with,conj,compound,negated,directed,1,0,0,1,dependency
bioinfer,BioInfer.d365.s0,stanza_craft+coref_50ce2f70_0:rel:3,4,6,negative,negative,,,not_applied,structural|AB|antibody|with|nominalized,structural|antibody,antibody,AB,nominalized,with,event_nominal,DEP-nom-antibody,sources,targets,nmod:to,nmod:with,conj,conj,negated,directed,0,0,0,1,dependency
bioinfer,BioInfer.d367.s0,stanza_craft+coref_da3a9970_0:rel:0,0,1,negative,positive,,,applied,structural|AB|stimulate|_|verbal,structural|stimulate,stimulate,AB,verbal,,clause,DEP-stimulate,sources,targets,nsubjpass,dobj,nsubj:pass,obj,asserted,directed,1,1,0,0,dependency
bioinfer,BioInfer.d367.s0,stanza_craft+coref_da3a9970_0:rel:1,0,4,negative,positive,,,applied,structural|AB|stimulate|_|verbal,structural|stimulate,stimulate,AB,verbal,,clause,DEP-stimulate,sources,targets,nsubjpass,dobj,nsubj:pass,obj,asserted,directed,1,1,0,0,dependency
bioinfer,BioInfer.d367.s0,stanza_craft+coref_da3a9970_2:rel:0,2,4,positive,negative,,,review_only,relational|RELATIONAL|is-a|_|verbal,relational|RELATIONAL|is-a|_,,RELATIONAL,verbal,,appositive,DEP-ParentheticalAlias,entities_a,entities_b,dep,compound,dep,compound,asserted,relational,1,1,0,0,dependency
bioinfer,BioInfer.d367.s0,stanza_craft+coref_da3a9970_2:rel:1,3,4,positive,negative,,,review_only,relational|RELATIONAL|is-a|_|verbal,relational|RELATIONAL|is-a|_,,RELATIONAL,verbal,,appositive,DEP-ParentheticalAlias,entities_a,entities_b,dep,compound,dep,compound,asserted,relational,1,0,0,0,dependency
bioinfer,BioInfer.d37.s0,stanza_craft+coref_4885128e_2:rel:0,0,1,positive,positive,,,applied,structural|AA|complex|_|compound_state,structural|complex,complex,AA,compound_state,,state_nominal,DEP-Complex,participants,participants,nmod,nmod,nmod,nmod,asserted,undirected,0,1,0,1,dependency
bioinfer,BioInfer.d37.s1,stanza_craft+coref_84afd6c1_0:rel:0,0,1,positive,negative,,,not_applied,structural|AA|interact|of|nominalized,structural|interact,interact,AA,nominalized,of,clause,DEP-interaction-nestedinner,participants,participants,nmod:of,nmod:of,nmod,conj,asserted,undirected,0,0,0,1,dependency
bioinfer,BioInfer.d371.s0,stanza_craft+coref_287ff314_1:rel:0,0,2,negative,positive,,,applied,structural|AB|perturb|_|verbal,structural|perturb,perturb,AB,verbal,,clause,DEP-perturb,sources,targets,dobj,dobj,obj,obj,asserted,directed,1,1,0,0,dependency
bioinfer,BioInfer.d371.s0,stanza_craft+coref_287ff314_1:rel:1,1,2,negative,positive,,,applied,structural|AB|perturb|_|verbal,structural|perturb,perturb,AB,verbal,,clause,DEP-perturb,sources,targets,dobj,dobj,obj,obj,asserted,directed,1,1,0,0,dependency
bioinfer,BioInfer.d372.s0,stanza_craft+coref_83e1f98d_1:rel:0,0,4,negative,negative,,,review_only,relational|RELATIONAL|mechanism|_|verbal,relational|RELATIONAL|mechanism|_,mechanism,RELATIONAL,verbal,,clause,DEP-CopulaIsA,entities_a,entities_b,nsubj,ccomp,nsubj,ccomp,asserted,relational,0,1,0,0,dependency
bioinfer,BioInfer.d372.s0,stanza_craft+coref_83e1f98d_1:rel:1,0,5,negative,negative,,,review_only,relational|RELATIONAL|mechanism|_|verbal,relational|RELATIONAL|mechanism|_,mechanism,RELATIONAL,verbal,,clause,DEP-CopulaIsA,entities_a,entities_b,nsubj,ccomp,nsubj,ccomp,asserted,relational,0,1,0,0,dependency
bioinfer,BioInfer.d372.s0,stanza_craft+coref_83e1f98d_1:rel:2,0,6,negative,negative,,,review_only,relational|RELATIONAL|mechanism|_|verbal,relational|RELATIONAL|mechanism|_,mechanism,RELATIONAL,verbal,,clause,DEP-CopulaIsA,entities_a,entities_b,nsubj,ccomp,nsubj,ccomp,asserted,relational,0,1,0,0,dependency
bioinfer,BioInfer.d372.s0,stanza_craft+coref_83e1f98d_1:rel:3,1,4,negative,negative,,,review_only,relational|RELATIONAL|mechanism|_|verbal,relational|RELATIONAL|mechanism|_,mechanism,RELATIONAL,verbal,,clause,DEP-CopulaIsA,entities_a,entities_b,nsubj,ccomp,nsubj,ccomp,asserted,relational,0,1,0,0,dependency
bioinfer,BioInfer.d372.s0,stanza_craft+coref_83e1f98d_1:rel:4,1,5,negative,negative,,,review_only,relational|RELATIONAL|mechanism|_|verbal,relational|RELATIONAL|mechanism|_,mechanism,RELATIONAL,verbal,,clause,DEP-CopulaIsA,entities_a,entities_b,nsubj,ccomp,nsubj,ccomp,asserted,relational,0,1,0,0,dependency
bioinfer,BioInfer.d372.s0,stanza_craft+coref_83e1f98d_1:rel:5,1,6,negative,negative,,,review_only,relational|RELATIONAL|mechanism|_|verbal,relational|RELATIONAL|mechanism|_,mechanism,RELATIONAL,verbal,,clause,DEP-CopulaIsA,entities_a,entities_b,nsubj,ccomp,nsubj,ccomp,asserted,relational,0,1,0,0,dependency
bioinfer,BioInfer.d372.s0,stanza_craft+coref_83e1f98d_1:rel:6,2,4,positive,negative,,,review_only,relational|RELATIONAL|mechanism|_|verbal,relational|RELATIONAL|mechanism|_,mechanism,RELATIONAL,verbal,,clause,DEP-CopulaIsA,entities_a,entities_b,nsubj,ccomp,nsubj,ccomp,asserted,relational,1,1,0,0,dependency
bioinfer,BioInfer.d372.s0,stanza_craft+coref_83e1f98d_1:rel:7,2,5,positive,negative,,,review_only,relational|RELATIONAL|mechanism|_|verbal,relational|RELATIONAL|mechanism|_,mechanism,RELATIONAL,verbal,,clause,DEP-CopulaIsA,entities_a,entities_b,nsubj,ccomp,nsubj,ccomp,asserted,relational,1,1,0,0,dependency
bioinfer,BioInfer.d372.s0,stanza_craft+coref_83e1f98d_1:rel:8,2,6,positive,negative,,,review_only,relational|RELATIONAL|mechanism|_|verbal,relational|RELATIONAL|mechanism|_,mechanism,RELATIONAL,verbal,,clause,DEP-CopulaIsA,entities_a,entities_b,nsubj,ccomp,nsubj,ccomp,asserted,relational,1,1,0,0,dependency
bioinfer,BioInfer.d372.s0,stanza_craft+coref_83e1f98d_1:rel:9,3,4,positive,negative,,,review_only,relational|RELATIONAL|mechanism|_|verbal,relational|RELATIONAL|mechanism|_,mechanism,RELATIONAL,verbal,,clause,DEP-CopulaIsA,entities_a,entities_b,nsubj,ccomp,nsubj,ccomp,asserted,relational,0,1,0,0,dependency
bioinfer,BioInfer.d372.s0,stanza_craft+coref_83e1f98d_1:rel:10,3,5,positive,negative,,,review_only,relational|RELATIONAL|mechanism|_|verbal,relational|RELATIONAL|mechanism|_,mechanism,RELATIONAL,verbal,,clause,DEP-CopulaIsA,entities_a,entities_b,nsubj,ccomp,nsubj,ccomp,asserted,relational,0,1,0,0,dependency
bioinfer,BioInfer.d372.s0,stanza_craft+coref_83e1f98d_1:rel:11,3,6,positive,negative,,,review_only,relational|RELATIONAL|mechanism|_|verbal,relational|RELATIONAL|mechanism|_,mechanism,RELATIONAL,verbal,,clause,DEP-CopulaIsA,entities_a,entities_b,nsubj,ccomp,nsubj,ccomp,asserted,relational,0,1,0,0,dependency
bioinfer,BioInfer.d372.s0,stanza_craft+coref_83e1f98d_2:rel:0,0,2,positive,positive,,,applied,structural|AB|recruit|to|nominalized,structural|recruit,recruit,AB,nominalized,to,event_nominal,DEP-nom-recruitment-subject,sources,targets,nmod:of,nmod:to,appos,compound,asserted,directed,1,0,0,1,dependency
bioinfer,BioInfer.d372.s0,stanza_craft+coref_83e1f98d_2:rel:1,0,3,positive,positive,,,applied,structural|AB|recruit|to|nominalized,structural|recruit,recruit,AB,nominalized,to,event_nominal,DEP-nom-recruitment-subject,sources,targets,nmod:of,nmod:to,appos,conj,asserted,directed,0,0,0,1,dependency
bioinfer,BioInfer.d372.s0,stanza_craft+coref_83e1f98d_2:rel:2,1,2,positive,positive,,,applied,structural|AB|recruit|to|nominalized,structural|recruit,recruit,AB,nominalized,to,event_nominal,DEP-nom-recruitment-subject,sources,targets,nmod:of,nmod:to,dep,compound,asserted,directed,1,0,0,1,dependency
bioinfer,BioInfer.d372.s0,stanza_craft+coref_83e1f98d_2:rel:3,1,3,positive,positive,,,applied,structural|AB|recruit|to|nominalized,structural|recruit,recruit,AB,nominalized,to,event_nominal,DEP-nom-recruitment-subject,sources,targets,nmod:of,nmod:to,dep,conj,asserted,directed,0,0,0,1,dependency
bioinfer,BioInfer.d373.s0,stanza_craft+coref_f94649d9_2:rel:0,1,2,positive,negative,,,review_only,relational|RELATIONAL|identity|_|verbal,relational|RELATIONAL|identity|_,,RELATIONAL,verbal,,appositive,DEP-LooseIdentityCandidate,entities_a,entities_b,nsubjpass,appos,nsubj:pass,appos,asserted,relational,0,0,0,0,dependency
bioinfer,BioInfer.d375.s0,stanza_craft+coref_9f08dbff_0:rel:0,0,1,positive,positive,,,applied,structural|AB|bind|to|verbal,structural|bind,bind,AB,verbal,to,clause,DEP-bind,sources,targets,nsubj,nmod:to,nsubj,obl,asserted,directed,1,1,0,0,dependency
bioinfer,BioInfer.d375.s0,stanza_craft+coref_9f08dbff_0:rel:1,0,2,positive,positive,,,applied,structural|AB|bind|to|verbal,structural|bind,bind,AB,verbal,to,clause,DEP-bind,sources,targets,nsubj,nmod:to,nsubj,conj,asserted,directed,1,1,0,0,dependency
bioinfer,BioInfer.d375.s1,stanza_craft+coref_51b1786a_1:rel:0,0,1,positive,positive,,,applied,structural|AB|effect|on|nominalized,structural|effect,effect,AB,nominalized,on,event_nominal,DEP-nom-effect,sources,targets,nmod:of,nmod:on,nmod,compound,asserted,directed,1,0,0,1,dependency
bioinfer,BioInfer.d375.s2,stanza_craft+coref_7a13dfe5_1:rel:0,0,1,positive,positive,,,applied,structural|AB|bind|to|verbal,structural|bind,bind,AB,verbal,to,clause,DEP-bind,sources,targets,nsubj,nmod:to,nmod,obl,asserted,directed,1,1,0,0,dependency
bioinfer,BioInfer.d375.s3,stanza_craft+coref_13e668c1_1:rel:0,0,1,positive,positive,,,applied,structural|AB|bind|to|passive,structural|bind,bind,AB,passive,to,clause,DEP-bind-passive,sources,targets,nmod,nmod:to,nmod,obl,asserted,directed,1,1,0,0,dependency
bioinfer,BioInfer.d376.s0,stanza_craft+coref_2b9344c5_0:rel:0,0,5,negative,positive,,,applied,structural|AB|bind|to|verbal,structural|bind,bind,AB,verbal,to,clause,DEP-bind,sources,targets,nsubj,nmod:to,nsubj,obl,asserted,directed,1,1,0,0,dependency
bioinfer,BioInfer.d376.s0,stanza_craft+coref_2b9344c5_0:rel:1,1,5,positive,positive,,,applied,structural|AB|bind|to|verbal,structural|bind,bind,AB,verbal,to,clause,DEP-bind,sources,targets,nsubj,nmod:to,nsubj,obl,asserted,directed,0,1,0,0,dependency
bioinfer,BioInfer.d376.s0,stanza_craft+coref_2b9344c5_0:rel:2,4,5,positive,positive,,,applied,structural|AB|bind|to|verbal,structural|bind,bind,AB,verbal,to,clause,DEP-bind,sources,targets,nsubj,nmod:to,nsubj,obl,asserted,directed,0,1,0,0,dependency
bioinfer,BioInfer.d376.s0,stanza_craft+coref_2b9344c5_1:rel:0,0,1,positive,negative,,,review_only,relational|RELATIONAL|is-a|_|verbal,relational|RELATIONAL|is-a|_,,RELATIONAL,verbal,,appositive,DEP-Apposition,entities_a,entities_b,nsubj,appos,nsubj,appos,asserted,relational,1,1,0,0,dependency
bioinfer,BioInfer.d376.s0,stanza_craft+coref_2b9344c5_1:rel:1,1,4,negative,negative,,,review_only,relational|RELATIONAL|is-a|_|verbal,relational|RELATIONAL|is-a|_,,RELATIONAL,verbal,,appositive,DEP-Apposition,entities_a,entities_b,nsubj,appos,nsubj,appos,asserted,relational,0,1,0,0,dependency
bioinfer,BioInfer.d377.s0,stanza_craft+coref_43bc8e06_0:rel:0,0,1,positive,positive,,,applied,structural|AA|interact|_|verbal,structural|interact,interact,AA,verbal,,clause,DEP-interact-undirected,participants,participants,nsubj,conj,nsubj,conj,asserted,undirected,0,0,0,0,dependency
bioinfer,BioInfer.d378.s0,stanza_craft+coref_6209c54e_3:rel:0,3,4,positive,positive,,,applied,structural|AB|isoform|_|nominalized,structural|isoform,isoform,AB,nominalized,,event_nominal,DEP-nom-isoform,sources,targets,nmod:of,compound,nmod,compound,asserted,directed,1,0,0,1,dependency
bioinfer,BioInfer.d378.s0,stanza_craft+coref_6209c54e_3:rel:1,3,5,positive,positive,,,applied,structural|AB|isoform|_|nominalized,structural|isoform,isoform,AB,nominalized,,event_nominal,DEP-nom-isoform,sources,targets,nmod:of,compound,conj,compound,asserted,directed,1,0,0,1,dependency
bioinfer,BioInfer.d378.s0,stanza_craft+coref_6209c54e_4:rel:0,3,4,positive,positive,,,review_only,relational|RELATIONAL|isoform|_|nominalized,relational|RELATIONAL|isoform|_,isoform,RELATIONAL,nominalized,,appositive,DEP-NominalAlias,entities_a,entities_b,conj,nmod,conj,nmod,asserted,relational,1,1,0,1,dependency
bioinfer,BioInfer.d379.s0,stanza_craft+coref_81c88a39_3:rel:0,6,7,positive,positive,,,applied,structural|AA|interact|between|nominalized,structural|interact,interact,AA,nominalized,between,clause,DEP-interaction-nestedinner,participants,participants,nmod:between,compound,nmod,conj,asserted,undirected,1,1,0,1,dependency
bioinfer,BioInfer.d379.s0,stanza_craft+coref_81c88a39_3:rel:1,6,8,positive,positive,,,applied,structural|AA|interact|between|nominalized,structural|interact,interact,AA,nominalized,between,clause,DEP-interaction-nestedinner,participants,participants,nmod:between,compound,nmod,conj,asserted,undirected,1,1,0,1,dependency
bioinfer,BioInfer.d379.s0,stanza_craft+coref_81c88a39_3:rel:2,7,8,negative,positive,,,applied,structural|AA|interact|between|nominalized,structural|interact,interact,AA,nominalized,between,clause,DEP-interaction-nestedinner,participants,participants,compound,compound,conj,conj,asserted,undirected,1,1,0,1,dependency
bioinfer,BioInfer.d379.s0,stanza_craft+coref_81c88a39_4:rel:0,0,6,negative,negative,,,not_applied,structural|NESTED|study|_|nested,structural|NESTED|study|_,study,NESTED,nested,,clause,DEP-study-nested,sources,targets:event_ref:stanza_craft+coref_81c88a39_3,nsubjpass,nmod:between,nsubj:pass,nmod,asserted,nested_review,1,1,0,0,dependency
bioinfer,BioInfer.d379.s0,stanza_craft+coref_81c88a39_4:rel:1,1,6,negative,negative,,,not_applied,structural|NESTED|study|_|nested,structural|NESTED|study|_,study,NESTED,nested,,clause,DEP-study-nested,sources,targets:event_ref:stanza_craft+coref_81c88a39_3,nsubjpass,nmod:between,nsubj:pass,nmod,asserted,nested_review,1,1,0,0,dependency
bioinfer,BioInfer.d379.s0,stanza_craft+coref_81c88a39_4:rel:2,2,6,negative,negative,,,not_applied,structural|NESTED|study|_|nested,structural|NESTED|study|_,study,NESTED,nested,,clause,DEP-study-nested,sources,targets:event_ref:stanza_craft+coref_81c88a39_3,nsubjpass,nmod:between,nsubj:pass,nmod,asserted,nested_review,1,1,0,0,dependency
bioinfer,BioInfer.d379.s0,stanza_craft+coref_81c88a39_4:rel:3,0,7,negative,negative,,,not_applied,structural|NESTED|study|_|nested,structural|NESTED|study|_,study,NESTED,nested,,clause,DEP-study-nested,sources,targets:event_ref:stanza_craft+coref_81c88a39_3,nsubjpass,compound,nsubj:pass,conj,asserted,nested_review,1,1,0,0,dependency
bioinfer,BioInfer.d379.s0,stanza_craft+coref_81c88a39_4:rel:4,0,8,negative,negative,,,not_applied,structural|NESTED|study|_|nested,structural|NESTED|study|_,study,NESTED,nested,,clause,DEP-study-nested,sources,targets:event_ref:stanza_craft+coref_81c88a39_3,nsubjpass,compound,nsubj:pass,conj,asserted,nested_review,0,1,0,0,dependency
bioinfer,BioInfer.d379.s0,stanza_craft+coref_81c88a39_4:rel:5,1,7,negative,negative,,,not_applied,structural|NESTED|study|_|nested,structural|NESTED|study|_,study,NESTED,nested,,clause,DEP-study-nested,sources,targets:event_ref:stanza_craft+coref_81c88a39_3,nsubjpass,compound,nsubj:pass,conj,asserted,nested_review,1,1,0,0,dependency
bioinfer,BioInfer.d379.s0,stanza_craft+coref_81c88a39_4:rel:6,1,8,negative,negative,,,not_applied,structural|NESTED|study|_|nested,structural|NESTED|study|_,study,NESTED,nested,,clause,DEP-study-nested,sources,targets:event_ref:stanza_craft+coref_81c88a39_3,nsubjpass,compound,nsubj:pass,conj,asserted,nested_review,0,1,0,0,dependency
bioinfer,BioInfer.d379.s0,stanza_craft+coref_81c88a39_4:rel:7,2,7,negative,negative,,,not_applied,structural|NESTED|study|_|nested,structural|NESTED|study|_,study,NESTED,nested,,clause,DEP-study-nested,sources,targets:event_ref:stanza_craft+coref_81c88a39_3,nsubjpass,compound,nsubj:pass,conj,asserted,nested_review,1,1,0,0,dependency
bioinfer,BioInfer.d379.s0,stanza_craft+coref_81c88a39_4:rel:8,2,8,negative,negative,,,not_applied,structural|NESTED|study|_|nested,structural|NESTED|study|_,study,NESTED,nested,,clause,DEP-study-nested,sources,targets:event_ref:stanza_craft+coref_81c88a39_3,nsubjpass,compound,nsubj:pass,conj,asserted,nested_review,0,1,0,0,dependency
bioinfer,BioInfer.d38.s1,stanza_craft+coref_d92b819d_0:rel:0,1,2,positive,positive,,,applied,structural|AB|bind|to|verbal,structural|bind,bind,AB,verbal,to,clause,DEP-bind,sources,targets,nsubj,nmod:to,nsubj,obl,asserted,directed,1,1,0,0,dependency
bioinfer,BioInfer.d38.s1,stanza_craft+coref_d92b819d_1:rel:0,5,6,positive,positive,,,applied,structural|AB|increase|_|verbal,structural|increase,increase,AB,verbal,,clause,DEP-increase,sources,targets,nsubj,dobj,nsubj,obj,asserted,directed,0,0,0,0,dependency
bioinfer,BioInfer.d38.s2,stanza_craft+coref_e74ade62_2:rel:0,1,2,positive,positive,,,applied,structural|AB|shorten|_|verbal,structural|shorten,shorten,AB,verbal,,clause,DEP-shorten,sources,targets,nsubj,dobj,nsubj,obj,asserted,directed,1,1,0,0,dependency
bioinfer,BioInfer.d382.s0,stanza_craft+coref_af2cb9cb_1:rel:0,0,1,positive,positive,,,applied,structural|AB|have|_|verbal,structural|have,have,AB,verbal,,clause,DEP-have,sources,targets,nsubj,dobj,nsubj,obj,asserted,directed,1,1,0,0,dependency
bioinfer,BioInfer.d382.s0,stanza_craft+coref_af2cb9cb_2:rel:0,2,3,positive,positive,,,applied,structural|AB|have|_|verbal,structural|have,have,AB,verbal,,clause,DEP-have,sources,targets,nsubj,dobj,nsubj,obj,asserted,directed,1,1,0,0,dependency
bioinfer,BioInfer.d382.s2,stanza_craft+coref_61d699ad_2:rel:0,0,1,positive,positive,,,applied,structural|AB|affinity|for|nominalized,structural|affinity,affinity,AB,nominalized,for,event_nominal,DEP-nom-affinity-subject,sources,targets,nmod:of,nmod:for,nmod,nmod,asserted,directed,0,0,0,1,dependency
bioinfer,BioInfer.d382.s3,stanza_craft+coref_73914655_1:rel:0,2,3,positive,negative,,,review_only,relational|RELATIONAL|is-a|_|verbal,relational|RELATIONAL|is-a|_,,RELATIONAL,verbal,,appositive,DEP-Apposition,entities_a,entities_b,nmod,appos,nmod,appos,asserted,relational,1,1,0,0,dependency
bioinfer,BioInfer.d384.s0,stanza_craft+coref_d23103ad_0:rel:0,1,2,positive,positive,,,applied,structural|AB|complex|with|nominalized,structural|complex,complex,AB,nominalized,with,event_nominal,DEP-nom-complex-subject,sources,targets,nmod:of,nmod:with,nmod,nmod,asserted,directed,0,0,0,1,dependency
bioinfer,BioInfer.d384.s0,stanza_craft+coref_d23103ad_0:rel:1,1,3,positive,positive,,,applied,structural|AB|complex|with|nominalized,structural|complex,complex,AB,nominalized,with,event_nominal,DEP-nom-complex-subject,sources,targets,nmod:of,nmod:with,nmod,conj,asserted,directed,0,0,0,1,dependency
bioinfer,BioInfer.d385.s0,stanza_craft+coref_f78db8b7_0:rel:0,0,1,positive,positive,,,applied,structural|AB|cause|_|verbal,structural|cause,cause,AB,verbal,,clause,DEP-cause,sources,targets,nsubj,dobj,nsubj,obj,asserted,directed,1,1,0,0,dependency
bioinfer,BioInfer.d387.s0,stanza_craft+coref_34543ec1_2:rel:0,0,1,positive,positive,,,applied,structural|AB|stimulate|_|passive,structural|stimulate,stimulate,AB,passive,,clause,DEP-stimulate-passive,sources,targets,nmod,dobj,obl,obj,asserted,directed,1,1,0,0,dependency
bioinfer,BioInfer.d387.s0,stanza_craft+coref_34543ec1_2:rel:1,1,2,negative,positive,,,applied,structural|AB|stimulate|of|passive,structural|stimulate,stimulate,AB,passive,of,clause,DEP-stimulate-passive,sources,targets,nmod,nmod:of,obl,obl,asserted,directed,1,1,0,0,dependency
bioinfer,BioInfer.d387.s0,stanza_craft+coref_34543ec1_2:rel:2,1,3,negative,positive,,,applied,structural|AB|stimulate|of|passive,structural|stimulate,stimulate,AB,passive,of,clause,DEP-stimulate-passive,sources,targets,nmod,nmod:of,obl,obl,asserted,directed,1,1,0,0,dependency
bioinfer,BioInfer.d387.s0,stanza_craft+coref_34543ec1_2:rel:3,1,4,negative,positive,,,applied,structural|AB|stimulate|of|passive,structural|stimulate,stimulate,AB,passive,of,clause,DEP-stimulate-passive,sources,targets,nmod,nmod:of,obl,obl,asserted,directed,0,1,0,0,dependency
bioinfer,BioInfer.d387.s0,stanza_craft+coref_34543ec1_2:rel:4,1,5,negative,positive,,,applied,structural|AB|stimulate|of|passive,structural|stimulate,stimulate,AB,passive,of,clause,DEP-stimulate-passive,sources,targets,nmod,nmod:of,obl,obl,asserted,directed,0,1,0,0,dependency
bioinfer,BioInfer.d387.s0,stanza_craft+coref_34543ec1_2:rel:5,1,6,negative,positive,,,applied,structural|AB|stimulate|of|passive,structural|stimulate,stimulate,AB,passive,of,clause,DEP-stimulate-passive,sources,targets,nmod,nmod:of,obl,conj,asserted,directed,1,1,0,0,dependency
bioinfer,BioInfer.d387.s0,stanza_craft+coref_34543ec1_2:rel:6,1,7,negative,positive,,,applied,structural|AB|stimulate|of|passive,structural|stimulate,stimulate,AB,passive,of,clause,DEP-stimulate-passive,sources,targets,nmod,nmod:of,obl,conj,asserted,directed,0,0,0,0,dependency
bioinfer,BioInfer.d388.s0,stanza_craft+coref_4866f65e_0:rel:0,0,1,positive,positive,,,applied,structural|AB|catalyze|_|passive,structural|catalyze,catalyze,AB,passive,,clause,DEP-catalyze-passive,sources,targets,nmod,nmod,obl,nmod,asserted,directed,1,1,0,0,dependency
bioinfer,BioInfer.d388.s1,stanza_craft+coref_00a2c3c4_0:rel:0,0,2,positive,positive,,,applied,structural|AB|suppress|_|verbal,structural|suppress,suppress,AB,verbal,,clause,DEP-suppress,sources,targets,nsubj,dobj,nsubj,obj,asserted,directed,1,1,0,0,dependency
bioinfer,BioInfer.d388.s1,stanza_craft+coref_00a2c3c4_0:rel:1,0,3,positive,positive,,,applied,structural|AB|suppress|_|verbal,structural|suppress,suppress,AB,verbal,,clause,DEP-suppress,sources,targets,nsubj,dobj,nsubj,obj,asserted,directed,0,1,0,0,dependency
bioinfer,BioInfer.d388.s1,stanza_craft+coref_00a2c3c4_0:rel:2,0,4,positive,positive,,,applied,structural|AB|suppress|_|verbal,structural|suppress,suppress,AB,verbal,,clause,DEP-suppress,sources,targets,nsubj,dobj,nsubj,obj,asserted,directed,1,1,0,0,dependency
bioinfer,BioInfer.d388.s1,stanza_craft+coref_00a2c3c4_1:rel:0,0,1,negative,negative,,,review_only,relational|RELATIONAL|identity|_|verbal,relational|RELATIONAL|identity|_,,RELATIONAL,verbal,,appositive,DEP-LooseIdentityCandidate,entities_a,entities_b,nsubj,compound,nsubj,compound,asserted,relational,1,0,0,0,dependency
bioinfer,BioInfer.d388.s1,stanza_craft+coref_00a2c3c4_2:rel:0,3,4,negative,negative,,,review_only,relational|RELATIONAL|identity|_|verbal,relational|RELATIONAL|identity|_,,RELATIONAL,verbal,,appositive,DEP-LooseIdentityCandidate,entities_a,entities_b,nmod,compound,nmod,compound,asserted,relational,1,0,0,0,dependency
bioinfer,BioInfer.d388.s2,stanza_craft+coref_7ab0e750_0:rel:0,0,2,negative,positive,,,applied,structural|AB|influence|_|verbal,structural|influence,influence,AB,verbal,,clause,DEP-influence,sources,targets,nsubj,dobj,nsubj,obj,asserted,directed,1,1,0,0,dependency
bioinfer,BioInfer.d388.s2,stanza_craft+coref_7ab0e750_0:rel:1,1,2,positive,positive,,,applied,structural|AB|influence|_|verbal,structural|influence,influence,AB,verbal,,clause,DEP-influence,sources,targets,nsubj,dobj,nsubj,obj,asserted,directed,1,1,0,0,dependency
bioinfer,BioInfer.d388.s2,stanza_craft+coref_7ab0e750_2:rel:0,0,3,negative,positive,,,applied,structural|AB|enhance|on|verbal,structural|enhance,enhance,AB,verbal,on,clause,DEP-enhance,sources,targets,nsubj,nmod:on,nsubj,obl,asserted,directed,1,1,0,0,dependency
bioinfer,BioInfer.d388.s2,stanza_craft+coref_7ab0e750_2:rel:1,1,3,positive,positive,,,applied,structural|AB|enhance|on|verbal,structural|enhance,enhance,AB,verbal,on,clause,DEP-enhance,sources,targets,nsubj,nmod:on,nsubj,obl,asserted,directed,0,1,0,0,dependency
bioinfer,BioInfer.d388.s2,stanza_craft+coref_7ab0e750_4:rel:0,0,1,positive,negative,,,review_only,relational|RELATIONAL|is-a|_|verbal,relational|RELATIONAL|is-a|_,,RELATIONAL,verbal,,appositive,DEP-Apposition,entities_a,entities_b,nsubj,appos,nsubj,appos,asserted,relational,1,1,0,0,dependency
bioinfer,BioInfer.d388.s3,stanza_craft+coref_dc06d060_0:rel:0,0,1,negative,positive,,,applied,structural|AB|study|_|verbal,structural|study,study,AB,verbal,,clause,DEP-study,sources,targets,dobj,dobj,obj,obj,asserted,directed,1,1,0,0,dependency
bioinfer,BioInfer.d388.s3,stanza_craft+coref_dc06d060_0:rel:1,0,2,negative,positive,,,applied,structural|AB|study|_|verbal,structural|study,study,AB,verbal,,clause,DEP-study,sources,targets,dobj,dobj,obj,obj,asserted,directed,1,1,0,0,dependency
bioinfer,BioInfer.d39.s0,stanza_craft+coref_2c021fd1_4:rel:0,2,3,negative,negative,,,review_only,relational|RELATIONAL|is-a|_|verbal,relational|RELATIONAL|is-a|_,,RELATIONAL,verbal,,appositive,DEP-Identity,entities_a,entities_b,acl,nmod,acl,obl,asserted,relational,0,1,0,0,dependency
bioinfer,BioInfer.d390.s0,stanza_craft+coref_76d3b49c_4:rel:0,7,9,negative,negative,,,review_only,relational|RELATIONAL|is-a|_|verbal,relational|RELATIONAL|is-a|_,,RELATIONAL,verbal,,appositive,DEP-Apposition,entities_a,entities_b,conj,appos,conj,appos,asserted,relational,1,1,0,0,dependency
bioinfer,BioInfer.d391.s1,stanza_craft+coref_1f828b01_1:rel:0,0,2,positive,positive,,,applied,structural|AB|regulate|_|passive,structural|regulate,regulate,AB,passive,,clause,DEP-regulate-passive,sources,targets,nmod,nsubjpass,obl,nsubj:pass,asserted,directed,1,1,0,0,dependency
bioinfer,BioInfer.d391.s1,stanza_craft+coref_1f828b01_1:rel:1,1,2,positive,positive,,,applied,structural|AB|regulate|_|passive,structural|regulate,regulate,AB,passive,,clause,DEP-regulate-passive,sources,targets,nmod,nsubjpass,obl,nsubj:pass,asserted,directed,0,1,0,0,dependency
bioinfer,BioInfer.d393.s1,stanza_craft+coref_a21f9d3c_3:rel:0,0,1,negative,negative,,,review_only,relational|RELATIONAL|is-a|_|verbal,relational|RELATIONAL|is-a|_,,RELATIONAL,verbal,,appositive,DEP-ParentheticalAlias,entities_a,entities_b,dobj,dep,obj,dep,asserted,relational,0,0,0,0,dependency
bioinfer,BioInfer.d398.s0,stanza_craft+coref_87e594a2_1:rel:0,0,2,positive,positive,,,applied,structural|AB|weaken|_|verbal,structural|weaken,weaken,AB,verbal,,clause,DEP-weaken,sources,targets,nsubj,dobj,nsubj,obj,asserted,directed,1,1,0,0,dependency
bioinfer,BioInfer.d398.s0,stanza_craft+coref_87e594a2_1:rel:1,1,2,positive,positive,,,applied,structural|AB|weaken|_|verbal,structural|weaken,weaken,AB,verbal,,clause,DEP-weaken,sources,targets,nsubj,dobj,nsubj,obj,asserted,directed,0,1,0,0,dependency
bioinfer,BioInfer.d398.s0,stanza_craft+coref_87e594a2_3:rel:0,0,1,positive,positive,,,applied,structural|AB|bind|_|nominalized,structural|bind,bind,AB,nominalized,,event_nominal,DEP-nom-binding-subject,sources,targets,nmod:to,compound,nmod,compound,asserted,directed,1,0,0,1,dependency
bioinfer,BioInfer.d398.s1,stanza_craft+coref_c737bc36_1:rel:0,0,2,positive,positive,,,applied,structural|AB|weaken|_|verbal,structural|weaken,weaken,AB,verbal,,clause,DEP-weaken,sources,targets,nsubj,dobj,nsubj,obj,asserted,directed,1,1,0,0,dependency
bioinfer,BioInfer.d398.s1,stanza_craft+coref_c737bc36_1:rel:1,1,2,positive,positive,,,applied,structural|AB|weaken|_|verbal,structural|weaken,weaken,AB,verbal,,clause,DEP-weaken,sources,targets,nsubj,dobj,nsubj,obj,asserted,directed,0,1,0,0,dependency
bioinfer,BioInfer.d398.s1,stanza_craft+coref_c737bc36_1:rel:2,0,3,positive,positive,,,applied,structural|AB|weaken|_|verbal,structural|weaken,weaken,AB,verbal,,clause,DEP-weaken,sources,targets,nsubj,dobj,nsubj,obj,asserted,directed,1,1,0,0,dependency
bioinfer,BioInfer.d398.s1,stanza_craft+coref_c737bc36_1:rel:3,1,3,positive,positive,,,applied,structural|AB|weaken|_|verbal,structural|weaken,weaken,AB,verbal,,clause,DEP-weaken,sources,targets,nsubj,dobj,nsubj,obj,asserted,directed,1,1,0,0,dependency
bioinfer,BioInfer.d398.s1,stanza_craft+coref_c737bc36_3:rel:0,0,1,positive,positive,,,applied,structural|AB|bind|_|nominalized,structural|bind,bind,AB,nominalized,,event_nominal,DEP-nom-binding-subject,sources,targets,nmod:to,compound,nmod,compound,asserted,directed,1,0,0,1,dependency
bioinfer,BioInfer.d399.s0,stanza_craft+coref_43a197a6_0:rel:0,0,1,positive,positive,,,applied,structural|AB|effect|on|nominalized,structural|effect,effect,AB,nominalized,on,event_nominal,DEP-nom-effect,sources,targets,nmod:of,nmod:on,nmod,compound,asserted,directed,1,0,0,1,dependency
bioinfer,BioInfer.d399.s1,stanza_craft+coref_49006599_0:rel:0,0,1,positive,positive,,,applied,structural|AB|cooperativity|to|nominalized,structural|cooperativity,cooperativity,AB,nominalized,to,clause,DEP-cooperativity-nestedinner-directed,sources,targets,nmod:with,nmod:to,nmod,nmod,asserted,directed,1,1,0,1,dependency
bioinfer,BioInfer.d399.s1,stanza_craft+coref_49006599_3:rel:0,0,1,positive,positive,,,applied,structural|AB|bind|_|nominalized,structural|bind,bind,AB,nominalized,,event_nominal,DEP-nom-binding,sources,targets,nmod:to,compound,nmod,compound,asserted,directed,1,0,0,1,dependency
bioinfer,BioInfer.d4.s0,stanza_craft+coref_b4d800a0_0:rel:0,0,7,positive,negative,,,not_applied,structural|AB|affect|_|passive,structural|affect,affect,AB,passive,,clause,DEP-affect-passive,sources,targets,nmod,nsubjpass,obl,nsubj:pass,negated,directed,1,1,0,0,dependency
bioinfer,BioInfer.d4.s0,stanza_craft+coref_b4d800a0_0:rel:1,1,7,positive,negative,,,not_applied,structural|AB|affect|_|passive,structural|affect,affect,AB,passive,,clause,DEP-affect-passive,sources,targets,nmod,nsubjpass,obl,nsubj:pass,negated,directed,1,1,0,0,dependency
bioinfer,BioInfer.d4.s0,stanza_craft+coref_b4d800a0_0:rel:2,2,7,positive,negative,,,not_applied,structural|AB|affect|_|passive,structural|affect,affect,AB,passive,,clause,DEP-affect-passive,sources,targets,nmod,nsubjpass,obl,nsubj:pass,negated,directed,1,1,0,0,dependency
bioinfer,BioInfer.d4.s0,stanza_craft+coref_b4d800a0_0:rel:3,3,7,positive,negative,,,not_applied,structural|AB|affect|_|passive,structural|affect,affect,AB,passive,,clause,DEP-affect-passive,sources,targets,nmod,nsubjpass,obl,nsubj:pass,negated,directed,1,1,0,0,dependency
bioinfer,BioInfer.d4.s0,stanza_craft+coref_b4d800a0_0:rel:4,4,7,positive,negative,,,not_applied,structural|AB|affect|_|passive,structural|affect,affect,AB,passive,,clause,DEP-affect-passive,sources,targets,nmod,nsubjpass,obl,nsubj:pass,negated,directed,1,1,0,0,dependency
bioinfer,BioInfer.d4.s0,stanza_craft+coref_b4d800a0_0:rel:5,5,7,negative,negative,,,not_applied,structural|AB|affect|_|passive,structural|affect,affect,AB,passive,,clause,DEP-affect-passive,sources,targets,nmod,nsubjpass,obl,nsubj:pass,negated,directed,1,1,0,0,dependency
bioinfer,BioInfer.d4.s0,stanza_craft+coref_b4d800a0_0:rel:6,6,7,positive,negative,,,not_applied,structural|AB|affect|_|passive,structural|affect,affect,AB,passive,,clause,DEP-affect-passive,sources,targets,nmod,nsubjpass,obl,nsubj:pass,negated,directed,1,1,0,0,dependency
bioinfer,BioInfer.d40.s0,stanza_craft+coref_61d13635_1:rel:0,1,2,positive,positive,,,applied,structural|AB|colocalize|with|verbal,structural|colocalize,colocalize,AB,verbal,with,clause,DEP-colocalize,sources,targets,nsubjpass,nmod:with,nsubj:pass,obl,asserted,directed,0,0,0,0,dependency
bioinfer,BioInfer.d40.s0,stanza_craft+coref_61d13635_1:rel:1,1,3,positive,positive,,,applied,structural|AB|colocalize|with|verbal,structural|colocalize,colocalize,AB,verbal,with,clause,DEP-colocalize,sources,targets,nsubjpass,nmod:with,nsubj:pass,conj,asserted,directed,0,0,0,0,dependency
bioinfer,BioInfer.d40.s0,stanza_craft+coref_61d13635_1:rel:2,1,4,positive,positive,,,applied,structural|AB|colocalize|with|verbal,structural|colocalize,colocalize,AB,verbal,with,clause,DEP-colocalize,sources,targets,nsubjpass,nmod:with,nsubj:pass,conj,asserted,directed,1,1,0,0,dependency
bioinfer,BioInfer.d402.s0,stanza_craft+coref_0954f100_2:rel:0,0,1,negative,negative,,,review_only,relational|RELATIONAL|identity|_|verbal,relational|RELATIONAL|identity|_,,RELATIONAL,verbal,,appositive,DEP-LooseIdentityCandidate,entities_a,entities_b,nmod,dep,obl,dep,asserted,relational,0,0,0,0,dependency
bioinfer,BioInfer.d403.s0,stanza_craft+coref_654d74de_0:rel:0,1,2,positive,positive,,,applied,structural|AB|phosphorylate|_|verbal,structural|phosphorylate,phosphorylate,AB,verbal,,clause,DEP-phosphorylate,sources,targets,nsubj,dobj,nsubj,obj,asserted,directed,0,0,0,0,dependency
bioinfer,BioInfer.d404.s0,stanza_craft+coref_e3ce94dd_1:rel:0,0,1,negative,negative,,,review_only,relational|RELATIONAL|identity|_|verbal,relational|RELATIONAL|identity|_,,RELATIONAL,verbal,,appositive,DEP-LooseIdentityCandidate,entities_a,entities_b,nmod,nmod,obl,nmod,asserted,relational,0,0,0,0,dependency
bioinfer,BioInfer.d405.s0,stanza_craft+coref_43719e74_0:rel:0,0,2,positive,positive,,,applied,structural|AB|phosphorylate|_|verbal,structural|phosphorylate,phosphorylate,AB,verbal,,clause,DEP-phosphorylate,sources,targets,nsubj,dobj,nsubj,obj,asserted,directed,0,0,0,0,dependency
bioinfer,BioInfer.d405.s0,stanza_craft+coref_43719e74_0:rel:1,0,3,negative,negative,,,not_selected,structural|AB|phosphorylate|_|verbal,structural|phosphorylate,phosphorylate,AB,verbal,,clause,DEP-phosphorylate,sources,targets,nsubj,dobj,nsubj,obj,asserted,directed,0,0,0,0,dependency
bioinfer,BioInfer.d405.s0,stanza_craft+coref_43719e74_1:rel:0,0,4,positive,positive,,,applied,structural|AB|regulate|_|verbal,structural|regulate,regulate,AB,verbal,,clause,DEP-regulate,sources,targets,nsubj,dobj,nsubj,obj,asserted,directed,1,1,0,0,dependency
bioinfer,BioInfer.d405.s0,stanza_craft+coref_43719e74_2:rel:0,0,1,negative,negative,,,review_only,relational|RELATIONAL|is-a|_|verbal,relational|RELATIONAL|is-a|_,,RELATIONAL,verbal,,appositive,DEP-ParentheticalAlias,entities_a,entities_b,nsubj,dep,nsubj,dep,asserted,relational,0,0,0,0,dependency
bioinfer,BioInfer.d405.s0,stanza_craft+coref_43719e74_3:rel:0,2,3,positive,negative,,,review_only,relational|RELATIONAL|identity|_|verbal,relational|RELATIONAL|identity|_,,RELATIONAL,verbal,,appositive,DEP-LooseIdentityCandidate,entities_a,entities_b,dobj,appos,obj,appos,asserted,relational,0,0,0,0,dependency
bioinfer,BioInfer.d406.s0,stanza_craft+coref_3a9c5e09_1:rel:0,0,1,negative,positive,,,applied,structural|AA|linkage|between|nominalized,structural|linkage,linkage,AA,nominalized,between,event_nominal,DEP-nom-linkage-subject-undirected,participants,participants,nmod:between,nmod:between,dep,conj,asserted,undirected,0,0,0,1,dependency
bioinfer,BioInfer.d406.s0,stanza_craft+coref_3a9c5e09_1:rel:1,0,2,negative,positive,,,applied,structural|AA|linkage|between|nominalized,structural|linkage,linkage,AA,nominalized,between,event_nominal,DEP-nom-linkage-subject-undirected,participants,participants,nmod:between,nmod:between,dep,conj,asserted,undirected,0,0,0,1,dependency
bioinfer,BioInfer.d406.s0,stanza_craft+coref_3a9c5e09_1:rel:2,0,3,negative,positive,,,applied,structural|AA|linkage|between|nominalized,structural|linkage,linkage,AA,nominalized,between,event_nominal,DEP-nom-linkage-subject-undirected,participants,participants,nmod:between,nmod:between,dep,conj,asserted,undirected,0,0,0,1,dependency
bioinfer,BioInfer.d406.s0,stanza_craft+coref_3a9c5e09_1:rel:3,0,4,negative,positive,,,applied,structural|AA|linkage|between|nominalized,structural|linkage,linkage,AA,nominalized,between,event_nominal,DEP-nom-linkage-subject-undirected,participants,participants,nmod:between,nmod:between,dep,dep,asserted,undirected,0,0,0,1,dependency
bioinfer,BioInfer.d406.s0,stanza_craft+coref_3a9c5e09_1:rel:4,1,2,negative,positive,,,applied,structural|AA|linkage|between|nominalized,structural|linkage,linkage,AA,nominalized,between,event_nominal,DEP-nom-linkage-subject-undirected,participants,participants,nmod:between,nmod:between,conj,conj,asserted,undirected,0,0,0,1,dependency
bioinfer,BioInfer.d406.s0,stanza_craft+coref_3a9c5e09_1:rel:5,1,3,negative,positive,,,applied,structural|AA|linkage|between|nominalized,structural|linkage,linkage,AA,nominalized,between,event_nominal,DEP-nom-linkage-subject-undirected,participants,participants,nmod:between,nmod:between,conj,conj,asserted,undirected,0,0,0,1,dependency
bioinfer,BioInfer.d406.s0,stanza_craft+coref_3a9c5e09_1:rel:6,1,4,negative,positive,,,applied,structural|AA|linkage|between|nominalized,structural|linkage,linkage,AA,nominalized,between,event_nominal,DEP-nom-linkage-subject-undirected,participants,participants,nmod:between,nmod:between,conj,dep,asserted,undirected,0,0,0,1,dependency
bioinfer,BioInfer.d406.s0,stanza_craft+coref_3a9c5e09_1:rel:7,2,3,negative,positive,,,applied,structural|AA|linkage|between|nominalized,structural|linkage,linkage,AA,nominalized,between,event_nominal,DEP-nom-linkage-subject-undirected,participants,participants,nmod:between,nmod:between,conj,conj,asserted,undirected,0,0,0,1,dependency
bioinfer,BioInfer.d406.s0,stanza_craft+coref_3a9c5e09_1:rel:8,2,4,negative,positive,,,applied,structural|AA|linkage|between|nominalized,structural|linkage,linkage,AA,nominalized,between,event_nominal,DEP-nom-linkage-subject-undirected,participants,participants,nmod:between,nmod:between,conj,dep,asserted,undirected,0,0,0,1,dependency
bioinfer,BioInfer.d406.s0,stanza_craft+coref_3a9c5e09_1:rel:9,3,4,negative,positive,,,applied,structural|AA|linkage|between|nominalized,structural|linkage,linkage,AA,nominalized,between,event_nominal,DEP-nom-linkage-subject-undirected,participants,participants,nmod:between,nmod:between,conj,dep,asserted,undirected,0,0,0,1,dependency
bioinfer,BioInfer.d406.s0,stanza_craft+coref_3a9c5e09_2:rel:0,3,4,negative,positive,,,review_only,relational|RELATIONAL|is-a|_|verbal,relational|RELATIONAL|is-a|_,,RELATIONAL,verbal,,appositive,DEP-ParentheticalAlias,entities_a,entities_b,conj,dep,conj,dep,asserted,relational,0,0,0,0,dependency
bioinfer,BioInfer.d407.s1,stanza_craft+coref_855952ed_0:rel:0,0,1,positive,positive,,,applied,structural|AB|play|in|verbal,structural|play,play,AB,verbal,in,clause,DEP-play,sources,targets,nsubj,nmod:in,nsubj,obl,asserted,directed,1,1,0,0,dependency
bioinfer,BioInfer.d408.s0,stanza_craft+coref_cd67c3dd_0:rel:0,0,1,positive,positive,,,applied,structural|AB|lead|to|verbal,structural|lead,lead,AB,verbal,to,clause,DEP-lead,sources,targets,nsubj,nmod:to,nsubj,obl,asserted,directed,0,1,0,0,dependency
bioinfer,BioInfer.d408.s0,stanza_craft+coref_cd67c3dd_1:rel:0,1,2,positive,positive,,,applied,structural|AB|supply|_|verbal,structural|supply,supply,AB,verbal,,clause,DEP-supply,sources,targets,nmod,dobj,obl,obj,asserted,directed,1,1,0,0,dependency
bioinfer,BioInfer.d41.s0,stanza_craft+coref_5ea40c5d_1:rel:0,1,2,positive,positive,,,applied,structural|AB|stimulate|_|verbal,structural|stimulate,stimulate,AB,verbal,,clause,DEP-stimulate,sources,targets,dobj,dobj,obj,obj,asserted,directed,1,1,0,0,dependency
bioinfer,BioInfer.d41.s0,stanza_craft+coref_5ea40c5d_2:rel:0,3,4,positive,positive,,,applied,structural|AB|explain|_|verbal,structural|explain,explain,AB,verbal,,clause,DEP-explain,sources,targets,nsubj,dobj,nsubj,obj,asserted,directed,1,1,0,0,dependency
bioinfer,BioInfer.d41.s0,stanza_craft+coref_5ea40c5d_3:rel:0,5,6,positive,positive,,,applied,structural|AB|release|from|passive,structural|release,release,AB,passive,from,clause,DEP-release-passive,sources,targets,nsubj,nmod:from,nsubj,obl,asserted,directed,0,1,0,0,dependency
bioinfer,BioInfer.d41.s0,stanza_craft+coref_5ea40c5d_4:rel:0,5,7,positive,positive,,,applied,structural|AB|account|for|verbal,structural|account,account,AB,verbal,for,clause,DEP-account,sources,targets,nsubj,nmod:for,nsubj,obl,asserted,directed,0,1,0,0,dependency
bioinfer,BioInfer.d41.s1,stanza_craft+coref_7c5d94fc_2:rel:0,2,3,negative,positive,,,applied,structural|AB|ratio|to|nominalized,structural|ratio,ratio,AB,nominalized,to,event_nominal,DEP-nom-ratio-subject,sources,targets,nmod:of,nmod:to,nmod,nmod,asserted,directed,0,0,0,1,dependency
bioinfer,BioInfer.d41.s2,stanza_craft+coref_80148cb3_3:rel:0,0,1,positive,negative,,,review_only,relational|RELATIONAL|is-a|_|verbal,relational|RELATIONAL|is-a|_,,RELATIONAL,verbal,,appositive,DEP-Apposition,entities_a,entities_b,nmod,appos,nmod,appos,asserted,relational,1,1,0,0,dependency
bioinfer,BioInfer.d412.s0,stanza_craft+coref_8fcec048_0:rel:0,0,2,positive,positive,,,applied,structural|AB|phosphorylate|_|verbal,structural|phosphorylate,phosphorylate,AB,verbal,,clause,DEP-phosphorylate,sources,targets,nsubj,dobj,nsubj,obj,asserted,directed,0,0,0,0,dependency
bioinfer,BioInfer.d412.s0,stanza_craft+coref_8fcec048_1:rel:0,0,3,positive,positive,,,applied,structural|AB|induce|_|verbal,structural|induce,induce,AB,verbal,,clause,DEP-induce,sources,targets,nsubj,dobj,nsubj,obj,asserted,directed,1,1,0,0,dependency
bioinfer,BioInfer.d412.s0,stanza_craft+coref_8fcec048_2:rel:0,0,1,negative,negative,,,review_only,relational|RELATIONAL|is-a|_|verbal,relational|RELATIONAL|is-a|_,,RELATIONAL,verbal,,appositive,DEP-ParentheticalAlias,entities_a,entities_b,nsubj,dep,nsubj,dep,asserted,relational,0,0,0,0,dependency
bioinfer,BioInfer.d413.s0,stanza_craft+coref_9f8b0295_1:rel:0,2,3,positive,positive,,,applied,structural|AB|bind|to|nominalized,structural|bind,bind,AB,nominalized,to,clause,DEP-binding-nestedinner-directed,sources,targets,nmod:,nmod:to,compound,nmod,asserted,directed,1,0,0,1,dependency
bioinfer,BioInfer.d413.s0,stanza_craft+coref_9f8b0295_6:rel:0,0,1,negative,negative,,,review_only,relational|RELATIONAL|is-a|_|verbal,relational|RELATIONAL|is-a|_,,RELATIONAL,verbal,,appositive,DEP-ParentheticalAlias,entities_a,entities_b,nmod,dep,nmod,dep,asserted,relational,0,0,0,0,dependency
bioinfer,BioInfer.d414.s0,stanza_craft+coref_d8af6679_0:rel:0,0,2,negative,positive,,,applied,structural|AB|inhibit|_|verbal,structural|inhibit,inhibit,AB,verbal,,clause,DEP-inhibit,sources,targets,nsubj,dobj,nsubj,obj,asserted,directed,1,1,0,0,dependency
bioinfer,BioInfer.d414.s0,stanza_craft+coref_d8af6679_0:rel:1,0,3,negative,positive,,,applied,structural|AB|inhibit|_|verbal,structural|inhibit,inhibit,AB,verbal,,clause,DEP-inhibit,sources,targets,nsubj,dobj,nsubj,obj,asserted,directed,0,1,0,0,dependency
bioinfer,BioInfer.d414.s0,stanza_craft+coref_d8af6679_0:rel:2,1,2,negative,positive,,,applied,structural|AB|inhibit|_|verbal,structural|inhibit,inhibit,AB,verbal,,clause,DEP-inhibit,sources,targets,conj,dobj,conj,obj,asserted,directed,1,1,0,0,dependency
bioinfer,BioInfer.d414.s0,stanza_craft+coref_d8af6679_0:rel:3,1,3,negative,positive,,,applied,structural|AB|inhibit|_|verbal,structural|inhibit,inhibit,AB,verbal,,clause,DEP-inhibit,sources,targets,conj,dobj,conj,obj,asserted,directed,0,1,0,0,dependency
bioinfer,BioInfer.d415.s0,stanza_craft+coref_3768c196_0:rel:0,1,2,positive,positive,,,applied,structural|AB|encode|_|verbal,structural|encode,encode,AB,verbal,,clause,DEP-encode,sources,targets,ROOT,dobj,root,obj,asserted,directed,0,0,0,0,dependency
bioinfer,BioInfer.d415.s0,stanza_craft+coref_3768c196_1:rel:0,2,3,positive,positive,,,applied,structural|AB|require|for|passive,structural|require,require,AB,passive,for,clause,DEP-require-passive,sources,targets,dobj,nmod:for,obj,obl,asserted,directed,1,1,0,0,dependency
bioinfer,BioInfer.d415.s0,stanza_craft+coref_3768c196_2:rel:0,0,1,negative,negative,,,review_only,relational|RELATIONAL|is-a|_|verbal,relational|RELATIONAL|is-a|_,,RELATIONAL,verbal,,clause,DEP-CopulaIsA,entities_a,entities_b,nsubj,ROOT,nsubj,root,asserted,relational,0,0,0,0,dependency
bioinfer,BioInfer.d417.s1,stanza_craft+coref_e1a18830_0:rel:0,0,1,positive,positive,,,applied,structural|AB|increase|_|passive,structural|increase,increase,AB,passive,,clause,DEP-increase-passive,sources,targets,nmod,nsubjpass,obl,nsubj:pass,asserted,directed,0,1,0,0,dependency
bioinfer,BioInfer.d419.s1,stanza_craft+coref_d462ce14_0:rel:0,0,1,negative,positive,,,applied,structural|AB|reverse|_|passive,structural|reverse,reverse,AB,passive,,clause,DEP-reverse-passive,sources,targets,nmod,conj,obl,conj,asserted,directed,1,1,0,0,dependency
bioinfer,BioInfer.d42.s0,stanza_craft+coref_899f8379_3:rel:0,4,5,positive,negative,,,not_applied,structural|AA|bind|of|nominalized,structural|bind,bind,AA,nominalized,of,clause,DEP-binding-nestedinner,participants,participants,nmod:of,nmod:of,nmod,nmod,negated,undirected,1,1,0,1,dependency
bioinfer,BioInfer.d421.s0,stanza_craft+coref_a9f4d3f8_2:rel:0,0,1,negative,negative,,,review_only,relational|RELATIONAL|is-a|_|verbal,relational|RELATIONAL|is-a|_,,RELATIONAL,verbal,,appositive,DEP-ParentheticalAlias,entities_a,entities_b,nmod,dep,nmod,dep,asserted,relational,0,0,0,0,dependency
bioinfer,BioInfer.d423.s0,stanza_craft+coref_2206f6e4_3:rel:0,0,1,negative,negative,,,review_only,relational|RELATIONAL|is-a|_|verbal,relational|RELATIONAL|is-a|_,,RELATIONAL,verbal,,appositive,DEP-ParentheticalAlias,entities_a,entities_b,dep,compound,dep,compound,asserted,relational,1,0,0,0,dependency
bioinfer,BioInfer.d423.s0,stanza_craft+coref_2206f6e4_4:rel:0,2,3,negative,negative,,,review_only,relational|RELATIONAL|is-a|_|verbal,relational|RELATIONAL|is-a|_,,RELATIONAL,verbal,,appositive,DEP-ParentheticalAlias,entities_a,entities_b,conj,dep,conj,dep,asserted,relational,0,0,0,0,dependency
bioinfer,BioInfer.d423.s0,stanza_craft+coref_2206f6e4_5:rel:0,4,5,negative,negative,,,review_only,relational|RELATIONAL|is-a|_|verbal,relational|RELATIONAL|is-a|_,,RELATIONAL,verbal,,appositive,DEP-ParentheticalAlias,entities_a,entities_b,dep,compound,dep,compound,asserted,relational,1,0,0,0,dependency
bioinfer,BioInfer.d423.s0,stanza_craft+coref_2206f6e4_6:rel:0,6,7,negative,negative,,,review_only,relational|RELATIONAL|is-a|_|verbal,relational|RELATIONAL|is-a|_,,RELATIONAL,verbal,,appositive,DEP-ParentheticalAlias,entities_a,entities_b,conj,dep,conj,dep,asserted,relational,0,0,0,0,dependency
bioinfer,BioInfer.d423.s0,stanza_craft+coref_2206f6e4_7:rel:0,9,10,negative,negative,,,review_only,relational|RELATIONAL|is-a|_|verbal,relational|RELATIONAL|is-a|_,,RELATIONAL,verbal,,appositive,DEP-ParentheticalAlias,entities_a,entities_b,conj,dep,conj,dep,asserted,relational,0,0,0,0,dependency
bioinfer,BioInfer.d424.s0,stanza_craft+coref_0aae8eb5_3:rel:0,0,1,negative,negative,,,review_only,relational|RELATIONAL|is-a|_|verbal,relational|RELATIONAL|is-a|_,,RELATIONAL,verbal,,appositive,DEP-ParentheticalAlias,entities_a,entities_b,nmod,dep,nmod,dep,asserted,relational,0,0,0,0,dependency
bioinfer,BioInfer.d424.s0,stanza_craft+coref_0aae8eb5_4:rel:0,2,3,negative,negative,,,review_only,relational|RELATIONAL|is-a|_|verbal,relational|RELATIONAL|is-a|_,,RELATIONAL,verbal,,appositive,DEP-ParentheticalAlias,entities_a,entities_b,conj,dep,conj,dep,asserted,relational,0,0,0,0,dependency
bioinfer,BioInfer.d424.s0,stanza_craft+coref_0aae8eb5_5:rel:0,4,5,negative,negative,,,review_only,relational|RELATIONAL|is-a|_|verbal,relational|RELATIONAL|is-a|_,,RELATIONAL,verbal,,appositive,DEP-ParentheticalAlias,entities_a,entities_b,conj,dep,conj,dep,asserted,relational,0,0,0,0,dependency
bioinfer,BioInfer.d425.s0,stanza_craft+coref_9c4f56c4_0:rel:0,0,1,positive,positive,,,applied,structural|AB|promote|_|verbal,structural|promote,promote,AB,verbal,,clause,DEP-promote,sources,targets,nsubj,dobj,nsubj,obj,asserted,directed,0,1,0,0,dependency
bioinfer,BioInfer.d425.s0,stanza_craft+coref_9c4f56c4_0:rel:1,0,2,positive,positive,,,applied,structural|AB|promote|_|verbal,structural|promote,promote,AB,verbal,,clause,DEP-promote,sources,targets,nsubj,dobj,nsubj,obj,asserted,directed,0,1,0,0,dependency
bioinfer,BioInfer.d425.s0,stanza_craft+coref_9c4f56c4_0:rel:2,0,3,positive,positive,,,applied,structural|AB|promote|_|verbal,structural|promote,promote,AB,verbal,,clause,DEP-promote,sources,targets,nsubj,conj,nsubj,conj,asserted,directed,0,1,0,0,dependency
bioinfer,BioInfer.d427.s0,stanza_craft+coref_77e17ead_0:rel:0,0,1,negative,positive,,,applied,structural|AB|fuse|to|passive,structural|fuse,fuse,AB,passive,to,clause,DEP-fuse-passive,sources,targets,nsubjpass,nmod:to,nsubj:pass,obl,asserted,directed,0,1,0,0,dependency
bioinfer,BioInfer.d427.s0,stanza_craft+coref_77e17ead_3:rel:0,3,4,negative,positive,,,applied,structural|AB|fuse|to|passive,structural|fuse,fuse,AB,passive,to,clause,DEP-fuse-passive,sources,targets,nmod,nmod:to,nmod,obl,asserted,directed,1,1,0,0,dependency
bioinfer,BioInfer.d427.s0,stanza_craft+coref_77e17ead_3:rel:1,3,5,negative,positive,,,applied,structural|AB|fuse|to|passive,structural|fuse,fuse,AB,passive,to,clause,DEP-fuse-passive,sources,targets,nmod,nmod:to,nmod,conj,asserted,directed,0,1,0,0,dependency
bioinfer,BioInfer.d429.s0,stanza_craft+coref_82d894fe_0:rel:0,0,2,positive,positive,,,applied,structural|AB|elucidate|_|verbal,structural|elucidate,elucidate,AB,verbal,,clause,DEP-elucidate,sources,targets,nsubj,dobj,nsubj,obj,asserted,directed,1,1,0,0,dependency
bioinfer,BioInfer.d429.s0,stanza_craft+coref_82d894fe_0:rel:1,1,2,positive,positive,,,applied,structural|AB|elucidate|_|verbal,structural|elucidate,elucidate,AB,verbal,,clause,DEP-elucidate,sources,targets,nsubj,dobj,nsubj,obj,asserted,directed,1,1,0,0,dependency
bioinfer,BioInfer.d429.s0,stanza_craft+coref_82d894fe_2:rel:0,0,1,positive,positive,,,applied,structural|AA|complex|_|compound_state,structural|complex,complex,AA,compound_state,,state_nominal,DEP-Complex,participants,participants,compound,compound,compound,compound,asserted,undirected,1,0,0,1,dependency
bioinfer,BioInfer.d429.s1,stanza_craft+coref_dc93b931_0:rel:0,0,1,positive,positive,,,applied,structural|AB|function|give|verbal,structural|function,function,AB,verbal,give,clause,DEP-function,sources,targets,nsubj,nmod:give,nsubj,obl,asserted,directed,0,1,0,0,dependency
bioinfer,BioInfer.d43.s0,stanza_craft+coref_fb6feaf8_0:rel:0,0,1,positive,negative,,,not_applied,structural|AB|co-localization|with|nominalized,structural|co-localization,co-localization,AB,nominalized,with,clause,DEP-co-localization-nestedinner-directed,sources,targets,nmod:of,nmod:with,nmod,nmod,negated,directed,1,1,0,1,dependency
bioinfer,BioInfer.d43.s1,stanza_craft+coref_a708c718_1:rel:0,0,1,positive,positive,,,applied,structural|AB|co-localize|with|verbal,structural|co-localize,co-localize,AB,verbal,with,clause,DEP-co-localize,sources,targets,nsubj,nmod:with,nsubj,obl,asserted,directed,1,1,0,0,dependency
bioinfer,BioInfer.d43.s2,stanza_craft+coref_9b51ac6f_0:rel:0,0,1,positive,positive,,,applied,structural|AB|co-localization|with|nominalized,structural|co-localization,co-localization,AB,nominalized,with,event_nominal,DEP-nom-co-localization,sources,targets,nmod:of,nmod:with,nmod,compound,asserted,directed,1,0,0,1,dependency
bioinfer,BioInfer.d43.s3,stanza_craft+coref_24c83bf1_1:rel:0,2,3,positive,positive,,,applied,structural|AB|co-localize|with|passive,structural|co-localize,co-localize,AB,passive,with,clause,DEP-co-localize-passive,sources,targets,nsubjpass,nmod:with,nsubj:pass,obl,asserted,directed,1,1,0,0,dependency
bioinfer,BioInfer.d430.s1,stanza_craft+coref_d1489a97_1:rel:0,0,3,negative,negative,,,review_only,relational|RELATIONAL|other|_|verbal,relational|RELATIONAL|other|_,other,RELATIONAL,verbal,,appositive,DEP-Apposition,entities_a,entities_b,nmod,appos,obl,appos,asserted,relational,0,1,0,0,dependency
bioinfer,BioInfer.d430.s1,stanza_craft+coref_d1489a97_1:rel:1,0,4,negative,negative,,,review_only,relational|RELATIONAL|other|_|verbal,relational|RELATIONAL|other|_,other,RELATIONAL,verbal,,appositive,DEP-Apposition,entities_a,entities_b,nmod,appos,obl,appos,asserted,relational,0,1,0,0,dependency
bioinfer,BioInfer.d430.s1,stanza_craft+coref_d1489a97_1:rel:2,0,5,negative,negative,,,review_only,relational|RELATIONAL|other|_|verbal,relational|RELATIONAL|other|_,other,RELATIONAL,verbal,,appositive,DEP-Apposition,entities_a,entities_b,nmod,appos,obl,appos,asserted,relational,0,1,0,0,dependency
bioinfer,BioInfer.d430.s1,stanza_craft+coref_d1489a97_2:rel:0,2,3,negative,negative,,,review_only,relational|RELATIONAL|identity|_|verbal,relational|RELATIONAL|identity|_,,RELATIONAL,verbal,,appositive,DEP-LooseIdentityCandidate,entities_a,entities_b,conj,nmod,conj,nmod,asserted,relational,0,0,0,0,dependency
bioinfer,BioInfer.d431.s0,stanza_craft+coref_98ca6899_0:rel:0,0,1,positive,positive,,,applied,structural|AB|regulate|_|verbal,structural|regulate,regulate,AB,verbal,,clause,DEP-regulate,sources,targets,ROOT,dobj,root,obj,asserted,directed,1,1,0,0,dependency
bioinfer,BioInfer.d433.s2,stanza_craft+coref_d3fa5f48_1:rel:0,0,1,positive,positive,,,applied,structural|AB|disrupt|_|verbal,structural|disrupt,disrupt,AB,verbal,,clause,DEP-disrupt,sources,targets,nsubj,dobj,nsubj,obj,asserted,directed,1,1,0,0,dependency
bioinfer,BioInfer.d433.s2,stanza_craft+coref_d3fa5f48_2:rel:0,0,2,negative,positive,,,applied,structural|AB|bind|to|verbal,structural|bind,bind,AB,verbal,to,clause,DEP-bind,sources,targets,nsubj,nmod:to,nsubj,obl,asserted,directed,1,1,0,0,dependency
bioinfer,BioInfer.d433.s2,stanza_craft+coref_d3fa5f48_4:rel:0,4,5,negative,negative,,,not_applied,structural|AA|bind|_|nominalized,structural|bind,bind,AA,nominalized,,clause,DEP-binding-nestedinner,participants,participants,compound,conj,compound,conj,asserted,undirected,1,0,0,1,dependency
bioinfer,BioInfer.d433.s2,stanza_craft+coref_d3fa5f48_5:rel:0,3,4,positive,negative,,,not_applied,structural|NESTED|analyze|for|nested,structural|NESTED|analyze|for,analyze,NESTED,nested,for,clause,DEP-analyze-nested,sources,targets:event_ref:stanza_craft+coref_d3fa5f48_4,nsubjpass,compound,nsubj:pass,compound,asserted,nested_review,1,1,0,0,dependency
bioinfer,BioInfer.d433.s2,stanza_craft+coref_d3fa5f48_5:rel:1,3,5,positive,negative,,,not_applied,structural|NESTED|analyze|for|nested,structural|NESTED|analyze|for,analyze,NESTED,nested,for,clause,DEP-analyze-nested,sources,targets:event_ref:stanza_craft+coref_d3fa5f48_4,nsubjpass,conj,nsubj:pass,conj,asserted,nested_review,1,1,0,0,dependency
bioinfer,BioInfer.d435.s0,stanza_craft+coref_c6c51d61_1:rel:0,0,3,positive,positive,,,applied,structural|AB|co-localize|with|verbal,structural|co-localize,co-localize,AB,verbal,with,clause,DEP-co-localize,sources,targets,nsubj,nmod:with,nsubj,obl,asserted,directed,1,1,0,0,dependency
bioinfer,BioInfer.d435.s0,stanza_craft+coref_c6c51d61_1:rel:1,1,3,positive,negative,,,not_selected,structural|AB|co-localize|with|verbal,structural|co-localize,co-localize,AB,verbal,with,clause,DEP-co-localize,sources,targets,conj,nmod:with,conj,obl,negated,directed,1,1,0,0,dependency
bioinfer,BioInfer.d435.s0,stanza_craft+coref_c6c51d61_1:rel:2,2,3,positive,negative,,,not_selected,structural|AB|co-localize|with|verbal,structural|co-localize,co-localize,AB,verbal,with,clause,DEP-co-localize,sources,targets,conj,nmod:with,conj,obl,negated,directed,1,1,0,0,dependency
bioinfer,BioInfer.d436.s0,stanza_craft+coref_b5e97e0c_0:rel:0,0,2,positive,positive,,,applied,structural|AB|stimulate|_|verbal,structural|stimulate,stimulate,AB,verbal,,clause,DEP-stimulate,sources,targets,nsubj,dobj,nsubj,obj,asserted,directed,1,1,0,0,dependency
bioinfer,BioInfer.d436.s0,stanza_craft+coref_b5e97e0c_0:rel:1,1,2,positive,positive,,,applied,structural|AB|stimulate|_|verbal,structural|stimulate,stimulate,AB,verbal,,clause,DEP-stimulate,sources,targets,nsubj,dobj,nsubj,obj,asserted,directed,1,1,0,0,dependency
bioinfer,BioInfer.d436.s0,stanza_craft+coref_b5e97e0c_3:rel:0,4,5,negative,negative,,,review_only,relational|RELATIONAL|is-a|_|verbal,relational|RELATIONAL|is-a|_,,RELATIONAL,verbal,,appositive,DEP-ParentheticalAlias,entities_a,entities_b,dep,compound,dep,compound,asserted,relational,1,0,0,0,dependency
bioinfer,BioInfer.d437.s1,stanza_craft+coref_1028dc1e_0:rel:0,0,1,positive,positive,,,applied,structural|AB|control|of|nominalized,structural|control,control,AB,nominalized,of,event_nominal,DEP-nom-control,sources,targets,nmod:by,nmod:of,nmod,compound,asserted,directed,1,0,0,1,dependency
bioinfer,BioInfer.d439.s0,stanza_craft+coref_7d8aacd9_1:rel:0,0,2,positive,positive,,,applied,structural|AB|link|_|verbal,structural|link,link,AB,verbal,,clause,DEP-link,sources,targets,nsubj,dobj,nsubj,obj,asserted,directed,0,1,0,0,dependency
bioinfer,BioInfer.d439.s0,stanza_craft+coref_7d8aacd9_1:rel:1,0,3,positive,positive,,,applied,structural|AB|link|_|verbal,structural|link,link,AB,verbal,,clause,DEP-link,sources,targets,nsubj,dobj,nsubj,obj,asserted,directed,0,1,0,0,dependency
bioinfer,BioInfer.d439.s0,stanza_craft+coref_7d8aacd9_2:rel:0,0,4,positive,positive,,,applied,structural|AB|interact|with|verbal,structural|interact,interact,AB,verbal,with,clause,DEP-interact,sources,targets,nsubj,nmod:with,nsubj,obl,asserted,directed,1,1,0,0,dependency
bioinfer,BioInfer.d44.s0,stanza_craft+coref_7755b87b_0:rel:0,0,7,negative,negative,,,not_applied,structural|AB|mimic|_|verbal,structural|mimic,mimic,AB,verbal,,clause,DEP-mimic,sources,targets,nsubj,dobj,nsubj,obj,negated,directed,0,1,0,0,dependency
bioinfer,BioInfer.d44.s0,stanza_craft+coref_7755b87b_0:rel:1,1,7,negative,negative,,,not_applied,structural|AB|mimic|_|verbal,structural|mimic,mimic,AB,verbal,,clause,DEP-mimic,sources,targets,nsubj,dobj,nsubj,obj,negated,directed,0,1,0,0,dependency
bioinfer,BioInfer.d44.s0,stanza_craft+coref_7755b87b_0:rel:2,2,7,negative,negative,,,not_applied,structural|AB|mimic|_|verbal,structural|mimic,mimic,AB,verbal,,clause,DEP-mimic,sources,targets,nsubj,dobj,nsubj,obj,negated,directed,1,1,0,0,dependency
bioinfer,BioInfer.d44.s0,stanza_craft+coref_7755b87b_0:rel:3,3,7,negative,negative,,,not_applied,structural|AB|mimic|_|verbal,structural|mimic,mimic,AB,verbal,,clause,DEP-mimic,sources,targets,conj,dobj,conj,obj,negated,directed,0,1,0,0,dependency
bioinfer,BioInfer.d44.s0,stanza_craft+coref_7755b87b_0:rel:4,4,7,negative,negative,,,not_applied,structural|AB|mimic|_|verbal,structural|mimic,mimic,AB,verbal,,clause,DEP-mimic,sources,targets,conj,dobj,conj,obj,negated,directed,0,1,0,0,dependency
bioinfer,BioInfer.d44.s0,stanza_craft+coref_7755b87b_0:rel:5,5,7,negative,negative,,,not_applied,structural|AB|mimic|_|verbal,structural|mimic,mimic,AB,verbal,,clause,DEP-mimic,sources,targets,conj,dobj,conj,obj,negated,directed,0,1,0,0,dependency
bioinfer,BioInfer.d44.s0,stanza_craft+coref_7755b87b_0:rel:6,6,7,negative,negative,,,not_applied,structural|AB|mimic|_|verbal,structural|mimic,mimic,AB,verbal,,clause,DEP-mimic,sources,targets,conj,dobj,conj,obj,negated,directed,0,1,0,0,dependency
bioinfer,BioInfer.d44.s0,stanza_craft+coref_7755b87b_3:rel:0,0,2,positive,negative,,,not_applied,structural|AB|activate|of|nominalized,structural|activate,activate,AB,nominalized,of,event_nominal,DEP-nom-activation-subject,sources,targets,nmod:by,nmod:of,compound,nmod,negated,directed,1,0,0,1,dependency
bioinfer,BioInfer.d44.s0,stanza_craft+coref_7755b87b_5:rel:0,0,1,positive,negative,,,review_only,relational|RELATIONAL|is-a|_|verbal,relational|RELATIONAL|is-a|_,,RELATIONAL,verbal,,appositive,DEP-ParentheticalAlias,entities_a,entities_b,nmod,dep,nmod,dep,asserted,relational,0,0,0,0,dependency
bioinfer,BioInfer.d44.s0,stanza_craft+coref_7755b87b_6:rel:0,3,4,positive,negative,,,review_only,relational|RELATIONAL|is-a|_|verbal,relational|RELATIONAL|is-a|_,,RELATIONAL,verbal,,appositive,DEP-ParentheticalAlias,entities_a,entities_b,nmod,dep,nmod,dep,asserted,relational,0,0,0,0,dependency
bioinfer,BioInfer.d44.s0,stanza_craft+coref_7755b87b_7:rel:0,5,6,positive,negative,,,review_only,relational|RELATIONAL|is-a|_|verbal,relational|RELATIONAL|is-a|_,,RELATIONAL,verbal,,appositive,DEP-ParentheticalAlias,entities_a,entities_b,conj,dep,conj,dep,asserted,relational,0,0,0,0,dependency
bioinfer,BioInfer.d441.s1,stanza_craft+coref_f8fa85f7_1:rel:0,0,2,positive,positive,,,applied,structural|AB|regulate|_|verbal,structural|regulate,regulate,AB,verbal,,clause,DEP-regulate,sources,targets,nsubj,dobj,nmod,obj,asserted,directed,1,1,0,0,dependency
bioinfer,BioInfer.d444.s0,stanza_craft+coref_1dd8c7f8_0:rel:0,0,3,positive,positive,,,applied,structural|AB|cause|_|verbal,structural|cause,cause,AB,verbal,,clause,DEP-cause,sources,targets,nsubj,conj,nsubj,conj,asserted,directed,1,1,0,0,dependency
bioinfer,BioInfer.d444.s0,stanza_craft+coref_1dd8c7f8_0:rel:1,1,3,positive,positive,,,applied,structural|AB|cause|_|verbal,structural|cause,cause,AB,verbal,,clause,DEP-cause,sources,targets,nsubj,conj,nsubj,conj,asserted,directed,1,1,0,0,dependency
bioinfer,BioInfer.d444.s0,stanza_craft+coref_1dd8c7f8_0:rel:2,2,3,negative,positive,,,applied,structural|AB|cause|_|verbal,structural|cause,cause,AB,verbal,,clause,DEP-cause,sources,targets,nsubj,conj,nsubj,conj,asserted,directed,1,1,0,0,dependency
bioinfer,BioInfer.d444.s0,stanza_craft+coref_1dd8c7f8_1:rel:0,0,2,positive,negative,,,review_only,relational|RELATIONAL|homolog|_|verbal,relational|RELATIONAL|homolog|_,homolog,RELATIONAL,verbal,,appositive,DEP-Apposition,entities_a,entities_b,nmod,appos,nmod,appos,asserted,relational,1,1,0,0,dependency
bioinfer,BioInfer.d444.s0,stanza_craft+coref_1dd8c7f8_2:rel:0,1,2,positive,negative,,,review_only,relational|RELATIONAL|identity|_|verbal,relational|RELATIONAL|identity|_,,RELATIONAL,verbal,,appositive,DEP-LooseIdentityCandidate,entities_a,entities_b,conj,compound,conj,compound,asserted,relational,1,0,0,0,dependency
bioinfer,BioInfer.d445.s0,stanza_craft+coref_4518ab05_1:rel:0,1,2,negative,positive,,,applied,structural|AA|combination|with|nominalized,structural|combination,combination,AA,nominalized,with,event_nominal,DEP-nom-combination-undirected,participants,participants,nmod:with,nmod:with,nmod,conj,asserted,undirected,0,0,0,1,dependency
bioinfer,BioInfer.d447.s0,stanza_craft+coref_5d157444_3:rel:0,2,3,positive,negative,,,not_applied,structural|AB|require|for|passive,structural|require,require,AB,passive,for,clause,DEP-require-passive,sources,targets,nsubjpass,nmod:for,nsubj:pass,obl,negated,directed,0,1,0,0,dependency
bioinfer,BioInfer.d448.s0,stanza_craft+coref_f2189d8b_0:rel:0,0,2,positive,positive,,,applied,structural|AB|carry|_|verbal,structural|carry,carry,AB,verbal,,clause,DEP-carry,sources,targets,nsubj,dobj,nsubj,obj,asserted,directed,0,1,0,0,dependency
bioinfer,BioInfer.d45.s0,stanza_craft+coref_3845c483_2:rel:0,2,3,positive,positive,,,applied,structural|AB|have|_|verbal,structural|have,have,AB,verbal,,clause,DEP-have,sources,targets,dobj,dobj,obj,obj,asserted,directed,1,1,0,0,dependency
bioinfer,BioInfer.d45.s1,stanza_craft+coref_ce57e166_3:rel:0,0,1,positive,positive,,,applied,structural|AB|exchange|_|nominalized,structural|exchange,exchange,AB,nominalized,,event_nominal,DEP-nom-exchange-subject,sources,targets,nmod:between,compound,nmod,compound,asserted,directed,1,0,0,1,dependency
bioinfer,BioInfer.d45.s2,stanza_craft+coref_5e1967a8_1:rel:0,0,1,positive,positive,,,applied,structural|AB|have|at|verbal,structural|have,have,AB,verbal,at,clause,DEP-have,sources,targets,nsubj,nmod:at,nsubj,obl,asserted,directed,1,1,0,0,dependency
bioinfer,BioInfer.d45.s2,stanza_craft+coref_5e1967a8_2:rel:0,2,3,positive,positive,,,applied,structural|AB|inhibit|_|verbal,structural|inhibit,inhibit,AB,verbal,,clause,DEP-inhibit,sources,targets,nsubj,dobj,nsubj,obj,asserted,directed,0,1,0,0,dependency
bioinfer,BioInfer.d45.s2,stanza_craft+coref_5e1967a8_4:rel:0,5,6,positive,positive,,,applied,structural|AB|form|with|nominalized,structural|form,form,AB,nominalized,with,event_nominal,DEP-nom-formation-subject,sources,targets,nmod:of,nmod:with,nmod,compound,asserted,directed,1,0,0,1,dependency
bioinfer,BioInfer.d450.s1,stanza_craft+coref_3aee0b6d_1:rel:0,1,3,positive,positive,,,applied,structural|AB|inhibit|_|verbal,structural|inhibit,inhibit,AB,verbal,,clause,DEP-inhibit,sources,targets,dobj,dobj,obj,obj,asserted,directed,1,1,0,0,dependency
bioinfer,BioInfer.d450.s1,stanza_craft+coref_3aee0b6d_1:rel:1,2,3,positive,positive,,,applied,structural|AB|inhibit|_|verbal,structural|inhibit,inhibit,AB,verbal,,clause,DEP-inhibit,sources,targets,dobj,dobj,obj,obj,asserted,directed,1,1,0,0,dependency
bioinfer,BioInfer.d451.s0,stanza_craft+coref_9f271589_1:rel:0,0,1,negative,positive,,,applied,structural|AA|interact|between|nominalized,structural|interact,interact,AA,nominalized,between,event_nominal,DEP-nom-interaction-subject-undirected,participants,participants,nmod:between,nmod:between,nmod,nmod,asserted,undirected,1,1,0,1,dependency
bioinfer,BioInfer.d451.s0,stanza_craft+coref_9f271589_1:rel:1,0,2,positive,positive,,,applied,structural|AA|interact|between|nominalized,structural|interact,interact,AA,nominalized,between,event_nominal,DEP-nom-interaction-subject-undirected,participants,participants,nmod:between,nmod:between,nmod,nmod,asserted,undirected,0,0,0,1,dependency
bioinfer,BioInfer.d451.s0,stanza_craft+coref_9f271589_1:rel:2,0,3,negative,positive,,,applied,structural|AA|interact|between|nominalized,structural|interact,interact,AA,nominalized,between,event_nominal,DEP-nom-interaction-subject-undirected,participants,participants,nmod:between,nmod:between,nmod,nmod,asserted,undirected,1,1,0,1,dependency
bioinfer,BioInfer.d451.s0,stanza_craft+coref_9f271589_1:rel:3,0,4,negative,positive,,,applied,structural|AA|interact|between|nominalized,structural|interact,interact,AA,nominalized,between,event_nominal,DEP-nom-interaction-subject-undirected,participants,participants,nmod:between,nmod:between,nmod,nmod,asserted,undirected,0,1,0,1,dependency
bioinfer,BioInfer.d451.s0,stanza_craft+coref_9f271589_1:rel:4,0,6,positive,positive,,,applied,structural|AA|interact|between|nominalized,structural|interact,interact,AA,nominalized,between,event_nominal,DEP-nom-interaction-subject-undirected,participants,participants,nmod:between,nmod:between,nmod,conj,asserted,undirected,0,0,0,1,dependency
bioinfer,BioInfer.d451.s0,stanza_craft+coref_9f271589_1:rel:5,0,7,negative,positive,,,applied,structural|AA|interact|between|nominalized,structural|interact,interact,AA,nominalized,between,event_nominal,DEP-nom-interaction-subject-undirected,participants,participants,nmod:between,nmod:between,nmod,conj,asserted,undirected,0,1,0,1,dependency
bioinfer,BioInfer.d451.s0,stanza_craft+coref_9f271589_1:rel:6,1,2,negative,positive,,,applied,structural|AA|interact|between|nominalized,structural|interact,interact,AA,nominalized,between,event_nominal,DEP-nom-interaction-subject-undirected,participants,participants,nmod:between,nmod:between,nmod,compound,asserted,undirected,1,1,0,1,dependency
bioinfer,BioInfer.d451.s0,stanza_craft+coref_9f271589_1:rel:7,1,3,negative,positive,,,applied,structural|AA|interact|between|nominalized,structural|interact,interact,AA,nominalized,between,event_nominal,DEP-nom-interaction-subject-undirected,participants,participants,nmod:between,nmod:between,nmod,compound,asserted,undirected,1,1,0,1,dependency
bioinfer,BioInfer.d451.s0,stanza_craft+coref_9f271589_1:rel:8,1,4,negative,positive,,,applied,structural|AA|interact|between|nominalized,structural|interact,interact,AA,nominalized,between,event_nominal,DEP-nom-interaction-subject-undirected,participants,participants,nmod:between,nmod:between,nmod,compound,asserted,undirected,1,1,0,1,dependency
bioinfer,BioInfer.d451.s0,stanza_craft+coref_9f271589_1:rel:9,2,3,positive,positive,,,applied,structural|AA|interact|between|nominalized,structural|interact,interact,AA,nominalized,between,event_nominal,DEP-nom-interaction-subject-undirected,participants,participants,nmod:between,nmod:between,nmod,compound,asserted,undirected,1,1,0,1,dependency
bioinfer,BioInfer.d451.s0,stanza_craft+coref_9f271589_1:rel:10,3,4,negative,positive,,,applied,structural|AA|interact|between|nominalized,structural|interact,interact,AA,nominalized,between,event_nominal,DEP-nom-interaction-subject-undirected,participants,participants,nmod:between,nmod:between,nmod,compound,asserted,undirected,1,1,0,1,dependency
bioinfer,BioInfer.d451.s0,stanza_craft+coref_9f271589_1:rel:11,2,4,positive,positive,,,applied,structural|AA|interact|between|nominalized,structural|interact,interact,AA,nominalized,between,event_nominal,DEP-nom-interaction-subject-undirected,participants,participants,nmod:between,nmod:between,nmod,conj,asserted,undirected,0,1,0,1,dependency
bioinfer,BioInfer.d451.s0,stanza_craft+coref_9f271589_1:rel:12,1,6,negative,positive,,,applied,structural|AA|interact|between|nominalized,structural|interact,interact,AA,nominalized,between,event_nominal,DEP-nom-interaction-subject-undirected,participants,participants,nmod:between,nmod:between,nmod,conj,asserted,undirected,1,1,0,1,dependency
bioinfer,BioInfer.d451.s0,stanza_craft+coref_9f271589_1:rel:13,1,7,negative,positive,,,applied,structural|AA|interact|between|nominalized,structural|interact,interact,AA,nominalized,between,event_nominal,DEP-nom-interaction-subject-undirected,participants,participants,nmod:between,nmod:between,nmod,conj,asserted,undirected,1,1,0,1,dependency
bioinfer,BioInfer.d451.s0,stanza_craft+coref_9f271589_1:rel:14,2,6,positive,positive,,,applied,structural|AA|interact|between|nominalized,structural|interact,interact,AA,nominalized,between,event_nominal,DEP-nom-interaction-subject-undirected,participants,participants,nmod:between,nmod:between,nmod,conj,asserted,undirected,0,0,0,1,dependency
bioinfer,BioInfer.d451.s0,stanza_craft+coref_9f271589_1:rel:15,2,7,negative,positive,,,applied,structural|AA|interact|between|nominalized,structural|interact,interact,AA,nominalized,between,event_nominal,DEP-nom-interaction-subject-undirected,participants,participants,nmod:between,nmod:between,nmod,conj,asserted,undirected,0,1,0,1,dependency
bioinfer,BioInfer.d451.s0,stanza_craft+coref_9f271589_1:rel:16,3,6,negative,positive,,,applied,structural|AA|interact|between|nominalized,structural|interact,interact,AA,nominalized,between,event_nominal,DEP-nom-interaction-subject-undirected,participants,participants,nmod:between,nmod:between,nmod,conj,asserted,undirected,1,1,0,1,dependency
bioinfer,BioInfer.d451.s0,stanza_craft+coref_9f271589_1:rel:17,3,7,negative,positive,,,applied,structural|AA|interact|between|nominalized,structural|interact,interact,AA,nominalized,between,event_nominal,DEP-nom-interaction-subject-undirected,participants,participants,nmod:between,nmod:between,nmod,conj,asserted,undirected,1,1,0,1,dependency
bioinfer,BioInfer.d451.s0,stanza_craft+coref_9f271589_1:rel:18,4,6,negative,positive,,,applied,structural|AA|interact|between|nominalized,structural|interact,interact,AA,nominalized,between,event_nominal,DEP-nom-interaction-subject-undirected,participants,participants,nmod:between,nmod:between,nmod,conj,asserted,undirected,0,1,0,1,dependency
bioinfer,BioInfer.d451.s0,stanza_craft+coref_9f271589_1:rel:19,4,7,negative,positive,,,applied,structural|AA|interact|between|nominalized,structural|interact,interact,AA,nominalized,between,event_nominal,DEP-nom-interaction-subject-undirected,participants,participants,nmod:between,nmod:between,nmod,conj,asserted,undirected,0,1,0,1,dependency
bioinfer,BioInfer.d451.s0,stanza_craft+coref_9f271589_1:rel:20,6,7,positive,negative,,,not_selected,structural|AA|interact|between|nominalized,structural|interact,interact,AA,nominalized,between,event_nominal,DEP-nom-interaction-subject-undirected,participants,participants,nmod:between,nmod:between,conj,conj,asserted,undirected,0,1,0,1,dependency
bioinfer,BioInfer.d451.s0,stanza_craft+coref_9f271589_2:rel:0,0,5,positive,negative,,,review_only,relational|RELATIONAL|regulator|_|nominalized,relational|RELATIONAL|regulator|_,regulator,RELATIONAL,nominalized,,appositive,DEP-Apposition,entities_a,entities_b,nmod,appos,nmod,appos,asserted,relational,0,1,0,1,dependency
bioinfer,BioInfer.d452.s0,stanza_craft+coref_f85feebb_1:rel:0,0,1,negative,positive,,,applied,structural|AB|regulator|through|nominalized,structural|regulator,regulator,AB,nominalized,through,event_nominal,DEP-nom-regulator,sources,targets,nmod:of,nmod:through,compound,nmod,asserted,directed,1,0,0,1,dependency
bioinfer,BioInfer.d452.s0,stanza_craft+coref_f85feebb_1:rel:1,0,2,positive,positive,,,applied,structural|AB|regulator|through|nominalized,structural|regulator,regulator,AB,nominalized,through,event_nominal,DEP-nom-regulator,sources,targets,nmod:of,nmod:through,compound,conj,asserted,directed,1,0,0,1,dependency
bioinfer,BioInfer.d452.s0,stanza_craft+coref_f85feebb_1:rel:2,0,3,positive,positive,,,applied,structural|AB|regulator|through|nominalized,structural|regulator,regulator,AB,nominalized,through,event_nominal,DEP-nom-regulator,sources,targets,nmod:of,nmod:through,compound,conj,asserted,directed,1,0,0,1,dependency
bioinfer,BioInfer.d452.s0,stanza_craft+coref_f85feebb_2:rel:0,1,2,positive,positive,,,applied,structural|AA|associate|with|nominalized,structural|associate,associate,AA,nominalized,with,event_nominal,DEP-nom-association-undirected,participants,participants,nmod:with,nmod:with,nmod,conj,asserted,undirected,0,0,0,1,dependency
bioinfer,BioInfer.d452.s0,stanza_craft+coref_f85feebb_2:rel:1,1,3,positive,positive,,,applied,structural|AA|associate|with|nominalized,structural|associate,associate,AA,nominalized,with,event_nominal,DEP-nom-association-undirected,participants,participants,nmod:with,nmod:with,nmod,conj,asserted,undirected,0,0,0,1,dependency
bioinfer,BioInfer.d452.s0,stanza_craft+coref_f85feebb_2:rel:2,2,3,negative,positive,,,applied,structural|AA|associate|with|nominalized,structural|associate,associate,AA,nominalized,with,event_nominal,DEP-nom-association-undirected,participants,participants,nmod:with,nmod:with,conj,conj,asserted,undirected,0,0,0,1,dependency
bioinfer,BioInfer.d455.s0,stanza_craft+coref_e6b16f2d_0:rel:0,0,2,positive,positive,,,applied,structural|AB|involve|in|passive,structural|involve,involve,AB,passive,in,clause,DEP-involve-passive,sources,targets,nsubjpass,nmod:in,nsubj:pass,obl,asserted,directed,0,1,0,0,dependency
bioinfer,BioInfer.d455.s0,stanza_craft+coref_e6b16f2d_0:rel:1,1,2,positive,positive,,,applied,structural|AB|involve|in|passive,structural|involve,involve,AB,passive,in,clause,DEP-involve-passive,sources,targets,nsubjpass,nmod:in,nsubj:pass,obl,asserted,directed,0,1,0,0,dependency
bioinfer,BioInfer.d456.s0,stanza_craft+coref_9307bc34_1:rel:0,1,3,negative,negative,,,not_applied,structural|AB|mimic|_|verbal,structural|mimic,mimic,AB,verbal,,clause,DEP-mimic,sources,targets,nsubj,dobj,nsubj,obj,uncertain,directed,1,1,0,0,dependency
bioinfer,BioInfer.d456.s0,stanza_craft+coref_9307bc34_1:rel:1,1,4,negative,negative,,,not_applied,structural|AB|mimic|_|verbal,structural|mimic,mimic,AB,verbal,,clause,DEP-mimic,sources,targets,nsubj,dobj,nsubj,obj,uncertain,directed,1,1,0,0,dependency
bioinfer,BioInfer.d456.s0,stanza_craft+coref_9307bc34_1:rel:2,2,3,negative,negative,,,not_applied,structural|AB|mimic|_|verbal,structural|mimic,mimic,AB,verbal,,clause,DEP-mimic,sources,targets,nsubj,dobj,nsubj,obj,uncertain,directed,0,1,0,0,dependency
bioinfer,BioInfer.d456.s0,stanza_craft+coref_9307bc34_1:rel:3,2,4,negative,negative,,,not_applied,structural|AB|mimic|_|verbal,structural|mimic,mimic,AB,verbal,,clause,DEP-mimic,sources,targets,nsubj,dobj,nsubj,obj,uncertain,directed,0,1,0,0,dependency
bioinfer,BioInfer.d456.s0,stanza_craft+coref_9307bc34_3:rel:0,1,7,negative,negative,,,not_applied,structural|AB|induce|_|verbal,structural|induce,induce,AB,verbal,,clause,DEP-induce,sources,targets,nsubj,dobj,nsubj,obj,uncertain,directed,1,1,0,0,dependency
bioinfer,BioInfer.d456.s0,stanza_craft+coref_9307bc34_3:rel:1,2,7,positive,negative,,,not_applied,structural|AB|induce|_|verbal,structural|induce,induce,AB,verbal,,clause,DEP-induce,sources,targets,nsubj,dobj,nsubj,obj,uncertain,directed,1,1,0,0,dependency
bioinfer,BioInfer.d456.s0,stanza_craft+coref_9307bc34_3:rel:2,1,8,negative,negative,,,not_applied,structural|AB|induce|_|verbal,structural|induce,induce,AB,verbal,,clause,DEP-induce,sources,targets,nsubj,conj,nsubj,conj,uncertain,directed,1,1,0,0,dependency
bioinfer,BioInfer.d456.s0,stanza_craft+coref_9307bc34_3:rel:3,2,8,positive,negative,,,not_applied,structural|AB|induce|_|verbal,structural|induce,induce,AB,verbal,,clause,DEP-induce,sources,targets,nsubj,conj,nsubj,conj,uncertain,directed,1,1,0,0,dependency
bioinfer,BioInfer.d456.s0,stanza_craft+coref_9307bc34_5:rel:0,0,1,negative,negative,,,review_only,relational|RELATIONAL|is-a|_|verbal,relational|RELATIONAL|is-a|_,,RELATIONAL,verbal,,appositive,DEP-ParentheticalAlias,entities_a,entities_b,dep,compound,dep,compound,uncertain,relational,1,0,0,0,dependency
bioinfer,BioInfer.d456.s0,stanza_craft+coref_9307bc34_6:rel:0,3,4,negative,negative,,,review_only,relational|RELATIONAL|is-a|_|verbal,relational|RELATIONAL|is-a|_,,RELATIONAL,verbal,,appositive,DEP-ParentheticalAlias,entities_a,entities_b,nmod,dep,nmod,dep,uncertain,relational,0,0,0,0,dependency
bioinfer,BioInfer.d456.s0,stanza_craft+coref_9307bc34_7:rel:0,5,6,negative,negative,,,review_only,relational|RELATIONAL|is-a|_|verbal,relational|RELATIONAL|is-a|_,,RELATIONAL,verbal,,appositive,DEP-ParentheticalAlias,entities_a,entities_b,nmod,dep,obl,dep,uncertain,relational,0,0,0,0,dependency
bioinfer,BioInfer.d457.s0,stanza_craft+coref_de6f1f01_0:rel:0,2,3,negative,negative,,,review_only,relational|RELATIONAL|is-a|_|verbal,relational|RELATIONAL|is-a|_,,RELATIONAL,verbal,,appositive,DEP-ParentheticalAlias,entities_a,entities_b,conj,dep,conj,dep,asserted,relational,0,0,0,0,dependency
bioinfer,BioInfer.d458.s0,stanza_craft+coref_41dd9910_2:rel:0,2,4,negative,positive,,,applied,structural|AB|release|despite|passive,structural|release,release,AB,passive,despite,clause,DEP-release-passive,sources,targets,nsubjpass,nmod:despite,nsubj:pass,obl,asserted,directed,1,1,0,0,dependency
bioinfer,BioInfer.d458.s0,stanza_craft+coref_41dd9910_2:rel:1,3,4,negative,positive,,,applied,structural|AB|release|despite|passive,structural|release,release,AB,passive,despite,clause,DEP-release-passive,sources,targets,nsubjpass,nmod:despite,nsubj:pass,obl,asserted,directed,0,1,0,0,dependency
bioinfer,BioInfer.d459.s0,stanza_craft+coref_ffb757f7_2:rel:0,1,2,positive,positive,,,applied,structural|AB|bind|to|verbal,structural|bind,bind,AB,verbal,to,clause,DEP-bind,sources,targets,nsubjpass,nmod:to,nsubj:pass,obl,asserted,directed,1,1,0,0,dependency
bioinfer,BioInfer.d461.s0,stanza_craft+coref_0e43f877_1:rel:0,0,2,positive,positive,,,applied,structural|AB|bind|to|verbal,structural|bind,bind,AB,verbal,to,clause,DEP-bind,sources,targets,nsubj,nmod:to,nsubj,obl,asserted,directed,1,1,0,0,dependency
bioinfer,BioInfer.d461.s0,stanza_craft+coref_0e43f877_1:rel:1,0,3,positive,positive,,,applied,structural|AB|bind|to|verbal,structural|bind,bind,AB,verbal,to,clause,DEP-bind,sources,targets,nsubj,nmod:to,nsubj,obl,asserted,directed,0,1,0,0,dependency
bioinfer,BioInfer.d461.s0,stanza_craft+coref_0e43f877_2:rel:0,5,6,positive,positive,,,applied,structural|AB|bind|to|verbal,structural|bind,bind,AB,verbal,to,clause,DEP-bind,sources,targets,nsubj,nmod:to,nsubj,obl,asserted,directed,1,1,0,0,dependency
bioinfer,BioInfer.d461.s0,stanza_craft+coref_0e43f877_2:rel:1,5,7,negative,positive,,,applied,structural|AB|bind|to|verbal,structural|bind,bind,AB,verbal,to,clause,DEP-bind,sources,targets,nsubj,nmod:to,nsubj,obl,asserted,directed,0,0,0,0,dependency
bioinfer,BioInfer.d461.s0,stanza_craft+coref_0e43f877_6:rel:0,0,1,negative,negative,,,review_only,relational|RELATIONAL|is-a|_|verbal,relational|RELATIONAL|is-a|_,,RELATIONAL,verbal,,appositive,DEP-AliasPhrase,entities_a,entities_b,appos,xcomp,appos,xcomp,asserted,relational,0,0,0,0,dependency
bioinfer,BioInfer.d462.s0,stanza_craft+coref_820b42a5_4:rel:0,1,2,positive,negative,,,review_only,relational|RELATIONAL|is-a|_|verbal,relational|RELATIONAL|is-a|_,,RELATIONAL,verbal,,appositive,DEP-Apposition,entities_a,entities_b,dobj,appos,obj,appos,asserted,relational,0,0,0,0,dependency
bioinfer,BioInfer.d463.s0,stanza_craft+coref_c9423a4a_1:rel:0,0,1,positive,negative,,,review_only,relational|RELATIONAL|is-a|_|verbal,relational|RELATIONAL|is-a|_,,RELATIONAL,verbal,,appositive,DEP-Apposition,entities_a,entities_b,ROOT,dep,root,dep,asserted,relational,0,0,0,0,dependency
bioinfer,BioInfer.d465.s0,stanza_craft+coref_addd5f1d_3:rel:0,4,5,negative,negative,,,review_only,relational|RELATIONAL|is-a|_|verbal,relational|RELATIONAL|is-a|_,,RELATIONAL,verbal,,appositive,DEP-ParentheticalAlias,entities_a,entities_b,conj,dep,conj,dep,asserted,relational,0,0,0,0,dependency
bioinfer,BioInfer.d465.s0,stanza_craft+coref_addd5f1d_4:rel:0,6,7,negative,negative,,,review_only,relational|RELATIONAL|is-a|_|verbal,relational|RELATIONAL|is-a|_,,RELATIONAL,verbal,,appositive,DEP-ParentheticalAlias,entities_a,entities_b,conj,dep,conj,dep,asserted,relational,0,0,0,0,dependency
bioinfer,BioInfer.d465.s1,stanza_craft+coref_d5fc1871_0:rel:0,0,1,negative,negative,,,review_only,relational|RELATIONAL|is-a|_|verbal,relational|RELATIONAL|is-a|_,,RELATIONAL,verbal,,appositive,DEP-Apposition,entities_a,entities_b,nsubj,appos,nsubj,appos,asserted,relational,0,1,0,0,dependency
bioinfer,BioInfer.d465.s1,stanza_craft+coref_d5fc1871_0:rel:1,0,2,negative,negative,,,review_only,relational|RELATIONAL|is-a|_|verbal,relational|RELATIONAL|is-a|_,,RELATIONAL,verbal,,appositive,DEP-Apposition,entities_a,entities_b,nsubj,appos,nsubj,appos,asserted,relational,0,1,0,0,dependency
bioinfer,BioInfer.d465.s1,stanza_craft+coref_d5fc1871_0:rel:2,0,3,negative,negative,,,review_only,relational|RELATIONAL|is-a|_|verbal,relational|RELATIONAL|is-a|_,,RELATIONAL,verbal,,appositive,DEP-Apposition,entities_a,entities_b,nsubj,appos,nsubj,appos,asserted,relational,0,1,0,0,dependency
bioinfer,BioInfer.d465.s1,stanza_craft+coref_d5fc1871_1:rel:0,4,5,negative,negative,,,review_only,relational|RELATIONAL|is-a|_|verbal,relational|RELATIONAL|is-a|_,,RELATIONAL,verbal,,appositive,DEP-ParentheticalAlias,entities_a,entities_b,nmod,dep,nmod,dep,asserted,relational,0,0,0,0,dependency
bioinfer,BioInfer.d466.s0,stanza_craft+coref_df1d75f5_0:rel:0,0,2,negative,positive,,,applied,structural|AB|mediate|_|verbal,structural|mediate,mediate,AB,verbal,,clause,DEP-mediate,sources,targets,nsubj,dobj,nsubj,obj,asserted,directed,1,1,0,0,dependency
bioinfer,BioInfer.d466.s0,stanza_craft+coref_df1d75f5_0:rel:1,1,2,negative,positive,,,applied,structural|AB|mediate|_|verbal,structural|mediate,mediate,AB,verbal,,clause,DEP-mediate,sources,targets,nsubj,dobj,nsubj,obj,asserted,directed,1,1,0,0,dependency
bioinfer,BioInfer.d467.s0,stanza_craft+coref_81ed7c6f_1:rel:0,0,1,positive,positive,,,applied,structural|AB|bind|patient|verbal,structural|bind,bind,AB,verbal,patient,clause,DEP-hyphen-participle-active-bind,sources,targets,appos,amod:patient,nmod,dep,asserted,directed,0,0,0,0,dependency
bioinfer,BioInfer.d467.s0,stanza_craft+coref_81ed7c6f_2:rel:0,0,1,positive,positive,,,review_only,relational|RELATIONAL|identity|_|verbal,relational|RELATIONAL|identity|_,,RELATIONAL,verbal,,appositive,DEP-LooseIdentityCandidate,entities_a,entities_b,nmod,dep,nmod,dep,asserted,relational,0,0,0,0,dependency
bioinfer,BioInfer.d469.s0,stanza_craft+coref_be969a82_0:rel:0,0,4,negative,positive,,,applied,relational|RELATIONAL|target|_|nominalized,relational|RELATIONAL|target|_,target,RELATIONAL,nominalized,,clause,DEP-CopulaIsA,entities_a,entities_b,nsubj,ROOT,nsubj,root,asserted,relational,0,1,0,1,dependency
bioinfer,BioInfer.d469.s0,stanza_craft+coref_be969a82_0:rel:1,0,5,negative,positive,,,applied,relational|RELATIONAL|target|_|nominalized,relational|RELATIONAL|target|_,target,RELATIONAL,nominalized,,clause,DEP-CopulaIsA,entities_a,entities_b,nsubj,ROOT,nsubj,root,asserted,relational,1,1,0,1,dependency
bioinfer,BioInfer.d469.s0,stanza_craft+coref_be969a82_0:rel:2,1,4,positive,positive,,,applied,relational|RELATIONAL|target|_|nominalized,relational|RELATIONAL|target|_,target,RELATIONAL,nominalized,,clause,DEP-CopulaIsA,entities_a,entities_b,nsubj,ROOT,nsubj,root,asserted,relational,0,1,0,1,dependency
bioinfer,BioInfer.d469.s0,stanza_craft+coref_be969a82_0:rel:3,1,5,positive,positive,,,applied,relational|RELATIONAL|target|_|nominalized,relational|RELATIONAL|target|_,target,RELATIONAL,nominalized,,clause,DEP-CopulaIsA,entities_a,entities_b,nsubj,ROOT,nsubj,root,asserted,relational,1,1,0,1,dependency
bioinfer,BioInfer.d469.s0,stanza_craft+coref_be969a82_0:rel:4,2,4,positive,positive,,,applied,relational|RELATIONAL|target|_|nominalized,relational|RELATIONAL|target|_,target,RELATIONAL,nominalized,,clause,DEP-CopulaIsA,entities_a,entities_b,nsubj,ROOT,nsubj,root,asserted,relational,0,1,0,1,dependency
bioinfer,BioInfer.d469.s0,stanza_craft+coref_be969a82_0:rel:5,2,5,positive,positive,,,applied,relational|RELATIONAL|target|_|nominalized,relational|RELATIONAL|target|_,target,RELATIONAL,nominalized,,clause,DEP-CopulaIsA,entities_a,entities_b,nsubj,ROOT,nsubj,root,asserted,relational,1,1,0,1,dependency
bioinfer,BioInfer.d469.s0,stanza_craft+coref_be969a82_0:rel:6,3,4,positive,positive,,,applied,relational|RELATIONAL|target|_|nominalized,relational|RELATIONAL|target|_,target,RELATIONAL,nominalized,,clause,DEP-CopulaIsA,entities_a,entities_b,nsubj,ROOT,nsubj,root,asserted,relational,0,1,0,1,dependency
bioinfer,BioInfer.d469.s0,stanza_craft+coref_be969a82_0:rel:7,3,5,positive,positive,,,applied,relational|RELATIONAL|target|_|nominalized,relational|RELATIONAL|target|_,target,RELATIONAL,nominalized,,clause,DEP-CopulaIsA,entities_a,entities_b,nsubj,ROOT,nsubj,root,asserted,relational,1,1,0,1,dependency
bioinfer,BioInfer.d469.s0,stanza_craft+coref_be969a82_1:rel:0,4,5,negative,negative,,,review_only,relational|RELATIONAL|is-a|_|verbal,relational|RELATIONAL|is-a|_,,RELATIONAL,verbal,,appositive,DEP-ParentheticalAlias,entities_a,entities_b,dep,compound,dep,compound,asserted,relational,1,0,0,0,dependency
bioinfer,BioInfer.d47.s0,stanza_craft+coref_acaabff5_2:rel:0,0,1,positive,positive,,,applied,structural|AB|sequester|_|verbal,structural|sequester,sequester,AB,verbal,,clause,DEP-sequester,sources,targets,nsubj,dobj,nsubj,obj,asserted,directed,1,1,0,0,dependency
bioinfer,BioInfer.d47.s0,stanza_craft+coref_acaabff5_4:rel:0,2,3,positive,positive,,,applied,structural|AB|affinity|for|nominalized,structural|affinity,affinity,AB,nominalized,for,event_nominal,DEP-nom-affinity-subject,sources,targets,nmod:of,nmod:for,nmod,nmod,asserted,directed,0,0,0,1,dependency
bioinfer,BioInfer.d47.s1,stanza_craft+coref_459c24f7_0:rel:0,0,1,positive,positive,,,applied,structural|AB|inhibit|_|verbal,structural|inhibit,inhibit,AB,verbal,,clause,DEP-inhibit,sources,targets,nsubj,dobj,nsubj,obj,asserted,directed,0,0,0,0,dependency
bioinfer,BioInfer.d47.s1,stanza_craft+coref_459c24f7_1:rel:0,0,2,positive,positive,,,applied,structural|AB|enhance|_|verbal,structural|enhance,enhance,AB,verbal,,clause,DEP-enhance,sources,targets,nsubj,dobj,nsubj,obj,asserted,directed,0,1,0,0,dependency
bioinfer,BioInfer.d47.s1,stanza_craft+coref_459c24f7_4:rel:0,3,4,positive,negative,,,review_only,relational|RELATIONAL|agent|_|verbal,relational|RELATIONAL|agent|_,agent,RELATIONAL,verbal,,clause,DEP-CopulaIsA,entities_a,entities_b,nsubj,ccomp,nsubj,ccomp,uncertain,relational,1,1,0,0,dependency
bioinfer,BioInfer.d470.s0,stanza_craft+coref_a727cec7_0:rel:0,0,1,negative,positive,,,applied,structural|AB|exhibit|_|verbal,structural|exhibit,exhibit,AB,verbal,,clause,DEP-exhibit,sources,targets,nsubj,dobj,nsubj,obj,asserted,directed,1,1,1,0,dependency
bioinfer,BioInfer.d470.s0,stanza_craft+coref_a727cec7_0:rel:1,0,2,negative,positive,,,applied,structural|AB|exhibit|_|verbal,structural|exhibit,exhibit,AB,verbal,,clause,DEP-exhibit,sources,targets,nsubj,dobj,nsubj,obj,asserted,directed,0,1,1,0,dependency
bioinfer,BioInfer.d470.s0,stanza_craft+coref_a727cec7_0:rel:2,0,3,negative,negative,,,not_selected,structural|AB|exhibit|without|verbal,structural|exhibit,exhibit,AB,verbal,without,clause,DEP-exhibit,sources,targets,nsubj,nmod:without,nsubj,obl,negated,directed,0,1,1,0,dependency
bioinfer,BioInfer.d470.s0,stanza_craft+coref_a727cec7_2:rel:0,1,2,negative,negative,,,review_only,relational|RELATIONAL|is-a|_|verbal,relational|RELATIONAL|is-a|_,,RELATIONAL,verbal,,appositive,DEP-Apposition,entities_a,entities_b,nmod,dep,nmod,dep,asserted,relational,1,1,0,0,dependency
bioinfer,BioInfer.d471.s1,stanza_craft+coref_e47e8afe_0:rel:0,0,1,positive,positive,,,applied,structural|AB|complex|with|passive,structural|complex,complex,AB,passive,with,clause,DEP-complex-passive,sources,targets,nsubjpass,nmod:with,nsubj:pass,obl,asserted,directed,1,1,0,0,dependency
bioinfer,BioInfer.d471.s2,stanza_craft+coref_cfaa7510_0:rel:0,0,1,positive,positive,,,applied,structural|AB|bind|to|passive,structural|bind,bind,AB,passive,to,clause,DEP-bind-passive,sources,targets,nsubjpass,nmod:to,nsubj:pass,obl,asserted,directed,0,1,0,0,dependency
bioinfer,BioInfer.d471.s3,stanza_craft+coref_6641e7a6_3:rel:0,1,2,negative,positive,,,applied,structural|AA|complex|_|compound_state,structural|complex,complex,AA,compound_state,,state_nominal,DEP-Complex,participants,participants,conj,conj,conj,conj,asserted,undirected,1,1,0,1,dependency
bioinfer,BioInfer.d471.s3,stanza_craft+coref_6641e7a6_3:rel:1,1,3,negative,positive,,,applied,structural|AA|complex|_|compound_state,structural|complex,complex,AA,compound_state,,state_nominal,DEP-Complex,participants,participants,conj,conj,conj,conj,asserted,undirected,1,1,0,1,dependency
bioinfer,BioInfer.d471.s3,stanza_craft+coref_6641e7a6_3:rel:2,2,3,positive,positive,,,applied,structural|AA|complex|_|compound_state,structural|complex,complex,AA,compound_state,,state_nominal,DEP-Complex,participants,participants,conj,conj,conj,conj,asserted,undirected,1,1,0,1,dependency
bioinfer,BioInfer.d472.s0,stanza_craft+coref_9f90dd2a_4:rel:0,1,2,positive,positive,,,applied,structural|AB|regulate|_|verbal,structural|regulate,regulate,AB,verbal,,clause,DEP-regulate,sources,targets,nsubjpass,conj,nsubj:pass,conj,asserted,directed,1,1,0,0,dependency
bioinfer,BioInfer.d473.s0,stanza_craft+coref_5543cd93_1:rel:0,0,2,positive,positive,,,applied,structural|AB|regulate|_|verbal,structural|regulate,regulate,AB,verbal,,clause,DEP-regulate,sources,targets,nsubj,conj,nsubj,conj,asserted,directed,1,1,0,0,dependency
bioinfer,BioInfer.d473.s0,stanza_craft+coref_5543cd93_1:rel:1,0,3,positive,positive,,,applied,structural|AB|regulate|_|verbal,structural|regulate,regulate,AB,verbal,,clause,DEP-regulate,sources,targets,nsubj,conj,nsubj,conj,asserted,directed,1,1,0,0,dependency
bioinfer,BioInfer.d474.s0,stanza_craft+coref_fcbe257c_0:rel:0,0,1,positive,positive,,,applied,structural|AB|interact|with|verbal,structural|interact,interact,AB,verbal,with,clause,DEP-interact,sources,targets,nsubj,nmod:with,nsubj,obl,asserted,directed,0,0,0,0,dependency
bioinfer,BioInfer.d474.s0,stanza_craft+coref_fcbe257c_0:rel:1,0,2,positive,positive,,,applied,structural|AB|interact|with|verbal,structural|interact,interact,AB,verbal,with,clause,DEP-interact,sources,targets,nsubj,nmod:with,nsubj,conj,asserted,directed,0,0,0,0,dependency
bioinfer,BioInfer.d475.s0,stanza_craft+coref_f0bf0704_1:rel:0,1,2,negative,negative,,,review_only,relational|RELATIONAL|is-a|_|verbal,relational|RELATIONAL|is-a|_,,RELATIONAL,verbal,,appositive,DEP-Apposition,entities_a,entities_b,nmod,appos,nmod,appos,asserted,relational,1,1,0,0,dependency
bioinfer,BioInfer.d475.s0,stanza_craft+coref_f0bf0704_1:rel:1,2,3,negative,negative,,,review_only,relational|RELATIONAL|is-a|_|verbal,relational|RELATIONAL|is-a|_,,RELATIONAL,verbal,,appositive,DEP-Apposition,entities_a,entities_b,nmod,appos,nmod,appos,asserted,relational,0,1,0,0,dependency
bioinfer,BioInfer.d476.s0,stanza_craft+coref_b0315831_2:rel:0,0,1,positive,negative,,,review_only,relational|RELATIONAL|domain|_|verbal,relational|RELATIONAL|domain|_,domain,RELATIONAL,verbal,,appositive,DEP-NominalAlias,entities_a,entities_b,dobj,nmod,obj,nmod,asserted,relational,1,1,0,0,dependency
bioinfer,BioInfer.d477.s0,stanza_craft+coref_326e9981_0:rel:0,0,1,positive,positive,,,applied,structural|AB|stimulate|_|verbal,structural|stimulate,stimulate,AB,verbal,,clause,DEP-stimulate,sources,targets,nsubj,dobj,nsubj,obj,asserted,directed,1,1,0,0,dependency
bioinfer,BioInfer.d478.s0,stanza_craft+coref_018e1acf_1:rel:0,1,2,positive,negative,,,review_only,relational|RELATIONAL|is-a|_|verbal,relational|RELATIONAL|is-a|_,,RELATIONAL,verbal,,appositive,DEP-ParentheticalAlias,entities_a,entities_b,conj,dep,conj,dep,asserted,relational,0,0,0,0,dependency
bioinfer,BioInfer.d479.s0,stanza_craft+coref_2cc9e780_1:rel:0,0,4,positive,positive,,,applied,structural|AB|inhibit|_|verbal,structural|inhibit,inhibit,AB,verbal,,clause,DEP-inhibit,sources,targets,nsubj,dobj,nsubj,obj,asserted,directed,0,1,0,0,dependency
bioinfer,BioInfer.d479.s0,stanza_craft+coref_2cc9e780_1:rel:1,0,5,positive,positive,,,applied,structural|AB|inhibit|_|verbal,structural|inhibit,inhibit,AB,verbal,,clause,DEP-inhibit,sources,targets,nsubj,dobj,nsubj,obj,asserted,directed,0,1,0,0,dependency
bioinfer,BioInfer.d479.s0,stanza_craft+coref_2cc9e780_1:rel:2,3,4,negative,positive,,,applied,structural|AB|inhibit|_|verbal,structural|inhibit,inhibit,AB,verbal,,clause,DEP-inhibit,sources,targets,nsubj,dobj,nsubj,obj,asserted,directed,0,1,0,0,dependency
bioinfer,BioInfer.d479.s0,stanza_craft+coref_2cc9e780_1:rel:3,3,5,negative,positive,,,applied,structural|AB|inhibit|_|verbal,structural|inhibit,inhibit,AB,verbal,,clause,DEP-inhibit,sources,targets,nsubj,dobj,nsubj,obj,asserted,directed,0,1,0,0,dependency
bioinfer,BioInfer.d479.s0,stanza_craft+coref_2cc9e780_2:rel:0,0,3,positive,negative,,,review_only,relational|RELATIONAL|is-a|_|verbal,relational|RELATIONAL|is-a|_,,RELATIONAL,verbal,,appositive,DEP-Apposition,entities_a,entities_b,nsubj,appos,nsubj,appos,asserted,relational,0,0,0,0,dependency
bioinfer,BioInfer.d479.s0,stanza_craft+coref_2cc9e780_3:rel:0,4,5,negative,negative,,,review_only,relational|RELATIONAL|is-a|_|verbal,relational|RELATIONAL|is-a|_,,RELATIONAL,verbal,,appositive,DEP-ParentheticalAlias,entities_a,entities_b,nmod,dep,nmod,dep,asserted,relational,0,0,0,0,dependency
bioinfer,BioInfer.d482.s0,stanza_craft+coref_3d9bffea_0:rel:0,0,1,negative,negative,,,review_only,relational|RELATIONAL|indicator|_|nominalized,relational|RELATIONAL|indicator|_,indicator,RELATIONAL,nominalized,,clause,DEP-CopulaIsA,entities_a,entities_b,nsubj,ROOT,nsubj,root,asserted,relational,1,1,0,1,dependency
bioinfer,BioInfer.d482.s0,stanza_craft+coref_3d9bffea_0:rel:1,0,2,negative,negative,,,review_only,relational|RELATIONAL|indicator|_|nominalized,relational|RELATIONAL|indicator|_,indicator,RELATIONAL,nominalized,,clause,DEP-CopulaIsA,entities_a,entities_b,nsubj,ROOT,nsubj,root,asserted,relational,1,1,0,1,dependency
bioinfer,BioInfer.d482.s0,stanza_craft+coref_3d9bffea_0:rel:2,0,3,negative,negative,,,review_only,relational|RELATIONAL|indicator|_|nominalized,relational|RELATIONAL|indicator|_,indicator,RELATIONAL,nominalized,,clause,DEP-CopulaIsA,entities_a,entities_b,nsubj,ROOT,nsubj,root,asserted,relational,1,1,0,1,dependency
bioinfer,BioInfer.d482.s0,stanza_craft+coref_3d9bffea_0:rel:3,0,4,negative,negative,,,review_only,relational|RELATIONAL|indicator|_|nominalized,relational|RELATIONAL|indicator|_,indicator,RELATIONAL,nominalized,,clause,DEP-CopulaIsA,entities_a,entities_b,nsubj,ROOT,nsubj,root,asserted,relational,1,1,0,1,dependency
bioinfer,BioInfer.d483.s0,stanza_craft+coref_4c5aac9e_0:rel:0,0,1,negative,negative,,,not_applied,structural|AB|have|_|verbal,structural|have,have,AB,verbal,,clause,DEP-have,sources,targets,nsubj,dobj,nsubj,obj,negated,directed,1,1,0,0,dependency
bioinfer,BioInfer.d483.s0,stanza_craft+coref_4c5aac9e_0:rel:1,0,2,negative,negative,,,not_applied,structural|AB|have|_|verbal,structural|have,have,AB,verbal,,clause,DEP-have,sources,targets,nsubj,dobj,nsubj,obj,negated,directed,1,1,0,0,dependency
bioinfer,BioInfer.d483.s0,stanza_craft+coref_4c5aac9e_1:rel:0,3,7,negative,negative,,,not_applied,structural|AB|have|_|verbal,structural|have,have,AB,verbal,,clause,DEP-have,sources,targets,nsubj,dobj,nsubj,obj,negated,directed,1,1,0,0,dependency
bioinfer,BioInfer.d483.s0,stanza_craft+coref_4c5aac9e_1:rel:1,3,8,negative,negative,,,not_applied,structural|AB|have|_|verbal,structural|have,have,AB,verbal,,clause,DEP-have,sources,targets,nsubj,dobj,nsubj,obj,negated,directed,0,1,0,0,dependency
bioinfer,BioInfer.d483.s0,stanza_craft+coref_4c5aac9e_1:rel:2,4,7,negative,negative,,,not_applied,structural|AB|have|_|verbal,structural|have,have,AB,verbal,,clause,DEP-have,sources,targets,nsubj,dobj,nsubj,obj,negated,directed,1,1,0,0,dependency
bioinfer,BioInfer.d483.s0,stanza_craft+coref_4c5aac9e_1:rel:3,4,8,negative,negative,,,not_applied,structural|AB|have|_|verbal,structural|have,have,AB,verbal,,clause,DEP-have,sources,targets,nsubj,dobj,nsubj,obj,negated,directed,0,1,0,0,dependency
bioinfer,BioInfer.d483.s0,stanza_craft+coref_4c5aac9e_1:rel:4,5,7,negative,negative,,,not_applied,structural|AB|have|_|verbal,structural|have,have,AB,verbal,,clause,DEP-have,sources,targets,nsubj,dobj,nsubj,obj,negated,directed,1,1,0,0,dependency
bioinfer,BioInfer.d483.s0,stanza_craft+coref_4c5aac9e_1:rel:5,5,8,negative,negative,,,not_applied,structural|AB|have|_|verbal,structural|have,have,AB,verbal,,clause,DEP-have,sources,targets,nsubj,dobj,nsubj,obj,negated,directed,0,1,0,0,dependency
bioinfer,BioInfer.d483.s0,stanza_craft+coref_4c5aac9e_1:rel:6,6,7,negative,negative,,,not_applied,structural|AB|have|_|verbal,structural|have,have,AB,verbal,,clause,DEP-have,sources,targets,nsubj,dobj,nsubj,obj,negated,directed,1,1,0,0,dependency
bioinfer,BioInfer.d483.s0,stanza_craft+coref_4c5aac9e_1:rel:7,6,8,negative,negative,,,not_applied,structural|AB|have|_|verbal,structural|have,have,AB,verbal,,clause,DEP-have,sources,targets,nsubj,dobj,nsubj,obj,negated,directed,0,1,0,0,dependency
bioinfer,BioInfer.d483.s0,stanza_craft+coref_4c5aac9e_7:rel:0,3,4,negative,negative,,,review_only,relational|RELATIONAL|is-a|_|verbal,relational|RELATIONAL|is-a|_,,RELATIONAL,verbal,,appositive,DEP-Apposition,entities_a,entities_b,conj,appos,conj,appos,asserted,relational,0,0,0,0,dependency
bioinfer,BioInfer.d483.s0,stanza_craft+coref_4c5aac9e_8:rel:0,3,4,negative,negative,,,review_only,relational|RELATIONAL|is-a|_|verbal,relational|RELATIONAL|is-a|_,,RELATIONAL,verbal,,appositive,DEP-ParentheticalAlias,entities_a,entities_b,conj,appos,conj,appos,asserted,relational,0,0,0,0,dependency
bioinfer,BioInfer.d484.s0,stanza_craft+coref_324799b5_4:rel:0,2,3,negative,negative,,,review_only,relational|RELATIONAL|is-a|_|verbal,relational|RELATIONAL|is-a|_,,RELATIONAL,verbal,,appositive,DEP-ParentheticalAlias,entities_a,entities_b,conj,conj,conj,conj,asserted,relational,0,0,0,0,dependency
bioinfer,BioInfer.d485.s0,stanza_craft+coref_43d04f26_0:rel:0,3,7,negative,positive,,,applied,structural|AB|bind|to|nominalized,structural|bind,bind,AB,nominalized,to,clause,DEP-binding-nestedinner-directed,sources,targets,nmod:of,nmod:to,nmod,nmod,asserted,directed,1,1,0,1,dependency
bioinfer,BioInfer.d485.s0,stanza_craft+coref_43d04f26_0:rel:1,3,8,negative,positive,,,applied,structural|AB|bind|to|nominalized,structural|bind,bind,AB,nominalized,to,clause,DEP-binding-nestedinner-directed,sources,targets,nmod:of,nmod:to,nmod,nmod,asserted,directed,1,1,0,1,dependency
bioinfer,BioInfer.d485.s0,stanza_craft+coref_43d04f26_0:rel:2,3,4,positive,positive,,,applied,structural|AB|bind|_|nominalized,structural|bind,bind,AB,nominalized,,clause,DEP-binding-nestedinner-directed,sources,targets,nmod:of,nmod:,nmod,conj,asserted,directed,0,0,0,1,dependency
bioinfer,BioInfer.d485.s0,stanza_craft+coref_43d04f26_0:rel:3,4,7,positive,positive,,,applied,structural|AB|bind|to|nominalized,structural|bind,bind,AB,nominalized,to,clause,DEP-binding-nestedinner-directed,sources,targets,nmod:of,nmod:to,conj,nmod,asserted,directed,1,1,0,1,dependency
bioinfer,BioInfer.d485.s0,stanza_craft+coref_43d04f26_0:rel:4,4,8,positive,positive,,,applied,structural|AB|bind|to|nominalized,structural|bind,bind,AB,nominalized,to,clause,DEP-binding-nestedinner-directed,sources,targets,nmod:of,nmod:to,conj,nmod,asserted,directed,1,1,0,1,dependency
bioinfer,BioInfer.d485.s0,stanza_craft+coref_43d04f26_1:rel:0,0,3,negative,negative,,,not_applied,structural|NESTED|associate|with|nested,structural|NESTED|associate|with,associate,NESTED,nested,with,clause,DEP-associate-passive-nested,outer_arguments,targets:event_ref:stanza_craft+coref_43d04f26_0,nsubjpass,nmod:of,nsubj:pass,nmod,asserted,nested_review,0,0,1,0,dependency
bioinfer,BioInfer.d485.s0,stanza_craft+coref_43d04f26_1:rel:1,1,3,negative,negative,,,not_applied,structural|NESTED|associate|with|nested,structural|NESTED|associate|with,associate,NESTED,nested,with,clause,DEP-associate-passive-nested,outer_arguments,targets:event_ref:stanza_craft+coref_43d04f26_0,nsubjpass,nmod:of,nsubj:pass,nmod,asserted,nested_review,1,1,0,0,dependency
bioinfer,BioInfer.d485.s0,stanza_craft+coref_43d04f26_1:rel:2,2,3,negative,negative,,,not_applied,structural|NESTED|associate|with|nested,structural|NESTED|associate|with,associate,NESTED,nested,with,clause,DEP-associate-passive-nested,outer_arguments,targets:event_ref:stanza_craft+coref_43d04f26_0,nsubjpass,nmod:of,nsubj:pass,nmod,asserted,nested_review,1,1,0,0,dependency
bioinfer,BioInfer.d485.s0,stanza_craft+coref_43d04f26_1:rel:3,0,4,negative,negative,,,not_applied,structural|NESTED|associate|with|nested,structural|NESTED|associate|with,associate,NESTED,nested,with,clause,DEP-associate-passive-nested,outer_arguments,targets:event_ref:stanza_craft+coref_43d04f26_0,nsubjpass,nmod:of,nsubj:pass,conj,asserted,nested_review,0,0,1,0,dependency
bioinfer,BioInfer.d485.s0,stanza_craft+coref_43d04f26_1:rel:4,1,4,positive,negative,,,not_applied,structural|NESTED|associate|with|nested,structural|NESTED|associate|with,associate,NESTED,nested,with,clause,DEP-associate-passive-nested,outer_arguments,targets:event_ref:stanza_craft+coref_43d04f26_0,nsubjpass,nmod:of,nsubj:pass,conj,asserted,nested_review,1,1,0,0,dependency
bioinfer,BioInfer.d485.s0,stanza_craft+coref_43d04f26_1:rel:5,2,4,positive,negative,,,not_applied,structural|NESTED|associate|with|nested,structural|NESTED|associate|with,associate,NESTED,nested,with,clause,DEP-associate-passive-nested,outer_arguments,targets:event_ref:stanza_craft+coref_43d04f26_0,nsubjpass,nmod:of,nsubj:pass,conj,asserted,nested_review,1,1,0,0,dependency
bioinfer,BioInfer.d485.s0,stanza_craft+coref_43d04f26_1:rel:6,0,7,negative,negative,,,not_applied,structural|NESTED|associate|with|nested,structural|NESTED|associate|with,associate,NESTED,nested,with,clause,DEP-associate-passive-nested,outer_arguments,targets:event_ref:stanza_craft+coref_43d04f26_0,nsubjpass,nmod:to,nsubj:pass,nmod,asserted,nested_review,1,1,1,0,dependency
bioinfer,BioInfer.d485.s0,stanza_craft+coref_43d04f26_1:rel:7,0,8,negative,negative,,,not_applied,structural|NESTED|associate|with|nested,structural|NESTED|associate|with,associate,NESTED,nested,with,clause,DEP-associate-passive-nested,outer_arguments,targets:event_ref:stanza_craft+coref_43d04f26_0,nsubjpass,nmod:to,nsubj:pass,nmod,asserted,nested_review,1,1,1,0,dependency
bioinfer,BioInfer.d485.s0,stanza_craft+coref_43d04f26_1:rel:8,1,7,positive,negative,,,not_applied,structural|NESTED|associate|with|nested,structural|NESTED|associate|with,associate,NESTED,nested,with,clause,DEP-associate-passive-nested,outer_arguments,targets:event_ref:stanza_craft+coref_43d04f26_0,nsubjpass,nmod:to,nsubj:pass,nmod,asserted,nested_review,1,1,0,0,dependency
bioinfer,BioInfer.d485.s0,stanza_craft+coref_43d04f26_1:rel:9,1,8,positive,negative,,,not_applied,structural|NESTED|associate|with|nested,structural|NESTED|associate|with,associate,NESTED,nested,with,clause,DEP-associate-passive-nested,outer_arguments,targets:event_ref:stanza_craft+coref_43d04f26_0,nsubjpass,nmod:to,nsubj:pass,nmod,asserted,nested_review,1,1,0,0,dependency
bioinfer,BioInfer.d485.s0,stanza_craft+coref_43d04f26_1:rel:10,2,7,positive,negative,,,not_applied,structural|NESTED|associate|with|nested,structural|NESTED|associate|with,associate,NESTED,nested,with,clause,DEP-associate-passive-nested,outer_arguments,targets:event_ref:stanza_craft+coref_43d04f26_0,nsubjpass,nmod:to,nsubj:pass,nmod,asserted,nested_review,1,1,0,0,dependency
bioinfer,BioInfer.d485.s0,stanza_craft+coref_43d04f26_1:rel:11,2,8,positive,negative,,,not_applied,structural|NESTED|associate|with|nested,structural|NESTED|associate|with,associate,NESTED,nested,with,clause,DEP-associate-passive-nested,outer_arguments,targets:event_ref:stanza_craft+coref_43d04f26_0,nsubjpass,nmod:to,nsubj:pass,nmod,asserted,nested_review,1,1,0,0,dependency
bioinfer,BioInfer.d485.s0,stanza_craft+coref_43d04f26_1:rel:12,0,7,negative,negative,,,not_applied,structural|NESTED|associate|with|nested,structural|NESTED|associate|with,associate,NESTED,nested,with,clause,DEP-associate-passive-nested,outer_arguments,targets:event_ref:stanza_craft+coref_43d04f26_0,nsubjpass,nmod:to,nsubj:pass,nmod,asserted,nested_review,1,1,1,0,dependency
bioinfer,BioInfer.d485.s0,stanza_craft+coref_43d04f26_1:rel:13,0,8,negative,negative,,,not_applied,structural|NESTED|associate|with|nested,structural|NESTED|associate|with,associate,NESTED,nested,with,clause,DEP-associate-passive-nested,outer_arguments,targets:event_ref:stanza_craft+coref_43d04f26_0,nsubjpass,nmod:to,nsubj:pass,nmod,asserted,nested_review,1,1,1,0,dependency
bioinfer,BioInfer.d485.s0,stanza_craft+coref_43d04f26_1:rel:14,1,7,positive,negative,,,not_applied,structural|NESTED|associate|with|nested,structural|NESTED|associate|with,associate,NESTED,nested,with,clause,DEP-associate-passive-nested,outer_arguments,targets:event_ref:stanza_craft+coref_43d04f26_0,nsubjpass,nmod:to,nsubj:pass,nmod,asserted,nested_review,1,1,0,0,dependency
bioinfer,BioInfer.d485.s0,stanza_craft+coref_43d04f26_1:rel:15,1,8,positive,negative,,,not_applied,structural|NESTED|associate|with|nested,structural|NESTED|associate|with,associate,NESTED,nested,with,clause,DEP-associate-passive-nested,outer_arguments,targets:event_ref:stanza_craft+coref_43d04f26_0,nsubjpass,nmod:to,nsubj:pass,nmod,asserted,nested_review,1,1,0,0,dependency
bioinfer,BioInfer.d485.s0,stanza_craft+coref_43d04f26_1:rel:16,2,7,positive,negative,,,not_applied,structural|NESTED|associate|with|nested,structural|NESTED|associate|with,associate,NESTED,nested,with,clause,DEP-associate-passive-nested,outer_arguments,targets:event_ref:stanza_craft+coref_43d04f26_0,nsubjpass,nmod:to,nsubj:pass,nmod,asserted,nested_review,1,1,0,0,dependency
bioinfer,BioInfer.d485.s0,stanza_craft+coref_43d04f26_1:rel:17,2,8,positive,negative,,,not_applied,structural|NESTED|associate|with|nested,structural|NESTED|associate|with,associate,NESTED,nested,with,clause,DEP-associate-passive-nested,outer_arguments,targets:event_ref:stanza_craft+coref_43d04f26_0,nsubjpass,nmod:to,nsubj:pass,nmod,asserted,nested_review,1,1,0,0,dependency
bioinfer,BioInfer.d485.s0,stanza_craft+coref_43d04f26_1:rel:18,0,4,negative,negative,,,not_applied,structural|NESTED|associate|with|nested,structural|NESTED|associate|with,associate,NESTED,nested,with,clause,DEP-associate-passive-nested,outer_arguments,targets:event_ref:stanza_craft+coref_43d04f26_0,nsubjpass,nmod:,nsubj:pass,conj,asserted,nested_review,0,0,1,0,dependency
bioinfer,BioInfer.d485.s0,stanza_craft+coref_43d04f26_1:rel:19,1,4,positive,negative,,,not_applied,structural|NESTED|associate|with|nested,structural|NESTED|associate|with,associate,NESTED,nested,with,clause,DEP-associate-passive-nested,outer_arguments,targets:event_ref:stanza_craft+coref_43d04f26_0,nsubjpass,nmod:,nsubj:pass,conj,asserted,nested_review,1,1,0,0,dependency
bioinfer,BioInfer.d485.s0,stanza_craft+coref_43d04f26_1:rel:20,2,4,positive,negative,,,not_applied,structural|NESTED|associate|with|nested,structural|NESTED|associate|with,associate,NESTED,nested,with,clause,DEP-associate-passive-nested,outer_arguments,targets:event_ref:stanza_craft+coref_43d04f26_0,nsubjpass,nmod:,nsubj:pass,conj,asserted,nested_review,1,1,0,0,dependency
bioinfer,BioInfer.d485.s0,stanza_craft+coref_43d04f26_3:rel:0,7,8,positive,positive,,,applied,structural|AA|complex|_|compound_state,structural|complex,complex,AA,compound_state,,state_nominal,DEP-Complex,participants,participants,compound,compound,compound,compound,asserted,undirected,1,1,0,1,dependency
bioinfer,BioInfer.d486.s1,stanza_craft+coref_f6011f82_0:rel:0,0,2,positive,negative,,,not_applied,structural|AB|affect|_|passive,structural|affect,affect,AB,passive,,clause,DEP-affect-passive,sources,targets,nmod,nsubjpass,obl,nsubj:pass,negated,directed,0,1,0,0,dependency
bioinfer,BioInfer.d486.s1,stanza_craft+coref_f6011f82_0:rel:1,1,2,positive,negative,,,not_applied,structural|AB|affect|_|passive,structural|affect,affect,AB,passive,,clause,DEP-affect-passive,sources,targets,nmod,nsubjpass,obl,nsubj:pass,negated,directed,0,1,0,0,dependency
bioinfer,BioInfer.d49.s1,stanza_craft+coref_da3aee4a_0:rel:0,2,3,positive,positive,,,applied,structural|AB|promote|_|verbal,structural|promote,promote,AB,verbal,,clause,DEP-promote,sources,targets,nsubj,dobj,nsubj,obj,asserted,directed,1,1,0,0,dependency
bioinfer,BioInfer.d49.s1,stanza_craft+coref_da3aee4a_0:rel:1,0,2,negative,positive,,,applied,structural|AB|promote|in|verbal,structural|promote,promote,AB,verbal,in,clause,DEP-promote,sources,targets,nsubj,nmod:in,nsubj,obl,asserted,directed,0,1,0,0,dependency
bioinfer,BioInfer.d49.s1,stanza_craft+coref_da3aee4a_0:rel:2,1,2,negative,positive,,,applied,structural|AB|promote|in|verbal,structural|promote,promote,AB,verbal,in,clause,DEP-promote,sources,targets,nsubj,nmod:in,nsubj,obl,asserted,directed,0,1,0,0,dependency
bioinfer,BioInfer.d49.s1,stanza_craft+coref_da3aee4a_0:rel:3,2,4,negative,positive,,,applied,structural|AB|promote|off of|verbal,structural|promote,promote,AB,verbal,off of,clause,DEP-promote,sources,targets,nsubj,nmod:off of,nsubj,obl,asserted,directed,1,1,0,0,dependency
bioinfer,BioInfer.d49.s1,stanza_craft+coref_da3aee4a_0:rel:4,2,5,negative,positive,,,applied,structural|AB|promote|off of|verbal,structural|promote,promote,AB,verbal,off of,clause,DEP-promote,sources,targets,nsubj,nmod:off of,nsubj,obl,asserted,directed,1,1,0,0,dependency
bioinfer,BioInfer.d49.s1,stanza_craft+coref_da3aee4a_1:rel:0,4,5,positive,positive,,,applied,structural|AA|complex|_|compound_state,structural|complex,complex,AA,compound_state,,state_nominal,DEP-Complex,participants,participants,compound,compound,compound,compound,asserted,undirected,1,1,0,1,dependency
bioinfer,BioInfer.d49.s1,stanza_craft+coref_da3aee4a_2:rel:0,0,1,negative,negative,,,review_only,relational|RELATIONAL|is-a|_|verbal,relational|RELATIONAL|is-a|_,,RELATIONAL,verbal,,appositive,DEP-ParentheticalAlias,entities_a,entities_b,nmod,nmod,nmod,nmod,asserted,relational,0,0,0,0,dependency
bioinfer,BioInfer.d49.s2,stanza_craft+coref_74de82c1_0:rel:0,0,2,negative,positive,,,applied,structural|AB|promote|in|verbal,structural|promote,promote,AB,verbal,in,clause,DEP-promote,sources,targets,nsubj,nmod:in,nsubj,obl,asserted,directed,0,1,0,0,dependency
bioinfer,BioInfer.d49.s4,stanza_craft+coref_eaafb4cb_1:rel:0,0,1,positive,positive,,,applied,structural|AB|sequester|_|verbal,structural|sequester,sequester,AB,verbal,,clause,DEP-sequester,sources,targets,nsubj,dobj,nsubj,obj,asserted,directed,0,0,0,0,dependency
bioinfer,BioInfer.d493.s0,stanza_craft+coref_0602b864_1:rel:0,0,1,positive,negative,,,review_only,relational|RELATIONAL|identity|_|verbal,relational|RELATIONAL|identity|_,,RELATIONAL,verbal,,appositive,DEP-LooseIdentityCandidate,entities_a,entities_b,nmod,compound,nmod,compound,asserted,relational,1,0,0,0,dependency
bioinfer,BioInfer.d494.s0,stanza_craft+coref_1e8783a1_0:rel:0,0,2,positive,positive,,,applied,structural|AB|interact|with|nominalized,structural|interact,interact,AB,nominalized,with,clause,DEP-interaction-nestedinner-directed,sources,targets,nmod:of,nmod:with,nmod,obl,asserted,directed,0,0,0,1,dependency
bioinfer,BioInfer.d494.s0,stanza_craft+coref_1e8783a1_0:rel:1,1,2,positive,positive,,,applied,structural|AB|interact|with|nominalized,structural|interact,interact,AB,nominalized,with,clause,DEP-interaction-nestedinner-directed,sources,targets,nmod:of,nmod:with,conj,obl,asserted,directed,0,0,0,1,dependency
bioinfer,BioInfer.d496.s0,stanza_craft+coref_d860184a_0:rel:0,0,1,positive,positive,,,applied,structural|AB|bind|_|verbal,structural|bind,bind,AB,verbal,,clause,DEP-bind,sources,targets,nsubj,dobj,nsubj,obj,asserted,directed,0,0,0,0,dependency
bioinfer,BioInfer.d496.s0,stanza_craft+coref_d860184a_0:rel:1,0,2,negative,positive,,,applied,structural|AB|bind|with|verbal,structural|bind,bind,AB,verbal,with,clause,DEP-bind,sources,targets,nsubj,nmod:with,nsubj,obl,asserted,directed,0,1,0,0,dependency
bioinfer,BioInfer.d496.s0,stanza_craft+coref_d860184a_1:rel:0,0,3,positive,positive,,,applied,structural|AB|inhibit|_|verbal,structural|inhibit,inhibit,AB,verbal,,clause,DEP-inhibit,sources,targets,nsubj,dobj,nsubj,obj,asserted,directed,1,1,0,0,dependency
bioinfer,BioInfer.d497.s0,stanza_craft+coref_098fdb75_1:rel:0,0,1,positive,positive,,,applied,structural|AB|regulate|_|verbal,structural|regulate,regulate,AB,verbal,,clause,DEP-regulate,sources,targets,nsubjpass,dobj,nsubj:pass,obj,asserted,directed,1,1,0,0,dependency
bioinfer,BioInfer.d497.s0,stanza_craft+coref_098fdb75_5:rel:0,2,3,positive,positive,,,applied,structural|AA|complex|_|compound_state,structural|complex,complex,AA,compound_state,,state_nominal,DEP-Complex,participants,participants,dobj,dobj,obj,obj,asserted,undirected,0,1,0,1,dependency
bioinfer,BioInfer.d497.s2,stanza_craft+coref_c90ab9ce_0:rel:0,0,1,positive,positive,,,applied,relational|RELATIONAL|regulator|_|nominalized,relational|RELATIONAL|regulator|_,regulator,RELATIONAL,nominalized,,clause,DEP-CopulaIsA,entities_a,entities_b,nsubj,advcl,nsubj,advcl,asserted,relational,1,1,0,1,dependency
bioinfer,BioInfer.d498.s0,stanza_craft+coref_b78faaf7_4:rel:0,1,2,positive,positive,,,applied,structural|AA|complex|_|compound_state,structural|complex,complex,AA,compound_state,,state_nominal,DEP-Complex,participants,participants,compound,compound,compound,compound,asserted,undirected,1,1,0,1,dependency
bioinfer,BioInfer.d499.s0,stanza_craft+coref_11753b25_0:rel:0,1,2,negative,positive,,,applied,structural|AB|depolymerize|_|verbal,structural|depolymerize,depolymerize,AB,verbal,,clause,DEP-depolymerize,sources,targets,appos,dobj,appos,obj,asserted,directed,1,1,0,0,dependency
bioinfer,BioInfer.d499.s0,stanza_craft+coref_11753b25_2:rel:0,0,1,positive,negative,,,review_only,relational|RELATIONAL|identity|_|verbal,relational|RELATIONAL|identity|_,,RELATIONAL,verbal,,appositive,DEP-LooseIdentityCandidate,entities_a,entities_b,nmod,appos,nmod,appos,asserted,relational,0,0,0,0,dependency
bioinfer,BioInfer.d5.s0,stanza_craft+coref_d32017b6_0:rel:0,0,2,negative,positive,,,applied,structural|AB|cross-link|between|passive,structural|cross-link,cross-link,AB,passive,between,clause,DEP-cross-link-passive,sources,targets,nsubjpass,nmod:between,nsubj:pass,obl,asserted,directed,0,1,0,0,dependency
bioinfer,BioInfer.d5.s0,stanza_craft+coref_d32017b6_0:rel:1,0,3,negative,positive,,,applied,structural|AB|cross-link|between|passive,structural|cross-link,cross-link,AB,passive,between,clause,DEP-cross-link-passive,sources,targets,nsubjpass,nmod:between,nsubj:pass,conj,asserted,directed,0,1,0,0,dependency
bioinfer,BioInfer.d5.s0,stanza_craft+coref_d32017b6_0:rel:2,1,2,negative,positive,,,applied,structural|AB|cross-link|between|passive,structural|cross-link,cross-link,AB,passive,between,clause,DEP-cross-link-passive,sources,targets,conj,nmod:between,conj,obl,asserted,directed,0,1,0,0,dependency
bioinfer,BioInfer.d5.s0,stanza_craft+coref_d32017b6_0:rel:3,1,3,negative,positive,,,applied,structural|AB|cross-link|between|passive,structural|cross-link,cross-link,AB,passive,between,clause,DEP-cross-link-passive,sources,targets,conj,nmod:between,conj,conj,asserted,directed,0,1,0,0,dependency
bioinfer,BioInfer.d5.s1,stanza_craft+coref_e1c217f5_0:rel:0,0,1,positive,positive,,,applied,structural|AB|cross-link|to|passive,structural|cross-link,cross-link,AB,passive,to,clause,DEP-cross-link-passive,sources,targets,nsubjpass,nmod:to,nsubj:pass,obl,asserted,directed,0,0,0,0,dependency
bioinfer,BioInfer.d50.s0,stanza_craft+coref_e17db1d5_0:rel:0,0,1,positive,positive,,,applied,structural|AB|bind|_|verbal,structural|bind,bind,AB,verbal,,clause,DEP-bind,sources,targets,nsubj,dobj,nsubj,obj,asserted,directed,0,0,0,0,dependency
bioinfer,BioInfer.d50.s0,stanza_craft+coref_e17db1d5_1:rel:0,0,2,positive,positive,,,applied,structural|AB|promote|_|verbal,structural|promote,promote,AB,verbal,,clause,DEP-promote,sources,targets,nsubj,dobj,nsubj,obj,asserted,directed,1,1,0,0,dependency
bioinfer,BioInfer.d501.s0,stanza_craft+coref_941f1f91_0:rel:0,0,1,positive,positive,,,applied,structural|AB|complex|with|nominalized,structural|complex,complex,AB,nominalized,with,clause,DEP-complex-nestedinner-controlled,sources,targets,nsubj,nmod:with,nsubj,nmod,asserted,directed,1,1,0,1,dependency
bioinfer,BioInfer.d501.s0,stanza_craft+coref_941f1f91_0:rel:1,0,2,positive,positive,,,applied,structural|AB|complex|with|nominalized,structural|complex,complex,AB,nominalized,with,clause,DEP-complex-nestedinner-controlled,sources,targets,nsubj,nmod:with,nsubj,conj,asserted,directed,1,1,0,1,dependency
bioinfer,BioInfer.d501.s0,stanza_craft+coref_941f1f91_0:rel:2,0,3,positive,positive,,,applied,structural|AB|complex|with|nominalized,structural|complex,complex,AB,nominalized,with,clause,DEP-complex-nestedinner-controlled,sources,targets,nsubj,nmod:with,nsubj,conj,asserted,directed,1,1,0,1,dependency
bioinfer,BioInfer.d501.s0,stanza_craft+coref_941f1f91_1:rel:0,0,1,positive,positive,,,not_applied,structural|NESTED|form|_|nested,structural|NESTED|form|_,form,NESTED,nested,,clause,DEP-form-nested,sources,targets:event_ref:stanza_craft+coref_941f1f91_0,nsubj,nmod:with,nsubj,nmod,asserted,nested_review,1,1,0,0,dependency
bioinfer,BioInfer.d501.s0,stanza_craft+coref_941f1f91_1:rel:1,0,2,positive,positive,,,not_applied,structural|NESTED|form|_|nested,structural|NESTED|form|_,form,NESTED,nested,,clause,DEP-form-nested,sources,targets:event_ref:stanza_craft+coref_941f1f91_0,nsubj,nmod:with,nsubj,conj,asserted,nested_review,1,1,0,0,dependency
bioinfer,BioInfer.d501.s0,stanza_craft+coref_941f1f91_1:rel:2,0,3,positive,positive,,,not_applied,structural|NESTED|form|_|nested,structural|NESTED|form|_,form,NESTED,nested,,clause,DEP-form-nested,sources,targets:event_ref:stanza_craft+coref_941f1f91_0,nsubj,nmod:with,nsubj,conj,asserted,nested_review,1,1,0,0,dependency
bioinfer,BioInfer.d502.s1,stanza_craft+coref_26cb34c3_0:rel:0,0,2,negative,positive,,,applied,structural|AB|suggest|_|verbal,structural|suggest,suggest,AB,verbal,,clause,DEP-suggest,sources,targets,nsubj,dobj,nsubj,obj,asserted,directed,1,1,0,0,dependency
bioinfer,BioInfer.d503.s0,stanza_craft+coref_de0bf05b_1:rel:0,0,2,negative,negative,,,review_only,relational|RELATIONAL|is-a|_|verbal,relational|RELATIONAL|is-a|_,,RELATIONAL,verbal,,appositive,DEP-Apposition,entities_a,entities_b,nmod,appos,obl,appos,asserted,relational,0,1,0,0,dependency
bioinfer,BioInfer.d503.s0,stanza_craft+coref_de0bf05b_1:rel:1,0,3,negative,negative,,,review_only,relational|RELATIONAL|is-a|_|verbal,relational|RELATIONAL|is-a|_,,RELATIONAL,verbal,,appositive,DEP-Apposition,entities_a,entities_b,nmod,appos,obl,appos,asserted,relational,0,1,0,0,dependency
bioinfer,BioInfer.d503.s0,stanza_craft+coref_de0bf05b_2:rel:0,0,1,negative,negative,,,review_only,relational|RELATIONAL|is-a|_|verbal,relational|RELATIONAL|is-a|_,,RELATIONAL,verbal,,appositive,DEP-ParentheticalAlias,entities_a,entities_b,appos,dep,appos,dep,asserted,relational,0,0,0,0,dependency
bioinfer,BioInfer.d505.s0,stanza_craft+coref_5a924433_0:rel:0,0,1,positive,positive,,,applied,structural|AB|reduce|_|verbal,structural|reduce,reduce,AB,verbal,,clause,DEP-reduce,sources,targets,nsubj,dobj,nsubj,obj,asserted,directed,0,1,0,0,dependency
bioinfer,BioInfer.d505.s1,stanza_craft+coref_9c2b9aac_2:rel:0,0,1,positive,negative,,,not_applied,structural|AB|affinity|for|nominalized,structural|affinity,affinity,AB,nominalized,for,event_nominal,DEP-nom-affinity,sources,targets,nmod:of,nmod:for,nmod,nmod,negated,directed,0,0,0,1,dependency
bioinfer,BioInfer.d505.s2,stanza_craft+coref_5bb8e3ce_0:rel:0,0,1,negative,positive,,,applied,structural|AB|give|for|verbal,structural|give,give,AB,verbal,for,clause,DEP-give,sources,targets,nsubj,nmod:for,nsubj,obl,asserted,directed,1,1,0,0,dependency
bioinfer,BioInfer.d505.s2,stanza_craft+coref_5bb8e3ce_0:rel:1,0,2,negative,positive,,,applied,structural|AB|give|for|verbal,structural|give,give,AB,verbal,for,clause,DEP-give,sources,targets,nsubj,nmod:for,nsubj,obl,asserted,directed,1,1,0,0,dependency
bioinfer,BioInfer.d507.s0,stanza_craft+coref_ae4fcf59_0:rel:0,0,2,positive,negative,,,review_only,relational|RELATIONAL|member|_|nominalized,relational|RELATIONAL|member|_,member,RELATIONAL,nominalized,,clause,DEP-CopulaIsA,entities_a,entities_b,nsubj,ccomp,nsubj,ccomp,asserted,relational,1,1,0,1,dependency
bioinfer,BioInfer.d507.s0,stanza_craft+coref_ae4fcf59_0:rel:1,0,3,negative,negative,,,review_only,relational|RELATIONAL|member|_|nominalized,relational|RELATIONAL|member|_,member,RELATIONAL,nominalized,,clause,DEP-CopulaIsA,entities_a,entities_b,nsubj,ccomp,nsubj,ccomp,asserted,relational,1,1,0,1,dependency
bioinfer,BioInfer.d507.s0,stanza_craft+coref_ae4fcf59_0:rel:2,1,2,positive,negative,,,review_only,relational|RELATIONAL|member|_|nominalized,relational|RELATIONAL|member|_,member,RELATIONAL,nominalized,,clause,DEP-CopulaIsA,entities_a,entities_b,nsubj,ccomp,nsubj,ccomp,asserted,relational,1,1,0,1,dependency
bioinfer,BioInfer.d507.s0,stanza_craft+coref_ae4fcf59_0:rel:3,1,3,negative,negative,,,review_only,relational|RELATIONAL|member|_|nominalized,relational|RELATIONAL|member|_,member,RELATIONAL,nominalized,,clause,DEP-CopulaIsA,entities_a,entities_b,nsubj,ccomp,nsubj,ccomp,asserted,relational,1,1,0,1,dependency
bioinfer,BioInfer.d507.s0,stanza_craft+coref_ae4fcf59_1:rel:0,0,1,negative,negative,,,review_only,relational|RELATIONAL|is-a|_|verbal,relational|RELATIONAL|is-a|_,,RELATIONAL,verbal,,appositive,DEP-Apposition,entities_a,entities_b,nsubj,dep,nsubj,dep,asserted,relational,0,1,0,0,dependency
bioinfer,BioInfer.d507.s0,stanza_craft+coref_ae4fcf59_2:rel:0,0,1,negative,negative,,,review_only,relational|RELATIONAL|is-a|_|verbal,relational|RELATIONAL|is-a|_,,RELATIONAL,verbal,,appositive,DEP-ParentheticalAlias,entities_a,entities_b,dep,dep,dep,dep,asserted,relational,0,0,0,0,dependency
bioinfer,BioInfer.d509.s0,stanza_craft+coref_c2b8728c_0:rel:0,0,2,positive,positive,,,applied,structural|AB|bind|to|verbal,structural|bind,bind,AB,verbal,to,clause,DEP-bind,sources,targets,nsubj,nmod:to,nsubj,obl,asserted,directed,1,1,0,0,dependency
bioinfer,BioInfer.d509.s0,stanza_craft+coref_c2b8728c_1:rel:0,0,3,positive,negative,,,not_applied,structural|AB|bind|_|verbal,structural|bind,bind,AB,verbal,,clause,DEP-bind,sources,targets,nsubj,dobj,nsubj,obj,negated,directed,0,0,0,0,dependency
bioinfer,BioInfer.d509.s0,stanza_craft+coref_c2b8728c_2:rel:0,1,2,positive,positive,,,applied,structural|AA|complex|_|compound_state,structural|complex,complex,AA,compound_state,,state_nominal,DEP-CollectiveSlashPair,participants,participants,orthographic_member,orthographic_member,compound,compound,asserted,undirected,1,0,0,1,dependency
bioinfer,BioInfer.d509.s0,stanza_craft+coref_c2b8728c_3:rel:0,1,2,positive,positive,,,applied,structural|AA|complex|_|compound_state,structural|complex,complex,AA,compound_state,,state_nominal,DEP-Complex,participants,participants,compound,compound,compound,compound,asserted,undirected,1,1,0,1,dependency
bioinfer,BioInfer.d516.s1,stanza_craft+coref_53c7198e_3:rel:0,0,1,positive,positive,,,applied,structural|AB|affinity|for|nominalized,structural|affinity,affinity,AB,nominalized,for,event_nominal,DEP-nom-affinity-subject,sources,targets,nmod:of,nmod:for,nmod,nmod,asserted,directed,0,0,0,1,dependency
bioinfer,BioInfer.d519.s0,stanza_craft+coref_9b9a439b_0:rel:0,0,2,positive,positive,,,applied,structural|AB|require|for|nominalized,structural|require,require,AB,nominalized,for,event_nominal,DEP-nom-requirement,sources,targets,nmod:of,nmod:for,compound,compound,asserted,directed,1,0,0,1,dependency
bioinfer,BioInfer.d519.s0,stanza_craft+coref_9b9a439b_0:rel:1,1,2,positive,positive,,,applied,structural|AB|require|for|nominalized,structural|require,require,AB,nominalized,for,event_nominal,DEP-nom-requirement,sources,targets,nmod:of,nmod:for,conj,compound,asserted,directed,1,0,0,1,dependency
bioinfer,BioInfer.d519.s1,stanza_craft+coref_41ba2976_2:rel:0,0,1,positive,negative,,,not_applied,structural|NESTED|function|in|nested,structural|NESTED|function|in,function,NESTED,nested,in,clause,DEP-function-nested,sources,targets:event_ref:stanza_craft+coref_41ba2976_1,nsubj,alternative,nsubj,nmod,asserted,nested_review,0,0,0,0,dependency
bioinfer,BioInfer.d519.s1,stanza_craft+coref_41ba2976_2:rel:1,0,2,positive,negative,,,not_applied,structural|NESTED|function|in|nested,structural|NESTED|function|in,function,NESTED,nested,in,clause,DEP-function-nested,sources,targets:event_ref:stanza_craft+coref_41ba2976_1,nsubj,alternative,nsubj,conj,asserted,nested_review,0,0,0,0,dependency
bioinfer,BioInfer.d519.s1,stanza_craft+coref_41ba2976_3:rel:0,3,5,positive,positive,,,applied,structural|AB|constitute|_|verbal,structural|constitute,constitute,AB,verbal,,clause,DEP-constitute,sources,targets,nsubj,dobj,nsubj,obj,asserted,directed,1,1,0,0,dependency
bioinfer,BioInfer.d519.s1,stanza_craft+coref_41ba2976_3:rel:1,4,5,positive,positive,,,applied,structural|AB|constitute|_|verbal,structural|constitute,constitute,AB,verbal,,clause,DEP-constitute,sources,targets,conj,dobj,conj,obj,asserted,directed,1,1,0,0,dependency
bioinfer,BioInfer.d52.s0,stanza_craft+coref_80b623ef_1:rel:0,2,3,positive,negative,,,not_applied,structural|AA|complex|with|nominalized,structural|complex,complex,AA,nominalized,with,clause,DEP-complex-nestedinner,participants,participants,nmod:with,nmod:with,nmod,nmod,asserted,undirected,0,0,0,1,dependency
bioinfer,BioInfer.d52.s0,stanza_craft+coref_80b623ef_4:rel:0,0,1,positive,negative,,,review_only,relational|RELATIONAL|homologue|_|verbal,relational|RELATIONAL|homologue|_,homologue,RELATIONAL,verbal,,clause,DEP-CopulaIsA,entities_a,entities_b,nsubj,ROOT,nsubj,root,asserted,relational,1,1,0,0,dependency
bioinfer,BioInfer.d52.s0,stanza_craft+coref_80b623ef_5:rel:0,2,3,positive,negative,,,review_only,relational|RELATIONAL|identity|_|verbal,relational|RELATIONAL|identity|_,,RELATIONAL,verbal,,appositive,DEP-LooseIdentityCandidate,entities_a,entities_b,nmod,appos,nmod,appos,asserted,relational,0,0,0,0,dependency
bioinfer,BioInfer.d52.s1,stanza_craft+coref_8b498836_0:rel:0,0,1,positive,negative,,,not_applied,structural|AB|bind|_|verbal,structural|bind,bind,AB,verbal,,clause,DEP-bind,sources,targets,nsubjpass,dobj,nsubj:pass,obj,negated,directed,1,1,0,0,dependency
bioinfer,BioInfer.d52.s1,stanza_craft+coref_8b498836_3:rel:0,2,3,positive,negative,,,review_only,relational|RELATIONAL|determinant|_|nominalized,relational|RELATIONAL|determinant|_,determinant,RELATIONAL,nominalized,,clause,DEP-CopulaIsA,entities_a,entities_b,nsubj,ccomp,nsubj,ccomp,negated,relational,1,1,0,1,dependency
bioinfer,BioInfer.d52.s2,stanza_craft+coref_02fafe4b_1:rel:0,0,2,positive,positive,,,applied,structural|AB|displace|_|verbal,structural|displace,displace,AB,verbal,,clause,DEP-displace,sources,targets,nmod:poss,dobj,nmod,obj,asserted,directed,1,1,0,0,dependency
bioinfer,BioInfer.d52.s2,stanza_craft+coref_02fafe4b_1:rel:1,0,3,positive,positive,,,applied,structural|AB|displace|from|verbal,structural|displace,displace,AB,verbal,from,clause,DEP-displace,sources,targets,nmod:poss,nmod:from,nmod,obl,asserted,directed,1,1,0,0,dependency
bioinfer,BioInfer.d52.s2,stanza_craft+coref_02fafe4b_2:rel:0,0,1,positive,positive,,,applied,structural|AB|associate|with|nominalized,structural|associate,associate,AB,nominalized,with,event_nominal,DEP-nom-association-subject,sources,targets,nmod:of,nmod:with,compound,nmod,asserted,directed,1,0,0,1,dependency
bioinfer,BioInfer.d520.s0,stanza_craft+coref_7a6fc1e5_0:rel:0,0,1,positive,positive,,,applied,structural|AB|require|for|nominalized,structural|require,require,AB,nominalized,for,event_nominal,DEP-nom-requirement,sources,targets,nmod:of,nmod:for,nmod,compound,asserted,directed,1,0,0,1,dependency
bioinfer,BioInfer.d522.s0,stanza_craft+coref_df98dfe7_0:rel:0,0,1,positive,positive,,,applied,structural|AB|bind|to|nominalized,structural|bind,bind,AB,nominalized,to,event_nominal,DEP-nom-binding,sources,targets,nmod:of,nmod:to,nmod,nmod,asserted,directed,0,0,0,1,dependency
bioinfer,BioInfer.d522.s0,stanza_craft+coref_df98dfe7_0:rel:1,0,2,positive,positive,,,applied,structural|AB|bind|to|nominalized,structural|bind,bind,AB,nominalized,to,event_nominal,DEP-nom-binding,sources,targets,nmod:of,nmod:to,nmod,conj,asserted,directed,0,0,0,1,dependency
bioinfer,BioInfer.d522.s2,stanza_craft+coref_ae2f9bde_0:rel:0,0,1,positive,positive,,,applied,structural|AB|cause|_|verbal,structural|cause,cause,AB,verbal,,clause,DEP-cause,sources,targets,nsubj,dobj,nsubj,obj,asserted,directed,1,1,0,0,dependency
bioinfer,BioInfer.d522.s2,stanza_craft+coref_ae2f9bde_0:rel:1,0,2,positive,positive,,,applied,structural|AB|cause|_|verbal,structural|cause,cause,AB,verbal,,clause,DEP-cause,sources,targets,nsubj,dobj,nsubj,obj,asserted,directed,0,1,0,0,dependency
bioinfer,BioInfer.d522.s2,stanza_craft+coref_ae2f9bde_0:rel:2,0,3,positive,positive,,,applied,structural|AB|cause|to|verbal,structural|cause,cause,AB,verbal,to,clause,DEP-cause,sources,targets,nsubj,nmod:to,nsubj,obl,asserted,directed,0,1,0,0,dependency
bioinfer,BioInfer.d523.s0,stanza_craft+coref_61edcc3c_0:rel:0,1,2,positive,positive,,,applied,structural|AA|interact|between|nominalized,structural|interact,interact,AA,nominalized,between,event_nominal,DEP-nom-interaction-undirected,participants,participants,nmod:between,nmod:between,nmod,conj,asserted,undirected,1,1,0,1,dependency
bioinfer,BioInfer.d523.s0,stanza_craft+coref_61edcc3c_0:rel:1,1,3,positive,positive,,,applied,structural|AA|interact|between|nominalized,structural|interact,interact,AA,nominalized,between,event_nominal,DEP-nom-interaction-undirected,participants,participants,nmod:between,nmod:between,nmod,conj,asserted,undirected,0,0,0,1,dependency
bioinfer,BioInfer.d523.s0,stanza_craft+coref_61edcc3c_0:rel:2,2,3,negative,positive,,,applied,structural|AA|interact|between|nominalized,structural|interact,interact,AA,nominalized,between,event_nominal,DEP-nom-interaction-undirected,participants,participants,nmod:between,nmod:between,conj,conj,asserted,undirected,1,1,0,1,dependency
bioinfer,BioInfer.d523.s0,stanza_craft+coref_61edcc3c_2:rel:0,0,1,positive,negative,,,review_only,relational|RELATIONAL|interact|_|nominalized,relational|RELATIONAL|interact|_,interact,RELATIONAL,nominalized,,appositive,DEP-Apposition,entities_a,entities_b,ROOT,appos,root,appos,asserted,relational,0,1,0,1,dependency
bioinfer,BioInfer.d523.s0,stanza_craft+coref_61edcc3c_2:rel:1,0,2,positive,negative,,,review_only,relational|RELATIONAL|interact|_|nominalized,relational|RELATIONAL|interact|_,interact,RELATIONAL,nominalized,,appositive,DEP-Apposition,entities_a,entities_b,ROOT,appos,root,appos,asserted,relational,1,1,0,1,dependency
bioinfer,BioInfer.d523.s0,stanza_craft+coref_61edcc3c_2:rel:2,0,3,positive,negative,,,review_only,relational|RELATIONAL|interact|_|nominalized,relational|RELATIONAL|interact|_,interact,RELATIONAL,nominalized,,appositive,DEP-Apposition,entities_a,entities_b,ROOT,appos,root,appos,asserted,relational,0,1,0,1,dependency
bioinfer,BioInfer.d524.s0,stanza_craft+coref_4c83a80b_1:rel:0,0,3,negative,positive,,,applied,structural|AB|bind|to|verbal,structural|bind,bind,AB,verbal,to,clause,DEP-bind,sources,targets,nmod,nmod:to,obl,obl,asserted,directed,1,1,0,0,dependency
bioinfer,BioInfer.d524.s0,stanza_craft+coref_4c83a80b_1:rel:1,0,4,positive,positive,,,applied,structural|AB|bind|to|verbal,structural|bind,bind,AB,verbal,to,clause,DEP-bind,sources,targets,nmod,nmod:to,obl,obl,asserted,directed,0,1,0,0,dependency
bioinfer,BioInfer.d524.s0,stanza_craft+coref_4c83a80b_1:rel:2,1,3,negative,positive,,,applied,structural|AB|bind|to|verbal,structural|bind,bind,AB,verbal,to,clause,DEP-bind,sources,targets,nmod,nmod:to,obl,obl,asserted,directed,1,1,0,0,dependency
bioinfer,BioInfer.d524.s0,stanza_craft+coref_4c83a80b_1:rel:3,1,4,positive,positive,,,applied,structural|AB|bind|to|verbal,structural|bind,bind,AB,verbal,to,clause,DEP-bind,sources,targets,nmod,nmod:to,obl,obl,asserted,directed,0,1,0,0,dependency
bioinfer,BioInfer.d524.s0,stanza_craft+coref_4c83a80b_1:rel:4,2,3,negative,positive,,,applied,structural|AB|bind|to|verbal,structural|bind,bind,AB,verbal,to,clause,DEP-bind,sources,targets,nmod,nmod:to,obl,obl,asserted,directed,1,1,0,0,dependency
bioinfer,BioInfer.d524.s0,stanza_craft+coref_4c83a80b_1:rel:5,2,4,positive,positive,,,applied,structural|AB|bind|to|verbal,structural|bind,bind,AB,verbal,to,clause,DEP-bind,sources,targets,nmod,nmod:to,obl,obl,asserted,directed,0,1,0,0,dependency
bioinfer,BioInfer.d524.s0,stanza_craft+coref_4c83a80b_2:rel:0,6,7,positive,positive,,,applied,structural|AB|prevent|_|verbal,structural|prevent,prevent,AB,verbal,,clause,DEP-prevent,sources,targets,nsubj,dobj,nsubj,obj,asserted,directed,1,1,0,0,dependency
bioinfer,BioInfer.d525.s1,stanza_craft+coref_a7dcb062_1:rel:0,0,1,positive,positive,,,applied,structural|AB|recruit|_|verbal,structural|recruit,recruit,AB,verbal,,clause,DEP-recruit,sources,targets,nsubj,dobj,nsubj,obj,asserted,directed,1,1,0,0,dependency
bioinfer,BioInfer.d525.s1,stanza_craft+coref_a7dcb062_3:rel:0,0,2,negative,positive,,,applied,structural|AB|lead|to|verbal,structural|lead,lead,AB,verbal,to,clause,DEP-lead,sources,targets,nsubj,nmod:to,nsubj,obl,asserted,directed,1,1,0,0,dependency
bioinfer,BioInfer.d525.s2,stanza_craft+coref_37d252c1_0:rel:0,0,3,negative,positive,,,applied,structural|AB|investigate|_|verbal,structural|investigate,investigate,AB,verbal,,clause,DEP-investigate,sources,targets,dobj,dobj,obj,obj,asserted,directed,0,1,0,0,dependency
bioinfer,BioInfer.d525.s2,stanza_craft+coref_37d252c1_0:rel:1,2,3,negative,positive,,,applied,structural|AB|investigate|_|verbal,structural|investigate,investigate,AB,verbal,,clause,DEP-investigate,sources,targets,dobj,dobj,obj,obj,asserted,directed,1,1,0,0,dependency
bioinfer,BioInfer.d526.s0,stanza_craft+coref_8061e881_0:rel:0,0,1,positive,positive,,,applied,structural|AB|function|with|verbal,structural|function,function,AB,verbal,with,clause,DEP-function,sources,targets,nsubj,nmod:with,nsubj,obl,asserted,directed,1,1,0,0,dependency
bioinfer,BioInfer.d526.s0,stanza_craft+coref_8061e881_0:rel:1,0,2,positive,positive,,,applied,structural|AB|function|with|verbal,structural|function,function,AB,verbal,with,clause,DEP-function,sources,targets,nsubj,nmod:with,nsubj,obl,asserted,directed,1,1,0,0,dependency
bioinfer,BioInfer.d526.s0,stanza_craft+coref_8061e881_0:rel:2,0,3,positive,positive,,,applied,structural|AB|function|with|verbal,structural|function,function,AB,verbal,with,clause,DEP-function,sources,targets,nsubj,nmod:with,nsubj,obl,asserted,directed,0,0,0,0,dependency
bioinfer,BioInfer.d527.s0,stanza_craft+coref_ab918441_1:rel:0,0,1,negative,positive,,,applied,structural|AB|use|_|verbal,structural|use,use,AB,verbal,,clause,DEP-use,sources,targets,nsubjpass,dobj,nsubj:pass,obj,asserted,directed,0,0,0,0,dependency
bioinfer,BioInfer.d527.s0,stanza_craft+coref_ab918441_2:rel:0,2,3,positive,positive,,,applied,structural|AA|interact|between|nominalized,structural|interact,interact,AA,nominalized,between,clause,DEP-interaction-nestedinner,participants,participants,nmod:between,nmod:between,nmod,conj,asserted,undirected,0,0,0,1,dependency
bioinfer,BioInfer.d527.s0,stanza_craft+coref_ab918441_2:rel:1,2,4,positive,positive,,,applied,structural|AA|interact|between|nominalized,structural|interact,interact,AA,nominalized,between,clause,DEP-interaction-nestedinner,participants,participants,nmod:between,nmod:between,nmod,conj,asserted,undirected,0,0,0,1,dependency
bioinfer,BioInfer.d527.s0,stanza_craft+coref_ab918441_2:rel:2,2,5,positive,positive,,,applied,structural|AA|interact|between|nominalized,structural|interact,interact,AA,nominalized,between,clause,DEP-interaction-nestedinner,participants,participants,nmod:between,nmod:between,nmod,conj,asserted,undirected,0,0,0,1,dependency
bioinfer,BioInfer.d527.s0,stanza_craft+coref_ab918441_2:rel:3,2,6,positive,positive,,,applied,structural|AA|interact|between|nominalized,structural|interact,interact,AA,nominalized,between,clause,DEP-interaction-nestedinner,participants,participants,nmod:between,nmod:between,nmod,conj,asserted,undirected,0,0,0,1,dependency
bioinfer,BioInfer.d527.s0,stanza_craft+coref_ab918441_2:rel:4,2,7,positive,positive,,,applied,structural|AA|interact|between|nominalized,structural|interact,interact,AA,nominalized,between,clause,DEP-interaction-nestedinner,participants,participants,nmod:between,nmod:between,nmod,conj,asserted,undirected,0,0,0,1,dependency
bioinfer,BioInfer.d527.s0,stanza_craft+coref_ab918441_2:rel:5,2,8,positive,positive,,,applied,structural|AA|interact|between|nominalized,structural|interact,interact,AA,nominalized,between,clause,DEP-interaction-nestedinner,participants,participants,nmod:between,nmod:between,nmod,conj,asserted,undirected,0,0,0,1,dependency
bioinfer,BioInfer.d527.s0,stanza_craft+coref_ab918441_2:rel:6,3,4,negative,positive,,,applied,structural|AA|interact|between|nominalized,structural|interact,interact,AA,nominalized,between,clause,DEP-interaction-nestedinner,participants,participants,nmod:between,nmod:between,conj,conj,asserted,undirected,0,0,0,1,dependency
bioinfer,BioInfer.d527.s0,stanza_craft+coref_ab918441_2:rel:7,3,5,negative,positive,,,applied,structural|AA|interact|between|nominalized,structural|interact,interact,AA,nominalized,between,clause,DEP-interaction-nestedinner,participants,participants,nmod:between,nmod:between,conj,conj,asserted,undirected,0,0,0,1,dependency
bioinfer,BioInfer.d527.s0,stanza_craft+coref_ab918441_2:rel:8,3,6,negative,positive,,,applied,structural|AA|interact|between|nominalized,structural|interact,interact,AA,nominalized,between,clause,DEP-interaction-nestedinner,participants,participants,nmod:between,nmod:between,conj,conj,asserted,undirected,0,0,0,1,dependency
bioinfer,BioInfer.d527.s0,stanza_craft+coref_ab918441_2:rel:9,3,7,negative,positive,,,applied,structural|AA|interact|between|nominalized,structural|interact,interact,AA,nominalized,between,clause,DEP-interaction-nestedinner,participants,participants,nmod:between,nmod:between,conj,conj,asserted,undirected,0,0,0,1,dependency
bioinfer,BioInfer.d527.s0,stanza_craft+coref_ab918441_2:rel:10,3,8,negative,positive,,,applied,structural|AA|interact|between|nominalized,structural|interact,interact,AA,nominalized,between,clause,DEP-interaction-nestedinner,participants,participants,nmod:between,nmod:between,conj,conj,asserted,undirected,0,0,0,1,dependency
bioinfer,BioInfer.d527.s0,stanza_craft+coref_ab918441_2:rel:11,4,5,negative,positive,,,applied,structural|AA|interact|between|nominalized,structural|interact,interact,AA,nominalized,between,clause,DEP-interaction-nestedinner,participants,participants,nmod:between,nmod:between,conj,conj,asserted,undirected,0,0,0,1,dependency
bioinfer,BioInfer.d527.s0,stanza_craft+coref_ab918441_2:rel:12,4,6,negative,positive,,,applied,structural|AA|interact|between|nominalized,structural|interact,interact,AA,nominalized,between,clause,DEP-interaction-nestedinner,participants,participants,nmod:between,nmod:between,conj,conj,asserted,undirected,0,0,0,1,dependency
bioinfer,BioInfer.d527.s0,stanza_craft+coref_ab918441_2:rel:13,4,7,negative,positive,,,applied,structural|AA|interact|between|nominalized,structural|interact,interact,AA,nominalized,between,clause,DEP-interaction-nestedinner,participants,participants,nmod:between,nmod:between,conj,conj,asserted,undirected,0,0,0,1,dependency
bioinfer,BioInfer.d527.s0,stanza_craft+coref_ab918441_2:rel:14,4,8,negative,positive,,,applied,structural|AA|interact|between|nominalized,structural|interact,interact,AA,nominalized,between,clause,DEP-interaction-nestedinner,participants,participants,nmod:between,nmod:between,conj,conj,asserted,undirected,0,0,0,1,dependency
bioinfer,BioInfer.d527.s0,stanza_craft+coref_ab918441_2:rel:15,5,6,negative,positive,,,applied,structural|AA|interact|between|nominalized,structural|interact,interact,AA,nominalized,between,clause,DEP-interaction-nestedinner,participants,participants,nmod:between,nmod:between,conj,conj,asserted,undirected,0,0,0,1,dependency
bioinfer,BioInfer.d527.s0,stanza_craft+coref_ab918441_2:rel:16,5,7,negative,positive,,,applied,structural|AA|interact|between|nominalized,structural|interact,interact,AA,nominalized,between,clause,DEP-interaction-nestedinner,participants,participants,nmod:between,nmod:between,conj,conj,asserted,undirected,0,0,0,1,dependency
bioinfer,BioInfer.d527.s0,stanza_craft+coref_ab918441_2:rel:17,5,8,negative,positive,,,applied,structural|AA|interact|between|nominalized,structural|interact,interact,AA,nominalized,between,clause,DEP-interaction-nestedinner,participants,participants,nmod:between,nmod:between,conj,conj,asserted,undirected,0,0,0,1,dependency
bioinfer,BioInfer.d527.s0,stanza_craft+coref_ab918441_2:rel:18,6,7,negative,positive,,,applied,structural|AA|interact|between|nominalized,structural|interact,interact,AA,nominalized,between,clause,DEP-interaction-nestedinner,participants,participants,nmod:between,nmod:between,conj,conj,asserted,undirected,0,0,0,1,dependency
bioinfer,BioInfer.d527.s0,stanza_craft+coref_ab918441_2:rel:19,6,8,negative,positive,,,applied,structural|AA|interact|between|nominalized,structural|interact,interact,AA,nominalized,between,clause,DEP-interaction-nestedinner,participants,participants,nmod:between,nmod:between,conj,conj,asserted,undirected,0,0,0,1,dependency
bioinfer,BioInfer.d527.s0,stanza_craft+coref_ab918441_2:rel:20,7,8,negative,positive,,,applied,structural|AA|interact|between|nominalized,structural|interact,interact,AA,nominalized,between,clause,DEP-interaction-nestedinner,participants,participants,nmod:between,nmod:between,conj,conj,asserted,undirected,0,0,0,1,dependency
bioinfer,BioInfer.d528.s0,stanza_craft+coref_6e7f7fc2_5:rel:0,0,1,negative,negative,,,review_only,relational|RELATIONAL|is-a|_|verbal,relational|RELATIONAL|is-a|_,,RELATIONAL,verbal,,appositive,DEP-Identity,entities_a,entities_b,nmod,nmod,obl,nmod,asserted,relational,0,1,0,0,dependency
bioinfer,BioInfer.d528.s0,stanza_craft+coref_6e7f7fc2_5:rel:1,0,2,negative,negative,,,review_only,relational|RELATIONAL|is-a|_|verbal,relational|RELATIONAL|is-a|_,,RELATIONAL,verbal,,appositive,DEP-Identity,entities_a,entities_b,nmod,nmod,obl,nmod,asserted,relational,0,1,0,0,dependency
bioinfer,BioInfer.d528.s0,stanza_craft+coref_6e7f7fc2_5:rel:2,0,3,negative,negative,,,review_only,relational|RELATIONAL|is-a|_|verbal,relational|RELATIONAL|is-a|_,,RELATIONAL,verbal,,appositive,DEP-Identity,entities_a,entities_b,nmod,nmod,obl,nmod,asserted,relational,0,1,0,0,dependency
bioinfer,BioInfer.d529.s0,stanza_craft+coref_ecbd3d96_1:rel:0,0,1,negative,negative,,,review_only,relational|RELATIONAL|is-a|_|verbal,relational|RELATIONAL|is-a|_,,RELATIONAL,verbal,,appositive,DEP-ParentheticalAlias,entities_a,entities_b,compound,dep,compound,dep,asserted,relational,1,0,0,0,dependency
bioinfer,BioInfer.d53.s0,stanza_craft+coref_fefbe208_0:rel:0,2,3,positive,positive,,,applied,structural|AA|co-precipitate|_|passive,structural|co-precipitate,co-precipitate,AA,passive,,clause,DEP-co-precipitate-passive-undirected,participants,participants,nsubjpass,conj,nsubj:pass,conj,asserted,undirected,0,0,0,0,dependency
bioinfer,BioInfer.d53.s0,stanza_craft+coref_fefbe208_0:rel:1,2,4,positive,positive,,,applied,structural|AA|co-precipitate|_|passive,structural|co-precipitate,co-precipitate,AA,passive,,clause,DEP-co-precipitate-passive-undirected,participants,participants,nsubjpass,conj,nsubj:pass,conj,asserted,undirected,0,0,0,0,dependency
bioinfer,BioInfer.d53.s0,stanza_craft+coref_fefbe208_0:rel:2,3,4,positive,positive,,,applied,structural|AA|co-precipitate|_|passive,structural|co-precipitate,co-precipitate,AA,passive,,clause,DEP-co-precipitate-passive-undirected,participants,participants,conj,conj,conj,conj,asserted,undirected,0,0,0,0,dependency
bioinfer,BioInfer.d530.s0,stanza_craft+coref_b3844dd5_1:rel:0,1,2,negative,negative,,,review_only,relational|RELATIONAL|is-a|_|verbal,relational|RELATIONAL|is-a|_,,RELATIONAL,verbal,,appositive,DEP-ParentheticalAlias,entities_a,entities_b,conj,conj,conj,conj,asserted,relational,0,0,0,0,dependency
bioinfer,BioInfer.d531.s0,stanza_craft+coref_a76e48b0_1:rel:0,1,2,positive,positive,,,applied,structural|AB|require|for|passive,structural|require,require,AB,passive,for,clause,DEP-require-passive,sources,targets,nmod,nmod:for,nmod,obl,asserted,directed,1,1,0,0,dependency
bioinfer,BioInfer.d532.s0,stanza_craft+coref_5a06886d_2:rel:0,1,2,negative,positive,,,applied,structural|AB|refer|to as|passive,structural|refer,refer,AB,passive,to as,clause,DEP-refer-passive,sources,targets,nmod,nmod:to as,nmod,obl,asserted,directed,0,0,0,0,dependency
bioinfer,BioInfer.d533.s0,stanza_craft+coref_9f86b7d8_2:rel:0,3,4,negative,negative,,,review_only,relational|RELATIONAL|is-a|_|verbal,relational|RELATIONAL|is-a|_,,RELATIONAL,verbal,,appositive,DEP-ParentheticalAlias,entities_a,entities_b,conj,conj,conj,conj,asserted,relational,0,0,0,0,dependency
bioinfer,BioInfer.d534.s0,stanza_craft+coref_3f7195d0_1:rel:0,0,4,positive,positive,,,applied,structural|AB|associate|with|passive,structural|associate,associate,AB,passive,with,clause,DEP-associate-passive,sources,targets,nsubjpass,nmod:with,nsubj:pass,obl,asserted,directed,0,1,0,0,dependency
bioinfer,BioInfer.d534.s0,stanza_craft+coref_3f7195d0_3:rel:0,0,4,positive,positive,,,applied,structural|AB|link|_|verbal,structural|link,link,AB,verbal,,clause,DEP-link,sources,targets,nsubjpass,dobj,nsubj:pass,obl,asserted,directed,0,1,0,0,dependency
bioinfer,BioInfer.d535.s0,stanza_craft+coref_d9e26a79_2:rel:0,4,5,positive,positive,,,applied,structural|AB|form|under|verbal,structural|form,form,AB,verbal,under,clause,DEP-form,sources,targets,nsubj,nmod:under,nsubj,obl,asserted,directed,0,1,0,0,dependency
bioinfer,BioInfer.d535.s0,stanza_craft+coref_d9e26a79_4:rel:0,8,9,positive,positive,,,applied,structural|AB|inhibit|_|verbal,structural|inhibit,inhibit,AB,verbal,,clause,DEP-inhibit,sources,targets,nsubj,dobj,nsubj,obj,asserted,directed,1,1,0,0,dependency
bioinfer,BioInfer.d535.s0,stanza_craft+coref_d9e26a79_5:rel:0,2,3,positive,negative,,,review_only,relational|RELATIONAL|is-a|_|verbal,relational|RELATIONAL|is-a|_,,RELATIONAL,verbal,,appositive,DEP-Identity,entities_a,entities_b,conj,nmod,conj,obl,asserted,relational,0,1,0,0,dependency
bioinfer,BioInfer.d538.s0,stanza_craft+coref_9661b95a_4:rel:0,2,3,negative,negative,,,review_only,relational|RELATIONAL|is-a|_|verbal,relational|RELATIONAL|is-a|_,,RELATIONAL,verbal,,appositive,DEP-ParentheticalAlias,entities_a,entities_b,dep,dep,dep,dep,asserted,relational,0,0,0,0,dependency
bioinfer,BioInfer.d54.s0,stanza_craft+coref_01e381de_0:rel:0,0,1,positive,positive,,,applied,structural|AB|have|_|verbal,structural|have,have,AB,verbal,,clause,DEP-have,sources,targets,nsubj,dobj,nsubj,obj,asserted,directed,1,1,0,0,dependency
bioinfer,BioInfer.d54.s0,stanza_craft+coref_01e381de_0:rel:1,0,2,positive,positive,,,applied,structural|AB|have|_|verbal,structural|have,have,AB,verbal,,clause,DEP-have,sources,targets,nsubj,dobj,nsubj,obj,asserted,directed,1,1,0,0,dependency
bioinfer,BioInfer.d54.s0,stanza_craft+coref_01e381de_2:rel:0,1,3,negative,negative,,,not_applied,structural|NESTED|contrast|with|nested,structural|NESTED|contrast|with,contrast,NESTED,nested,with,clause,DEP-contrast-nested,sources,targets:event_ref:stanza_craft+coref_01e381de_1,dobj,nmod:with,obj,nmod,asserted,nested_review,1,1,0,0,dependency
bioinfer,BioInfer.d54.s0,stanza_craft+coref_01e381de_2:rel:1,2,3,negative,negative,,,not_applied,structural|NESTED|contrast|with|nested,structural|NESTED|contrast|with,contrast,NESTED,nested,with,clause,DEP-contrast-nested,sources,targets:event_ref:stanza_craft+coref_01e381de_1,dobj,nmod:with,obj,nmod,asserted,nested_review,1,1,0,0,dependency
bioinfer,BioInfer.d54.s0,stanza_craft+coref_01e381de_2:rel:2,1,3,negative,negative,,,not_applied,structural|NESTED|contrast|with|nested,structural|NESTED|contrast|with,contrast,NESTED,nested,with,clause,DEP-contrast-nested,sources,targets:event_ref:stanza_craft+coref_01e381de_1,dobj,nmod:with,obj,nmod,asserted,nested_review,1,1,0,0,dependency
bioinfer,BioInfer.d54.s0,stanza_craft+coref_01e381de_2:rel:3,2,3,negative,negative,,,not_applied,structural|NESTED|contrast|with|nested,structural|NESTED|contrast|with,contrast,NESTED,nested,with,clause,DEP-contrast-nested,sources,targets:event_ref:stanza_craft+coref_01e381de_1,dobj,nmod:with,obj,nmod,asserted,nested_review,1,1,0,0,dependency
bioinfer,BioInfer.d54.s0,stanza_craft+coref_01e381de_4:rel:0,3,4,positive,negative,,,review_only,relational|RELATIONAL|protein|_|verbal,relational|RELATIONAL|protein|_,protein,RELATIONAL,verbal,,appositive,DEP-Apposition,entities_a,entities_b,nmod,appos,nmod,appos,asserted,relational,1,1,0,0,dependency
bioinfer,BioInfer.d54.s0,stanza_craft+coref_01e381de_4:rel:1,3,5,positive,negative,,,review_only,relational|RELATIONAL|protein|_|verbal,relational|RELATIONAL|protein|_,protein,RELATIONAL,verbal,,appositive,DEP-Apposition,entities_a,entities_b,nmod,appos,nmod,appos,asserted,relational,0,1,0,0,dependency
bioinfer,BioInfer.d542.s0,stanza_craft+coref_8c5cfbb1_0:rel:0,0,1,positive,positive,,,applied,structural|AB|associate|with|passive,structural|associate,associate,AB,passive,with,clause,DEP-associate-passive,sources,targets,nsubj,nmod:with,nsubj,obl,asserted,directed,0,0,0,0,dependency
bioinfer,BioInfer.d543.s0,stanza_craft+coref_1ea9367b_0:rel:0,0,1,positive,positive,,,applied,structural|AB|consist|of|verbal,structural|consist,consist,AB,verbal,of,clause,DEP-consist,sources,targets,nsubjpass,nmod:of,nsubj:pass,obl,asserted,directed,0,0,0,0,dependency
bioinfer,BioInfer.d543.s0,stanza_craft+coref_1ea9367b_1:rel:0,0,2,positive,positive,,,applied,structural|AB|isolate|on|passive,structural|isolate,isolate,AB,passive,on,clause,DEP-isolate-passive,sources,targets,nsubjpass,nmod:on,nsubj:pass,obl,asserted,directed,0,1,0,0,dependency
bioinfer,BioInfer.d545.s0,stanza_craft+coref_d645d65b_1:rel:0,0,1,positive,positive,,,applied,structural|AB|bind|to|verbal,structural|bind,bind,AB,verbal,to,clause,DEP-bind,sources,targets,nsubj,nmod:to,nsubj,obl,asserted,directed,0,0,0,0,dependency
bioinfer,BioInfer.d547.s0,stanza_craft+coref_5ab4c6e3_0:rel:0,0,2,positive,positive,,,applied,structural|AA|interact|between|nominalized,structural|interact,interact,AA,nominalized,between,clause,DEP-interaction-nestedinner,participants,participants,nmod:between,nmod:between,nmod,conj,asserted,undirected,0,0,0,1,dependency
bioinfer,BioInfer.d547.s0,stanza_craft+coref_5ab4c6e3_4:rel:0,0,1,negative,positive,,,review_only,relational|RELATIONAL|is-a|_|verbal,relational|RELATIONAL|is-a|_,,RELATIONAL,verbal,,appositive,DEP-ParentheticalAlias,entities_a,entities_b,nmod,dep,nmod,dep,asserted,relational,0,0,0,0,dependency
bioinfer,BioInfer.d547.s0,stanza_craft+coref_5ab4c6e3_5:rel:0,2,3,negative,positive,,,review_only,relational|RELATIONAL|is-a|_|verbal,relational|RELATIONAL|is-a|_,,RELATIONAL,verbal,,appositive,DEP-ParentheticalAlias,entities_a,entities_b,conj,dep,conj,dep,asserted,relational,0,0,0,0,dependency
bioinfer,BioInfer.d548.s0,stanza_craft+coref_8d6c6b71_0:rel:0,0,2,positive,positive,,,applied,structural|AA|interact|between|nominalized,structural|interact,interact,AA,nominalized,between,clause,DEP-interaction-nestedinner,participants,participants,nmod:between,nmod:between,nmod,conj,asserted,undirected,0,0,0,1,dependency
bioinfer,BioInfer.d548.s0,stanza_craft+coref_8d6c6b71_3:rel:0,0,1,negative,positive,,,review_only,relational|RELATIONAL|is-a|_|verbal,relational|RELATIONAL|is-a|_,,RELATIONAL,verbal,,appositive,DEP-ParentheticalAlias,entities_a,entities_b,nmod,dep,nmod,dep,asserted,relational,0,0,0,0,dependency
bioinfer,BioInfer.d548.s0,stanza_craft+coref_8d6c6b71_4:rel:0,2,3,negative,positive,,,review_only,relational|RELATIONAL|is-a|_|verbal,relational|RELATIONAL|is-a|_,,RELATIONAL,verbal,,appositive,DEP-ParentheticalAlias,entities_a,entities_b,conj,dep,conj,dep,asserted,relational,0,0,0,0,dependency
bioinfer,BioInfer.d55.s0,stanza_craft+coref_3cce4903_0:rel:0,0,2,negative,positive,,,applied,structural|AB|comprise|_|verbal,structural|comprise,comprise,AB,verbal,,clause,DEP-comprise,sources,targets,nsubj,dobj,nsubj,obj,asserted,directed,1,1,0,0,dependency
bioinfer,BioInfer.d55.s0,stanza_craft+coref_3cce4903_0:rel:1,1,2,negative,positive,,,applied,structural|AB|comprise|_|verbal,structural|comprise,comprise,AB,verbal,,clause,DEP-comprise,sources,targets,nsubj,dobj,nsubj,obj,asserted,directed,1,1,0,0,dependency
bioinfer,BioInfer.d55.s0,stanza_craft+coref_3cce4903_1:rel:0,2,3,negative,positive,,,applied,structural|AB|hold|_|passive,structural|hold,hold,AB,passive,,clause,DEP-hold-passive,sources,targets,nmod,dobj,obl,obj,asserted,directed,1,1,0,0,dependency
bioinfer,BioInfer.d55.s0,stanza_craft+coref_3cce4903_2:rel:0,2,4,negative,positive,,,applied,structural|AB|wedge|in between|passive,structural|wedge,wedge,AB,passive,in between,clause,DEP-wedge-passive,sources,targets,dobj,nmod:in between,obj,obl,asserted,directed,1,1,0,0,dependency
bioinfer,BioInfer.d553.s0,stanza_craft+coref_aec713b7_2:rel:0,0,1,positive,positive,,,applied,structural|AA|interact|between|nominalized,structural|interact,interact,AA,nominalized,between,event_nominal,DEP-nom-interaction-undirected,participants,participants,nmod:between,nmod:between,nmod,conj,asserted,undirected,0,0,0,1,dependency
bioinfer,BioInfer.d554.s0,stanza_craft+coref_55429296_1:rel:0,2,3,negative,positive,,,applied,structural|AB|suppress|_|verbal,structural|suppress,suppress,AB,verbal,,clause,DEP-suppress,sources,targets,nsubj,dobj,nsubj,obj,asserted,directed,1,1,0,0,dependency
bioinfer,BioInfer.d554.s0,stanza_craft+coref_55429296_2:rel:0,2,4,positive,positive,,,applied,structural|AB|bind|_|verbal,structural|bind,bind,AB,verbal,,clause,DEP-bind,sources,targets,nmod:poss,dobj,nmod,obj,asserted,directed,0,0,0,0,dependency
bioinfer,BioInfer.d555.s0,stanza_craft+coref_5aa487ad_2:rel:0,0,2,positive,positive,,,applied,structural|AB|engage|in|passive,structural|engage,engage,AB,passive,in,clause,DEP-engage-passive,sources,targets,nmod,nmod:in,obl,obl,asserted,directed,1,1,0,0,dependency
bioinfer,BioInfer.d555.s0,stanza_craft+coref_5aa487ad_4:rel:0,0,1,negative,negative,,,review_only,relational|RELATIONAL|is-a|_|verbal,relational|RELATIONAL|is-a|_,,RELATIONAL,verbal,,appositive,DEP-ParentheticalAlias,entities_a,entities_b,nmod,dep,obl,dep,asserted,relational,0,0,0,0,dependency
bioinfer,BioInfer.d556.s0,stanza_craft+coref_fd68fe32_0:rel:0,0,2,negative,positive,,,applied,structural|AB|require|_|verbal,structural|require,require,AB,verbal,,clause,DEP-require,sources,targets,nsubj,dobj,nsubj,obj,asserted,directed,1,1,0,0,dependency
bioinfer,BioInfer.d556.s0,stanza_craft+coref_fd68fe32_0:rel:1,1,2,positive,positive,,,applied,structural|AB|require|_|verbal,structural|require,require,AB,verbal,,clause,DEP-require,sources,targets,nsubj,dobj,nsubj,obj,asserted,directed,0,1,0,0,dependency
bioinfer,BioInfer.d557.s0,stanza_craft+coref_e09c5d94_2:rel:0,4,5,negative,negative,,,review_only,relational|RELATIONAL|identity|_|verbal,relational|RELATIONAL|identity|_,,RELATIONAL,verbal,,appositive,DEP-LooseIdentityCandidate,entities_a,entities_b,conj,conj,conj,conj,negated,relational,0,0,0,0,dependency
bioinfer,BioInfer.d559.s0,stanza_craft+coref_4d07606c_4:rel:0,0,2,positive,negative,,,review_only,relational|RELATIONAL|is-a|_|verbal,relational|RELATIONAL|is-a|_,,RELATIONAL,verbal,,clause,DEP-CopulaIsA,entities_a,entities_b,nsubj,ROOT,nsubj,root,asserted,relational,0,0,0,0,dependency
bioinfer,BioInfer.d559.s0,stanza_craft+coref_4d07606c_5:rel:0,0,1,negative,negative,,,review_only,relational|RELATIONAL|is-a|_|verbal,relational|RELATIONAL|is-a|_,,RELATIONAL,verbal,,appositive,DEP-ParentheticalAlias,entities_a,entities_b,nsubj,dep,nsubj,dep,asserted,relational,0,0,0,0,dependency
bioinfer,BioInfer.d560.s0,stanza_craft+coref_163c2eb5_2:rel:0,0,1,negative,negative,,,review_only,relational|RELATIONAL|is-a|_|verbal,relational|RELATIONAL|is-a|_,,RELATIONAL,verbal,,appositive,DEP-ParentheticalAlias,entities_a,entities_b,dep,dep,dep,dep,asserted,relational,0,0,0,0,dependency
bioinfer,BioInfer.d560.s0,stanza_craft+coref_163c2eb5_3:rel:0,2,3,negative,negative,,,review_only,relational|RELATIONAL|is-a|_|verbal,relational|RELATIONAL|is-a|_,,RELATIONAL,verbal,,appositive,DEP-ParentheticalAlias,entities_a,entities_b,dep,conj,dep,conj,asserted,relational,0,0,0,0,dependency
bioinfer,BioInfer.d560.s0,stanza_craft+coref_163c2eb5_4:rel:0,4,6,negative,negative,,,review_only,relational|RELATIONAL|is-a|_|verbal,relational|RELATIONAL|is-a|_,,RELATIONAL,verbal,,appositive,DEP-ParentheticalAlias,entities_a,entities_b,dep,conj,dep,conj,asserted,relational,1,1,0,0,dependency
bioinfer,BioInfer.d560.s0,stanza_craft+coref_163c2eb5_4:rel:1,5,6,negative,negative,,,review_only,relational|RELATIONAL|is-a|_|verbal,relational|RELATIONAL|is-a|_,,RELATIONAL,verbal,,appositive,DEP-ParentheticalAlias,entities_a,entities_b,dep,conj,dep,conj,asserted,relational,0,0,0,0,dependency
bioinfer,BioInfer.d560.s0,stanza_craft+coref_163c2eb5_5:rel:0,7,8,negative,negative,,,review_only,relational|RELATIONAL|is-a|_|verbal,relational|RELATIONAL|is-a|_,,RELATIONAL,verbal,,appositive,DEP-ParentheticalAlias,entities_a,entities_b,dep,dep,dep,dep,asserted,relational,0,0,0,0,dependency
bioinfer,BioInfer.d562.s0,stanza_craft+coref_cfab7fee_0:rel:0,0,1,positive,positive,,,applied,structural|AB|induce|_|passive,structural|induce,induce,AB,passive,,clause,DEP-induce-passive,sources,targets,nmod,nsubjpass,obl,nsubj:pass,asserted,directed,1,1,0,0,dependency
bioinfer,BioInfer.d563.s0,stanza_craft+coref_3e2c5087_0:rel:0,0,2,negative,positive,,,applied,structural|AB|bind|to|verbal,structural|bind,bind,AB,verbal,to,clause,DEP-bind,sources,targets,nsubj,nmod:to,nsubj,obl,asserted,directed,1,1,0,0,dependency
bioinfer,BioInfer.d563.s0,stanza_craft+coref_3e2c5087_0:rel:1,1,2,positive,positive,,,applied,structural|AB|bind|to|verbal,structural|bind,bind,AB,verbal,to,clause,DEP-bind,sources,targets,nsubj,nmod:to,nsubj,obl,asserted,directed,0,1,0,0,dependency
bioinfer,BioInfer.d563.s0,stanza_craft+coref_3e2c5087_0:rel:2,0,3,negative,positive,,,applied,structural|AB|bind|to|verbal,structural|bind,bind,AB,verbal,to,clause,DEP-bind,sources,targets,nsubj,nmod:to,nsubj,conj,asserted,directed,1,1,0,0,dependency
bioinfer,BioInfer.d563.s0,stanza_craft+coref_3e2c5087_0:rel:3,1,3,positive,positive,,,applied,structural|AB|bind|to|verbal,structural|bind,bind,AB,verbal,to,clause,DEP-bind,sources,targets,nsubj,nmod:to,nsubj,conj,asserted,directed,0,1,0,0,dependency
bioinfer,BioInfer.d563.s0,stanza_craft+coref_3e2c5087_0:rel:4,0,4,negative,positive,,,applied,structural|AB|bind|to|verbal,structural|bind,bind,AB,verbal,to,clause,DEP-bind,sources,targets,nsubj,nmod:to,nsubj,conj,asserted,directed,1,1,0,0,dependency
bioinfer,BioInfer.d563.s0,stanza_craft+coref_3e2c5087_0:rel:5,1,4,positive,positive,,,applied,structural|AB|bind|to|verbal,structural|bind,bind,AB,verbal,to,clause,DEP-bind,sources,targets,nsubj,nmod:to,nsubj,conj,asserted,directed,0,1,0,0,dependency
bioinfer,BioInfer.d563.s0,stanza_craft+coref_3e2c5087_1:rel:0,0,1,positive,negative,,,review_only,relational|RELATIONAL|is-a|_|verbal,relational|RELATIONAL|is-a|_,,RELATIONAL,verbal,,appositive,DEP-Apposition,entities_a,entities_b,nsubj,dep,nsubj,dep,asserted,relational,1,1,0,0,dependency
bioinfer,BioInfer.d564.s0,stanza_craft+coref_ae4d7f7e_0:rel:0,0,1,positive,negative,,,not_selected,structural|AB|link|_|verbal,structural|link,link,AB,verbal,,clause,DEP-link,sources,targets,nsubj,dobj,nsubj,obj,asserted,directed,1,1,0,0,dependency
bioinfer,BioInfer.d564.s0,stanza_craft+coref_ae4d7f7e_0:rel:1,0,2,positive,positive,,,applied,structural|AB|link|_|verbal,structural|link,link,AB,verbal,,clause,DEP-link,sources,targets,nsubj,dobj,nsubj,obj,asserted,directed,1,1,0,0,dependency
bioinfer,BioInfer.d564.s0,stanza_craft+coref_ae4d7f7e_0:rel:2,0,3,positive,negative,,,not_selected,structural|AB|link|_|verbal,structural|link,link,AB,verbal,,clause,DEP-link,sources,targets,nsubj,dobj,nsubj,obj,asserted,directed,1,1,0,0,dependency
bioinfer,BioInfer.d564.s0,stanza_craft+coref_ae4d7f7e_0:rel:3,0,4,positive,positive,,,applied,structural|AB|link|_|verbal,structural|link,link,AB,verbal,,clause,DEP-link,sources,targets,nsubj,dobj,nsubj,obj,asserted,directed,1,1,0,0,dependency
bioinfer,BioInfer.d564.s0,stanza_craft+coref_ae4d7f7e_0:rel:4,0,5,positive,positive,,,applied,structural|AB|link|to|verbal,structural|link,link,AB,verbal,to,clause,DEP-link,sources,targets,nsubj,nmod:to,nsubj,obl,asserted,directed,1,1,0,0,dependency
bioinfer,BioInfer.d564.s0,stanza_craft+coref_ae4d7f7e_1:rel:0,1,2,positive,positive,,,applied,structural|AA|complex|_|compound_state,structural|complex,complex,AA,compound_state,,state_nominal,DEP-CollectiveSlashPair,participants,participants,orthographic_member,orthographic_member,compound,compound,asserted,undirected,1,0,0,1,dependency
bioinfer,BioInfer.d564.s0,stanza_craft+coref_ae4d7f7e_2:rel:0,3,4,positive,positive,,,applied,structural|AA|complex|_|compound_state,structural|complex,complex,AA,compound_state,,state_nominal,DEP-CollectiveSlashPair,participants,participants,orthographic_member,orthographic_member,compound,conj,asserted,undirected,1,0,0,1,dependency
bioinfer,BioInfer.d564.s0,stanza_craft+coref_ae4d7f7e_3:rel:0,1,2,positive,positive,,,applied,structural|AA|complex|_|compound_state,structural|complex,complex,AA,compound_state,,state_nominal,DEP-Complex,participants,participants,compound,compound,compound,compound,asserted,undirected,1,1,0,1,dependency
bioinfer,BioInfer.d564.s0,stanza_craft+coref_ae4d7f7e_4:rel:0,1,2,positive,positive,,,not_selected,structural|AA|complex|_|compound_state,structural|complex,complex,AA,compound_state,,state_nominal,DEP-Complex,participants,participants,dobj,dobj,obj,obj,asserted,undirected,1,1,0,1,dependency
bioinfer,BioInfer.d564.s0,stanza_craft+coref_ae4d7f7e_4:rel:1,1,3,negative,negative,,,not_selected,structural|AA|complex|_|compound_state,structural|complex,complex,AA,compound_state,,state_nominal,DEP-Complex,participants,participants,dobj,dobj,obj,obj,asserted,undirected,0,0,0,1,dependency
bioinfer,BioInfer.d564.s0,stanza_craft+coref_ae4d7f7e_4:rel:2,1,4,negative,negative,,,not_selected,structural|AA|complex|_|compound_state,structural|complex,complex,AA,compound_state,,state_nominal,DEP-Complex,participants,participants,dobj,dobj,obj,obj,asserted,undirected,0,1,0,1,dependency
bioinfer,BioInfer.d564.s0,stanza_craft+coref_ae4d7f7e_4:rel:3,2,3,negative,negative,,,not_selected,structural|AA|complex|_|compound_state,structural|complex,complex,AA,compound_state,,state_nominal,DEP-Complex,participants,participants,dobj,dobj,obj,obj,asserted,undirected,1,1,0,1,dependency
bioinfer,BioInfer.d564.s0,stanza_craft+coref_ae4d7f7e_4:rel:4,2,4,negative,positive,,,applied,structural|AA|complex|_|compound_state,structural|complex,complex,AA,compound_state,,state_nominal,DEP-Complex,participants,participants,dobj,dobj,obj,obj,asserted,undirected,1,1,0,1,dependency
bioinfer,BioInfer.d564.s0,stanza_craft+coref_ae4d7f7e_4:rel:5,3,4,positive,positive,,,not_selected,structural|AA|complex|_|compound_state,structural|complex,complex,AA,compound_state,,state_nominal,DEP-Complex,participants,participants,dobj,dobj,obj,obj,asserted,undirected,0,1,0,1,dependency
bioinfer,BioInfer.d565.s0,stanza_craft+coref_d3a1995e_0:rel:0,0,1,negative,positive,,,applied,structural|AB|interact|with|nominalized,structural|interact,interact,AB,nominalized,with,clause,DEP-interaction-nestedinner-controlled,sources,targets,nsubj,nmod:with,nsubj,nmod,asserted,directed,1,1,0,1,dependency
bioinfer,BioInfer.d565.s0,stanza_craft+coref_d3a1995e_0:rel:1,0,2,positive,positive,,,applied,structural|AB|interact|with|nominalized,structural|interact,interact,AB,nominalized,with,clause,DEP-interaction-nestedinner-controlled,sources,targets,nsubj,nmod:with,nsubj,nmod,asserted,directed,1,1,0,1,dependency
bioinfer,BioInfer.d565.s0,stanza_craft+coref_d3a1995e_0:rel:2,0,3,positive,positive,,,applied,structural|AB|interact|with|nominalized,structural|interact,interact,AB,nominalized,with,clause,DEP-interaction-nestedinner-controlled,sources,targets,nsubj,nmod:with,nsubj,nmod,asserted,directed,1,1,0,1,dependency
bioinfer,BioInfer.d565.s0,stanza_craft+coref_d3a1995e_1:rel:0,0,1,negative,positive,,,not_applied,structural|NESTED|form|_|nested,structural|NESTED|form|_,form,NESTED,nested,,clause,DEP-form-nested,sources,targets:event_ref:stanza_craft+coref_d3a1995e_0,nsubj,nmod:with,nsubj,nmod,asserted,nested_review,1,1,0,0,dependency
bioinfer,BioInfer.d565.s0,stanza_craft+coref_d3a1995e_1:rel:1,0,2,positive,positive,,,not_applied,structural|NESTED|form|_|nested,structural|NESTED|form|_,form,NESTED,nested,,clause,DEP-form-nested,sources,targets:event_ref:stanza_craft+coref_d3a1995e_0,nsubj,nmod:with,nsubj,nmod,asserted,nested_review,1,1,0,0,dependency
bioinfer,BioInfer.d565.s0,stanza_craft+coref_d3a1995e_1:rel:2,0,3,positive,positive,,,not_applied,structural|NESTED|form|_|nested,structural|NESTED|form|_,form,NESTED,nested,,clause,DEP-form-nested,sources,targets:event_ref:stanza_craft+coref_d3a1995e_0,nsubj,nmod:with,nsubj,nmod,asserted,nested_review,1,1,0,0,dependency
bioinfer,BioInfer.d565.s0,stanza_craft+coref_d3a1995e_1:rel:3,0,1,negative,positive,,,not_applied,structural|NESTED|form|_|nested,structural|NESTED|form|_,form,NESTED,nested,,clause,DEP-form-nested,sources,targets:event_ref:stanza_craft+coref_d3a1995e_0,nsubj,nmod:with,nsubj,nmod,asserted,nested_review,1,1,0,0,dependency
bioinfer,BioInfer.d565.s0,stanza_craft+coref_d3a1995e_1:rel:4,0,2,positive,positive,,,not_applied,structural|NESTED|form|_|nested,structural|NESTED|form|_,form,NESTED,nested,,clause,DEP-form-nested,sources,targets:event_ref:stanza_craft+coref_d3a1995e_0,nsubj,nmod:with,nsubj,nmod,asserted,nested_review,1,1,0,0,dependency
bioinfer,BioInfer.d565.s0,stanza_craft+coref_d3a1995e_1:rel:5,0,3,positive,positive,,,not_applied,structural|NESTED|form|_|nested,structural|NESTED|form|_,form,NESTED,nested,,clause,DEP-form-nested,sources,targets:event_ref:stanza_craft+coref_d3a1995e_0,nsubj,nmod:with,nsubj,nmod,asserted,nested_review,1,1,0,0,dependency
bioinfer,BioInfer.d565.s0,stanza_craft+coref_d3a1995e_5:rel:0,1,2,positive,positive,,,applied,structural|AA|complex|_|compound_state,structural|complex,complex,AA,compound_state,,state_nominal,DEP-Complex,participants,participants,nmod,nmod,nmod,nmod,asserted,undirected,1,1,0,1,dependency
bioinfer,BioInfer.d565.s0,stanza_craft+coref_d3a1995e_5:rel:1,1,3,positive,positive,,,applied,structural|AA|complex|_|compound_state,structural|complex,complex,AA,compound_state,,state_nominal,DEP-Complex,participants,participants,nmod,nmod,nmod,nmod,asserted,undirected,1,1,0,1,dependency
bioinfer,BioInfer.d565.s0,stanza_craft+coref_d3a1995e_5:rel:2,2,3,positive,positive,,,applied,structural|AA|complex|_|compound_state,structural|complex,complex,AA,compound_state,,state_nominal,DEP-Complex,participants,participants,nmod,nmod,nmod,nmod,asserted,undirected,0,1,0,1,dependency
bioinfer,BioInfer.d565.s0,stanza_craft+coref_d3a1995e_6:rel:0,1,2,positive,positive,,,review_only,relational|RELATIONAL|is-a|_|verbal,relational|RELATIONAL|is-a|_,,RELATIONAL,verbal,,appositive,DEP-Apposition,entities_a,entities_b,nmod,appos,nmod,appos,asserted,relational,1,1,0,0,dependency
bioinfer,BioInfer.d565.s0,stanza_craft+coref_d3a1995e_6:rel:1,2,3,positive,positive,,,review_only,relational|RELATIONAL|is-a|_|verbal,relational|RELATIONAL|is-a|_,,RELATIONAL,verbal,,appositive,DEP-Apposition,entities_a,entities_b,nmod,appos,nmod,appos,asserted,relational,0,1,0,0,dependency
bioinfer,BioInfer.d566.s0,stanza_craft+coref_d2790732_0:rel:0,0,1,positive,positive,,,applied,structural|AB|replace|_|verbal,structural|replace,replace,AB,verbal,,clause,DEP-replace,sources,targets,nsubj,dobj,nsubj,obj,asserted,directed,0,1,0,0,dependency
bioinfer,BioInfer.d567.s0,stanza_craft+coref_5604ae3c_0:rel:0,0,2,negative,positive,,,applied,structural|AB|contact|to|verbal,structural|contact,contact,AB,verbal,to,clause,DEP-contact,sources,targets,nsubj,nmod:to,nsubj,obl,asserted,directed,1,1,0,0,dependency
bioinfer,BioInfer.d567.s0,stanza_craft+coref_5604ae3c_1:rel:0,0,1,positive,negative,,,review_only,relational|RELATIONAL|domain|_|verbal,relational|RELATIONAL|domain|_,domain,RELATIONAL,verbal,,appositive,DEP-NominalAlias,entities_a,entities_b,nsubj,nmod,nsubj,nmod,asserted,relational,1,1,0,0,dependency
bioinfer,BioInfer.d568.s0,stanza_craft+coref_20f6a4dc_0:rel:0,0,2,positive,positive,,,applied,structural|AB|lead|to|verbal,structural|lead,lead,AB,verbal,to,clause,DEP-lead,sources,targets,nsubj,nmod:to,nsubj,obl,asserted,directed,1,1,0,0,dependency
bioinfer,BioInfer.d568.s0,stanza_craft+coref_20f6a4dc_0:rel:1,1,2,positive,positive,,,applied,structural|AB|lead|to|verbal,structural|lead,lead,AB,verbal,to,clause,DEP-lead,sources,targets,nsubj,nmod:to,nsubj,obl,asserted,directed,1,1,0,0,dependency
bioinfer,BioInfer.d568.s0,stanza_craft+coref_20f6a4dc_0:rel:2,0,3,positive,positive,,,applied,structural|AB|lead|to|verbal,structural|lead,lead,AB,verbal,to,clause,DEP-lead,sources,targets,nsubj,nmod:to,nsubj,conj,asserted,directed,1,1,0,0,dependency
bioinfer,BioInfer.d568.s0,stanza_craft+coref_20f6a4dc_0:rel:3,0,4,negative,positive,,,applied,structural|AB|lead|to|verbal,structural|lead,lead,AB,verbal,to,clause,DEP-lead,sources,targets,nsubj,nmod:to,nsubj,conj,asserted,directed,1,1,0,0,dependency
bioinfer,BioInfer.d568.s0,stanza_craft+coref_20f6a4dc_0:rel:4,1,3,positive,positive,,,applied,structural|AB|lead|to|verbal,structural|lead,lead,AB,verbal,to,clause,DEP-lead,sources,targets,nsubj,nmod:to,nsubj,conj,asserted,directed,1,1,0,0,dependency
bioinfer,BioInfer.d568.s0,stanza_craft+coref_20f6a4dc_0:rel:5,1,4,negative,positive,,,applied,structural|AB|lead|to|verbal,structural|lead,lead,AB,verbal,to,clause,DEP-lead,sources,targets,nsubj,nmod:to,nsubj,conj,asserted,directed,1,1,0,0,dependency
bioinfer,BioInfer.d57.s1,stanza_craft+coref_3ecb0272_0:rel:0,0,2,positive,positive,,,applied,structural|AB|depend|on|verbal,structural|depend,depend,AB,verbal,on,clause,DEP-depend,sources,targets,nsubj,nmod:on,nsubj,obl,asserted,directed,1,1,0,0,dependency
bioinfer,BioInfer.d57.s1,stanza_craft+coref_3ecb0272_0:rel:1,1,2,positive,positive,,,applied,structural|AB|depend|on|verbal,structural|depend,depend,AB,verbal,on,clause,DEP-depend,sources,targets,nsubj,nmod:on,nsubj,obl,asserted,directed,0,1,0,0,dependency
bioinfer,BioInfer.d570.s0,stanza_craft+coref_a320acc7_0:rel:0,0,1,positive,positive,,,applied,structural|AB|affinity|for|nominalized,structural|affinity,affinity,AB,nominalized,for,event_nominal,DEP-nom-affinity-subject,sources,targets,nmod:of,nmod:for,nmod,nmod,asserted,directed,0,0,0,1,dependency
bioinfer,BioInfer.d570.s1,stanza_craft+coref_7bc83928_0:rel:0,0,2,positive,positive,,,applied,structural|AB|interact|with|nominalized,structural|interact,interact,AB,nominalized,with,clause,DEP-interaction-nestedinner-directed,sources,targets,nmod:of,nmod:with,nmod,nmod,asserted,directed,1,1,0,1,dependency
bioinfer,BioInfer.d570.s1,stanza_craft+coref_7bc83928_0:rel:1,1,2,positive,positive,,,applied,structural|AB|interact|with|nominalized,structural|interact,interact,AB,nominalized,with,clause,DEP-interaction-nestedinner-directed,sources,targets,nmod:of,nmod:with,nmod,nmod,asserted,directed,0,0,0,1,dependency
bioinfer,BioInfer.d570.s3,stanza_craft+coref_71003444_1:rel:0,0,1,positive,positive,,,applied,structural|AB|titration|with|nominalized,structural|titration,titration,AB,nominalized,with,event_nominal,DEP-nom-titration-subject,sources,targets,nmod:of,nmod:with,nmod,nmod,asserted,directed,0,0,0,1,dependency
bioinfer,BioInfer.d570.s3,stanza_craft+coref_71003444_2:rel:0,2,3,positive,positive,,,applied,structural|AA|interact|between|nominalized,structural|interact,interact,AA,nominalized,between,event_nominal,DEP-nom-interaction-undirected,participants,participants,nmod:between,nmod:between,nmod,conj,asserted,undirected,0,0,0,1,dependency
bioinfer,BioInfer.d570.s4,stanza_craft+coref_28ae78d6_0:rel:0,0,1,negative,positive,,,applied,structural|AB|catalyze|from|verbal,structural|catalyze,catalyze,AB,verbal,from,clause,DEP-catalyze,sources,targets,nsubjpass,nmod:from,nsubj:pass,obl,asserted,directed,0,0,0,0,dependency
bioinfer,BioInfer.d573.s0,stanza_craft+coref_f5246249_0:rel:0,0,1,positive,positive,,,applied,structural|AB|account|for by|passive,structural|account,account,AB,passive,for by,clause,DEP-account-passive,sources,targets,nsubjpass,nmod:for by,nsubj:pass,obl,asserted,directed,0,1,0,0,dependency
bioinfer,BioInfer.d573.s0,stanza_craft+coref_f5246249_0:rel:1,0,2,positive,positive,,,applied,structural|AB|account|for by|passive,structural|account,account,AB,passive,for by,clause,DEP-account-passive,sources,targets,nsubjpass,nmod:for by,nsubj:pass,obl,asserted,directed,0,1,0,0,dependency
bioinfer,BioInfer.d574.s0,stanza_craft+coref_addafde4_0:rel:0,0,1,negative,negative,,,not_applied,structural|AA|difference|in|nominalized,structural|difference,difference,AA,nominalized,in,clause,DEP-difference-nestedinner,participants,participants,nmod:in,nmod:in,nmod,nmod,asserted,undirected,1,1,0,1,dependency
bioinfer,BioInfer.d574.s0,stanza_craft+coref_addafde4_0:rel:1,0,2,negative,negative,,,not_applied,structural|AA|difference|in|nominalized,structural|difference,difference,AA,nominalized,in,clause,DEP-difference-nestedinner,participants,participants,nmod:in,nmod:in,nmod,nmod,asserted,undirected,1,1,0,1,dependency
bioinfer,BioInfer.d574.s0,stanza_craft+coref_addafde4_0:rel:2,0,3,negative,negative,,,not_applied,structural|AA|difference|in|nominalized,structural|difference,difference,AA,nominalized,in,clause,DEP-difference-nestedinner,participants,participants,nmod:in,nmod:in,nmod,nmod,asserted,undirected,1,1,0,1,dependency
bioinfer,BioInfer.d574.s0,stanza_craft+coref_addafde4_0:rel:3,0,4,negative,negative,,,not_applied,structural|AA|difference|in|nominalized,structural|difference,difference,AA,nominalized,in,clause,DEP-difference-nestedinner,participants,participants,nmod:in,nmod:in,nmod,nmod,asserted,undirected,1,1,0,1,dependency
bioinfer,BioInfer.d574.s0,stanza_craft+coref_addafde4_0:rel:4,0,5,negative,negative,,,not_applied,structural|AA|difference|in|nominalized,structural|difference,difference,AA,nominalized,in,clause,DEP-difference-nestedinner,participants,participants,nmod:in,nmod:in,nmod,nmod,asserted,undirected,1,1,0,1,dependency
bioinfer,BioInfer.d574.s0,stanza_craft+coref_addafde4_0:rel:5,0,6,negative,negative,,,not_applied,structural|AA|difference|in|nominalized,structural|difference,difference,AA,nominalized,in,clause,DEP-difference-nestedinner,participants,participants,nmod:in,nmod:in,nmod,nmod,asserted,undirected,1,1,0,1,dependency
bioinfer,BioInfer.d574.s0,stanza_craft+coref_addafde4_0:rel:6,0,7,negative,negative,,,not_applied,structural|AA|difference|in|nominalized,structural|difference,difference,AA,nominalized,in,clause,DEP-difference-nestedinner,participants,participants,nmod:in,nmod:in,nmod,nmod,asserted,undirected,1,1,0,1,dependency
bioinfer,BioInfer.d574.s0,stanza_craft+coref_addafde4_0:rel:7,0,8,negative,negative,,,not_applied,structural|AA|difference|in|nominalized,structural|difference,difference,AA,nominalized,in,clause,DEP-difference-nestedinner,participants,participants,nmod:in,nmod:in,nmod,nmod,asserted,undirected,1,1,0,1,dependency
bioinfer,BioInfer.d574.s0,stanza_craft+coref_addafde4_0:rel:8,1,2,negative,negative,,,not_applied,structural|AA|difference|in|nominalized,structural|difference,difference,AA,nominalized,in,clause,DEP-difference-nestedinner,participants,participants,nmod:in,nmod:in,nmod,nmod,asserted,undirected,1,1,0,1,dependency
bioinfer,BioInfer.d574.s0,stanza_craft+coref_addafde4_0:rel:9,1,3,negative,negative,,,not_applied,structural|AA|difference|in|nominalized,structural|difference,difference,AA,nominalized,in,clause,DEP-difference-nestedinner,participants,participants,nmod:in,nmod:in,nmod,nmod,asserted,undirected,1,1,0,1,dependency
bioinfer,BioInfer.d574.s0,stanza_craft+coref_addafde4_0:rel:10,1,4,negative,negative,,,not_applied,structural|AA|difference|in|nominalized,structural|difference,difference,AA,nominalized,in,clause,DEP-difference-nestedinner,participants,participants,nmod:in,nmod:in,nmod,nmod,asserted,undirected,1,1,0,1,dependency
bioinfer,BioInfer.d574.s0,stanza_craft+coref_addafde4_0:rel:11,1,5,negative,negative,,,not_applied,structural|AA|difference|in|nominalized,structural|difference,difference,AA,nominalized,in,clause,DEP-difference-nestedinner,participants,participants,nmod:in,nmod:in,nmod,nmod,asserted,undirected,1,1,0,1,dependency
bioinfer,BioInfer.d574.s0,stanza_craft+coref_addafde4_0:rel:12,1,6,negative,negative,,,not_applied,structural|AA|difference|in|nominalized,structural|difference,difference,AA,nominalized,in,clause,DEP-difference-nestedinner,participants,participants,nmod:in,nmod:in,nmod,nmod,asserted,undirected,1,1,0,1,dependency
bioinfer,BioInfer.d574.s0,stanza_craft+coref_addafde4_0:rel:13,1,7,negative,negative,,,not_applied,structural|AA|difference|in|nominalized,structural|difference,difference,AA,nominalized,in,clause,DEP-difference-nestedinner,participants,participants,nmod:in,nmod:in,nmod,nmod,asserted,undirected,1,1,0,1,dependency
bioinfer,BioInfer.d574.s0,stanza_craft+coref_addafde4_0:rel:14,1,8,negative,negative,,,not_applied,structural|AA|difference|in|nominalized,structural|difference,difference,AA,nominalized,in,clause,DEP-difference-nestedinner,participants,participants,nmod:in,nmod:in,nmod,nmod,asserted,undirected,1,1,0,1,dependency
bioinfer,BioInfer.d574.s0,stanza_craft+coref_addafde4_0:rel:15,2,3,negative,negative,,,not_applied,structural|AA|difference|in|nominalized,structural|difference,difference,AA,nominalized,in,clause,DEP-difference-nestedinner,participants,participants,nmod:in,nmod:in,nmod,nmod,asserted,undirected,1,1,0,1,dependency
bioinfer,BioInfer.d574.s0,stanza_craft+coref_addafde4_0:rel:16,2,4,negative,negative,,,not_applied,structural|AA|difference|in|nominalized,structural|difference,difference,AA,nominalized,in,clause,DEP-difference-nestedinner,participants,participants,nmod:in,nmod:in,nmod,nmod,asserted,undirected,1,1,0,1,dependency
bioinfer,BioInfer.d574.s0,stanza_craft+coref_addafde4_0:rel:17,2,5,negative,negative,,,not_applied,structural|AA|difference|in|nominalized,structural|difference,difference,AA,nominalized,in,clause,DEP-difference-nestedinner,participants,participants,nmod:in,nmod:in,nmod,nmod,asserted,undirected,1,1,0,1,dependency
bioinfer,BioInfer.d574.s0,stanza_craft+coref_addafde4_0:rel:18,2,6,negative,negative,,,not_applied,structural|AA|difference|in|nominalized,structural|difference,difference,AA,nominalized,in,clause,DEP-difference-nestedinner,participants,participants,nmod:in,nmod:in,nmod,nmod,asserted,undirected,1,1,0,1,dependency
bioinfer,BioInfer.d574.s0,stanza_craft+coref_addafde4_0:rel:19,2,7,negative,negative,,,not_applied,structural|AA|difference|in|nominalized,structural|difference,difference,AA,nominalized,in,clause,DEP-difference-nestedinner,participants,participants,nmod:in,nmod:in,nmod,nmod,asserted,undirected,1,1,0,1,dependency
bioinfer,BioInfer.d574.s0,stanza_craft+coref_addafde4_0:rel:20,2,8,negative,negative,,,not_applied,structural|AA|difference|in|nominalized,structural|difference,difference,AA,nominalized,in,clause,DEP-difference-nestedinner,participants,participants,nmod:in,nmod:in,nmod,nmod,asserted,undirected,1,1,0,1,dependency
bioinfer,BioInfer.d574.s0,stanza_craft+coref_addafde4_0:rel:21,3,4,negative,negative,,,not_applied,structural|AA|difference|in|nominalized,structural|difference,difference,AA,nominalized,in,clause,DEP-difference-nestedinner,participants,participants,nmod:in,nmod:in,nmod,nmod,asserted,undirected,1,1,0,1,dependency
bioinfer,BioInfer.d574.s0,stanza_craft+coref_addafde4_0:rel:22,3,5,negative,negative,,,not_applied,structural|AA|difference|in|nominalized,structural|difference,difference,AA,nominalized,in,clause,DEP-difference-nestedinner,participants,participants,nmod:in,nmod:in,nmod,nmod,asserted,undirected,1,1,0,1,dependency
bioinfer,BioInfer.d574.s0,stanza_craft+coref_addafde4_0:rel:23,3,6,negative,negative,,,not_applied,structural|AA|difference|in|nominalized,structural|difference,difference,AA,nominalized,in,clause,DEP-difference-nestedinner,participants,participants,nmod:in,nmod:in,nmod,nmod,asserted,undirected,0,1,0,1,dependency
bioinfer,BioInfer.d574.s0,stanza_craft+coref_addafde4_0:rel:24,3,7,negative,negative,,,not_applied,structural|AA|difference|in|nominalized,structural|difference,difference,AA,nominalized,in,clause,DEP-difference-nestedinner,participants,participants,nmod:in,nmod:in,nmod,nmod,asserted,undirected,1,1,0,1,dependency
bioinfer,BioInfer.d574.s0,stanza_craft+coref_addafde4_0:rel:25,3,8,negative,negative,,,not_applied,structural|AA|difference|in|nominalized,structural|difference,difference,AA,nominalized,in,clause,DEP-difference-nestedinner,participants,participants,nmod:in,nmod:in,nmod,nmod,asserted,undirected,1,1,0,1,dependency
bioinfer,BioInfer.d574.s0,stanza_craft+coref_addafde4_0:rel:26,4,5,negative,negative,,,not_applied,structural|AA|difference|in|nominalized,structural|difference,difference,AA,nominalized,in,clause,DEP-difference-nestedinner,participants,participants,nmod:in,nmod:in,nmod,nmod,asserted,undirected,1,1,0,1,dependency
bioinfer,BioInfer.d574.s0,stanza_craft+coref_addafde4_0:rel:27,4,6,negative,negative,,,not_applied,structural|AA|difference|in|nominalized,structural|difference,difference,AA,nominalized,in,clause,DEP-difference-nestedinner,participants,participants,nmod:in,nmod:in,nmod,nmod,asserted,undirected,1,1,0,1,dependency
bioinfer,BioInfer.d574.s0,stanza_craft+coref_addafde4_0:rel:28,4,7,negative,negative,,,not_applied,structural|AA|difference|in|nominalized,structural|difference,difference,AA,nominalized,in,clause,DEP-difference-nestedinner,participants,participants,nmod:in,nmod:in,nmod,nmod,asserted,undirected,1,1,0,1,dependency
bioinfer,BioInfer.d574.s0,stanza_craft+coref_addafde4_0:rel:29,4,8,negative,negative,,,not_applied,structural|AA|difference|in|nominalized,structural|difference,difference,AA,nominalized,in,clause,DEP-difference-nestedinner,participants,participants,nmod:in,nmod:in,nmod,nmod,asserted,undirected,1,1,0,1,dependency
bioinfer,BioInfer.d574.s0,stanza_craft+coref_addafde4_0:rel:30,5,6,negative,negative,,,not_applied,structural|AA|difference|in|nominalized,structural|difference,difference,AA,nominalized,in,clause,DEP-difference-nestedinner,participants,participants,nmod:in,nmod:in,nmod,nmod,asserted,undirected,1,1,0,1,dependency
bioinfer,BioInfer.d574.s0,stanza_craft+coref_addafde4_0:rel:31,5,7,negative,negative,,,not_applied,structural|AA|difference|in|nominalized,structural|difference,difference,AA,nominalized,in,clause,DEP-difference-nestedinner,participants,participants,nmod:in,nmod:in,nmod,nmod,asserted,undirected,1,1,0,1,dependency
bioinfer,BioInfer.d574.s0,stanza_craft+coref_addafde4_0:rel:32,5,8,negative,negative,,,not_applied,structural|AA|difference|in|nominalized,structural|difference,difference,AA,nominalized,in,clause,DEP-difference-nestedinner,participants,participants,nmod:in,nmod:in,nmod,nmod,asserted,undirected,1,1,0,1,dependency
bioinfer,BioInfer.d574.s0,stanza_craft+coref_addafde4_0:rel:33,6,7,negative,negative,,,not_applied,structural|AA|difference|in|nominalized,structural|difference,difference,AA,nominalized,in,clause,DEP-difference-nestedinner,participants,participants,nmod:in,nmod:in,nmod,nmod,asserted,undirected,1,1,0,1,dependency
bioinfer,BioInfer.d574.s0,stanza_craft+coref_addafde4_0:rel:34,6,8,negative,negative,,,not_applied,structural|AA|difference|in|nominalized,structural|difference,difference,AA,nominalized,in,clause,DEP-difference-nestedinner,participants,participants,nmod:in,nmod:in,nmod,nmod,asserted,undirected,1,1,0,1,dependency
bioinfer,BioInfer.d574.s0,stanza_craft+coref_addafde4_0:rel:35,7,8,negative,negative,,,not_applied,structural|AA|difference|in|nominalized,structural|difference,difference,AA,nominalized,in,clause,DEP-difference-nestedinner,participants,participants,nmod:in,nmod:in,nmod,nmod,asserted,undirected,1,1,0,1,dependency
bioinfer,BioInfer.d575.s0,stanza_craft+coref_97014589_0:rel:0,2,3,positive,positive,,,applied,structural|AB|associate|with|verbal,structural|associate,associate,AB,verbal,with,clause,DEP-associate,sources,targets,nsubj,nmod:with,nsubj,obl,asserted,directed,0,1,0,0,dependency
bioinfer,BioInfer.d575.s1,stanza_craft+coref_8d00d9b4_0:rel:0,0,2,positive,positive,,,applied,structural|AB|complex|with|nominalized,structural|complex,complex,AB,nominalized,with,clause,DEP-complex-nestedinner-controlled,sources,targets,nsubj,nmod:with,nsubj,nmod,asserted,directed,1,1,0,1,dependency
bioinfer,BioInfer.d575.s1,stanza_craft+coref_8d00d9b4_0:rel:1,0,3,positive,positive,,,applied,structural|AB|complex|with|nominalized,structural|complex,complex,AB,nominalized,with,clause,DEP-complex-nestedinner-controlled,sources,targets,nsubj,nmod:with,nsubj,conj,asserted,directed,1,1,0,1,dependency
bioinfer,BioInfer.d575.s1,stanza_craft+coref_8d00d9b4_0:rel:2,0,4,positive,positive,,,applied,structural|AB|complex|with|nominalized,structural|complex,complex,AB,nominalized,with,clause,DEP-complex-nestedinner-controlled,sources,targets,nsubj,nmod:with,nsubj,conj,asserted,directed,1,1,0,1,dependency
bioinfer,BioInfer.d575.s1,stanza_craft+coref_8d00d9b4_0:rel:3,1,2,positive,positive,,,applied,structural|AB|complex|with|nominalized,structural|complex,complex,AB,nominalized,with,clause,DEP-complex-nestedinner-controlled,sources,targets,conj,nmod:with,conj,nmod,asserted,directed,0,0,0,1,dependency
bioinfer,BioInfer.d575.s1,stanza_craft+coref_8d00d9b4_0:rel:4,1,3,positive,positive,,,applied,structural|AB|complex|with|nominalized,structural|complex,complex,AB,nominalized,with,clause,DEP-complex-nestedinner-controlled,sources,targets,conj,nmod:with,conj,conj,asserted,directed,0,0,0,1,dependency
bioinfer,BioInfer.d575.s1,stanza_craft+coref_8d00d9b4_0:rel:5,1,4,positive,positive,,,applied,structural|AB|complex|with|nominalized,structural|complex,complex,AB,nominalized,with,clause,DEP-complex-nestedinner-controlled,sources,targets,conj,nmod:with,conj,conj,asserted,directed,0,0,0,1,dependency
bioinfer,BioInfer.d575.s1,stanza_craft+coref_8d00d9b4_1:rel:0,0,1,positive,negative,,,not_applied,structural|NESTED|form|_|nested,structural|NESTED|form|_,form,NESTED,nested,,clause,DEP-form-nested,sources,targets:event_ref:stanza_craft+coref_8d00d9b4_0,nsubj,conj,nsubj,conj,asserted,nested_review,1,1,0,0,dependency
bioinfer,BioInfer.d575.s1,stanza_craft+coref_8d00d9b4_1:rel:1,0,2,positive,positive,,,not_applied,structural|NESTED|form|_|nested,structural|NESTED|form|_,form,NESTED,nested,,clause,DEP-form-nested,sources,targets:event_ref:stanza_craft+coref_8d00d9b4_0,nsubj,nmod:with,nsubj,nmod,asserted,nested_review,1,1,0,0,dependency
bioinfer,BioInfer.d575.s1,stanza_craft+coref_8d00d9b4_1:rel:2,0,3,positive,positive,,,not_applied,structural|NESTED|form|_|nested,structural|NESTED|form|_,form,NESTED,nested,,clause,DEP-form-nested,sources,targets:event_ref:stanza_craft+coref_8d00d9b4_0,nsubj,nmod:with,nsubj,conj,asserted,nested_review,1,1,0,0,dependency
bioinfer,BioInfer.d575.s1,stanza_craft+coref_8d00d9b4_1:rel:3,0,4,positive,positive,,,not_applied,structural|NESTED|form|_|nested,structural|NESTED|form|_,form,NESTED,nested,,clause,DEP-form-nested,sources,targets:event_ref:stanza_craft+coref_8d00d9b4_0,nsubj,nmod:with,nsubj,conj,asserted,nested_review,1,1,0,0,dependency
bioinfer,BioInfer.d575.s1,stanza_craft+coref_8d00d9b4_1:rel:4,0,1,positive,negative,,,not_applied,structural|NESTED|form|_|nested,structural|NESTED|form|_,form,NESTED,nested,,clause,DEP-form-nested,sources,targets:event_ref:stanza_craft+coref_8d00d9b4_0,conj,nsubj,conj,nsubj,asserted,nested_review,1,1,0,0,dependency
bioinfer,BioInfer.d575.s1,stanza_craft+coref_8d00d9b4_1:rel:5,1,2,positive,positive,,,not_applied,structural|NESTED|form|_|nested,structural|NESTED|form|_,form,NESTED,nested,,clause,DEP-form-nested,sources,targets:event_ref:stanza_craft+coref_8d00d9b4_0,conj,nmod:with,conj,nmod,asserted,nested_review,0,0,0,0,dependency
bioinfer,BioInfer.d575.s1,stanza_craft+coref_8d00d9b4_1:rel:6,1,3,positive,positive,,,not_applied,structural|NESTED|form|_|nested,structural|NESTED|form|_,form,NESTED,nested,,clause,DEP-form-nested,sources,targets:event_ref:stanza_craft+coref_8d00d9b4_0,conj,nmod:with,conj,conj,asserted,nested_review,0,0,0,0,dependency
bioinfer,BioInfer.d575.s1,stanza_craft+coref_8d00d9b4_1:rel:7,1,4,positive,positive,,,not_applied,structural|NESTED|form|_|nested,structural|NESTED|form|_,form,NESTED,nested,,clause,DEP-form-nested,sources,targets:event_ref:stanza_craft+coref_8d00d9b4_0,conj,nmod:with,conj,conj,asserted,nested_review,0,0,0,0,dependency
bioinfer,BioInfer.d575.s2,stanza_craft+coref_e223adc8_3:rel:0,1,2,positive,positive,,,applied,structural|AA|complex|_|compound_state,structural|complex,complex,AA,compound_state,,state_nominal,DEP-Complex,participants,participants,dobj,dobj,obj,obj,asserted,undirected,0,1,0,1,dependency
bioinfer,BioInfer.d575.s2,stanza_craft+coref_e223adc8_3:rel:1,1,3,positive,positive,,,applied,structural|AA|complex|_|compound_state,structural|complex,complex,AA,compound_state,,state_nominal,DEP-Complex,participants,participants,dobj,dobj,obj,obj,asserted,undirected,0,1,0,1,dependency
bioinfer,BioInfer.d575.s2,stanza_craft+coref_e223adc8_3:rel:2,2,3,positive,positive,,,applied,structural|AA|complex|_|compound_state,structural|complex,complex,AA,compound_state,,state_nominal,DEP-Complex,participants,participants,dobj,dobj,obj,obj,asserted,undirected,0,1,0,1,dependency
bioinfer,BioInfer.d575.s2,stanza_craft+coref_e223adc8_4:rel:0,4,5,positive,positive,,,applied,structural|AA|complex|_|compound_state,structural|complex,complex,AA,compound_state,,state_nominal,DEP-Complex,participants,participants,acl:relcl,acl:relcl,acl:relcl,acl:relcl,asserted,undirected,1,1,0,1,dependency
bioinfer,BioInfer.d575.s2,stanza_craft+coref_e223adc8_5:rel:0,4,5,positive,positive,,,applied,structural|AA|complex|_|compound_state,structural|complex,complex,AA,compound_state,,state_nominal,DEP-Complex,participants,participants,compound,compound,compound,compound,asserted,undirected,1,1,0,1,dependency
bioinfer,BioInfer.d576.s0,stanza_craft+coref_0ebc9763_0:rel:0,0,2,negative,positive,,,applied,structural|AB|isolate|_|passive,structural|isolate,isolate,AB,passive,,clause,DEP-isolate-passive,sources,targets,nmod,nsubj,obl,nsubj,asserted,directed,1,1,0,0,dependency
bioinfer,BioInfer.d576.s0,stanza_craft+coref_0ebc9763_0:rel:1,1,2,negative,positive,,,applied,structural|AB|isolate|_|passive,structural|isolate,isolate,AB,passive,,clause,DEP-isolate-passive,sources,targets,nmod,nsubj,obl,nsubj,asserted,directed,1,1,0,0,dependency
bioinfer,BioInfer.d576.s0,stanza_craft+coref_0ebc9763_2:rel:0,0,1,positive,positive,,,applied,structural|AA|complex|_|compound_state,structural|complex,complex,AA,compound_state,,state_nominal,DEP-Complex,participants,participants,nsubj,nsubj,nsubj,nsubj,asserted,undirected,1,1,0,1,dependency
bioinfer,BioInfer.d576.s0,stanza_craft+coref_0ebc9763_3:rel:0,4,5,positive,negative,,,review_only,relational|RELATIONAL|is-a|_|verbal,relational|RELATIONAL|is-a|_,,RELATIONAL,verbal,,appositive,DEP-Apposition,entities_a,entities_b,appos,appos,appos,appos,asserted,relational,0,1,0,0,dependency
bioinfer,BioInfer.d576.s0,stanza_craft+coref_0ebc9763_4:rel:0,6,7,positive,negative,,,review_only,relational|RELATIONAL|is-a|_|verbal,relational|RELATIONAL|is-a|_,,RELATIONAL,verbal,,appositive,DEP-Apposition,entities_a,entities_b,conj,appos,conj,appos,asserted,relational,0,1,0,0,dependency
bioinfer,BioInfer.d576.s0,stanza_craft+coref_0ebc9763_4:rel:1,6,8,positive,negative,,,review_only,relational|RELATIONAL|is-a|_|verbal,relational|RELATIONAL|is-a|_,,RELATIONAL,verbal,,appositive,DEP-Apposition,entities_a,entities_b,conj,appos,conj,appos,asserted,relational,0,1,0,0,dependency
bioinfer,BioInfer.d576.s0,stanza_craft+coref_0ebc9763_4:rel:2,6,9,positive,negative,,,review_only,relational|RELATIONAL|is-a|_|verbal,relational|RELATIONAL|is-a|_,,RELATIONAL,verbal,,appositive,DEP-Apposition,entities_a,entities_b,conj,appos,conj,appos,asserted,relational,0,1,0,0,dependency
bioinfer,BioInfer.d576.s0,stanza_craft+coref_0ebc9763_4:rel:3,6,10,positive,negative,,,review_only,relational|RELATIONAL|is-a|_|verbal,relational|RELATIONAL|is-a|_,,RELATIONAL,verbal,,appositive,DEP-Apposition,entities_a,entities_b,conj,appos,conj,appos,asserted,relational,0,1,0,0,dependency
bioinfer,BioInfer.d577.s0,stanza_craft+coref_de4609d6_4:rel:0,0,1,positive,positive,,,applied,structural|AA|complex|_|compound_state,structural|complex,complex,AA,compound_state,,state_nominal,DEP-Complex,participants,participants,nsubj,nsubj,nsubj,nsubj,asserted,undirected,1,1,0,1,dependency
bioinfer,BioInfer.d577.s0,stanza_craft+coref_de4609d6_4:rel:1,0,2,negative,positive,,,applied,structural|AA|complex|_|compound_state,structural|complex,complex,AA,compound_state,,state_nominal,DEP-Complex,participants,participants,nsubj,nsubj,nsubj,nsubj,asserted,undirected,1,1,0,1,dependency
bioinfer,BioInfer.d577.s0,stanza_craft+coref_de4609d6_4:rel:2,0,3,negative,positive,,,applied,structural|AA|complex|_|compound_state,structural|complex,complex,AA,compound_state,,state_nominal,DEP-Complex,participants,participants,nsubj,nsubj,nsubj,nsubj,asserted,undirected,1,1,0,1,dependency
bioinfer,BioInfer.d577.s0,stanza_craft+coref_de4609d6_4:rel:3,1,2,negative,positive,,,applied,structural|AA|complex|_|compound_state,structural|complex,complex,AA,compound_state,,state_nominal,DEP-Complex,participants,participants,nsubj,nsubj,nsubj,nsubj,asserted,undirected,1,1,0,1,dependency
bioinfer,BioInfer.d577.s0,stanza_craft+coref_de4609d6_4:rel:4,1,3,negative,positive,,,applied,structural|AA|complex|_|compound_state,structural|complex,complex,AA,compound_state,,state_nominal,DEP-Complex,participants,participants,nsubj,nsubj,nsubj,nsubj,asserted,undirected,1,1,0,1,dependency
bioinfer,BioInfer.d577.s0,stanza_craft+coref_de4609d6_4:rel:5,2,3,negative,positive,,,applied,structural|AA|complex|_|compound_state,structural|complex,complex,AA,compound_state,,state_nominal,DEP-Complex,participants,participants,nsubj,nsubj,nsubj,nsubj,asserted,undirected,0,1,0,1,dependency
bioinfer,BioInfer.d577.s0,stanza_craft+coref_de4609d6_5:rel:0,5,6,positive,negative,,,review_only,relational|RELATIONAL|is-a|_|verbal,relational|RELATIONAL|is-a|_,,RELATIONAL,verbal,,appositive,DEP-Apposition,entities_a,entities_b,nmod,dep,obl,dep,asserted,relational,1,1,0,0,dependency
bioinfer,BioInfer.d578.s0,stanza_craft+coref_d7893971_0:rel:0,0,1,positive,positive,,,applied,structural|AB|bind|to|nominalized,structural|bind,bind,AB,nominalized,to,clause,DEP-binding-nestedinner-directed,sources,targets,nmod:of,nmod:to,nmod,nmod,asserted,directed,0,0,0,1,dependency
bioinfer,BioInfer.d578.s0,stanza_craft+coref_d7893971_0:rel:1,0,3,positive,positive,,,applied,structural|AB|bind|to|nominalized,structural|bind,bind,AB,nominalized,to,clause,DEP-binding-nestedinner-directed,sources,targets,nmod:of,nmod:to,nmod,conj,asserted,directed,0,0,0,1,dependency
bioinfer,BioInfer.d578.s0,stanza_craft+coref_d7893971_0:rel:2,0,4,positive,positive,,,applied,structural|AB|bind|to|nominalized,structural|bind,bind,AB,nominalized,to,clause,DEP-binding-nestedinner-directed,sources,targets,nmod:of,nmod:to,nmod,conj,asserted,directed,0,0,0,1,dependency
bioinfer,BioInfer.d578.s0,stanza_craft+coref_d7893971_1:rel:0,1,2,negative,negative,,,review_only,relational|RELATIONAL|is-a|_|verbal,relational|RELATIONAL|is-a|_,,RELATIONAL,verbal,,appositive,DEP-ParentheticalAlias,entities_a,entities_b,nmod,dep,nmod,dep,asserted,relational,0,0,0,0,dependency
bioinfer,BioInfer.d579.s0,stanza_craft+coref_58e8a878_2:rel:0,0,1,negative,negative,,,review_only,relational|RELATIONAL|is-a|_|verbal,relational|RELATIONAL|is-a|_,,RELATIONAL,verbal,,appositive,DEP-Apposition,entities_a,entities_b,nmod,appos,nmod,appos,asserted,relational,0,1,0,0,dependency
bioinfer,BioInfer.d579.s0,stanza_craft+coref_58e8a878_2:rel:1,0,2,negative,negative,,,review_only,relational|RELATIONAL|is-a|_|verbal,relational|RELATIONAL|is-a|_,,RELATIONAL,verbal,,appositive,DEP-Apposition,entities_a,entities_b,nmod,appos,nmod,appos,asserted,relational,0,1,0,0,dependency
bioinfer,BioInfer.d579.s0,stanza_craft+coref_58e8a878_2:rel:2,0,3,negative,negative,,,review_only,relational|RELATIONAL|is-a|_|verbal,relational|RELATIONAL|is-a|_,,RELATIONAL,verbal,,appositive,DEP-Apposition,entities_a,entities_b,nmod,appos,nmod,appos,asserted,relational,0,1,0,0,dependency
bioinfer,BioInfer.d579.s0,stanza_craft+coref_58e8a878_2:rel:3,0,4,negative,negative,,,review_only,relational|RELATIONAL|is-a|_|verbal,relational|RELATIONAL|is-a|_,,RELATIONAL,verbal,,appositive,DEP-Apposition,entities_a,entities_b,nmod,appos,nmod,appos,asserted,relational,0,1,0,0,dependency
bioinfer,BioInfer.d579.s0,stanza_craft+coref_58e8a878_2:rel:4,0,5,negative,negative,,,review_only,relational|RELATIONAL|is-a|_|verbal,relational|RELATIONAL|is-a|_,,RELATIONAL,verbal,,appositive,DEP-Apposition,entities_a,entities_b,nmod,appos,nmod,appos,asserted,relational,0,1,0,0,dependency
bioinfer,BioInfer.d579.s0,stanza_craft+coref_58e8a878_2:rel:5,0,6,negative,negative,,,review_only,relational|RELATIONAL|is-a|_|verbal,relational|RELATIONAL|is-a|_,,RELATIONAL,verbal,,appositive,DEP-Apposition,entities_a,entities_b,nmod,appos,nmod,appos,asserted,relational,0,1,0,0,dependency
bioinfer,BioInfer.d581.s0,stanza_craft+coref_63ac00b2_0:rel:0,2,3,negative,negative,,,review_only,relational|RELATIONAL|is-a|_|verbal,relational|RELATIONAL|is-a|_,,RELATIONAL,verbal,,appositive,DEP-ParentheticalAlias,entities_a,entities_b,dep,compound,dep,compound,asserted,relational,1,0,0,0,dependency
bioinfer,BioInfer.d582.s0,stanza_craft+coref_16000dda_2:rel:0,0,2,negative,positive,,,applied,structural|AB|measure|_|verbal,structural|measure,measure,AB,verbal,,clause,DEP-measure,sources,targets,nsubjpass,dobj,nsubj:pass,obj,asserted,directed,1,1,0,0,dependency
bioinfer,BioInfer.d582.s1,stanza_craft+coref_ec0f5482_4:rel:0,0,1,positive,positive,,,applied,structural|AB|effect|on|nominalized,structural|effect,effect,AB,nominalized,on,event_nominal,DEP-nom-effect,sources,targets,nmod:of,nmod:on,nmod,nmod,asserted,directed,0,0,0,1,dependency
bioinfer,BioInfer.d583.s0,stanza_craft+coref_54825d5e_0:rel:0,0,1,positive,positive,,,applied,structural|AB|overlap|on|verbal,structural|overlap,overlap,AB,verbal,on,clause,DEP-overlap,sources,targets,nsubj,nmod:on,nsubj,obl,asserted,directed,0,1,0,0,dependency
bioinfer,BioInfer.d583.s1,stanza_craft+coref_56464b1f_0:rel:0,0,1,positive,positive,,,applied,structural|AB|structure|with|nominalized,structural|structure,structure,AB,nominalized,with,clause,DEP-structure-nestedinner-directed,sources,targets,nmod:of,nmod:with,nmod,nmod,asserted,directed,0,0,0,1,dependency
bioinfer,BioInfer.d583.s1,stanza_craft+coref_56464b1f_0:rel:1,0,3,positive,positive,,,applied,structural|AB|structure|with|nominalized,structural|structure,structure,AB,nominalized,with,clause,DEP-structure-nestedinner-directed,sources,targets,nmod:of,nmod:with,nmod,conj,asserted,directed,0,0,0,1,dependency
bioinfer,BioInfer.d583.s1,stanza_craft+coref_56464b1f_0:rel:2,0,2,positive,positive,,,applied,structural|AB|structure|_|nominalized,structural|structure,structure,AB,nominalized,,clause,DEP-structure-nestedinner-directed,sources,targets,nmod:of,nmod:,nmod,conj,asserted,directed,1,1,0,1,dependency
bioinfer,BioInfer.d584.s0,stanza_craft+coref_daa7ee0b_2:rel:0,0,1,negative,negative,,,review_only,relational|RELATIONAL|is-a|_|verbal,relational|RELATIONAL|is-a|_,,RELATIONAL,verbal,,appositive,DEP-ParentheticalAlias,entities_a,entities_b,nsubj,dep,nsubj,dep,asserted,relational,0,0,0,0,dependency
bioinfer,BioInfer.d585.s0,stanza_craft+coref_464987bf_4:rel:0,0,1,negative,negative,,,review_only,relational|RELATIONAL|is-a|_|verbal,relational|RELATIONAL|is-a|_,,RELATIONAL,verbal,,appositive,DEP-ParentheticalAlias,entities_a,entities_b,nsubj,dep,nsubj,dep,asserted,relational,0,0,0,0,dependency
bioinfer,BioInfer.d585.s0,stanza_craft+coref_464987bf_4:rel:1,1,2,positive,negative,,,review_only,relational|RELATIONAL|is-a|_|verbal,relational|RELATIONAL|is-a|_,,RELATIONAL,verbal,,appositive,DEP-ParentheticalAlias,entities_a,entities_b,nsubj,dep,nsubj,dep,asserted,relational,0,1,0,0,dependency
bioinfer,BioInfer.d585.s0,stanza_craft+coref_464987bf_4:rel:2,1,3,positive,negative,,,review_only,relational|RELATIONAL|is-a|_|verbal,relational|RELATIONAL|is-a|_,,RELATIONAL,verbal,,appositive,DEP-ParentheticalAlias,entities_a,entities_b,nsubj,dep,nsubj,dep,asserted,relational,0,1,0,0,dependency
bioinfer,BioInfer.d587.s0,stanza_craft+coref_830a7686_0:rel:0,0,2,negative,positive,,,applied,structural|AB|induce|_|verbal,structural|induce,induce,AB,verbal,,clause,DEP-induce,sources,targets,nsubj,dobj,nsubj,obj,asserted,directed,1,1,0,0,dependency
bioinfer,BioInfer.d587.s0,stanza_craft+coref_830a7686_0:rel:1,0,3,negative,positive,,,applied,structural|AB|induce|_|verbal,structural|induce,induce,AB,verbal,,clause,DEP-induce,sources,targets,nsubj,dobj,nsubj,obj,asserted,directed,1,1,0,0,dependency
bioinfer,BioInfer.d587.s0,stanza_craft+coref_830a7686_0:rel:2,0,4,negative,positive,,,applied,structural|AB|induce|_|verbal,structural|induce,induce,AB,verbal,,clause,DEP-induce,sources,targets,nsubj,dobj,nsubj,obj,asserted,directed,1,1,0,0,dependency
bioinfer,BioInfer.d587.s0,stanza_craft+coref_830a7686_0:rel:3,1,2,negative,positive,,,applied,structural|AB|induce|_|verbal,structural|induce,induce,AB,verbal,,clause,DEP-induce,sources,targets,nsubj,dobj,nsubj,obj,asserted,directed,1,1,0,0,dependency
bioinfer,BioInfer.d587.s0,stanza_craft+coref_830a7686_0:rel:4,1,3,negative,positive,,,applied,structural|AB|induce|_|verbal,structural|induce,induce,AB,verbal,,clause,DEP-induce,sources,targets,nsubj,dobj,nsubj,obj,asserted,directed,1,1,0,0,dependency
bioinfer,BioInfer.d587.s0,stanza_craft+coref_830a7686_0:rel:5,1,4,positive,positive,,,applied,structural|AB|induce|_|verbal,structural|induce,induce,AB,verbal,,clause,DEP-induce,sources,targets,nsubj,dobj,nsubj,obj,asserted,directed,1,1,0,0,dependency
bioinfer,BioInfer.d589.s0,stanza_craft+coref_b0bc5242_0:rel:0,1,2,negative,negative,,,review_only,relational|RELATIONAL|is-a|_|verbal,relational|RELATIONAL|is-a|_,,RELATIONAL,verbal,,appositive,DEP-Apposition,entities_a,entities_b,nsubj,appos,nsubj,appos,asserted,relational,0,1,0,0,dependency
bioinfer,BioInfer.d59.s0,stanza_craft+coref_34b097c9_0:rel:0,0,1,positive,positive,,,applied,structural|AB|cross-link|with|passive,structural|cross-link,cross-link,AB,passive,with,clause,DEP-cross-link-passive,sources,targets,nsubjpass,nmod:with,nsubj:pass,obl,asserted,directed,0,1,0,0,dependency
bioinfer,BioInfer.d59.s1,stanza_craft+coref_6aa925bc_0:rel:0,0,1,positive,negative,,,review_only,relational|RELATIONAL|weight|_|verbal,relational|RELATIONAL|weight|_,weight,RELATIONAL,verbal,,appositive,DEP-Apposition,entities_a,entities_b,nmod,appos,nmod,appos,asserted,relational,0,1,0,0,dependency
bioinfer,BioInfer.d590.s0,stanza_craft+coref_ea04a9cd_1:rel:0,0,2,positive,negative,,,not_applied,structural|AB|affect|_|verbal,structural|affect,affect,AB,verbal,,clause,DEP-affect,sources,targets,nsubj,dobj,nsubj,obj,negated,directed,1,1,0,0,dependency
bioinfer,BioInfer.d592.s0,stanza_craft+coref_09c80ba2_0:rel:0,0,3,positive,positive,,,applied,relational|RELATIONAL|target|_|nominalized,relational|RELATIONAL|target|_,target,RELATIONAL,nominalized,,clause,DEP-CopulaIsA,entities_a,entities_b,nsubj,ROOT,nsubj,root,asserted,relational,1,1,0,1,dependency
bioinfer,BioInfer.d592.s0,stanza_craft+coref_09c80ba2_0:rel:1,2,3,positive,positive,,,applied,relational|RELATIONAL|target|_|nominalized,relational|RELATIONAL|target|_,target,RELATIONAL,nominalized,,clause,DEP-CopulaIsA,entities_a,entities_b,nsubj,ROOT,nsubj,root,asserted,relational,1,1,0,1,dependency
bioinfer,BioInfer.d593.s0,stanza_craft+coref_72cfe71c_0:rel:0,0,2,positive,positive,,,applied,structural|AB|characteristic|with|nominalized,structural|characteristic,characteristic,AB,nominalized,with,event_nominal,DEP-nom-characteristic-subject,sources,targets,nmod:of,nmod:with,compound,nmod,asserted,directed,1,0,0,1,dependency
bioinfer,BioInfer.d593.s0,stanza_craft+coref_72cfe71c_0:rel:1,1,2,positive,positive,,,applied,structural|AB|characteristic|with|nominalized,structural|characteristic,characteristic,AB,nominalized,with,event_nominal,DEP-nom-characteristic-subject,sources,targets,nmod:of,nmod:with,conj,nmod,asserted,directed,0,0,0,1,dependency
bioinfer,BioInfer.d593.s0,stanza_craft+coref_72cfe71c_1:rel:0,0,1,positive,positive,,,applied,structural|AA|interact|_|nominalized,structural|interact,interact,AA,nominalized,,event_nominal,DEP-nom-interaction-undirected,participants,participants,compound,compound,compound,conj,asserted,undirected,1,0,0,1,dependency
bioinfer,BioInfer.d594.s0,stanza_craft+coref_54bf79ab_1:rel:0,0,1,negative,negative,,,review_only,relational|RELATIONAL|is-a|_|verbal,relational|RELATIONAL|is-a|_,,RELATIONAL,verbal,,appositive,DEP-ParentheticalAlias,entities_a,entities_b,nmod,dep,nmod,dep,asserted,relational,0,0,0,0,dependency
bioinfer,BioInfer.d595.s0,stanza_craft+coref_03ee8705_1:rel:0,0,1,positive,positive,,,applied,structural|AB|associate|_|nominalized,structural|associate,associate,AB,nominalized,,event_nominal,DEP-nom-association,sources,targets,nmod:with,compound,nmod,compound,asserted,directed,1,0,0,1,dependency
bioinfer,BioInfer.d595.s0,stanza_craft+coref_03ee8705_1:rel:1,0,2,positive,positive,,,applied,structural|AB|associate|_|nominalized,structural|associate,associate,AB,nominalized,,event_nominal,DEP-nom-association,sources,targets,nmod:with,compound,conj,compound,asserted,directed,1,0,0,1,dependency
bioinfer,BioInfer.d6.s0,stanza_craft+coref_c630874a_0:rel:0,0,1,positive,positive,,,applied,structural|AB|affect|_|verbal,structural|affect,affect,AB,verbal,,clause,DEP-affect,sources,targets,nsubj,dobj,nsubj,obj,asserted,directed,0,1,0,0,dependency
bioinfer,BioInfer.d6.s1,stanza_craft+coref_d5cc1051_0:rel:0,0,1,positive,positive,,,applied,structural|AB|have|_|verbal,structural|have,have,AB,verbal,,clause,DEP-have,sources,targets,nsubj,dobj,nsubj,obj,asserted,directed,1,1,0,0,dependency
bioinfer,BioInfer.d600.s0,stanza_craft+coref_669026e9_7:rel:0,0,3,negative,positive,,,applied,structural|AA|complex|_|compound_state,structural|complex,complex,AA,compound_state,,state_nominal,DEP-Complex,participants,participants,conj,conj,conj,conj,asserted,undirected,1,1,0,1,dependency
bioinfer,BioInfer.d601.s0,stanza_craft+coref_88b309e7_1:rel:0,1,2,positive,positive,,,applied,structural|AA|associate|of|nominalized,structural|associate,associate,AA,nominalized,of,event_nominal,DEP-nom-association-undirected,participants,participants,nmod:of,nmod:of,nmod,nmod,asserted,undirected,0,0,0,1,dependency
bioinfer,BioInfer.d601.s0,stanza_craft+coref_88b309e7_1:rel:1,1,3,positive,positive,,,applied,structural|AA|associate|of|nominalized,structural|associate,associate,AA,nominalized,of,event_nominal,DEP-nom-association-undirected,participants,participants,nmod:of,nmod:of,nmod,conj,asserted,undirected,0,0,0,1,dependency
bioinfer,BioInfer.d601.s0,stanza_craft+coref_88b309e7_1:rel:2,2,3,negative,positive,,,applied,structural|AA|associate|of|nominalized,structural|associate,associate,AA,nominalized,of,event_nominal,DEP-nom-association-undirected,participants,participants,nmod:of,nmod:of,nmod,conj,asserted,undirected,0,0,0,1,dependency
bioinfer,BioInfer.d602.s0,stanza_craft+coref_7f9cd7c7_0:rel:0,0,1,positive,positive,,,applied,structural|AB|bring|_|verbal,structural|bring,bring,AB,verbal,,clause,DEP-bring,sources,targets,nsubj,dobj,nsubj,obj,asserted,directed,0,1,0,0,dependency
bioinfer,BioInfer.d602.s0,stanza_craft+coref_7f9cd7c7_0:rel:1,0,2,positive,positive,,,applied,structural|AB|bring|_|verbal,structural|bring,bring,AB,verbal,,clause,DEP-bring,sources,targets,nsubj,conj,nsubj,conj,asserted,directed,0,1,0,0,dependency
bioinfer,BioInfer.d603.s0,stanza_craft+coref_7e7aaab7_2:rel:0,3,5,positive,positive,,,applied,structural|AB|bind|to|nominalized,structural|bind,bind,AB,nominalized,to,event_nominal,DEP-nom-binding-subject,sources,targets,nmod:of,nmod:to,nmod,nmod,asserted,directed,0,0,0,1,dependency
bioinfer,BioInfer.d603.s0,stanza_craft+coref_7e7aaab7_3:rel:0,3,4,negative,negative,,,review_only,relational|RELATIONAL|is-a|_|verbal,relational|RELATIONAL|is-a|_,,RELATIONAL,verbal,,appositive,DEP-ParentheticalAlias,entities_a,entities_b,nmod,dep,nmod,dep,asserted,relational,0,0,0,0,dependency
bioinfer,BioInfer.d605.s0,stanza_craft+coref_0079dcf7_3:rel:0,0,1,positive,negative,,,review_only,relational|RELATIONAL|is-a|_|verbal,relational|RELATIONAL|is-a|_,,RELATIONAL,verbal,,appositive,DEP-Apposition,entities_a,entities_b,nmod,appos,nmod,appos,asserted,relational,1,1,0,0,dependency
bioinfer,BioInfer.d606.s0,stanza_craft+coref_13ef2452_0:rel:0,0,1,positive,positive,,,applied,structural|AB|involve|in|passive,structural|involve,involve,AB,passive,in,clause,DEP-involve-passive,sources,targets,nsubjpass,nmod:in,nsubj:pass,obl,asserted,directed,1,1,0,0,dependency
bioinfer,BioInfer.d606.s0,stanza_craft+coref_13ef2452_1:rel:0,0,3,positive,positive,,,applied,structural|AB|relate|to|passive,structural|relate,relate,AB,passive,to,clause,DEP-relate-passive,sources,targets,nsubjpass,nmod:to,nsubj:pass,obl,asserted,directed,0,1,0,0,dependency
bioinfer,BioInfer.d606.s0,stanza_craft+coref_13ef2452_1:rel:1,0,4,positive,positive,,,applied,structural|AB|relate|to|passive,structural|relate,relate,AB,passive,to,clause,DEP-relate-passive,sources,targets,nsubjpass,nmod:to,nsubj:pass,conj,asserted,directed,0,1,0,0,dependency
bioinfer,BioInfer.d606.s0,stanza_craft+coref_13ef2452_1:rel:2,0,5,positive,positive,,,applied,structural|AB|relate|to|passive,structural|relate,relate,AB,passive,to,clause,DEP-relate-passive,sources,targets,nsubjpass,nmod:to,nsubj:pass,conj,asserted,directed,0,1,0,0,dependency
bioinfer,BioInfer.d607.s0,stanza_craft+coref_73ee32fc_1:rel:0,0,1,positive,positive,,,applied,structural|AB|effect|on|nominalized,structural|effect,effect,AB,nominalized,on,event_nominal,DEP-nom-effect-subject,sources,targets,nmod:of,nmod:on,nmod,compound,asserted,directed,1,0,0,1,dependency
bioinfer,BioInfer.d607.s1,stanza_craft+coref_0bbe63ff_1:rel:0,0,1,positive,positive,,,applied,structural|AB|involve|in|passive,structural|involve,involve,AB,passive,in,clause,DEP-involve-passive,sources,targets,nsubjpass,nmod:in,nsubj:pass,obl,asserted,directed,1,1,0,0,dependency
bioinfer,BioInfer.d608.s0,stanza_craft+coref_f79f28a8_0:rel:0,0,3,negative,negative,,,not_applied,structural|AB|affect|_|passive,structural|affect,affect,AB,passive,,clause,DEP-affect-passive,sources,targets,nmod,nsubjpass,obl,nsubj:pass,negated,directed,0,1,1,0,dependency
bioinfer,BioInfer.d608.s0,stanza_craft+coref_f79f28a8_0:rel:1,1,3,negative,negative,,,not_applied,structural|AB|affect|_|passive,structural|affect,affect,AB,passive,,clause,DEP-affect-passive,sources,targets,nmod,nsubjpass,obl,nsubj:pass,negated,directed,0,1,0,0,dependency
bioinfer,BioInfer.d608.s0,stanza_craft+coref_f79f28a8_0:rel:2,2,3,negative,negative,,,not_applied,structural|AB|affect|_|passive,structural|affect,affect,AB,passive,,clause,DEP-affect-passive,sources,targets,nmod,nsubjpass,obl,nsubj:pass,negated,directed,0,1,0,0,dependency
bioinfer,BioInfer.d609.s0,stanza_craft+coref_64d2881f_4:rel:0,1,2,negative,negative,,,review_only,relational|RELATIONAL|is-a|_|verbal,relational|RELATIONAL|is-a|_,,RELATIONAL,verbal,,appositive,DEP-ParentheticalAlias,entities_a,entities_b,dep,compound,dep,compound,asserted,relational,1,0,0,0,dependency
bioinfer,BioInfer.d61.s1,stanza_craft+coref_578f4806_0:rel:0,0,2,positive,positive,,,applied,structural|AB|bind|to|verbal,structural|bind,bind,AB,verbal,to,clause,DEP-bind,sources,targets,nsubj,nmod:to,nsubj,obl,asserted,directed,0,1,0,0,dependency
bioinfer,BioInfer.d61.s1,stanza_craft+coref_578f4806_0:rel:1,1,2,positive,positive,,,applied,structural|AB|bind|to|verbal,structural|bind,bind,AB,verbal,to,clause,DEP-bind,sources,targets,conj,nmod:to,conj,obl,asserted,directed,0,1,0,0,dependency
bioinfer,BioInfer.d61.s1,stanza_craft+coref_578f4806_1:rel:0,4,5,positive,positive,,,applied,structural|AB|bind|to|nominalized,structural|bind,bind,AB,nominalized,to,clause,DEP-binding-nestedinner-directed,sources,targets,nmod:of,nmod:to,nmod,nmod,asserted,directed,0,0,0,1,dependency
bioinfer,BioInfer.d61.s1,stanza_craft+coref_578f4806_2:rel:0,3,4,negative,negative,,,not_applied,structural|NESTED|compete|with|nested,structural|NESTED|compete|with,compete,NESTED,nested,with,clause,DEP-compete-nested,sources,targets:event_ref:stanza_craft+coref_578f4806_1,nsubj,nmod:of,nsubj,nmod,asserted,nested_review,0,0,0,0,dependency
bioinfer,BioInfer.d61.s1,stanza_craft+coref_578f4806_2:rel:1,3,5,positive,negative,,,not_applied,structural|NESTED|compete|with|nested,structural|NESTED|compete|with,compete,NESTED,nested,with,clause,DEP-compete-nested,sources,targets:event_ref:stanza_craft+coref_578f4806_1,nsubj,nmod:to,nsubj,nmod,asserted,nested_review,0,0,0,0,dependency
bioinfer,BioInfer.d61.s2,stanza_craft+coref_83362cf3_3:rel:0,1,2,negative,negative,,,not_applied,structural|AA|interact|with|nominalized,structural|interact,interact,AA,nominalized,with,clause,DEP-interaction-nestedinner,participants,participants,nmod:with,nmod:with,nmod,conj,asserted,undirected,0,0,0,1,dependency
bioinfer,BioInfer.d61.s2,stanza_craft+coref_83362cf3_4:rel:0,0,1,positive,negative,,,not_applied,structural|NESTED|require|for|nested,structural|NESTED|require|for,require,NESTED,nested,for,clause,DEP-require-passive-nested,outer_arguments,targets:event_ref:stanza_craft+coref_83362cf3_3,dobj,nmod:with,obj,nmod,asserted,nested_review,0,1,0,0,dependency
bioinfer,BioInfer.d61.s2,stanza_craft+coref_83362cf3_4:rel:1,0,2,positive,negative,,,not_applied,structural|NESTED|require|for|nested,structural|NESTED|require|for,require,NESTED,nested,for,clause,DEP-require-passive-nested,outer_arguments,targets:event_ref:stanza_craft+coref_83362cf3_3,dobj,nmod:with,obj,conj,asserted,nested_review,0,1,0,0,dependency
bioinfer,BioInfer.d61.s3,stanza_craft+coref_4550f351_2:rel:0,1,2,positive,positive,,,applied,structural|AB|form|_|verbal,structural|form,form,AB,verbal,,clause,DEP-form,sources,targets,nsubj,dobj,nsubj,obj,asserted,directed,0,1,0,0,dependency
bioinfer,BioInfer.d61.s3,stanza_craft+coref_4550f351_4:rel:0,0,1,negative,negative,,,review_only,relational|RELATIONAL|identity|_|verbal,relational|RELATIONAL|identity|_,,RELATIONAL,verbal,,appositive,DEP-LooseIdentityCandidate,entities_a,entities_b,dobj,nmod,obj,nmod,asserted,relational,0,0,0,0,dependency
bioinfer,BioInfer.d612.s0,stanza_craft+coref_9e69d792_0:rel:0,0,3,negative,positive,,,applied,structural|AB|decrease|with|passive,structural|decrease,decrease,AB,passive,with,clause,DEP-decrease-passive,sources,targets,nsubjpass,nmod:with,nsubj:pass,obl,asserted,directed,0,1,0,0,dependency
bioinfer,BioInfer.d612.s0,stanza_craft+coref_9e69d792_0:rel:1,1,3,negative,positive,,,applied,structural|AB|decrease|with|passive,structural|decrease,decrease,AB,passive,with,clause,DEP-decrease-passive,sources,targets,nsubjpass,nmod:with,nsubj:pass,obl,asserted,directed,0,1,0,0,dependency
bioinfer,BioInfer.d612.s0,stanza_craft+coref_9e69d792_0:rel:2,2,3,negative,positive,,,applied,structural|AB|decrease|with|passive,structural|decrease,decrease,AB,passive,with,clause,DEP-decrease-passive,sources,targets,nsubjpass,nmod:with,nsubj:pass,obl,asserted,directed,0,1,0,0,dependency
bioinfer,BioInfer.d613.s0,stanza_craft+coref_e9cc4358_1:rel:0,0,2,negative,positive,,,applied,structural|AB|involve|in|passive,structural|involve,involve,AB,passive,in,clause,DEP-involve-passive,sources,targets,nsubjpass,nmod:in,nsubj:pass,obl,asserted,directed,1,1,1,0,dependency
bioinfer,BioInfer.d613.s0,stanza_craft+coref_e9cc4358_1:rel:1,0,3,positive,positive,,,applied,structural|AB|involve|in|passive,structural|involve,involve,AB,passive,in,clause,DEP-involve-passive,sources,targets,nsubjpass,nmod:in,nsubj:pass,obl,asserted,directed,1,1,0,0,dependency
bioinfer,BioInfer.d613.s0,stanza_craft+coref_e9cc4358_1:rel:2,1,2,negative,positive,,,applied,structural|AB|involve|in|passive,structural|involve,involve,AB,passive,in,clause,DEP-involve-passive,sources,targets,nsubjpass,nmod:in,nsubj:pass,obl,asserted,directed,0,0,1,0,dependency
bioinfer,BioInfer.d613.s0,stanza_craft+coref_e9cc4358_1:rel:3,1,3,negative,positive,,,applied,structural|AB|involve|in|passive,structural|involve,involve,AB,passive,in,clause,DEP-involve-passive,sources,targets,nsubjpass,nmod:in,nsubj:pass,obl,asserted,directed,1,1,0,0,dependency
bioinfer,BioInfer.d613.s0,stanza_craft+coref_e9cc4358_2:rel:0,4,12,positive,positive,,,applied,structural|AB|involve|in|passive,structural|involve,involve,AB,passive,in,clause,DEP-involve-passive,sources,targets,nsubjpass,nmod:in,nsubj:pass,obl,asserted,directed,1,1,0,0,dependency
bioinfer,BioInfer.d613.s0,stanza_craft+coref_e9cc4358_2:rel:1,5,12,positive,positive,,,applied,structural|AB|involve|in|passive,structural|involve,involve,AB,passive,in,clause,DEP-involve-passive,sources,targets,nsubjpass,nmod:in,nsubj:pass,obl,asserted,directed,1,1,0,0,dependency
bioinfer,BioInfer.d613.s0,stanza_craft+coref_e9cc4358_2:rel:2,6,12,positive,positive,,,applied,structural|AB|involve|in|passive,structural|involve,involve,AB,passive,in,clause,DEP-involve-passive,sources,targets,conj,nmod:in,conj,obl,asserted,directed,1,1,0,0,dependency
bioinfer,BioInfer.d613.s0,stanza_craft+coref_e9cc4358_2:rel:3,7,12,positive,positive,,,applied,structural|AB|involve|in|passive,structural|involve,involve,AB,passive,in,clause,DEP-involve-passive,sources,targets,conj,nmod:in,conj,obl,asserted,directed,1,1,0,0,dependency
bioinfer,BioInfer.d613.s0,stanza_craft+coref_e9cc4358_2:rel:4,8,12,positive,positive,,,applied,structural|AB|involve|in|passive,structural|involve,involve,AB,passive,in,clause,DEP-involve-passive,sources,targets,conj,nmod:in,conj,obl,asserted,directed,1,1,0,0,dependency
bioinfer,BioInfer.d613.s0,stanza_craft+coref_e9cc4358_2:rel:5,9,12,positive,negative,,,not_selected,structural|AB|involve|in|passive,structural|involve,involve,AB,passive,in,clause,DEP-involve-passive,sources,targets,conj,nmod:in,conj,obl,negated,directed,1,1,0,0,dependency
bioinfer,BioInfer.d613.s0,stanza_craft+coref_e9cc4358_2:rel:6,10,12,negative,negative,,,not_selected,structural|AB|involve|in|passive,structural|involve,involve,AB,passive,in,clause,DEP-involve-passive,sources,targets,conj,nmod:in,conj,obl,negated,directed,1,1,0,0,dependency
bioinfer,BioInfer.d613.s0,stanza_craft+coref_e9cc4358_3:rel:0,5,6,negative,negative,,,review_only,relational|RELATIONAL|is-a|_|verbal,relational|RELATIONAL|is-a|_,,RELATIONAL,verbal,,appositive,DEP-ParentheticalAlias,entities_a,entities_b,nmod,compound,nmod,compound,asserted,relational,1,0,0,0,dependency
bioinfer,BioInfer.d615.s0,stanza_craft+coref_89b3c8fd_3:rel:0,0,1,negative,negative,,,review_only,relational|RELATIONAL|identity|_|verbal,relational|RELATIONAL|identity|_,,RELATIONAL,verbal,,appositive,DEP-LooseIdentityCandidate,entities_a,entities_b,nmod,dep,nmod,dep,asserted,relational,0,0,0,0,dependency
bioinfer,BioInfer.d618.s0,stanza_craft+coref_52e8873d_1:rel:0,1,2,positive,positive,,,applied,structural|AA|heterotrimer|_|compound_state,structural|heterotrimer,heterotrimer,AA,compound_state,,state_nominal,DEP-Complex,participants,participants,appos,appos,appos,appos,asserted,undirected,1,1,0,1,dependency
bioinfer,BioInfer.d618.s0,stanza_craft+coref_52e8873d_1:rel:1,1,3,positive,positive,,,applied,structural|AA|heterotrimer|_|compound_state,structural|heterotrimer,heterotrimer,AA,compound_state,,state_nominal,DEP-Complex,participants,participants,appos,appos,appos,appos,asserted,undirected,1,1,0,1,dependency
bioinfer,BioInfer.d618.s0,stanza_craft+coref_52e8873d_1:rel:2,2,3,positive,positive,,,applied,structural|AA|heterotrimer|_|compound_state,structural|heterotrimer,heterotrimer,AA,compound_state,,state_nominal,DEP-Complex,participants,participants,appos,appos,appos,appos,asserted,undirected,0,1,0,1,dependency
bioinfer,BioInfer.d619.s0,stanza_craft+coref_c8d0b6d4_0:rel:0,0,1,positive,positive,,,applied,structural|AB|influence|_|verbal,structural|influence,influence,AB,verbal,,clause,DEP-influence,sources,targets,nsubj,dobj,nsubj,obj,asserted,directed,1,1,0,0,dependency
bioinfer,BioInfer.d619.s0,stanza_craft+coref_c8d0b6d4_0:rel:1,0,2,positive,positive,,,applied,structural|AB|influence|_|verbal,structural|influence,influence,AB,verbal,,clause,DEP-influence,sources,targets,nsubj,dobj,nsubj,obj,asserted,directed,1,1,0,0,dependency
bioinfer,BioInfer.d619.s0,stanza_craft+coref_c8d0b6d4_0:rel:2,0,3,positive,positive,,,applied,structural|AB|influence|_|verbal,structural|influence,influence,AB,verbal,,clause,DEP-influence,sources,targets,nsubj,dobj,nsubj,obj,asserted,directed,1,1,0,0,dependency
bioinfer,BioInfer.d619.s0,stanza_craft+coref_c8d0b6d4_1:rel:0,1,2,negative,positive,,,applied,structural|AB|localize|_|nominalized,structural|localize,localize,AB,nominalized,,event_nominal,DEP-nom-localization,sources,targets,nmod:of,nmod,nmod,compound,asserted,directed,1,0,0,1,dependency
bioinfer,BioInfer.d619.s0,stanza_craft+coref_c8d0b6d4_1:rel:1,1,3,negative,positive,,,applied,structural|AB|localize|_|nominalized,structural|localize,localize,AB,nominalized,,event_nominal,DEP-nom-localization,sources,targets,nmod:of,nmod,nmod,conj,asserted,directed,0,0,0,1,dependency
bioinfer,BioInfer.d62.s2,stanza_craft+coref_2d659221_0:rel:0,0,1,positive,negative,,,review_only,relational|RELATIONAL|complex|_|verbal,relational|RELATIONAL|complex|_,complex,RELATIONAL,verbal,,clause,DEP-CopulaIsA,entities_a,entities_b,nsubj,ROOT,nsubj,root,asserted,relational,1,1,0,0,dependency
bioinfer,BioInfer.d62.s2,stanza_craft+coref_2d659221_0:rel:1,0,2,positive,negative,,,review_only,relational|RELATIONAL|complex|_|verbal,relational|RELATIONAL|complex|_,complex,RELATIONAL,verbal,,clause,DEP-CopulaIsA,entities_a,entities_b,nsubj,ROOT,nsubj,root,asserted,relational,0,1,0,0,dependency
bioinfer,BioInfer.d62.s2,stanza_craft+coref_2d659221_0:rel:2,0,3,positive,negative,,,review_only,relational|RELATIONAL|complex|_|verbal,relational|RELATIONAL|complex|_,complex,RELATIONAL,verbal,,clause,DEP-CopulaIsA,entities_a,entities_b,nsubj,ROOT,nsubj,root,asserted,relational,0,1,0,0,dependency
bioinfer,BioInfer.d62.s2,stanza_craft+coref_2d659221_1:rel:0,1,2,positive,positive,,,applied,structural|AA|complex|_|compound_state,structural|complex,complex,AA,compound_state,,state_nominal,DEP-Complex,participants,participants,ROOT,ROOT,root,root,asserted,undirected,1,1,0,1,dependency
bioinfer,BioInfer.d62.s2,stanza_craft+coref_2d659221_1:rel:1,1,3,positive,positive,,,applied,structural|AA|complex|_|compound_state,structural|complex,complex,AA,compound_state,,state_nominal,DEP-Complex,participants,participants,ROOT,ROOT,root,root,asserted,undirected,1,1,0,1,dependency
bioinfer,BioInfer.d62.s2,stanza_craft+coref_2d659221_1:rel:2,2,3,positive,positive,,,applied,structural|AA|complex|_|compound_state,structural|complex,complex,AA,compound_state,,state_nominal,DEP-Complex,participants,participants,ROOT,ROOT,root,root,asserted,undirected,0,1,0,1,dependency
bioinfer,BioInfer.d620.s0,stanza_craft+coref_206b0dbf_0:rel:0,0,1,positive,positive,,,applied,structural|AB|encode|_|passive,structural|encode,encode,AB,passive,,clause,DEP-encode-passive,sources,targets,nmod,nsubj,obl,nsubj,asserted,directed,1,1,0,0,dependency
bioinfer,BioInfer.d620.s0,stanza_craft+coref_206b0dbf_0:rel:1,0,2,positive,positive,,,applied,structural|AB|encode|_|passive,structural|encode,encode,AB,passive,,clause,DEP-encode-passive,sources,targets,nmod,nsubj,obl,nsubj,asserted,directed,0,1,0,0,dependency
bioinfer,BioInfer.d620.s0,stanza_craft+coref_206b0dbf_0:rel:2,0,3,positive,positive,,,applied,structural|AB|encode|_|passive,structural|encode,encode,AB,passive,,clause,DEP-encode-passive,sources,targets,nmod,nsubj,obl,nsubj,asserted,directed,0,1,0,0,dependency
bioinfer,BioInfer.d620.s0,stanza_craft+coref_206b0dbf_1:rel:0,1,2,negative,positive,,,applied,structural|AA|heterotrimer|_|compound_state,structural|heterotrimer,heterotrimer,AA,compound_state,,state_nominal,DEP-Complex,participants,participants,acl,acl,acl,acl,asserted,undirected,1,1,0,1,dependency
bioinfer,BioInfer.d620.s0,stanza_craft+coref_206b0dbf_1:rel:1,1,3,negative,positive,,,applied,structural|AA|heterotrimer|_|compound_state,structural|heterotrimer,heterotrimer,AA,compound_state,,state_nominal,DEP-Complex,participants,participants,acl,acl,acl,acl,asserted,undirected,1,1,0,1,dependency
bioinfer,BioInfer.d620.s0,stanza_craft+coref_206b0dbf_1:rel:2,2,3,negative,positive,,,applied,structural|AA|heterotrimer|_|compound_state,structural|heterotrimer,heterotrimer,AA,compound_state,,state_nominal,DEP-Complex,participants,participants,acl,acl,acl,acl,asserted,undirected,0,1,0,1,dependency
bioinfer,BioInfer.d622.s0,stanza_craft+coref_93be1365_0:rel:0,0,3,positive,positive,,,applied,structural|AB|encode|_|verbal,structural|encode,encode,AB,verbal,,clause,DEP-encode,sources,targets,compound,dobj,compound,obj,asserted,directed,1,0,0,0,dependency
bioinfer,BioInfer.d622.s0,stanza_craft+coref_93be1365_0:rel:1,1,3,positive,positive,,,applied,structural|AB|encode|_|verbal,structural|encode,encode,AB,verbal,,clause,DEP-encode,sources,targets,nsubj,dobj,nsubj,obj,asserted,directed,0,1,0,0,dependency
bioinfer,BioInfer.d622.s0,stanza_craft+coref_93be1365_0:rel:2,2,3,positive,positive,,,applied,structural|AB|encode|_|verbal,structural|encode,encode,AB,verbal,,clause,DEP-encode,sources,targets,nsubj,dobj,nsubj,obj,asserted,directed,0,1,0,0,dependency
bioinfer,BioInfer.d623.s0,stanza_craft+coref_84a8ba09_3:rel:0,0,1,positive,positive,,,applied,structural|AB|affinity|than for|nominalized,structural|affinity,affinity,AB,nominalized,than for,event_nominal,DEP-nom-affinity-subject,sources,targets,nmod:of,nmod:than for,nmod,nmod,asserted,directed,0,0,0,1,dependency
bioinfer,BioInfer.d625.s0,stanza_craft+coref_a99cffd1_1:rel:0,0,1,negative,negative,,,review_only,relational|RELATIONAL|identity|_|verbal,relational|RELATIONAL|identity|_,,RELATIONAL,verbal,,appositive,DEP-LooseIdentityCandidate,entities_a,entities_b,nmod,compound,nmod,compound,asserted,relational,1,0,0,0,dependency
bioinfer,BioInfer.d628.s0,stanza_craft+coref_d9c131cd_1:rel:0,0,2,positive,negative,,,review_only,relational|RELATIONAL|is-a|_|verbal,relational|RELATIONAL|is-a|_,,RELATIONAL,verbal,,appositive,DEP-ParentheticalAlias,entities_a,entities_b,nmod,dep,nmod,dep,asserted,relational,1,1,0,0,dependency
bioinfer,BioInfer.d628.s0,stanza_craft+coref_d9c131cd_1:rel:1,1,2,negative,negative,,,review_only,relational|RELATIONAL|is-a|_|verbal,relational|RELATIONAL|is-a|_,,RELATIONAL,verbal,,appositive,DEP-ParentheticalAlias,entities_a,entities_b,nmod,dep,nmod,dep,asserted,relational,0,0,0,0,dependency
bioinfer,BioInfer.d629.s0,stanza_craft+coref_9da59d4e_0:rel:0,0,1,negative,positive,,,applied,structural|AA|interact|between|nominalized,structural|interact,interact,AA,nominalized,between,clause,DEP-interaction-nestedinner,participants,participants,nmod:between,nmod:between,nmod,nmod,asserted,undirected,1,1,0,1,dependency
bioinfer,BioInfer.d629.s0,stanza_craft+coref_9da59d4e_0:rel:1,0,2,positive,positive,,,applied,structural|AA|interact|between|nominalized,structural|interact,interact,AA,nominalized,between,clause,DEP-interaction-nestedinner,participants,participants,nmod:between,nmod:between,nmod,nmod,asserted,undirected,1,1,0,1,dependency
bioinfer,BioInfer.d629.s0,stanza_craft+coref_9da59d4e_0:rel:2,0,3,positive,positive,,,applied,structural|AA|interact|between|nominalized,structural|interact,interact,AA,nominalized,between,clause,DEP-interaction-nestedinner,participants,participants,nmod:between,nmod:between,nmod,nmod,asserted,undirected,1,1,0,1,dependency
bioinfer,BioInfer.d629.s0,stanza_craft+coref_9da59d4e_0:rel:3,1,2,positive,positive,,,applied,structural|AA|interact|between|nominalized,structural|interact,interact,AA,nominalized,between,clause,DEP-interaction-nestedinner,participants,participants,nmod:between,nmod:between,nmod,nmod,asserted,undirected,1,1,0,1,dependency
bioinfer,BioInfer.d629.s0,stanza_craft+coref_9da59d4e_0:rel:4,1,3,positive,positive,,,applied,structural|AA|interact|between|nominalized,structural|interact,interact,AA,nominalized,between,clause,DEP-interaction-nestedinner,participants,participants,nmod:between,nmod:between,nmod,nmod,asserted,undirected,1,1,0,1,dependency
bioinfer,BioInfer.d629.s0,stanza_craft+coref_9da59d4e_0:rel:5,2,3,negative,positive,,,applied,structural|AA|interact|between|nominalized,structural|interact,interact,AA,nominalized,between,clause,DEP-interaction-nestedinner,participants,participants,nmod:between,nmod:between,nmod,nmod,asserted,undirected,1,1,0,1,dependency
bioinfer,BioInfer.d630.s0,stanza_craft+coref_31f50549_0:rel:0,0,1,positive,negative,,,not_applied,structural|AA|interact|of|nominalized,structural|interact,interact,AA,nominalized,of,clause,DEP-interaction-nestedinner,participants,participants,nmod:of,nmod:of,nmod,conj,asserted,undirected,0,1,0,1,dependency
bioinfer,BioInfer.d630.s0,stanza_craft+coref_31f50549_2:rel:0,1,2,positive,negative,,,review_only,relational|RELATIONAL|identity|_|verbal,relational|RELATIONAL|identity|_,,RELATIONAL,verbal,,appositive,DEP-LooseIdentityCandidate,entities_a,entities_b,conj,compound,conj,compound,asserted,relational,1,0,0,0,dependency
bioinfer,BioInfer.d631.s0,stanza_craft+coref_94b97a50_0:rel:0,0,2,positive,positive,,,applied,structural|AB|interact|with|nominalized,structural|interact,interact,AB,nominalized,with,clause,DEP-interaction-nestedinner-directed,sources,targets,nmod:of,nmod:with,nmod,nmod,asserted,directed,1,1,0,1,dependency
bioinfer,BioInfer.d631.s0,stanza_craft+coref_94b97a50_0:rel:1,0,3,positive,positive,,,applied,structural|AB|interact|with|nominalized,structural|interact,interact,AB,nominalized,with,clause,DEP-interaction-nestedinner-directed,sources,targets,nmod:of,nmod:with,nmod,nmod,asserted,directed,1,1,0,1,dependency
bioinfer,BioInfer.d631.s0,stanza_craft+coref_94b97a50_0:rel:2,0,4,positive,positive,,,applied,structural|AB|interact|with|nominalized,structural|interact,interact,AB,nominalized,with,clause,DEP-interaction-nestedinner-directed,sources,targets,nmod:of,nmod:with,nmod,nmod,asserted,directed,1,1,0,1,dependency
bioinfer,BioInfer.d631.s0,stanza_craft+coref_94b97a50_0:rel:3,0,5,positive,positive,,,applied,structural|AB|interact|with|nominalized,structural|interact,interact,AB,nominalized,with,clause,DEP-interaction-nestedinner-directed,sources,targets,nmod:of,nmod:with,nmod,nmod,asserted,directed,1,1,0,1,dependency
bioinfer,BioInfer.d631.s0,stanza_craft+coref_94b97a50_2:rel:0,0,6,negative,positive,,,applied,structural|AB|use|_|verbal,structural|use,use,AB,verbal,,clause,DEP-use,sources,targets,nsubjpass,dobj,nsubj:pass,obj,asserted,directed,1,1,0,0,dependency
bioinfer,BioInfer.d631.s0,stanza_craft+coref_94b97a50_2:rel:1,1,6,negative,positive,,,applied,structural|AB|use|_|verbal,structural|use,use,AB,verbal,,clause,DEP-use,sources,targets,nsubjpass,dobj,nsubj:pass,obj,asserted,directed,1,1,0,0,dependency
bioinfer,BioInfer.d631.s0,stanza_craft+coref_94b97a50_2:rel:2,2,6,negative,positive,,,applied,structural|AB|use|_|verbal,structural|use,use,AB,verbal,,clause,DEP-use,sources,targets,nsubjpass,dobj,nsubj:pass,obj,asserted,directed,1,1,0,0,dependency
bioinfer,BioInfer.d631.s0,stanza_craft+coref_94b97a50_2:rel:3,3,6,negative,positive,,,applied,structural|AB|use|_|verbal,structural|use,use,AB,verbal,,clause,DEP-use,sources,targets,nsubjpass,dobj,nsubj:pass,obj,asserted,directed,1,1,0,0,dependency
bioinfer,BioInfer.d631.s0,stanza_craft+coref_94b97a50_2:rel:4,4,6,negative,positive,,,applied,structural|AB|use|_|verbal,structural|use,use,AB,verbal,,clause,DEP-use,sources,targets,nsubjpass,dobj,nsubj:pass,obj,asserted,directed,1,1,0,0,dependency
bioinfer,BioInfer.d631.s0,stanza_craft+coref_94b97a50_2:rel:5,5,6,negative,positive,,,applied,structural|AB|use|_|verbal,structural|use,use,AB,verbal,,clause,DEP-use,sources,targets,nsubjpass,dobj,nsubj:pass,obj,asserted,directed,1,1,0,0,dependency
bioinfer,BioInfer.d631.s0,stanza_craft+coref_94b97a50_3:rel:0,0,1,negative,negative,,,review_only,relational|RELATIONAL|is-a|_|verbal,relational|RELATIONAL|is-a|_,,RELATIONAL,verbal,,appositive,DEP-ParentheticalAlias,entities_a,entities_b,nmod,dep,nmod,dep,asserted,relational,0,0,0,0,dependency
bioinfer,BioInfer.d632.s0,stanza_craft+coref_906d2c84_0:rel:0,0,1,positive,positive,,,applied,structural|AB|interact|with|nominalized,structural|interact,interact,AB,nominalized,with,clause,DEP-interaction-nestedinner-directed,sources,targets,nmod:of,nmod:with,nmod,nmod,asserted,directed,0,0,0,1,dependency
bioinfer,BioInfer.d632.s0,stanza_craft+coref_906d2c84_0:rel:1,0,2,positive,positive,,,applied,structural|AB|interact|with|nominalized,structural|interact,interact,AB,nominalized,with,clause,DEP-interaction-nestedinner-directed,sources,targets,nmod:of,nmod:with,nmod,conj,asserted,directed,0,0,0,1,dependency
bioinfer,BioInfer.d632.s0,stanza_craft+coref_906d2c84_0:rel:2,0,3,positive,positive,,,applied,structural|AB|interact|with|nominalized,structural|interact,interact,AB,nominalized,with,clause,DEP-interaction-nestedinner-directed,sources,targets,nmod:of,nmod:with,nmod,conj,asserted,directed,0,0,0,1,dependency
bioinfer,BioInfer.d637.s0,stanza_craft+coref_1bbc8536_1:rel:0,0,1,positive,positive,,,applied,relational|RELATIONAL|partner|_|nominalized,relational|RELATIONAL|partner|_,partner,RELATIONAL,nominalized,,clause,DEP-CopulaIsA,entities_a,entities_b,nsubj,ROOT,nsubj,root,asserted,relational,1,1,0,1,dependency
bioinfer,BioInfer.d637.s0,stanza_craft+coref_1bbc8536_1:rel:1,0,2,negative,positive,,,applied,relational|RELATIONAL|partner|_|nominalized,relational|RELATIONAL|partner|_,partner,RELATIONAL,nominalized,,clause,DEP-CopulaIsA,entities_a,entities_b,nsubj,ROOT,nsubj,root,asserted,relational,0,1,0,1,dependency
bioinfer,BioInfer.d637.s0,stanza_craft+coref_1bbc8536_3:rel:0,3,4,positive,negative,,,review_only,relational|RELATIONAL|is-a|_|verbal,relational|RELATIONAL|is-a|_,,RELATIONAL,verbal,,appositive,DEP-Apposition,entities_a,entities_b,nmod,dep,obl,dep,asserted,relational,1,1,0,0,dependency
bioinfer,BioInfer.d638.s1,stanza_craft+coref_83f70444_0:rel:0,0,2,positive,positive,,,applied,structural|AB|control|_|verbal,structural|control,control,AB,verbal,,clause,DEP-control,sources,targets,nsubj,conj,nsubj,conj,asserted,directed,1,1,0,0,dependency
bioinfer,BioInfer.d638.s1,stanza_craft+coref_83f70444_0:rel:1,0,3,positive,positive,,,applied,structural|AB|control|_|verbal,structural|control,control,AB,verbal,,clause,DEP-control,sources,targets,nsubj,conj,nsubj,conj,asserted,directed,1,1,0,0,dependency
bioinfer,BioInfer.d639.s0,stanza_craft+coref_e73f6227_1:rel:0,0,5,positive,negative,,,not_applied,structural|NESTED|arise|from|nested,structural|NESTED|arise|from,arise,NESTED,nested,from,clause,DEP-arise-nested,sources,targets:event_ref:stanza_craft+coref_e73f6227_0,nsubj,nmod:with,nsubj,nmod,asserted,nested_review,1,1,0,0,dependency
bioinfer,BioInfer.d639.s0,stanza_craft+coref_e73f6227_1:rel:1,1,5,negative,negative,,,not_applied,structural|NESTED|arise|from|nested,structural|NESTED|arise|from,arise,NESTED,nested,from,clause,DEP-arise-nested,sources,targets:event_ref:stanza_craft+coref_e73f6227_0,nsubj,nmod:with,nsubj,nmod,asserted,nested_review,1,1,0,0,dependency
bioinfer,BioInfer.d639.s0,stanza_craft+coref_e73f6227_1:rel:2,0,5,positive,negative,,,not_applied,structural|NESTED|arise|from|nested,structural|NESTED|arise|from,arise,NESTED,nested,from,clause,DEP-arise-nested,sources,targets:event_ref:stanza_craft+coref_e73f6227_0,nsubj,nmod:with,nsubj,nmod,asserted,nested_review,1,1,0,0,dependency
bioinfer,BioInfer.d639.s0,stanza_craft+coref_e73f6227_1:rel:3,1,5,negative,negative,,,not_applied,structural|NESTED|arise|from|nested,structural|NESTED|arise|from,arise,NESTED,nested,from,clause,DEP-arise-nested,sources,targets:event_ref:stanza_craft+coref_e73f6227_0,nsubj,nmod:with,nsubj,nmod,asserted,nested_review,1,1,0,0,dependency
bioinfer,BioInfer.d639.s0,stanza_craft+coref_e73f6227_3:rel:0,3,4,positive,positive,,,applied,structural|AA|complex|_|compound_state,structural|complex,complex,AA,compound_state,,state_nominal,DEP-CollectiveSlashPair,participants,participants,orthographic_member,orthographic_member,compound,dep,asserted,undirected,1,0,0,1,dependency
bioinfer,BioInfer.d639.s0,stanza_craft+coref_e73f6227_4:rel:0,0,1,positive,negative,,,review_only,relational|RELATIONAL|is-a|_|verbal,relational|RELATIONAL|is-a|_,,RELATIONAL,verbal,,appositive,DEP-Apposition,entities_a,entities_b,nsubj,appos,nsubj,appos,asserted,relational,0,1,0,0,dependency
bioinfer,BioInfer.d639.s0,stanza_craft+coref_e73f6227_5:rel:0,1,2,negative,negative,,,review_only,relational|RELATIONAL|is-a|_|verbal,relational|RELATIONAL|is-a|_,,RELATIONAL,verbal,,appositive,DEP-ParentheticalAlias,entities_a,entities_b,appos,dep,appos,dep,asserted,relational,0,0,0,0,dependency
bioinfer,BioInfer.d639.s0,stanza_craft+coref_e73f6227_6:rel:0,3,5,positive,positive,,,review_only,relational|RELATIONAL|is-a|_|verbal,relational|RELATIONAL|is-a|_,,RELATIONAL,verbal,,appositive,DEP-ParentheticalAlias,entities_a,entities_b,dep,compound,dep,compound,asserted,relational,1,1,0,0,dependency
bioinfer,BioInfer.d639.s0,stanza_craft+coref_e73f6227_6:rel:1,4,5,positive,positive,,,review_only,relational|RELATIONAL|is-a|_|verbal,relational|RELATIONAL|is-a|_,,RELATIONAL,verbal,,appositive,DEP-ParentheticalAlias,entities_a,entities_b,dep,compound,dep,compound,asserted,relational,1,0,0,0,dependency
bioinfer,BioInfer.d639.s0,stanza_craft+coref_e73f6227_7:rel:0,0,1,positive,negative,,,review_only,relational|RELATIONAL|identity|_|verbal,relational|RELATIONAL|identity|_,,RELATIONAL,verbal,,appositive,DEP-LooseIdentityCandidate,entities_a,entities_b,nmod,appos,nmod,appos,asserted,relational,0,0,0,0,dependency
bioinfer,BioInfer.d64.s0,stanza_craft+coref_a26bd98b_0:rel:0,0,1,positive,positive,,,applied,structural|AB|cross-link|_|passive,structural|cross-link,cross-link,AB,passive,,clause,DEP-cross-link-passive,sources,targets,nmod,nmod,obl,nmod,asserted,directed,1,1,0,0,dependency
bioinfer,BioInfer.d642.s0,stanza_craft+coref_1e3ed0c9_2:rel:0,1,2,positive,negative,,,review_only,relational|RELATIONAL|domain|_|verbal,relational|RELATIONAL|domain|_,domain,RELATIONAL,verbal,,appositive,DEP-NominalAlias,entities_a,entities_b,nmod,nmod,obl,nmod,asserted,relational,1,1,0,0,dependency
bioinfer,BioInfer.d643.s1,stanza_craft+coref_a4581cd7_0:rel:0,0,1,negative,negative,,,not_applied,structural|AB|measure|in|verbal,structural|measure,measure,AB,verbal,in,clause,DEP-measure,sources,targets,nsubj,nmod:in,nsubj,obl,asserted,directed,1,1,0,0,dependency
bioinfer,BioInfer.d643.s1,stanza_craft+coref_a4581cd7_0:rel:1,0,2,negative,negative,,,not_applied,structural|AB|measure|in|verbal,structural|measure,measure,AB,verbal,in,clause,DEP-measure,sources,targets,nsubj,nmod:in,nsubj,obl,asserted,directed,1,1,0,0,dependency
bioinfer,BioInfer.d645.s0,stanza_craft+coref_9077c106_1:rel:0,0,2,negative,positive,,,applied,relational|RELATIONAL|regulator|_|nominalized,relational|RELATIONAL|regulator|_,regulator,RELATIONAL,nominalized,,clause,DEP-CopulaIsA,entities_a,entities_b,nsubj,ROOT,nsubj,root,asserted,relational,1,1,0,1,dependency
bioinfer,BioInfer.d645.s0,stanza_craft+coref_9077c106_1:rel:1,1,2,positive,positive,,,applied,relational|RELATIONAL|regulator|_|nominalized,relational|RELATIONAL|regulator|_,regulator,RELATIONAL,nominalized,,clause,DEP-CopulaIsA,entities_a,entities_b,nsubj,ROOT,nsubj,root,asserted,relational,1,1,0,1,dependency
bioinfer,BioInfer.d645.s0,stanza_craft+coref_9077c106_2:rel:0,0,1,positive,negative,,,review_only,relational|RELATIONAL|is-a|_|verbal,relational|RELATIONAL|is-a|_,,RELATIONAL,verbal,,appositive,DEP-Apposition,entities_a,entities_b,nsubj,appos,nsubj,appos,asserted,relational,0,0,0,0,dependency
bioinfer,BioInfer.d647.s0,stanza_craft+coref_0d3cb3e1_0:rel:0,4,5,negative,positive,,,applied,structural|AB|acetylate|with|passive,structural|acetylate,acetylate,AB,passive,with,clause,DEP-acetylate-passive,sources,targets,nsubjpass,nmod:with,nsubj:pass,obl,asserted,directed,1,1,0,0,dependency
bioinfer,BioInfer.d647.s0,stanza_craft+coref_0d3cb3e1_0:rel:1,4,6,positive,positive,,,applied,structural|AB|acetylate|with|passive,structural|acetylate,acetylate,AB,passive,with,clause,DEP-acetylate-passive,sources,targets,nsubjpass,nmod:with,nsubj:pass,obl,asserted,directed,0,0,0,0,dependency
bioinfer,BioInfer.d647.s0,stanza_craft+coref_0d3cb3e1_0:rel:2,5,8,negative,positive,,,applied,structural|AB|acetylate|to|passive,structural|acetylate,acetylate,AB,passive,to,clause,DEP-acetylate-passive,sources,targets,nsubjpass,nmod:to,nsubj:pass,obl,asserted,directed,1,1,0,0,dependency
bioinfer,BioInfer.d647.s0,stanza_craft+coref_0d3cb3e1_0:rel:3,6,8,negative,positive,,,applied,structural|AB|acetylate|to|passive,structural|acetylate,acetylate,AB,passive,to,clause,DEP-acetylate-passive,sources,targets,nsubjpass,nmod:to,nsubj:pass,obl,asserted,directed,0,1,0,0,dependency
bioinfer,BioInfer.d648.s0,stanza_craft+coref_1bd3e0c2_0:rel:0,0,1,positive,positive,,,applied,structural|AB|regulate|_|verbal,structural|regulate,regulate,AB,verbal,,clause,DEP-regulate,sources,targets,nsubj,dobj,nsubj,obj,asserted,directed,1,1,0,0,dependency
bioinfer,BioInfer.d65.s0,stanza_craft+coref_0af7b101_0:rel:0,0,1,positive,positive,,,applied,structural|AB|relate|to|passive,structural|relate,relate,AB,passive,to,clause,DEP-relate-passive,sources,targets,nsubjpass,nmod:to,nsubj:pass,obl,asserted,directed,0,1,0,0,dependency
bioinfer,BioInfer.d65.s1,stanza_craft+coref_8049ba19_0:rel:0,0,1,positive,positive,,,applied,structural|AB|bind|to|passive,structural|bind,bind,AB,passive,to,clause,DEP-bind-passive,sources,targets,nsubjpass,nmod:to,nsubj:pass,obl,asserted,directed,0,1,0,0,dependency
bioinfer,BioInfer.d652.s0,stanza_craft+coref_b0d64ab2_0:rel:0,0,1,positive,positive,,,applied,structural|AB|disrupt|_|verbal,structural|disrupt,disrupt,AB,verbal,,clause,DEP-disrupt,sources,targets,nsubj,dobj,nsubj,obj,asserted,directed,1,1,0,0,dependency
bioinfer,BioInfer.d653.s0,stanza_craft+coref_f1520a64_4:rel:0,10,11,negative,negative,,,review_only,relational|RELATIONAL|is-a|_|verbal,relational|RELATIONAL|is-a|_,,RELATIONAL,verbal,,appositive,DEP-Apposition,entities_a,entities_b,dep,appos,dep,appos,asserted,relational,0,0,0,0,dependency
bioinfer,BioInfer.d656.s0,stanza_craft+coref_d2654cf1_0:rel:0,0,1,negative,positive,,,applied,structural|AB|encode|_|verbal,structural|encode,encode,AB,verbal,,clause,DEP-encode,sources,targets,nsubj,dobj,nsubj,obj,asserted,directed,1,1,0,0,dependency
bioinfer,BioInfer.d657.s0,stanza_craft+coref_85d83c18_3:rel:0,1,2,positive,positive,,,applied,structural|AA|complex|_|compound_state,structural|complex,complex,AA,compound_state,,state_nominal,DEP-Complex,participants,participants,acl,acl,acl,acl,asserted,undirected,1,1,0,1,dependency
bioinfer,BioInfer.d657.s0,stanza_craft+coref_85d83c18_3:rel:1,1,3,negative,positive,,,applied,structural|AA|complex|_|compound_state,structural|complex,complex,AA,compound_state,,state_nominal,DEP-Complex,participants,participants,acl,acl,acl,acl,asserted,undirected,1,1,0,1,dependency
bioinfer,BioInfer.d657.s0,stanza_craft+coref_85d83c18_3:rel:2,1,4,negative,positive,,,applied,structural|AA|complex|_|compound_state,structural|complex,complex,AA,compound_state,,state_nominal,DEP-Complex,participants,participants,acl,acl,acl,acl,asserted,undirected,1,1,0,1,dependency
bioinfer,BioInfer.d657.s0,stanza_craft+coref_85d83c18_3:rel:3,1,5,negative,positive,,,applied,structural|AA|complex|_|compound_state,structural|complex,complex,AA,compound_state,,state_nominal,DEP-Complex,participants,participants,acl,acl,acl,acl,asserted,undirected,1,1,0,1,dependency
bioinfer,BioInfer.d657.s0,stanza_craft+coref_85d83c18_3:rel:4,1,6,negative,positive,,,applied,structural|AA|complex|_|compound_state,structural|complex,complex,AA,compound_state,,state_nominal,DEP-Complex,participants,participants,acl,acl,acl,acl,asserted,undirected,1,1,0,1,dependency
bioinfer,BioInfer.d657.s0,stanza_craft+coref_85d83c18_3:rel:5,2,3,negative,positive,,,applied,structural|AA|complex|_|compound_state,structural|complex,complex,AA,compound_state,,state_nominal,DEP-Complex,participants,participants,acl,acl,acl,acl,asserted,undirected,1,1,0,1,dependency
bioinfer,BioInfer.d657.s0,stanza_craft+coref_85d83c18_3:rel:6,2,4,negative,positive,,,applied,structural|AA|complex|_|compound_state,structural|complex,complex,AA,compound_state,,state_nominal,DEP-Complex,participants,participants,acl,acl,acl,acl,asserted,undirected,0,1,0,1,dependency
bioinfer,BioInfer.d657.s0,stanza_craft+coref_85d83c18_3:rel:7,2,5,negative,positive,,,applied,structural|AA|complex|_|compound_state,structural|complex,complex,AA,compound_state,,state_nominal,DEP-Complex,participants,participants,acl,acl,acl,acl,asserted,undirected,0,1,0,1,dependency
bioinfer,BioInfer.d657.s0,stanza_craft+coref_85d83c18_3:rel:8,2,6,negative,positive,,,applied,structural|AA|complex|_|compound_state,structural|complex,complex,AA,compound_state,,state_nominal,DEP-Complex,participants,participants,acl,acl,acl,acl,asserted,undirected,0,1,0,1,dependency
bioinfer,BioInfer.d657.s0,stanza_craft+coref_85d83c18_3:rel:9,3,4,positive,positive,,,applied,structural|AA|complex|_|compound_state,structural|complex,complex,AA,compound_state,,state_nominal,DEP-Complex,participants,participants,acl,acl,acl,acl,asserted,undirected,1,1,0,1,dependency
bioinfer,BioInfer.d657.s0,stanza_craft+coref_85d83c18_3:rel:10,3,5,negative,positive,,,applied,structural|AA|complex|_|compound_state,structural|complex,complex,AA,compound_state,,state_nominal,DEP-Complex,participants,participants,acl,acl,acl,acl,asserted,undirected,1,1,0,1,dependency
bioinfer,BioInfer.d657.s0,stanza_craft+coref_85d83c18_3:rel:11,3,6,negative,positive,,,applied,structural|AA|complex|_|compound_state,structural|complex,complex,AA,compound_state,,state_nominal,DEP-Complex,participants,participants,acl,acl,acl,acl,asserted,undirected,1,1,0,1,dependency
bioinfer,BioInfer.d657.s0,stanza_craft+coref_85d83c18_3:rel:12,4,5,negative,positive,,,applied,structural|AA|complex|_|compound_state,structural|complex,complex,AA,compound_state,,state_nominal,DEP-Complex,participants,participants,acl,acl,acl,acl,asserted,undirected,0,1,0,1,dependency
bioinfer,BioInfer.d657.s0,stanza_craft+coref_85d83c18_3:rel:13,4,6,negative,positive,,,applied,structural|AA|complex|_|compound_state,structural|complex,complex,AA,compound_state,,state_nominal,DEP-Complex,participants,participants,acl,acl,acl,acl,asserted,undirected,0,1,0,1,dependency
bioinfer,BioInfer.d657.s0,stanza_craft+coref_85d83c18_3:rel:14,5,6,positive,positive,,,applied,structural|AA|complex|_|compound_state,structural|complex,complex,AA,compound_state,,state_nominal,DEP-Complex,participants,participants,acl,acl,acl,acl,asserted,undirected,0,1,0,1,dependency
bioinfer,BioInfer.d658.s0,stanza_craft+coref_f8aca270_2:rel:0,0,1,positive,negative,,,review_only,relational|RELATIONAL|identity|_|verbal,relational|RELATIONAL|identity|_,,RELATIONAL,verbal,,appositive,DEP-LooseIdentityCandidate,entities_a,entities_b,nmod,conj,obl,conj,asserted,relational,0,0,0,0,dependency
bioinfer,BioInfer.d658.s0,stanza_craft+coref_f8aca270_3:rel:0,0,1,positive,negative,,,review_only,relational|RELATIONAL|is-a|_|verbal,relational|RELATIONAL|is-a|_,,RELATIONAL,verbal,,appositive,DEP-Identity,entities_a,entities_b,ROOT,nmod,root,obl,asserted,relational,0,1,0,0,dependency
bioinfer,BioInfer.d659.s0,stanza_craft+coref_d720b5a4_0:rel:0,0,1,negative,positive,,,applied,structural|AB|mediate|_|verbal,structural|mediate,mediate,AB,verbal,,clause,DEP-mediate,sources,targets,nsubj,dobj,nsubj,obj,asserted,directed,1,1,0,0,dependency
bioinfer,BioInfer.d659.s0,stanza_craft+coref_d720b5a4_0:rel:1,0,2,negative,positive,,,applied,structural|AB|mediate|_|verbal,structural|mediate,mediate,AB,verbal,,clause,DEP-mediate,sources,targets,nsubj,dobj,nsubj,obj,asserted,directed,1,1,0,0,dependency
bioinfer,BioInfer.d659.s0,stanza_craft+coref_d720b5a4_0:rel:2,0,3,positive,positive,,,applied,structural|AB|mediate|_|verbal,structural|mediate,mediate,AB,verbal,,clause,DEP-mediate,sources,targets,nsubj,dobj,nsubj,obj,asserted,directed,1,1,0,0,dependency
bioinfer,BioInfer.d659.s0,stanza_craft+coref_d720b5a4_1:rel:0,1,3,positive,positive,,,applied,structural|AB|activate|_|nominalized,structural|activate,activate,AB,nominalized,,event_nominal,DEP-nom-activation,sources,targets,nmod:of,compound,dep,compound,asserted,directed,1,0,0,1,dependency
bioinfer,BioInfer.d659.s0,stanza_craft+coref_d720b5a4_1:rel:1,2,3,positive,positive,,,applied,structural|AB|activate|_|nominalized,structural|activate,activate,AB,nominalized,,event_nominal,DEP-nom-activation,sources,targets,nmod:of,compound,dep,conj,asserted,directed,1,0,0,1,dependency
bioinfer,BioInfer.d660.s1,stanza_craft+coref_11e08972_0:rel:0,0,1,negative,positive,,,applied,structural|AB|provide|_|verbal,structural|provide,provide,AB,verbal,,clause,DEP-provide,sources,targets,nsubj,dobj,nsubj,obj,asserted,directed,1,1,0,0,dependency
bioinfer,BioInfer.d660.s1,stanza_craft+coref_11e08972_1:rel:0,1,2,positive,positive,,,applied,structural|AB|bind|_|verbal,structural|bind,bind,AB,verbal,,clause,DEP-bind,sources,targets,nmod,dobj,nmod,obj,asserted,directed,0,1,0,0,dependency
bioinfer,BioInfer.d662.s0,stanza_craft+coref_52168f70_2:rel:0,0,1,negative,negative,,,review_only,relational|RELATIONAL|is-a|_|verbal,relational|RELATIONAL|is-a|_,,RELATIONAL,verbal,,appositive,DEP-ParentheticalAlias,entities_a,entities_b,nmod,dep,nmod,dep,asserted,relational,0,0,0,0,dependency
bioinfer,BioInfer.d663.s0,stanza_craft+coref_0749d27a_1:rel:0,0,1,positive,positive,,,applied,structural|AB|involve|_|verbal,structural|involve,involve,AB,verbal,,clause,DEP-involve,sources,targets,nsubj,dobj,nsubj,obj,asserted,directed,0,1,0,0,dependency
bioinfer,BioInfer.d663.s0,stanza_craft+coref_0749d27a_2:rel:0,0,2,negative,positive,,,applied,structural|AB|decrease|in|verbal,structural|decrease,decrease,AB,verbal,in,clause,DEP-decrease,sources,targets,nsubj,nmod:in,nsubj,obl,asserted,directed,1,1,0,0,dependency
bioinfer,BioInfer.d663.s0,stanza_craft+coref_0749d27a_2:rel:1,0,3,positive,positive,,,applied,structural|AB|decrease|in|verbal,structural|decrease,decrease,AB,verbal,in,clause,DEP-decrease,sources,targets,nsubj,nmod:in,nsubj,obl,asserted,directed,0,1,0,0,dependency
bioinfer,BioInfer.d663.s0,stanza_craft+coref_0749d27a_2:rel:2,0,4,positive,positive,,,applied,structural|AB|decrease|in|verbal,structural|decrease,decrease,AB,verbal,in,clause,DEP-decrease,sources,targets,nsubj,nmod:in,nsubj,obl,asserted,directed,0,1,0,0,dependency
bioinfer,BioInfer.d663.s0,stanza_craft+coref_0749d27a_3:rel:0,2,4,positive,negative,,,review_only,relational|RELATIONAL|is-a|_|verbal,relational|RELATIONAL|is-a|_,,RELATIONAL,verbal,,appositive,DEP-ParentheticalAlias,entities_a,entities_b,nmod,dep,nmod,dep,asserted,relational,1,1,0,0,dependency
bioinfer,BioInfer.d663.s0,stanza_craft+coref_0749d27a_3:rel:1,3,4,negative,negative,,,review_only,relational|RELATIONAL|is-a|_|verbal,relational|RELATIONAL|is-a|_,,RELATIONAL,verbal,,appositive,DEP-ParentheticalAlias,entities_a,entities_b,nmod,dep,nmod,dep,asserted,relational,0,0,0,0,dependency
bioinfer,BioInfer.d664.s0,stanza_craft+coref_812f5ad8_0:rel:0,0,1,positive,positive,,,applied,structural|AB|share|_|verbal,structural|share,share,AB,verbal,,clause,DEP-share,sources,targets,nsubj,dobj,nsubj,obj,asserted,directed,0,1,0,0,dependency
bioinfer,BioInfer.d664.s0,stanza_craft+coref_812f5ad8_1:rel:0,0,4,negative,positive,,,applied,structural|AB|contain|_|verbal,structural|contain,contain,AB,verbal,,clause,DEP-contain,sources,targets,nsubj,conj,nsubj,conj,asserted,directed,1,1,0,0,dependency
bioinfer,BioInfer.d667.s0,stanza_craft+coref_fadd5c5e_1:rel:0,0,2,negative,positive,,,applied,structural|AA|relationship|between|nominalized,structural|relationship,relationship,AA,nominalized,between,clause,DEP-relationship-nestedinner,participants,participants,nmod:between,nmod:between,nmod,nmod,asserted,undirected,1,1,0,1,dependency
bioinfer,BioInfer.d667.s0,stanza_craft+coref_fadd5c5e_3:rel:0,0,1,negative,positive,,,review_only,relational|RELATIONAL|is-a|_|verbal,relational|RELATIONAL|is-a|_,,RELATIONAL,verbal,,appositive,DEP-ParentheticalAlias,entities_a,entities_b,compound,dep,compound,dep,asserted,relational,1,0,0,0,dependency
bioinfer,BioInfer.d67.s0,stanza_craft+coref_58929d8f_2:rel:0,2,3,negative,negative,,,review_only,relational|RELATIONAL|is-a|_|verbal,relational|RELATIONAL|is-a|_,,RELATIONAL,verbal,,appositive,DEP-ParentheticalAlias,entities_a,entities_b,dep,compound,dep,compound,asserted,relational,1,0,0,0,dependency
bioinfer,BioInfer.d67.s0,stanza_craft+coref_58929d8f_3:rel:0,4,5,negative,negative,,,review_only,relational|RELATIONAL|is-a|_|verbal,relational|RELATIONAL|is-a|_,,RELATIONAL,verbal,,appositive,DEP-ParentheticalAlias,entities_a,entities_b,conj,dep,conj,dep,asserted,relational,0,0,0,0,dependency
bioinfer,BioInfer.d67.s0,stanza_craft+coref_58929d8f_4:rel:0,6,7,negative,negative,,,review_only,relational|RELATIONAL|is-a|_|verbal,relational|RELATIONAL|is-a|_,,RELATIONAL,verbal,,appositive,DEP-ParentheticalAlias,entities_a,entities_b,conj,dep,conj,dep,asserted,relational,0,0,0,0,dependency
bioinfer,BioInfer.d672.s0,stanza_craft+coref_deb6d1c8_2:rel:0,6,7,negative,negative,,,review_only,relational|RELATIONAL|gene|_|verbal,relational|RELATIONAL|gene|_,gene,RELATIONAL,verbal,,clause,DEP-CopulaIsA,entities_a,entities_b,nsubj,acl:relcl,nsubj,acl:relcl,asserted,relational,1,1,0,0,dependency
bioinfer,BioInfer.d672.s0,stanza_craft+coref_deb6d1c8_3:rel:0,12,13,negative,negative,,,review_only,relational|RELATIONAL|gene|_|verbal,relational|RELATIONAL|gene|_,gene,RELATIONAL,verbal,,clause,DEP-CopulaIsA,entities_a,entities_b,nsubj,parataxis,nsubj,parataxis,asserted,relational,1,1,0,0,dependency
bioinfer,BioInfer.d672.s0,stanza_craft+coref_deb6d1c8_4:rel:0,14,15,negative,negative,,,review_only,relational|RELATIONAL|gene|_|verbal,relational|RELATIONAL|gene|_,gene,RELATIONAL,verbal,,clause,DEP-CopulaIsA,entities_a,entities_b,nsubj,parataxis,nsubj,parataxis,asserted,relational,1,1,0,0,dependency
bioinfer,BioInfer.d672.s0,stanza_craft+coref_deb6d1c8_5:rel:0,16,17,negative,negative,,,review_only,relational|RELATIONAL|gene|_|verbal,relational|RELATIONAL|gene|_,gene,RELATIONAL,verbal,,clause,DEP-CopulaIsA,entities_a,entities_b,nsubj,conj,nsubj,conj,asserted,relational,1,1,0,0,dependency
bioinfer,BioInfer.d673.s0,stanza_craft+coref_2f64bb1d_0:rel:0,0,1,positive,positive,,,applied,structural|AB|bind|to|verbal,structural|bind,bind,AB,verbal,to,clause,DEP-bind,sources,targets,nsubj,nmod:to,nsubj,obl,asserted,directed,0,0,0,0,dependency
bioinfer,BioInfer.d673.s0,stanza_craft+coref_2f64bb1d_1:rel:0,0,2,positive,positive,,,applied,structural|AB|regulate|_|verbal,structural|regulate,regulate,AB,verbal,,clause,DEP-regulate,sources,targets,nsubj,dobj,nsubj,obj,asserted,directed,1,1,0,0,dependency
bioinfer,BioInfer.d677.s0,stanza_craft+coref_6914b6e4_2:rel:0,0,2,negative,negative,,,review_only,relational|RELATIONAL|is-a|_|verbal,relational|RELATIONAL|is-a|_,,RELATIONAL,verbal,,appositive,DEP-Apposition,entities_a,entities_b,nmod,appos,nmod,appos,asserted,relational,0,1,0,0,dependency
bioinfer,BioInfer.d677.s0,stanza_craft+coref_6914b6e4_3:rel:0,0,1,negative,negative,,,review_only,relational|RELATIONAL|is-a|_|verbal,relational|RELATIONAL|is-a|_,,RELATIONAL,verbal,,appositive,DEP-ParentheticalAlias,entities_a,entities_b,appos,dep,appos,dep,asserted,relational,0,0,0,0,dependency
bioinfer,BioInfer.d68.s1,stanza_craft+coref_4e4e5362_2:rel:0,0,1,positive,positive,,,applied,structural|AB|tag|_|passive,structural|tag,tag,AB,passive,,clause,DEP-hyphen-participle-passive-tag,sources,targets,amod:agent,ROOT,compound,root,asserted,directed,1,0,0,0,dependency
bioinfer,BioInfer.d681.s1,stanza_craft+coref_c9c89339_0:rel:0,1,3,positive,positive,,,applied,structural|AB|encode|_|verbal,structural|encode,encode,AB,verbal,,clause,DEP-encode,sources,targets,compound,dobj,compound,obj,asserted,directed,1,1,0,0,dependency
bioinfer,BioInfer.d681.s1,stanza_craft+coref_c9c89339_0:rel:1,1,4,negative,positive,,,applied,structural|AB|encode|_|verbal,structural|encode,encode,AB,verbal,,clause,DEP-encode,sources,targets,compound,dobj,compound,obj,asserted,directed,1,1,0,0,dependency
bioinfer,BioInfer.d681.s1,stanza_craft+coref_c9c89339_0:rel:2,0,3,negative,positive,,,applied,structural|AB|encode|_|verbal,structural|encode,encode,AB,verbal,,clause,DEP-encode,sources,targets,nsubj,dobj,nsubj,obj,asserted,directed,1,1,0,0,dependency
bioinfer,BioInfer.d681.s1,stanza_craft+coref_c9c89339_0:rel:3,0,4,negative,positive,,,applied,structural|AB|encode|_|verbal,structural|encode,encode,AB,verbal,,clause,DEP-encode,sources,targets,nsubj,dobj,nsubj,obj,asserted,directed,1,1,0,0,dependency
bioinfer,BioInfer.d681.s1,stanza_craft+coref_c9c89339_0:rel:4,2,3,negative,positive,,,applied,structural|AB|encode|_|verbal,structural|encode,encode,AB,verbal,,clause,DEP-encode,sources,targets,nsubj,dobj,nsubj,obj,asserted,directed,1,1,0,0,dependency
bioinfer,BioInfer.d681.s1,stanza_craft+coref_c9c89339_0:rel:5,2,4,positive,positive,,,applied,structural|AB|encode|_|verbal,structural|encode,encode,AB,verbal,,clause,DEP-encode,sources,targets,nsubj,dobj,nsubj,obj,asserted,directed,0,1,0,0,dependency
bioinfer,BioInfer.d681.s1,stanza_craft+coref_c9c89339_1:rel:0,6,9,positive,positive,,,applied,structural|AB|encode|_|verbal,structural|encode,encode,AB,verbal,,clause,DEP-encode,sources,targets,compound,dobj,compound,obj,asserted,directed,1,1,0,0,dependency
bioinfer,BioInfer.d681.s1,stanza_craft+coref_c9c89339_1:rel:1,6,10,negative,positive,,,applied,structural|AB|encode|_|verbal,structural|encode,encode,AB,verbal,,clause,DEP-encode,sources,targets,compound,dobj,compound,obj,asserted,directed,1,1,0,0,dependency
bioinfer,BioInfer.d681.s1,stanza_craft+coref_c9c89339_1:rel:2,5,9,negative,positive,,,applied,structural|AB|encode|_|verbal,structural|encode,encode,AB,verbal,,clause,DEP-encode,sources,targets,nsubj,dobj,nsubj,obj,asserted,directed,1,1,0,0,dependency
bioinfer,BioInfer.d681.s1,stanza_craft+coref_c9c89339_1:rel:3,5,10,negative,positive,,,applied,structural|AB|encode|_|verbal,structural|encode,encode,AB,verbal,,clause,DEP-encode,sources,targets,nsubj,dobj,nsubj,obj,asserted,directed,1,1,0,0,dependency
bioinfer,BioInfer.d681.s1,stanza_craft+coref_c9c89339_1:rel:4,7,9,negative,positive,,,applied,structural|AB|encode|_|verbal,structural|encode,encode,AB,verbal,,clause,DEP-encode,sources,targets,nsubj,dobj,nsubj,obj,asserted,directed,1,1,0,0,dependency
bioinfer,BioInfer.d681.s1,stanza_craft+coref_c9c89339_1:rel:5,7,10,negative,positive,,,applied,structural|AB|encode|_|verbal,structural|encode,encode,AB,verbal,,clause,DEP-encode,sources,targets,nsubj,dobj,nsubj,obj,asserted,directed,0,1,0,0,dependency
bioinfer,BioInfer.d681.s1,stanza_craft+coref_c9c89339_1:rel:6,8,9,negative,positive,,,applied,structural|AB|encode|_|verbal,structural|encode,encode,AB,verbal,,clause,DEP-encode,sources,targets,nsubj,dobj,nsubj,obj,asserted,directed,1,1,0,0,dependency
bioinfer,BioInfer.d681.s1,stanza_craft+coref_c9c89339_1:rel:7,8,10,positive,positive,,,applied,structural|AB|encode|_|verbal,structural|encode,encode,AB,verbal,,clause,DEP-encode,sources,targets,nsubj,dobj,nsubj,obj,asserted,directed,1,1,0,0,dependency
bioinfer,BioInfer.d685.s0,stanza_craft+coref_6fbf79ed_0:rel:0,0,1,positive,negative,,,not_applied,structural|AB|bind|_|verbal,structural|bind,bind,AB,verbal,,clause,DEP-bind,sources,targets,nsubj,dobj,nsubj,obj,negated,directed,1,1,0,0,dependency
bioinfer,BioInfer.d686.s0,stanza_craft+coref_e2a59f3a_3:rel:0,1,2,positive,positive,,,applied,structural|AB|form|with|verbal,structural|form,form,AB,verbal,with,clause,DEP-form,sources,targets,nsubj,nmod:with,nsubj,obl,asserted,directed,0,0,0,0,dependency
bioinfer,BioInfer.d688.s0,stanza_craft+coref_ce8ada66_1:rel:0,2,3,negative,negative,,,not_applied,structural|AA|complexing|with|nominalized,structural|complexing,complexing,AA,nominalized,with,clause,DEP-complexing-nestedinner,participants,participants,nmod:with,nmod:with,nmod,conj,asserted,undirected,0,0,0,1,dependency
bioinfer,BioInfer.d688.s0,stanza_craft+coref_ce8ada66_2:rel:0,0,2,positive,negative,,,not_applied,structural|NESTED|differ|in|nested,structural|NESTED|differ|in,differ,NESTED,nested,in,clause,DEP-differ-nested,sources,targets:event_ref:stanza_craft+coref_ce8ada66_1,nsubj,nmod:with,nsubj,nmod,asserted,nested_review,0,0,0,0,dependency
bioinfer,BioInfer.d688.s0,stanza_craft+coref_ce8ada66_2:rel:1,0,3,positive,negative,,,not_applied,structural|NESTED|differ|in|nested,structural|NESTED|differ|in,differ,NESTED,nested,in,clause,DEP-differ-nested,sources,targets:event_ref:stanza_craft+coref_ce8ada66_1,nsubj,nmod:with,nsubj,conj,asserted,nested_review,0,0,0,0,dependency
bioinfer,BioInfer.d688.s0,stanza_craft+coref_ce8ada66_2:rel:2,1,2,positive,negative,,,not_applied,structural|NESTED|differ|in|nested,structural|NESTED|differ|in,differ,NESTED,nested,in,clause,DEP-differ-nested,sources,targets:event_ref:stanza_craft+coref_ce8ada66_1,conj,nmod:with,conj,nmod,asserted,nested_review,0,0,0,0,dependency
bioinfer,BioInfer.d688.s0,stanza_craft+coref_ce8ada66_2:rel:3,1,3,positive,negative,,,not_applied,structural|NESTED|differ|in|nested,structural|NESTED|differ|in,differ,NESTED,nested,in,clause,DEP-differ-nested,sources,targets:event_ref:stanza_craft+coref_ce8ada66_1,conj,nmod:with,conj,conj,asserted,nested_review,0,0,0,0,dependency
bioinfer,BioInfer.d688.s0,stanza_craft+coref_ce8ada66_3:rel:0,4,5,negative,positive,,,applied,structural|AB|drive|_|passive,structural|drive,drive,AB,passive,,clause,DEP-drive-passive,sources,targets,nmod,nsubjpass,obl,nsubj:pass,asserted,directed,1,1,0,0,dependency
bioinfer,BioInfer.d688.s0,stanza_craft+coref_ce8ada66_4:rel:0,6,7,positive,positive,,,applied,structural|AB|sequester|_|verbal,structural|sequester,sequester,AB,verbal,,clause,DEP-sequester,sources,targets,nsubj,dobj,nsubj,nmod,asserted,directed,0,1,0,0,dependency
bioinfer,BioInfer.d688.s0,stanza_craft+coref_ce8ada66_4:rel:1,6,8,positive,positive,,,applied,structural|AB|sequester|_|verbal,structural|sequester,sequester,AB,verbal,,clause,DEP-sequester,sources,targets,nsubj,dobj,nsubj,nmod,asserted,directed,0,1,0,0,dependency
bioinfer,BioInfer.d69.s0,stanza_craft+coref_82c011fc_2:rel:0,2,3,negative,negative,,,review_only,relational|RELATIONAL|is-a|_|verbal,relational|RELATIONAL|is-a|_,,RELATIONAL,verbal,,appositive,DEP-ParentheticalAlias,entities_a,entities_b,conj,dep,conj,dep,asserted,relational,0,0,0,0,dependency
bioinfer,BioInfer.d690.s0,stanza_craft+coref_2c2d482a_0:rel:0,0,1,positive,positive,,,applied,structural|AB|belong|to|verbal,structural|belong,belong,AB,verbal,to,clause,DEP-belong,sources,targets,nsubj,nmod:to,nsubj,obl,asserted,directed,1,1,0,0,dependency
bioinfer,BioInfer.d690.s0,stanza_craft+coref_2c2d482a_0:rel:1,0,2,positive,positive,,,applied,structural|AB|belong|to|verbal,structural|belong,belong,AB,verbal,to,clause,DEP-belong,sources,targets,nsubj,nmod:to,nsubj,obl,asserted,directed,1,1,0,0,dependency
bioinfer,BioInfer.d690.s0,stanza_craft+coref_2c2d482a_0:rel:2,0,3,positive,positive,,,applied,structural|AB|belong|to|verbal,structural|belong,belong,AB,verbal,to,clause,DEP-belong,sources,targets,nsubj,nmod:to,nsubj,obl,asserted,directed,1,1,0,0,dependency
bioinfer,BioInfer.d694.s0,stanza_craft+coref_19f13ed9_4:rel:0,2,3,negative,negative,,,not_applied,structural|NESTED|dependent|_|nested,structural|NESTED|dependent|_,dependent,NESTED,nested,,clause,DEP-agentive-process-bridge-dependent,sources,targets:event_ref:stanza_craft+coref_19f13ed9_3,agentive_controller,compound,obl:npmod,compound,asserted,nested_review,1,0,0,0,dependency
bioinfer,BioInfer.d694.s0,stanza_craft+coref_19f13ed9_5:rel:0,3,4,positive,positive,,,applied,structural|AB|activity|_|nominalized,structural|activity,activity,AB,nominalized,,event_nominal,DEP-nom-activity-subject,sources,targets,nmod:of,compound,nmod,compound,asserted,directed,1,0,0,1,dependency
bioinfer,BioInfer.d695.s0,stanza_craft+coref_b92df26b_1:rel:0,0,1,positive,positive,,,applied,structural|AB|mediate|_|verbal,structural|mediate,mediate,AB,verbal,,clause,DEP-mediate,sources,targets,nsubj,dobj,nsubj,obj,asserted,directed,1,1,0,0,dependency
bioinfer,BioInfer.d697.s0,stanza_craft+coref_5f2f821b_0:rel:0,0,1,negative,negative,,,not_applied,structural|AA|difference|of|nominalized,structural|difference,difference,AA,nominalized,of,clause,DEP-difference-nestedinner,participants,participants,nmod:of,nmod:of,nmod,conj,asserted,undirected,0,1,0,1,dependency
bioinfer,BioInfer.d698.s0,stanza_craft+coref_6a00d329_2:rel:0,0,3,positive,positive,,,applied,structural|AB|mediate|_|verbal,structural|mediate,mediate,AB,verbal,,clause,DEP-mediate,sources,targets,nsubjpass,dobj,nsubj:pass,obj,asserted,directed,0,1,0,0,dependency
bioinfer,BioInfer.d7.s1,stanza_craft+coref_1fae0964_0:rel:0,0,1,positive,positive,,,applied,structural|AB|inhibit|_|verbal,structural|inhibit,inhibit,AB,verbal,,clause,DEP-inhibit,sources,targets,nsubj,conj,nsubj,conj,asserted,directed,1,1,0,0,dependency
bioinfer,BioInfer.d7.s2,stanza_craft+coref_14bc9b3b_3:rel:0,0,1,positive,positive,,,applied,structural|AB|addition|to|nominalized,structural|addition,addition,AB,nominalized,to,event_nominal,DEP-nom-addition-subject,sources,targets,nmod:of,nmod:to,nmod,nmod,asserted,directed,0,0,0,1,dependency
bioinfer,BioInfer.d70.s0,stanza_craft+coref_9e5a9a9b_4:rel:0,0,3,positive,negative,,,not_applied,structural|AB|have|_|verbal,structural|have,have,AB,verbal,,clause,DEP-have,sources,targets,nsubj,dobj,nsubj,obj,negated,directed,0,1,0,0,dependency
bioinfer,BioInfer.d70.s0,stanza_craft+coref_9e5a9a9b_4:rel:1,0,4,positive,negative,,,not_applied,structural|AB|have|_|verbal,structural|have,have,AB,verbal,,clause,DEP-have,sources,targets,nsubj,dobj,nsubj,obj,negated,directed,0,1,0,0,dependency
bioinfer,BioInfer.d702.s0,stanza_craft+coref_d3d11fa0_1:rel:0,1,2,positive,negative,,,review_only,relational|RELATIONAL|identity|_|verbal,relational|RELATIONAL|identity|_,,RELATIONAL,verbal,,appositive,DEP-LooseIdentityCandidate,entities_a,entities_b,dobj,appos,obj,appos,asserted,relational,0,0,0,0,dependency
bioinfer,BioInfer.d704.s0,stanza_craft+coref_3b57faea_3:rel:0,2,3,positive,positive,,,applied,structural|AA|complex|_|compound_state,structural|complex,complex,AA,compound_state,,state_nominal,DEP-Complex,participants,participants,dobj,dobj,obj,obj,asserted,undirected,1,1,0,1,dependency
bioinfer,BioInfer.d706.s0,stanza_craft+coref_79eb46e8_0:rel:0,0,3,negative,positive,,,applied,structural|AB|relate|to|passive,structural|relate,relate,AB,passive,to,clause,DEP-relate-passive,sources,targets,nsubjpass,nmod:to,nsubj:pass,obl,asserted,directed,1,1,0,0,dependency
bioinfer,BioInfer.d706.s0,stanza_craft+coref_79eb46e8_0:rel:1,0,4,positive,positive,,,applied,structural|AB|relate|to|passive,structural|relate,relate,AB,passive,to,clause,DEP-relate-passive,sources,targets,nsubjpass,nmod:to,nsubj:pass,obl,asserted,directed,1,1,0,0,dependency
bioinfer,BioInfer.d706.s0,stanza_craft+coref_79eb46e8_0:rel:2,1,3,negative,positive,,,applied,structural|AB|relate|to|passive,structural|relate,relate,AB,passive,to,clause,DEP-relate-passive,sources,targets,nsubjpass,nmod:to,nsubj:pass,obl,asserted,directed,1,1,0,0,dependency
bioinfer,BioInfer.d706.s0,stanza_craft+coref_79eb46e8_0:rel:3,1,4,negative,positive,,,applied,structural|AB|relate|to|passive,structural|relate,relate,AB,passive,to,clause,DEP-relate-passive,sources,targets,nsubjpass,nmod:to,nsubj:pass,obl,asserted,directed,0,1,0,0,dependency
bioinfer,BioInfer.d706.s0,stanza_craft+coref_79eb46e8_0:rel:4,2,3,negative,positive,,,applied,structural|AB|relate|to|passive,structural|relate,relate,AB,passive,to,clause,DEP-relate-passive,sources,targets,nsubjpass,nmod:to,nsubj:pass,obl,asserted,directed,1,1,0,0,dependency
bioinfer,BioInfer.d706.s0,stanza_craft+coref_79eb46e8_0:rel:5,2,4,negative,positive,,,applied,structural|AB|relate|to|passive,structural|relate,relate,AB,passive,to,clause,DEP-relate-passive,sources,targets,nsubjpass,nmod:to,nsubj:pass,obl,asserted,directed,0,1,0,0,dependency
bioinfer,BioInfer.d706.s0,stanza_craft+coref_79eb46e8_0:rel:6,0,5,negative,positive,,,applied,structural|AB|relate|to|passive,structural|relate,relate,AB,passive,to,clause,DEP-relate-passive,sources,targets,nsubjpass,nmod:to,nsubj:pass,conj,asserted,directed,1,1,0,0,dependency
bioinfer,BioInfer.d706.s0,stanza_craft+coref_79eb46e8_0:rel:7,0,6,negative,positive,,,applied,structural|AB|relate|to|passive,structural|relate,relate,AB,passive,to,clause,DEP-relate-passive,sources,targets,nsubjpass,nmod:to,nsubj:pass,conj,asserted,directed,1,1,0,0,dependency
bioinfer,BioInfer.d706.s0,stanza_craft+coref_79eb46e8_0:rel:8,1,5,positive,positive,,,applied,structural|AB|relate|to|passive,structural|relate,relate,AB,passive,to,clause,DEP-relate-passive,sources,targets,nsubjpass,nmod:to,nsubj:pass,conj,asserted,directed,1,1,0,0,dependency
bioinfer,BioInfer.d706.s0,stanza_craft+coref_79eb46e8_0:rel:9,1,6,positive,positive,,,applied,structural|AB|relate|to|passive,structural|relate,relate,AB,passive,to,clause,DEP-relate-passive,sources,targets,nsubjpass,nmod:to,nsubj:pass,conj,asserted,directed,0,1,0,0,dependency
bioinfer,BioInfer.d706.s0,stanza_craft+coref_79eb46e8_0:rel:10,2,5,negative,positive,,,applied,structural|AB|relate|to|passive,structural|relate,relate,AB,passive,to,clause,DEP-relate-passive,sources,targets,nsubjpass,nmod:to,nsubj:pass,conj,asserted,directed,1,1,0,0,dependency
bioinfer,BioInfer.d706.s0,stanza_craft+coref_79eb46e8_0:rel:11,2,6,negative,positive,,,applied,structural|AB|relate|to|passive,structural|relate,relate,AB,passive,to,clause,DEP-relate-passive,sources,targets,nsubjpass,nmod:to,nsubj:pass,conj,asserted,directed,0,1,0,0,dependency
bioinfer,BioInfer.d706.s0,stanza_craft+coref_79eb46e8_0:rel:12,0,7,negative,positive,,,applied,structural|AB|relate|to|passive,structural|relate,relate,AB,passive,to,clause,DEP-relate-passive,sources,targets,nsubjpass,nmod:to,nsubj:pass,conj,asserted,directed,1,1,0,0,dependency
bioinfer,BioInfer.d706.s0,stanza_craft+coref_79eb46e8_0:rel:13,1,7,negative,positive,,,applied,structural|AB|relate|to|passive,structural|relate,relate,AB,passive,to,clause,DEP-relate-passive,sources,targets,nsubjpass,nmod:to,nsubj:pass,conj,asserted,directed,0,1,0,0,dependency
bioinfer,BioInfer.d706.s0,stanza_craft+coref_79eb46e8_0:rel:14,2,7,positive,positive,,,applied,structural|AB|relate|to|passive,structural|relate,relate,AB,passive,to,clause,DEP-relate-passive,sources,targets,nsubjpass,nmod:to,nsubj:pass,conj,asserted,directed,0,1,0,0,dependency
bioinfer,BioInfer.d709.s0,stanza_craft+coref_2b2cb4be_2:rel:0,0,5,positive,positive,,,applied,structural|AB|contribute|to|verbal,structural|contribute,contribute,AB,verbal,to,clause,DEP-contribute,sources,targets,nsubj,nmod:to,nsubj,obl,asserted,directed,1,1,0,0,dependency
bioinfer,BioInfer.d709.s0,stanza_craft+coref_2b2cb4be_2:rel:1,1,5,positive,positive,,,applied,structural|AB|contribute|to|verbal,structural|contribute,contribute,AB,verbal,to,clause,DEP-contribute,sources,targets,nsubj,nmod:to,nsubj,obl,asserted,directed,1,1,0,0,dependency
bioinfer,BioInfer.d709.s0,stanza_craft+coref_2b2cb4be_2:rel:2,3,5,positive,positive,,,applied,structural|AB|contribute|to|verbal,structural|contribute,contribute,AB,verbal,to,clause,DEP-contribute,sources,targets,conj,nmod:to,conj,obl,asserted,directed,1,1,0,0,dependency
bioinfer,BioInfer.d709.s0,stanza_craft+coref_2b2cb4be_3:rel:0,0,1,positive,positive,,,applied,structural|AB|phosphorylate|of|nominalized,structural|phosphorylate,phosphorylate,AB,nominalized,of,event_nominal,DEP-nom-phosphorylation-subject,sources,targets,nmod:by,nmod:of,nmod,nmod,asserted,directed,0,0,0,1,dependency
bioinfer,BioInfer.d711.s0,stanza_craft+coref_dbb4e594_1:rel:0,0,1,positive,positive,,,applied,structural|AB|precede|_|verbal,structural|precede,precede,AB,verbal,,clause,DEP-precede,sources,targets,nsubj,dobj,nsubj,obj,asserted,directed,1,1,0,0,dependency
bioinfer,BioInfer.d711.s0,stanza_craft+coref_dbb4e594_1:rel:1,0,2,positive,positive,,,applied,structural|AB|precede|_|verbal,structural|precede,precede,AB,verbal,,clause,DEP-precede,sources,targets,nsubj,dobj,nsubj,obj,asserted,directed,0,1,0,0,dependency
bioinfer,BioInfer.d711.s0,stanza_craft+coref_dbb4e594_2:rel:0,4,5,positive,negative,,,not_applied,structural|AB|interact|such|nominalized,structural|interact,interact,AB,nominalized,such,clause,DEP-interaction-nestedinner-directed,sources,targets,nmod:with,nmod:such,nmod,nmod,uncertain,directed,0,1,0,1,dependency
bioinfer,BioInfer.d711.s0,stanza_craft+coref_dbb4e594_2:rel:1,4,6,positive,negative,,,not_applied,structural|AB|interact|such|nominalized,structural|interact,interact,AB,nominalized,such,clause,DEP-interaction-nestedinner-directed,sources,targets,nmod:with,nmod:such,nmod,nmod,uncertain,directed,0,1,0,1,dependency
bioinfer,BioInfer.d711.s0,stanza_craft+coref_dbb4e594_2:rel:2,5,6,negative,negative,,,not_applied,structural|AB|interact|such|nominalized,structural|interact,interact,AB,nominalized,such,clause,DEP-interaction-nestedinner-directed,sources,targets,nmod:with,nmod:such,nmod,nmod,uncertain,directed,0,1,0,1,dependency
bioinfer,BioInfer.d711.s0,stanza_craft+coref_dbb4e594_3:rel:0,3,4,positive,negative,,,not_applied,structural|NESTED|involve|through|nested,structural|NESTED|involve|through,involve,NESTED,nested,through,clause,DEP-involve-passive-nested,outer_arguments,targets:event_ref:stanza_craft+coref_dbb4e594_2,nmod:in,nmod:with,obl,nmod,uncertain,nested_review,0,1,0,0,dependency
bioinfer,BioInfer.d711.s0,stanza_craft+coref_dbb4e594_3:rel:1,3,5,negative,negative,,,not_applied,structural|NESTED|involve|through|nested,structural|NESTED|involve|through,involve,NESTED,nested,through,clause,DEP-involve-passive-nested,outer_arguments,targets:event_ref:stanza_craft+coref_dbb4e594_2,nmod:in,nmod:with,obl,nmod,uncertain,nested_review,0,1,0,0,dependency
bioinfer,BioInfer.d711.s0,stanza_craft+coref_dbb4e594_3:rel:2,3,6,negative,negative,,,not_applied,structural|NESTED|involve|through|nested,structural|NESTED|involve|through,involve,NESTED,nested,through,clause,DEP-involve-passive-nested,outer_arguments,targets:event_ref:stanza_craft+coref_dbb4e594_2,nmod:in,nmod:with,obl,nmod,uncertain,nested_review,0,1,0,0,dependency
bioinfer,BioInfer.d711.s0,stanza_craft+coref_dbb4e594_3:rel:3,3,4,positive,negative,,,not_applied,structural|NESTED|involve|through|nested,structural|NESTED|involve|through,involve,NESTED,nested,through,clause,DEP-involve-passive-nested,outer_arguments,targets:event_ref:stanza_craft+coref_dbb4e594_2,nmod:in,nmod:such,obl,nmod,uncertain,nested_review,0,1,0,0,dependency
bioinfer,BioInfer.d711.s0,stanza_craft+coref_dbb4e594_3:rel:4,3,5,negative,negative,,,not_applied,structural|NESTED|involve|through|nested,structural|NESTED|involve|through,involve,NESTED,nested,through,clause,DEP-involve-passive-nested,outer_arguments,targets:event_ref:stanza_craft+coref_dbb4e594_2,nmod:in,nmod:such,obl,nmod,uncertain,nested_review,0,1,0,0,dependency
bioinfer,BioInfer.d711.s0,stanza_craft+coref_dbb4e594_3:rel:5,3,6,negative,negative,,,not_applied,structural|NESTED|involve|through|nested,structural|NESTED|involve|through,involve,NESTED,nested,through,clause,DEP-involve-passive-nested,outer_arguments,targets:event_ref:stanza_craft+coref_dbb4e594_2,nmod:in,nmod:such,obl,nmod,uncertain,nested_review,0,1,0,0,dependency
bioinfer,BioInfer.d712.s0,stanza_craft+coref_472f9647_2:rel:0,0,1,positive,positive,,,applied,structural|AB|reorganize|_|verbal,structural|reorganize,reorganize,AB,verbal,,clause,DEP-reorganize,sources,targets,nsubjpass,dobj,nsubj:pass,obj,asserted,directed,1,1,0,0,dependency
bioinfer,BioInfer.d713.s0,stanza_craft+coref_92c65d5d_2:rel:0,0,3,positive,positive,,,applied,structural|AB|play|_|verbal,structural|play,play,AB,verbal,,clause,DEP-play,sources,targets,nsubj,dobj,nsubj,obj,asserted,directed,1,1,0,0,dependency
bioinfer,BioInfer.d713.s0,stanza_craft+coref_92c65d5d_3:rel:0,0,4,positive,positive,,,applied,structural|AB|phosphorylate|_|verbal,structural|phosphorylate,phosphorylate,AB,verbal,,clause,DEP-phosphorylate,sources,targets,nsubj,dobj,nsubj,obj,asserted,directed,1,1,0,0,dependency
bioinfer,BioInfer.d713.s1,stanza_craft+coref_8a83420c_0:rel:0,0,2,positive,positive,,,applied,structural|AB|phosphorylate|_|verbal,structural|phosphorylate,phosphorylate,AB,verbal,,clause,DEP-phosphorylate,sources,targets,nsubj,dobj,nsubj,obj,asserted,directed,0,0,0,0,dependency
bioinfer,BioInfer.d713.s1,stanza_craft+coref_8a83420c_0:rel:1,0,3,positive,positive,,,applied,structural|AB|phosphorylate|_|verbal,structural|phosphorylate,phosphorylate,AB,verbal,,clause,DEP-phosphorylate,sources,targets,nsubj,conj,nsubj,conj,asserted,directed,0,0,0,0,dependency
bioinfer,BioInfer.d713.s1,stanza_craft+coref_8a83420c_0:rel:2,1,2,positive,positive,,,applied,structural|AB|phosphorylate|_|verbal,structural|phosphorylate,phosphorylate,AB,verbal,,clause,DEP-phosphorylate,sources,targets,conj,dobj,conj,obj,asserted,directed,0,0,0,0,dependency
bioinfer,BioInfer.d713.s1,stanza_craft+coref_8a83420c_0:rel:3,1,3,positive,positive,,,applied,structural|AB|phosphorylate|_|verbal,structural|phosphorylate,phosphorylate,AB,verbal,,clause,DEP-phosphorylate,sources,targets,conj,conj,conj,conj,asserted,directed,0,0,0,0,dependency
bioinfer,BioInfer.d713.s1,stanza_craft+coref_8a83420c_4:rel:0,3,4,negative,negative,,,review_only,relational|RELATIONAL|is-a|_|verbal,relational|RELATIONAL|is-a|_,,RELATIONAL,verbal,,appositive,DEP-ParentheticalAlias,entities_a,entities_b,conj,dep,conj,dep,asserted,relational,0,0,0,0,dependency
bioinfer,BioInfer.d715.s0,stanza_craft+coref_8858e58e_1:rel:0,0,2,positive,positive,,,applied,structural|AB|cause|through|verbal,structural|cause,cause,AB,verbal,through,clause,DEP-cause,sources,targets,nsubj,nmod:through,nsubj,obl,asserted,directed,0,1,0,0,dependency
bioinfer,BioInfer.d715.s0,stanza_craft+coref_8858e58e_1:rel:1,0,3,positive,positive,,,applied,structural|AB|cause|through|verbal,structural|cause,cause,AB,verbal,through,clause,DEP-cause,sources,targets,nsubj,nmod:through,nsubj,obl,asserted,directed,0,1,0,0,dependency
bioinfer,BioInfer.d715.s0,stanza_craft+coref_8858e58e_1:rel:2,0,4,positive,positive,,,applied,structural|AB|cause|through|verbal,structural|cause,cause,AB,verbal,through,clause,DEP-cause,sources,targets,nsubj,nmod:through,nsubj,obl,asserted,directed,0,1,0,0,dependency
bioinfer,BioInfer.d715.s0,stanza_craft+coref_8858e58e_3:rel:0,2,3,negative,negative,,,review_only,relational|RELATIONAL|is-a|_|verbal,relational|RELATIONAL|is-a|_,,RELATIONAL,verbal,,appositive,DEP-Apposition,entities_a,entities_b,nmod,appos,obl,appos,asserted,relational,0,1,0,0,dependency
bioinfer,BioInfer.d715.s0,stanza_craft+coref_8858e58e_3:rel:1,2,4,negative,negative,,,review_only,relational|RELATIONAL|is-a|_|verbal,relational|RELATIONAL|is-a|_,,RELATIONAL,verbal,,appositive,DEP-Apposition,entities_a,entities_b,nmod,appos,obl,appos,asserted,relational,0,1,0,0,dependency
bioinfer,BioInfer.d716.s0,stanza_craft+coref_a7ba5a3e_0:rel:0,1,2,negative,positive,,,applied,structural|AA|associate|_|verbal,structural|associate,associate,AA,verbal,,clause,DEP-associate-undirected,participants,participants,nsubj,conj,nsubj,conj,asserted,undirected,0,0,0,0,dependency
bioinfer,BioInfer.d716.s0,stanza_craft+coref_a7ba5a3e_1:rel:0,1,3,negative,positive,,,applied,structural|AB|activate|_|verbal,structural|activate,activate,AB,verbal,,clause,DEP-activate,sources,targets,nsubj,dobj,nsubj,obj,asserted,directed,1,1,0,0,dependency
bioinfer,BioInfer.d716.s0,stanza_craft+coref_a7ba5a3e_1:rel:1,1,4,positive,positive,,,applied,structural|AB|activate|_|verbal,structural|activate,activate,AB,verbal,,clause,DEP-activate,sources,targets,nsubj,dobj,nsubj,obj,asserted,directed,0,0,0,0,dependency
bioinfer,BioInfer.d716.s0,stanza_craft+coref_a7ba5a3e_1:rel:2,2,3,negative,positive,,,applied,structural|AB|activate|_|verbal,structural|activate,activate,AB,verbal,,clause,DEP-activate,sources,targets,conj,dobj,conj,obj,asserted,directed,1,1,0,0,dependency
bioinfer,BioInfer.d716.s0,stanza_craft+coref_a7ba5a3e_1:rel:3,2,4,positive,positive,,,applied,structural|AB|activate|_|verbal,structural|activate,activate,AB,verbal,,clause,DEP-activate,sources,targets,conj,dobj,conj,obj,asserted,directed,0,0,0,0,dependency
bioinfer,BioInfer.d717.s0,stanza_craft+coref_156c8a19_1:rel:0,0,1,positive,negative,,,review_only,relational|RELATIONAL|is-a|_|verbal,relational|RELATIONAL|is-a|_,,RELATIONAL,verbal,,appositive,DEP-Apposition,entities_a,entities_b,conj,appos,conj,appos,asserted,relational,0,0,0,0,dependency
bioinfer,BioInfer.d717.s0,stanza_craft+coref_156c8a19_1:rel:1,1,3,negative,negative,,,review_only,relational|RELATIONAL|is-a|_|verbal,relational|RELATIONAL|is-a|_,,RELATIONAL,verbal,,appositive,DEP-Apposition,entities_a,entities_b,conj,appos,conj,appos,asserted,relational,0,0,0,0,dependency
bioinfer,BioInfer.d717.s0,stanza_craft+coref_156c8a19_2:rel:0,1,2,negative,negative,,,review_only,relational|RELATIONAL|identity|_|verbal,relational|RELATIONAL|identity|_,,RELATIONAL,verbal,,appositive,DEP-LooseIdentityCandidate,entities_a,entities_b,appos,compound,appos,compound,asserted,relational,1,0,0,0,dependency
bioinfer,BioInfer.d718.s0,stanza_craft+coref_7f68cfa5_1:rel:0,0,1,positive,negative,,,review_only,relational|RELATIONAL|is-a|_|verbal,relational|RELATIONAL|is-a|_,,RELATIONAL,verbal,,appositive,DEP-Apposition,entities_a,entities_b,nmod,appos,nmod,appos,asserted,relational,1,1,0,0,dependency
bioinfer,BioInfer.d720.s0,stanza_craft+coref_066b49f7_0:rel:0,0,1,positive,positive,,,applied,structural|AB|interact|with|verbal,structural|interact,interact,AB,verbal,with,clause,DEP-interact,sources,targets,nmod,nmod:with,nmod,obl,asserted,directed,0,0,0,0,dependency
bioinfer,BioInfer.d720.s0,stanza_craft+coref_066b49f7_2:rel:0,2,3,negative,positive,,,applied,structural|AB|implicate|_|verbal,structural|implicate,implicate,AB,verbal,,clause,DEP-implicate,sources,targets,nsubj,dobj,nsubj,obj,asserted,directed,1,1,0,0,dependency
bioinfer,BioInfer.d722.s0,stanza_craft+coref_ace53a08_0:rel:0,0,3,negative,positive,,,applied,structural|AB|bind|to|verbal,structural|bind,bind,AB,verbal,to,clause,DEP-bind,sources,targets,nsubj,nmod:to,nsubj,obl,asserted,directed,1,1,0,0,dependency
bioinfer,BioInfer.d722.s0,stanza_craft+coref_ace53a08_2:rel:0,0,4,negative,positive,,,applied,structural|AB|target|to|verbal,structural|target,target,AB,verbal,to,clause,DEP-target,sources,targets,nsubj,nmod:to,nsubj,obl,asserted,directed,1,1,0,0,dependency
bioinfer,BioInfer.d722.s0,stanza_craft+coref_ace53a08_3:rel:0,1,2,positive,negative,,,review_only,relational|RELATIONAL|is-a|_|verbal,relational|RELATIONAL|is-a|_,,RELATIONAL,verbal,,appositive,DEP-Apposition,entities_a,entities_b,nmod,appos,nmod,appos,asserted,relational,0,0,0,0,dependency
bioinfer,BioInfer.d722.s0,stanza_craft+coref_ace53a08_4:rel:0,0,1,negative,negative,,,review_only,relational|RELATIONAL|domain|_|verbal,relational|RELATIONAL|domain|_,domain,RELATIONAL,verbal,,appositive,DEP-NominalAlias,entities_a,entities_b,nsubj,nmod,nsubj,nmod,asserted,relational,1,1,0,0,dependency
bioinfer,BioInfer.d722.s0,stanza_craft+coref_ace53a08_4:rel:1,0,2,positive,negative,,,review_only,relational|RELATIONAL|domain|_|verbal,relational|RELATIONAL|domain|_,domain,RELATIONAL,verbal,,appositive,DEP-NominalAlias,entities_a,entities_b,nsubj,nmod,nsubj,nmod,asserted,relational,1,1,0,0,dependency
bioinfer,BioInfer.d723.s0,stanza_craft+coref_030fee38_0:rel:0,0,1,positive,negative,,,not_applied,structural|AA|homology|to|nominalized,structural|homology,homology,AA,nominalized,to,clause,DEP-homology-nestedinner,participants,participants,nmod,conj,nmod,conj,asserted,undirected,0,0,0,1,dependency
bioinfer,BioInfer.d723.s0,stanza_craft+coref_030fee38_0:rel:1,0,2,positive,negative,,,not_applied,structural|AA|homology|to|nominalized,structural|homology,homology,AA,nominalized,to,clause,DEP-homology-nestedinner,participants,participants,nmod,nmod:to,nmod,nmod,asserted,undirected,0,1,0,1,dependency
bioinfer,BioInfer.d723.s0,stanza_craft+coref_030fee38_0:rel:2,1,2,positive,negative,,,not_applied,structural|AA|homology|to|nominalized,structural|homology,homology,AA,nominalized,to,clause,DEP-homology-nestedinner,participants,participants,conj,nmod:to,conj,nmod,asserted,undirected,0,1,0,1,dependency
bioinfer,BioInfer.d725.s0,stanza_craft+coref_20f77533_0:rel:0,0,1,positive,positive,,,applied,structural|AB|differ|from|verbal,structural|differ,differ,AB,verbal,from,clause,DEP-differ,sources,targets,nsubj,nmod:from,nsubj,obl,asserted,directed,0,1,0,0,dependency
bioinfer,BioInfer.d725.s0,stanza_craft+coref_20f77533_1:rel:0,0,2,negative,positive,,,applied,structural|AB|resemble|_|verbal,structural|resemble,resemble,AB,verbal,,clause,DEP-resemble,sources,targets,nsubj,dobj,nsubj,obj,asserted,directed,1,1,0,0,dependency
bioinfer,BioInfer.d725.s0,stanza_craft+coref_20f77533_1:rel:1,0,3,positive,positive,,,applied,structural|AB|resemble|_|verbal,structural|resemble,resemble,AB,verbal,,clause,DEP-resemble,sources,targets,nsubj,dobj,nsubj,obj,asserted,directed,0,1,0,0,dependency
bioinfer,BioInfer.d725.s0,stanza_craft+coref_20f77533_2:rel:0,2,3,positive,negative,,,review_only,relational|RELATIONAL|is-a|_|verbal,relational|RELATIONAL|is-a|_,,RELATIONAL,verbal,,appositive,DEP-Apposition,entities_a,entities_b,nmod,appos,nmod,appos,asserted,relational,1,1,0,0,dependency
bioinfer,BioInfer.d726.s0,stanza_craft+coref_d6343116_3:rel:0,2,3,positive,positive,,,applied,structural|AB|cross-link|_|verbal,structural|cross-link,cross-link,AB,verbal,,clause,DEP-cross-link,sources,targets,nsubj,dobj,nsubj,obj,asserted,directed,1,1,0,0,dependency
bioinfer,BioInfer.d727.s0,stanza_craft+coref_26fffb7d_5:rel:0,3,4,positive,positive,,,applied,structural|AA|complex|_|compound_state,structural|complex,complex,AA,compound_state,,state_nominal,DEP-Complex,participants,participants,acl,acl,acl,acl,asserted,undirected,1,1,0,1,dependency
bioinfer,BioInfer.d727.s0,stanza_craft+coref_26fffb7d_5:rel:1,3,5,positive,positive,,,applied,structural|AA|complex|_|compound_state,structural|complex,complex,AA,compound_state,,state_nominal,DEP-Complex,participants,participants,acl,acl,acl,acl,asserted,undirected,1,1,0,1,dependency
bioinfer,BioInfer.d727.s0,stanza_craft+coref_26fffb7d_5:rel:2,3,6,positive,positive,,,applied,structural|AA|complex|_|compound_state,structural|complex,complex,AA,compound_state,,state_nominal,DEP-Complex,participants,participants,acl,acl,acl,acl,asserted,undirected,1,1,0,1,dependency
bioinfer,BioInfer.d727.s0,stanza_craft+coref_26fffb7d_5:rel:3,4,5,positive,positive,,,applied,structural|AA|complex|_|compound_state,structural|complex,complex,AA,compound_state,,state_nominal,DEP-Complex,participants,participants,acl,acl,acl,acl,asserted,undirected,0,1,0,1,dependency
bioinfer,BioInfer.d727.s0,stanza_craft+coref_26fffb7d_5:rel:4,4,6,positive,positive,,,applied,structural|AA|complex|_|compound_state,structural|complex,complex,AA,compound_state,,state_nominal,DEP-Complex,participants,participants,acl,acl,acl,acl,asserted,undirected,1,1,0,1,dependency
bioinfer,BioInfer.d727.s0,stanza_craft+coref_26fffb7d_5:rel:5,5,6,positive,positive,,,applied,structural|AA|complex|_|compound_state,structural|complex,complex,AA,compound_state,,state_nominal,DEP-Complex,participants,participants,acl,acl,acl,acl,asserted,undirected,1,1,0,1,dependency
bioinfer,BioInfer.d727.s0,stanza_craft+coref_26fffb7d_6:rel:0,0,1,negative,positive,,,review_only,relational|RELATIONAL|is-a|_|verbal,relational|RELATIONAL|is-a|_,,RELATIONAL,verbal,,appositive,DEP-ParentheticalAlias,entities_a,entities_b,compound,dep,compound,dep,asserted,relational,1,0,0,0,dependency
bioinfer,BioInfer.d728.s0,stanza_craft+coref_04065611_1:rel:0,2,3,negative,positive,,,applied,structural|AB|exhibit|_|verbal,structural|exhibit,exhibit,AB,verbal,,clause,DEP-exhibit,sources,targets,nsubj,dobj,nsubj,obj,asserted,directed,0,0,1,0,dependency
bioinfer,BioInfer.d728.s0,stanza_craft+coref_04065611_1:rel:1,2,4,positive,positive,,,applied,structural|AB|exhibit|_|verbal,structural|exhibit,exhibit,AB,verbal,,clause,DEP-exhibit,sources,targets,nsubj,dobj,nsubj,obj,asserted,directed,0,0,0,0,dependency
bioinfer,BioInfer.d728.s0,stanza_craft+coref_04065611_6:rel:0,3,4,positive,positive,,,applied,structural|AB|activate|_|passive,structural|activate,activate,AB,passive,,clause,DEP-hyphen-participle-merged-passive-activate,sources,targets,amod:agent,dobj,amod,obj,asserted,directed,0,0,0,0,dependency
bioinfer,BioInfer.d729.s0,stanza_craft+coref_da8a2557_0:rel:0,0,1,positive,positive,,,applied,structural|AB|interact|like|nominalized,structural|interact,interact,AB,nominalized,like,clause,DEP-interaction-nestedinner-directed,sources,targets,nmod:with,nmod:like,nmod,nmod,asserted,directed,0,1,0,1,dependency
bioinfer,BioInfer.d729.s0,stanza_craft+coref_da8a2557_0:rel:1,0,2,positive,positive,,,applied,structural|AB|interact|like|nominalized,structural|interact,interact,AB,nominalized,like,clause,DEP-interaction-nestedinner-directed,sources,targets,nmod:with,nmod:like,nmod,nmod,asserted,directed,0,1,0,1,dependency
bioinfer,BioInfer.d729.s0,stanza_craft+coref_da8a2557_0:rel:2,1,2,positive,positive,,,applied,structural|AB|interact|like|nominalized,structural|interact,interact,AB,nominalized,like,clause,DEP-interaction-nestedinner-directed,sources,targets,nmod:with,nmod:like,nmod,nmod,asserted,directed,0,1,0,1,dependency
bioinfer,BioInfer.d730.s0,stanza_craft+coref_cfabc5b1_3:rel:0,4,5,negative,positive,,,applied,structural|AB|express|_|verbal,structural|express,express,AB,verbal,,clause,DEP-express,sources,targets,nsubj,dobj,nsubj,obj,asserted,directed,0,1,0,0,dependency
bioinfer,BioInfer.d730.s0,stanza_craft+coref_cfabc5b1_4:rel:0,6,7,negative,negative,,,not_applied,structural|AB|assemble|_|verbal,structural|assemble,assemble,AB,verbal,,clause,DEP-assemble,sources,targets,nsubj,dobj,nsubj,obj,negated,directed,1,1,0,0,dependency
bioinfer,BioInfer.d730.s0,stanza_craft+coref_cfabc5b1_4:rel:1,6,8,negative,negative,,,not_applied,structural|AB|assemble|_|verbal,structural|assemble,assemble,AB,verbal,,clause,DEP-assemble,sources,targets,nsubj,dobj,nsubj,obj,negated,directed,1,1,0,0,dependency
bioinfer,BioInfer.d730.s0,stanza_craft+coref_cfabc5b1_4:rel:2,6,9,negative,negative,,,not_applied,structural|AB|assemble|_|verbal,structural|assemble,assemble,AB,verbal,,clause,DEP-assemble,sources,targets,nsubj,conj,nsubj,conj,negated,directed,1,1,0,0,dependency
bioinfer,BioInfer.d730.s0,stanza_craft+coref_cfabc5b1_4:rel:3,6,10,negative,negative,,,not_applied,structural|AB|assemble|on|verbal,structural|assemble,assemble,AB,verbal,on,clause,DEP-assemble,sources,targets,nsubj,nmod:on,nsubj,obl,negated,directed,1,1,0,0,dependency
bioinfer,BioInfer.d731.s0,stanza_craft+coref_d4cb7793_1:rel:0,2,3,negative,positive,,,applied,structural|AB|induce|_|passive,structural|induce,induce,AB,passive,,clause,DEP-hyphen-participle-passive-induce,sources,targets,amod:agent,nmod,dep,nmod,asserted,directed,0,0,0,0,dependency
bioinfer,BioInfer.d731.s0,stanza_craft+coref_d4cb7793_2:rel:0,0,1,negative,negative,,,review_only,relational|RELATIONAL|is-a|_|verbal,relational|RELATIONAL|is-a|_,,RELATIONAL,verbal,,appositive,DEP-Apposition,entities_a,entities_b,nsubj,appos,nsubj,appos,asserted,relational,1,1,0,0,dependency
bioinfer,BioInfer.d731.s0,stanza_craft+coref_d4cb7793_3:rel:0,3,4,positive,negative,,,review_only,relational|RELATIONAL|is-a|_|verbal,relational|RELATIONAL|is-a|_,,RELATIONAL,verbal,,appositive,DEP-Apposition,entities_a,entities_b,nmod,appos,nmod,appos,asserted,relational,0,0,0,0,dependency
bioinfer,BioInfer.d732.s0,stanza_craft+coref_971386be_2:rel:0,0,2,positive,positive,,,applied,structural|AA|interact|between|nominalized,structural|interact,interact,AA,nominalized,between,clause,DEP-interaction-nestedinner,participants,participants,nmod:between,nmod:between,nmod,conj,asserted,undirected,0,0,0,1,dependency
bioinfer,BioInfer.d732.s0,stanza_craft+coref_971386be_4:rel:0,0,1,negative,positive,,,review_only,relational|RELATIONAL|is-a|_|verbal,relational|RELATIONAL|is-a|_,,RELATIONAL,verbal,,appositive,DEP-ParentheticalAlias,entities_a,entities_b,nmod,dep,nmod,dep,asserted,relational,0,0,0,0,dependency
bioinfer,BioInfer.d732.s0,stanza_craft+coref_971386be_5:rel:0,2,3,negative,positive,,,review_only,relational|RELATIONAL|is-a|_|verbal,relational|RELATIONAL|is-a|_,,RELATIONAL,verbal,,appositive,DEP-ParentheticalAlias,entities_a,entities_b,conj,dep,conj,dep,asserted,relational,0,0,0,0,dependency
bioinfer,BioInfer.d734.s0,stanza_craft+coref_e80156a3_4:rel:0,1,2,positive,positive,,,applied,structural|AB|alter|_|verbal,structural|alter,alter,AB,verbal,,clause,DEP-alter,sources,targets,nsubj,dobj,nsubj,obj,asserted,directed,1,1,0,0,dependency
bioinfer,BioInfer.d734.s0,stanza_craft+coref_e80156a3_4:rel:1,1,3,positive,positive,,,applied,structural|AB|alter|_|verbal,structural|alter,alter,AB,verbal,,clause,DEP-alter,sources,targets,nsubj,dobj,nsubj,obj,asserted,directed,0,1,0,0,dependency
bioinfer,BioInfer.d734.s0,stanza_craft+coref_e80156a3_4:rel:2,1,4,positive,positive,,,applied,structural|AB|alter|_|verbal,structural|alter,alter,AB,verbal,,clause,DEP-alter,sources,targets,nsubj,dobj,nsubj,obj,asserted,directed,0,1,0,0,dependency
bioinfer,BioInfer.d734.s0,stanza_craft+coref_e80156a3_4:rel:3,1,5,positive,positive,,,applied,structural|AB|alter|_|verbal,structural|alter,alter,AB,verbal,,clause,DEP-alter,sources,targets,nsubj,dobj,nsubj,obj,asserted,directed,0,1,0,0,dependency
bioinfer,BioInfer.d734.s0,stanza_craft+coref_e80156a3_6:rel:0,2,3,negative,negative,,,review_only,relational|RELATIONAL|is-a|_|verbal,relational|RELATIONAL|is-a|_,,RELATIONAL,verbal,,appositive,DEP-Apposition,entities_a,entities_b,nmod,appos,nmod,appos,asserted,relational,1,1,0,0,dependency
bioinfer,BioInfer.d735.s0,stanza_craft+coref_f810b38e_0:rel:0,0,1,positive,positive,,,applied,structural|AB|bind|to|verbal,structural|bind,bind,AB,verbal,to,clause,DEP-bind,sources,targets,nmod:poss,nmod:to,nmod:poss,obl,asserted,directed,0,1,0,0,dependency
bioinfer,BioInfer.d735.s0,stanza_craft+coref_f810b38e_0:rel:1,0,2,positive,positive,,,applied,structural|AB|bind|to|verbal,structural|bind,bind,AB,verbal,to,clause,DEP-bind,sources,targets,nmod:poss,nmod:to,nmod:poss,obl,asserted,directed,0,1,0,0,dependency
bioinfer,BioInfer.d735.s0,stanza_craft+coref_f810b38e_0:rel:2,0,3,positive,positive,,,applied,structural|AB|bind|to|verbal,structural|bind,bind,AB,verbal,to,clause,DEP-bind,sources,targets,nmod:poss,nmod:to,nmod:poss,obl,asserted,directed,0,1,0,0,dependency
bioinfer,BioInfer.d735.s0,stanza_craft+coref_f810b38e_2:rel:0,1,2,positive,negative,,,review_only,relational|RELATIONAL|is-a|_|verbal,relational|RELATIONAL|is-a|_,,RELATIONAL,verbal,,appositive,DEP-Apposition,entities_a,entities_b,nmod,appos,obl,appos,asserted,relational,0,1,0,0,dependency
bioinfer,BioInfer.d735.s0,stanza_craft+coref_f810b38e_2:rel:1,1,3,positive,negative,,,review_only,relational|RELATIONAL|is-a|_|verbal,relational|RELATIONAL|is-a|_,,RELATIONAL,verbal,,appositive,DEP-Apposition,entities_a,entities_b,nmod,appos,obl,appos,asserted,relational,0,1,0,0,dependency
bioinfer,BioInfer.d736.s0,stanza_craft+coref_64e5f919_1:rel:0,0,1,positive,positive,,,applied,structural|AB|impair|_|verbal,structural|impair,impair,AB,verbal,,clause,DEP-impair,sources,targets,nsubj,dobj,nsubj,obj,asserted,directed,1,1,0,0,dependency
bioinfer,BioInfer.d736.s1,stanza_craft+coref_6e781f15_1:rel:0,1,2,positive,positive,,,applied,structural|AB|interact|with|nominalized,structural|interact,interact,AB,nominalized,with,clause,DEP-interaction-nestedinner-controlled,sources,targets,nsubjpass,nmod:with,nsubj:pass,nmod,asserted,directed,1,1,0,1,dependency
bioinfer,BioInfer.d736.s1,stanza_craft+coref_6e781f15_2:rel:0,1,2,positive,positive,,,not_applied,structural|NESTED|implicate|in|nested,structural|NESTED|implicate|in,implicate,NESTED,nested,in,clause,DEP-implicate-passive-nested,outer_arguments,targets:event_ref:stanza_craft+coref_6e781f15_1,nsubjpass,nmod:with,nsubj:pass,nmod,asserted,nested_review,1,1,0,0,dependency
bioinfer,BioInfer.d736.s1,stanza_craft+coref_6e781f15_2:rel:1,1,2,positive,positive,,,not_applied,structural|NESTED|implicate|in|nested,structural|NESTED|implicate|in,implicate,NESTED,nested,in,clause,DEP-implicate-passive-nested,outer_arguments,targets:event_ref:stanza_craft+coref_6e781f15_1,nsubjpass,nmod:with,nsubj:pass,nmod,asserted,nested_review,1,1,0,0,dependency
bioinfer,BioInfer.d736.s1,stanza_craft+coref_6e781f15_3:rel:0,2,3,positive,negative,,,review_only,relational|RELATIONAL|identity|_|verbal,relational|RELATIONAL|identity|_,,RELATIONAL,verbal,,appositive,DEP-LooseIdentityCandidate,entities_a,entities_b,nmod,compound,nmod,compound,asserted,relational,1,0,0,0,dependency
bioinfer,BioInfer.d738.s0,stanza_craft+coref_41e016f3_1:rel:0,0,1,positive,positive,,,applied,structural|AA|complex|_|compound_state,structural|complex,complex,AA,compound_state,,state_nominal,DEP-Complex,participants,participants,nsubj,nsubj,nsubj,nsubj,asserted,undirected,1,1,0,1,dependency
bioinfer,BioInfer.d739.s0,stanza_craft+coref_b5fcb27c_1:rel:0,0,1,positive,positive,,,applied,structural|AB|bind|to|passive,structural|bind,bind,AB,passive,to,clause,DEP-bind-passive,sources,targets,nmod,nmod:to,nmod,obl,asserted,directed,0,1,0,0,dependency
bioinfer,BioInfer.d74.s0,stanza_craft+coref_0b5e9f2a_2:rel:0,6,7,positive,positive,,,applied,structural|AA|2tetramer|_|compound_state,structural|2tetramer,2tetramer,AA,compound_state,,state_nominal,DEP-Complex,participants,participants,compound,compound,compound,compound,asserted,undirected,1,1,0,1,dependency
bioinfer,BioInfer.d740.s0,stanza_craft+coref_d40900a9_0:rel:0,0,1,positive,positive,,,applied,structural|AB|require|for|passive,structural|require,require,AB,passive,for,clause,DEP-require-passive,sources,targets,nsubjpass,nmod:for,nsubj:pass,obl,asserted,directed,1,1,0,0,dependency
bioinfer,BioInfer.d741.s0,stanza_craft+coref_c3d2530e_0:rel:0,0,1,positive,positive,,,applied,structural|AB|coexistence|with|nominalized,structural|coexistence,coexistence,AB,nominalized,with,clause,DEP-coexistence-nestedinner-directed,sources,targets,nmod:of,nmod:with,nmod,nmod,asserted,directed,1,1,0,1,dependency
bioinfer,BioInfer.d742.s0,stanza_craft+coref_7074c221_1:rel:0,0,1,positive,positive,,,applied,structural|AB|bind|to|nominalized,structural|bind,bind,AB,nominalized,to,clause,DEP-binding-nestedinner-directed,sources,targets,nmod:of,nmod:to,nmod,obl,asserted,directed,0,0,0,1,dependency
bioinfer,BioInfer.d747.s0,stanza_craft+coref_8d858d98_3:rel:0,0,1,positive,negative,,,not_applied,structural|AB|couple|_|verbal,structural|couple,couple,AB,verbal,,clause,DEP-couple,sources,targets,nmod,dobj,nmod,obj,negated,directed,1,1,0,0,dependency
bioinfer,BioInfer.d747.s0,stanza_craft+coref_8d858d98_6:rel:0,0,1,positive,negative,,,review_only,relational|RELATIONAL|identity|_|verbal,relational|RELATIONAL|identity|_,,RELATIONAL,verbal,,appositive,DEP-LooseIdentityCandidate,entities_a,entities_b,nmod,compound,nmod,compound,negated,relational,1,0,0,0,dependency
bioinfer,BioInfer.d749.s0,stanza_craft+coref_c7e810f0_0:rel:0,0,4,negative,positive,,,applied,structural|AB|influence|of|verbal,structural|influence,influence,AB,verbal,of,clause,DEP-influence,sources,targets,nsubj,nmod:of,nsubj,obl,asserted,directed,1,1,0,0,dependency
bioinfer,BioInfer.d749.s0,stanza_craft+coref_c7e810f0_0:rel:1,1,4,negative,positive,,,applied,structural|AB|influence|of|verbal,structural|influence,influence,AB,verbal,of,clause,DEP-influence,sources,targets,nsubj,nmod:of,nsubj,obl,asserted,directed,0,1,0,0,dependency
bioinfer,BioInfer.d749.s0,stanza_craft+coref_c7e810f0_0:rel:2,2,4,negative,positive,,,applied,structural|AB|influence|of|verbal,structural|influence,influence,AB,verbal,of,clause,DEP-influence,sources,targets,nsubj,nmod:of,nsubj,obl,asserted,directed,0,1,0,0,dependency
bioinfer,BioInfer.d749.s0,stanza_craft+coref_c7e810f0_0:rel:3,3,4,positive,positive,,,applied,structural|AB|influence|of|verbal,structural|influence,influence,AB,verbal,of,clause,DEP-influence,sources,targets,nsubj,nmod:of,nsubj,obl,asserted,directed,0,1,0,0,dependency
bioinfer,BioInfer.d749.s0,stanza_craft+coref_c7e810f0_1:rel:0,0,1,positive,negative,,,review_only,relational|RELATIONAL|is-a|_|verbal,relational|RELATIONAL|is-a|_,,RELATIONAL,verbal,,appositive,DEP-Apposition,entities_a,entities_b,nsubj,appos,nsubj,appos,asserted,relational,1,1,0,0,dependency
bioinfer,BioInfer.d749.s0,stanza_craft+coref_c7e810f0_1:rel:1,1,2,negative,negative,,,review_only,relational|RELATIONAL|is-a|_|verbal,relational|RELATIONAL|is-a|_,,RELATIONAL,verbal,,appositive,DEP-Apposition,entities_a,entities_b,nsubj,appos,nsubj,appos,asserted,relational,0,1,0,0,dependency
bioinfer,BioInfer.d749.s0,stanza_craft+coref_c7e810f0_1:rel:2,1,3,negative,negative,,,review_only,relational|RELATIONAL|is-a|_|verbal,relational|RELATIONAL|is-a|_,,RELATIONAL,verbal,,appositive,DEP-Apposition,entities_a,entities_b,nsubj,appos,nsubj,appos,asserted,relational,0,1,0,0,dependency
bioinfer,BioInfer.d750.s0,stanza_craft+coref_b7187edf_1:rel:0,2,3,negative,negative,,,review_only,relational|RELATIONAL|is-a|_|verbal,relational|RELATIONAL|is-a|_,,RELATIONAL,verbal,,appositive,DEP-ParentheticalAlias,entities_a,entities_b,conj,dep,conj,dep,asserted,relational,0,0,0,0,dependency
bioinfer,BioInfer.d754.s0,stanza_craft+coref_cedd8bb7_0:rel:0,0,1,positive,positive,,,applied,structural|AB|involve|in|passive,structural|involve,involve,AB,passive,in,clause,DEP-involve-passive,sources,targets,nsubjpass,nmod:in,nsubj:pass,obl,asserted,directed,1,1,0,0,dependency
bioinfer,BioInfer.d756.s0,stanza_craft+coref_b7fc68e4_0:rel:0,0,2,positive,negative,,,review_only,relational|RELATIONAL|require|_|nominalized,relational|RELATIONAL|require|_,require,RELATIONAL,nominalized,,clause,DEP-CopulaIsA,entities_a,entities_b,conj,ROOT,conj,root,asserted,relational,1,1,0,1,dependency
bioinfer,BioInfer.d756.s0,stanza_craft+coref_b7fc68e4_0:rel:1,1,2,positive,negative,,,review_only,relational|RELATIONAL|require|_|nominalized,relational|RELATIONAL|require|_,require,RELATIONAL,nominalized,,clause,DEP-CopulaIsA,entities_a,entities_b,conj,ROOT,conj,root,asserted,relational,1,1,0,1,dependency
bioinfer,BioInfer.d759.s0,stanza_craft+coref_b6640799_6:rel:0,0,1,negative,negative,,,review_only,relational|RELATIONAL|is-a|_|verbal,relational|RELATIONAL|is-a|_,,RELATIONAL,verbal,,appositive,DEP-ParentheticalAlias,entities_a,entities_b,dep,compound,dep,compound,asserted,relational,1,0,0,0,dependency
bioinfer,BioInfer.d76.s0,stanza_craft+coref_64afd88c_1:rel:0,1,3,positive,positive,,,applied,structural|AB|bind|to|verbal,structural|bind,bind,AB,verbal,to,clause,DEP-bind,sources,targets,nsubjpass,nmod:to,nsubj:pass,obl,asserted,directed,1,1,0,0,dependency
bioinfer,BioInfer.d76.s0,stanza_craft+coref_64afd88c_1:rel:1,2,3,positive,positive,,,applied,structural|AB|bind|to|verbal,structural|bind,bind,AB,verbal,to,clause,DEP-bind,sources,targets,nsubjpass,nmod:to,nsubj:pass,obl,asserted,directed,0,1,0,0,dependency
bioinfer,BioInfer.d76.s0,stanza_craft+coref_64afd88c_3:rel:0,1,2,positive,positive,,,applied,structural|AB|repeat|_|nominalized,structural|repeat,repeat,AB,nominalized,,event_nominal,DEP-nom-repeat-subject,sources,targets,nmod:to,compound,nmod,compound,asserted,directed,1,0,0,1,dependency
bioinfer,BioInfer.d76.s0,stanza_craft+coref_64afd88c_4:rel:0,0,1,negative,negative,,,review_only,relational|RELATIONAL|is-a|_|verbal,relational|RELATIONAL|is-a|_,,RELATIONAL,verbal,,appositive,DEP-ParentheticalAlias,entities_a,entities_b,dep,compound,dep,compound,asserted,relational,1,0,0,0,dependency
bioinfer,BioInfer.d761.s0,stanza_craft+coref_2c1eb445_3:rel:0,2,3,negative,negative,,,review_only,relational|RELATIONAL|is-a|_|verbal,relational|RELATIONAL|is-a|_,,RELATIONAL,verbal,,appositive,DEP-ParentheticalAlias,entities_a,entities_b,conj,conj,conj,conj,asserted,relational,0,0,0,0,dependency
bioinfer,BioInfer.d764.s0,stanza_craft+coref_3dbcc450_3:rel:0,0,1,positive,negative,,,review_only,relational|RELATIONAL|is-a|_|verbal,relational|RELATIONAL|is-a|_,,RELATIONAL,verbal,,appositive,DEP-Apposition,entities_a,entities_b,dobj,appos,obj,appos,asserted,relational,1,1,0,0,dependency
bioinfer,BioInfer.d764.s0,stanza_craft+coref_3dbcc450_3:rel:1,1,2,negative,negative,,,review_only,relational|RELATIONAL|is-a|_|verbal,relational|RELATIONAL|is-a|_,,RELATIONAL,verbal,,appositive,DEP-Apposition,entities_a,entities_b,dobj,appos,obj,appos,asserted,relational,0,1,0,0,dependency
bioinfer,BioInfer.d765.s0,stanza_craft+coref_6b321005_3:rel:0,3,4,negative,negative,,,review_only,relational|RELATIONAL|is-a|_|verbal,relational|RELATIONAL|is-a|_,,RELATIONAL,verbal,,appositive,DEP-ParentheticalAlias,entities_a,entities_b,dep,compound,dep,compound,asserted,relational,1,0,0,0,dependency
bioinfer,BioInfer.d765.s0,stanza_craft+coref_6b321005_4:rel:0,2,3,negative,negative,,,review_only,relational|RELATIONAL|identity|_|verbal,relational|RELATIONAL|identity|_,,RELATIONAL,verbal,,appositive,DEP-LooseIdentityCandidate,entities_a,entities_b,conj,dep,conj,dep,asserted,relational,0,0,0,0,dependency
bioinfer,BioInfer.d768.s0,stanza_craft+coref_736ed537_1:rel:0,0,1,positive,positive,,,applied,structural|AB|regulate|_|verbal,structural|regulate,regulate,AB,verbal,,clause,DEP-regulate,sources,targets,nsubj,dobj,nsubj,obj,asserted,directed,1,1,0,0,dependency
bioinfer,BioInfer.d768.s0,stanza_craft+coref_736ed537_1:rel:1,0,2,positive,positive,,,applied,structural|AB|regulate|through|verbal,structural|regulate,regulate,AB,verbal,through,clause,DEP-regulate,sources,targets,nsubj,nmod:through,nsubj,obl,asserted,directed,1,1,0,0,dependency
bioinfer,BioInfer.d768.s0,stanza_craft+coref_736ed537_1:rel:2,0,3,positive,positive,,,applied,structural|AB|regulate|through|verbal,structural|regulate,regulate,AB,verbal,through,clause,DEP-regulate,sources,targets,nsubj,nmod:through,nsubj,conj,asserted,directed,0,1,0,0,dependency
bioinfer,BioInfer.d768.s0,stanza_craft+coref_736ed537_2:rel:0,0,4,positive,positive,,,applied,structural|AB|require|_|verbal,structural|require,require,AB,verbal,,clause,DEP-require,sources,targets,nsubj,dobj,nsubj,obj,asserted,directed,0,1,0,0,dependency
bioinfer,BioInfer.d77.s0,stanza_craft+coref_bac51185_0:rel:0,0,2,positive,positive,,,applied,structural|AB|bind|_|verbal,structural|bind,bind,AB,verbal,,clause,DEP-bind,sources,targets,nsubj,dobj,nsubj,obj,asserted,directed,1,1,0,0,dependency
bioinfer,BioInfer.d77.s0,stanza_craft+coref_bac51185_0:rel:1,1,2,positive,positive,,,applied,structural|AB|bind|_|verbal,structural|bind,bind,AB,verbal,,clause,DEP-bind,sources,targets,nsubj,dobj,nsubj,obj,asserted,directed,1,1,0,0,dependency
bioinfer,BioInfer.d77.s0,stanza_craft+coref_bac51185_1:rel:0,0,3,positive,positive,,,applied,structural|AB|cross-link|_|verbal,structural|cross-link,cross-link,AB,verbal,,clause,DEP-cross-link,sources,targets,nsubj,dobj,nsubj,obj,asserted,directed,1,1,0,0,dependency
bioinfer,BioInfer.d77.s0,stanza_craft+coref_bac51185_1:rel:1,1,3,positive,positive,,,applied,structural|AB|cross-link|_|verbal,structural|cross-link,cross-link,AB,verbal,,clause,DEP-cross-link,sources,targets,nsubj,dobj,nsubj,obj,asserted,directed,1,1,0,0,dependency
bioinfer,BioInfer.d77.s0,stanza_craft+coref_bac51185_2:rel:0,0,1,positive,positive,,,applied,structural|AA|complex|_|compound_state,structural|complex,complex,AA,compound_state,,state_nominal,DEP-Complex,participants,participants,nsubj,nsubj,nsubj,nsubj,asserted,undirected,1,1,0,1,dependency
bioinfer,BioInfer.d77.s1,stanza_craft+coref_15c7de64_0:rel:0,0,1,positive,positive,,,applied,structural|AB|bind|_|verbal,structural|bind,bind,AB,verbal,,clause,DEP-bind,sources,targets,nsubj,dobj,nsubj,obj,asserted,directed,1,1,0,0,dependency
bioinfer,BioInfer.d77.s1,stanza_craft+coref_15c7de64_0:rel:1,0,2,positive,positive,,,applied,structural|AB|bind|_|verbal,structural|bind,bind,AB,verbal,,clause,DEP-bind,sources,targets,nsubj,dobj,nsubj,obj,asserted,directed,1,1,0,0,dependency
bioinfer,BioInfer.d77.s1,stanza_craft+coref_15c7de64_1:rel:0,3,4,positive,positive,,,applied,structural|AB|affinity|for|nominalized,structural|affinity,affinity,AB,nominalized,for,event_nominal,DEP-nom-affinity,sources,targets,nmod:of,nmod:for,nmod,compound,asserted,directed,1,0,0,1,dependency
bioinfer,BioInfer.d77.s1,stanza_craft+coref_15c7de64_2:rel:0,1,2,positive,positive,,,applied,structural|AA|complex|_|compound_state,structural|complex,complex,AA,compound_state,,state_nominal,DEP-Complex,participants,participants,dobj,dobj,obj,obj,asserted,undirected,1,1,0,1,dependency
bioinfer,BioInfer.d77.s2,stanza_craft+coref_01c1b81b_0:rel:0,0,2,positive,positive,,,applied,structural|AB|cross-link|to|passive,structural|cross-link,cross-link,AB,passive,to,clause,DEP-cross-link-passive,sources,targets,nsubjpass,nmod:to,nsubj:pass,obl,asserted,directed,1,1,0,0,dependency
bioinfer,BioInfer.d771.s0,stanza_craft+coref_93e64d04_1:rel:0,0,2,negative,negative,,,review_only,relational|RELATIONAL|is-a|_|verbal,relational|RELATIONAL|is-a|_,,RELATIONAL,verbal,,appositive,DEP-Apposition,entities_a,entities_b,nsubj,appos,nsubj,appos,asserted,relational,0,1,0,0,dependency
bioinfer,BioInfer.d771.s0,stanza_craft+coref_93e64d04_2:rel:0,0,1,negative,negative,,,review_only,relational|RELATIONAL|is-a|_|verbal,relational|RELATIONAL|is-a|_,,RELATIONAL,verbal,,appositive,DEP-ParentheticalAlias,entities_a,entities_b,appos,dep,appos,dep,asserted,relational,0,0,0,0,dependency
bioinfer,BioInfer.d772.s0,stanza_craft+coref_af14e04d_2:rel:0,0,1,negative,negative,,,review_only,relational|RELATIONAL|is-a|_|verbal,relational|RELATIONAL|is-a|_,,RELATIONAL,verbal,,appositive,DEP-ParentheticalAlias,entities_a,entities_b,nmod,dep,nmod,dep,asserted,relational,0,0,0,0,dependency
bioinfer,BioInfer.d775.s0,stanza_craft+coref_9a49d175_4:rel:0,0,1,negative,negative,,,review_only,relational|RELATIONAL|is-a|_|verbal,relational|RELATIONAL|is-a|_,,RELATIONAL,verbal,,appositive,DEP-ParentheticalAlias,entities_a,entities_b,dep,dep,dep,dep,asserted,relational,0,0,0,0,dependency
bioinfer,BioInfer.d775.s0,stanza_craft+coref_9a49d175_5:rel:0,2,3,negative,negative,,,review_only,relational|RELATIONAL|is-a|_|verbal,relational|RELATIONAL|is-a|_,,RELATIONAL,verbal,,appositive,DEP-ParentheticalAlias,entities_a,entities_b,conj,dep,conj,dep,asserted,relational,0,0,0,0,dependency
bioinfer,BioInfer.d778.s0,stanza_craft+coref_bc26a626_1:rel:0,0,1,positive,negative,,,review_only,relational|RELATIONAL|is-a|_|verbal,relational|RELATIONAL|is-a|_,,RELATIONAL,verbal,,appositive,DEP-Apposition,entities_a,entities_b,nsubjpass,appos,nsubj:pass,appos,asserted,relational,0,0,0,0,dependency
bioinfer,BioInfer.d778.s0,stanza_craft+coref_bc26a626_1:rel:1,1,2,positive,negative,,,review_only,relational|RELATIONAL|is-a|_|verbal,relational|RELATIONAL|is-a|_,,RELATIONAL,verbal,,appositive,DEP-Apposition,entities_a,entities_b,nsubjpass,appos,nsubj:pass,appos,asserted,relational,0,0,0,0,dependency
bioinfer,BioInfer.d779.s0,stanza_craft+coref_c7dbd9d6_2:rel:0,1,2,negative,negative,,,review_only,relational|RELATIONAL|is-a|_|verbal,relational|RELATIONAL|is-a|_,,RELATIONAL,verbal,,appositive,DEP-ParentheticalAlias,entities_a,entities_b,nmod,dep,obl,dep,asserted,relational,0,0,0,0,dependency
bioinfer,BioInfer.d78.s1,stanza_craft+coref_332ed9dc_1:rel:0,0,3,negative,positive,,,applied,structural|AB|form|with|verbal,structural|form,form,AB,verbal,with,clause,DEP-form,sources,targets,nsubjpass,nmod:with,nsubj:pass,obl,asserted,directed,0,0,0,0,dependency
bioinfer,BioInfer.d78.s1,stanza_craft+coref_332ed9dc_1:rel:1,1,3,positive,positive,,,applied,structural|AB|form|with|verbal,structural|form,form,AB,verbal,with,clause,DEP-form,sources,targets,nsubjpass,nmod:with,nsubj:pass,obl,asserted,directed,0,1,0,0,dependency
bioinfer,BioInfer.d78.s1,stanza_craft+coref_332ed9dc_1:rel:2,2,3,positive,positive,,,applied,structural|AB|form|with|verbal,structural|form,form,AB,verbal,with,clause,DEP-form,sources,targets,nsubjpass,nmod:with,nsubj:pass,obl,asserted,directed,0,1,0,0,dependency
bioinfer,BioInfer.d78.s1,stanza_craft+coref_332ed9dc_4:rel:0,1,2,negative,negative,,,review_only,relational|RELATIONAL|is-a|_|verbal,relational|RELATIONAL|is-a|_,,RELATIONAL,verbal,,appositive,DEP-Apposition,entities_a,entities_b,nmod,appos,nmod,appos,asserted,relational,0,1,0,0,dependency
bioinfer,BioInfer.d780.s0,stanza_craft+coref_06b9dbc2_1:rel:0,2,3,positive,positive,,,applied,structural|AB|differ|from|verbal,structural|differ,differ,AB,verbal,from,clause,DEP-differ,sources,targets,nsubj,nmod:from,nsubj,obl,asserted,directed,0,0,0,0,dependency
bioinfer,BioInfer.d780.s0,stanza_craft+coref_06b9dbc2_2:rel:0,0,1,negative,negative,,,review_only,relational|RELATIONAL|is-a|_|verbal,relational|RELATIONAL|is-a|_,,RELATIONAL,verbal,,appositive,DEP-ParentheticalAlias,entities_a,entities_b,nmod,dep,nmod,dep,asserted,relational,0,0,0,0,dependency
bioinfer,BioInfer.d781.s0,stanza_craft+coref_aef234f7_2:rel:0,1,2,negative,negative,,,review_only,relational|RELATIONAL|is-a|_|verbal,relational|RELATIONAL|is-a|_,,RELATIONAL,verbal,,appositive,DEP-ParentheticalAlias,entities_a,entities_b,nmod,dep,nmod,dep,asserted,relational,0,0,0,0,dependency
bioinfer,BioInfer.d784.s0,stanza_craft+coref_42173ec7_3:rel:0,1,2,positive,positive,,,applied,structural|AA|complex|_|compound_state,structural|complex,complex,AA,compound_state,,state_nominal,DEP-Complex,participants,participants,compound_state,compound_state,nmod,nmod,asserted,undirected,0,1,0,1,dependency
bioinfer,BioInfer.d785.s0,stanza_craft+coref_5520c6a7_1:rel:0,0,1,positive,positive,,,applied,structural|AB|regulate|_|verbal,structural|regulate,regulate,AB,verbal,,clause,DEP-regulate,sources,targets,dobj,dobj,obj,obj,asserted,directed,0,0,0,0,dependency
bioinfer,BioInfer.d785.s0,stanza_craft+coref_5520c6a7_1:rel:1,1,2,negative,positive,,,applied,structural|AB|regulate|_|verbal,structural|regulate,regulate,AB,verbal,,clause,DEP-regulate,sources,targets,conj,dobj,conj,obj,asserted,directed,0,0,0,0,dependency
bioinfer,BioInfer.d785.s0,stanza_craft+coref_5520c6a7_2:rel:0,0,1,positive,positive,,,review_only,relational|RELATIONAL|identity|_|verbal,relational|RELATIONAL|identity|_,,RELATIONAL,verbal,,appositive,DEP-LooseIdentityCandidate,entities_a,entities_b,dobj,dobj,obj,obj,asserted,relational,0,0,0,0,dependency
bioinfer,BioInfer.d787.s0,stanza_craft+coref_4e504c4c_1:rel:0,4,5,negative,positive,,,applied,structural|AB|occur|at|verbal,structural|occur,occur,AB,verbal,at,clause,DEP-occur,sources,targets,nsubj,nmod:at,nsubj,obl,asserted,directed,1,1,0,0,dependency
bioinfer,BioInfer.d789.s0,stanza_craft+coref_b8dbecfd_2:rel:0,1,2,positive,positive,,,applied,structural|AB|protect|_|verbal,structural|protect,protect,AB,verbal,,clause,DEP-protect,sources,targets,nsubj,dobj,nsubj,obj,asserted,directed,1,1,0,0,dependency
bioinfer,BioInfer.d789.s0,stanza_craft+coref_b8dbecfd_3:rel:0,3,4,negative,negative,,,review_only,relational|RELATIONAL|is-a|_|verbal,relational|RELATIONAL|is-a|_,,RELATIONAL,verbal,,appositive,DEP-ParentheticalAlias,entities_a,entities_b,dep,dep,dep,dep,asserted,relational,0,0,0,0,dependency
bioinfer,BioInfer.d79.s0,stanza_craft+coref_31b854c0_1:rel:0,0,1,positive,positive,,,applied,structural|AB|implicate|in|passive,structural|implicate,implicate,AB,passive,in,clause,DEP-implicate-passive,sources,targets,nmod,nmod:in,nmod,obl,asserted,directed,1,1,0,0,dependency
bioinfer,BioInfer.d790.s0,stanza_craft+coref_6a7556b9_1:rel:0,0,1,positive,positive,,,applied,structural|AB|induce|_|verbal,structural|induce,induce,AB,verbal,,clause,DEP-induce,sources,targets,nsubj,conj,nsubj,conj,asserted,directed,1,1,0,0,dependency
bioinfer,BioInfer.d791.s0,stanza_craft+coref_0f4d363a_0:rel:0,1,2,positive,positive,,,applied,structural|AB|co-localize|with|passive,structural|co-localize,co-localize,AB,passive,with,clause,DEP-co-localize-passive,sources,targets,nsubjpass,nmod:with,nsubj:pass,obl,asserted,directed,1,1,0,0,dependency
bioinfer,BioInfer.d791.s0,stanza_craft+coref_0f4d363a_0:rel:1,1,3,positive,positive,,,applied,structural|AB|co-localize|with|passive,structural|co-localize,co-localize,AB,passive,with,clause,DEP-co-localize-passive,sources,targets,nsubjpass,nmod:with,nsubj:pass,conj,asserted,directed,1,1,0,0,dependency
bioinfer,BioInfer.d791.s0,stanza_craft+coref_0f4d363a_3:rel:0,0,1,negative,negative,,,review_only,relational|RELATIONAL|is-a|_|verbal,relational|RELATIONAL|is-a|_,,RELATIONAL,verbal,,appositive,DEP-ParentheticalAlias,entities_a,entities_b,dep,compound,dep,compound,asserted,relational,1,0,0,0,dependency
bioinfer,BioInfer.d792.s0,stanza_craft+coref_60448822_1:rel:0,0,1,positive,positive,,,applied,structural|AB|bind|_|verbal,structural|bind,bind,AB,verbal,,clause,DEP-bind,sources,targets,nsubj,dobj,nsubj,obj,asserted,directed,0,0,0,0,dependency
bioinfer,BioInfer.d792.s0,stanza_craft+coref_60448822_2:rel:0,2,3,negative,positive,,,applied,structural|AB|stimulate|_|verbal,structural|stimulate,stimulate,AB,verbal,,clause,DEP-stimulate,sources,targets,appos,dobj,appos,obj,asserted,directed,1,1,0,0,dependency
bioinfer,BioInfer.d792.s0,stanza_craft+coref_60448822_3:rel:0,1,2,positive,negative,,,review_only,relational|RELATIONAL|identity|_|verbal,relational|RELATIONAL|identity|_,,RELATIONAL,verbal,,appositive,DEP-LooseIdentityCandidate,entities_a,entities_b,dobj,compound,obj,compound,asserted,relational,1,0,0,0,dependency
bioinfer,BioInfer.d793.s0,stanza_craft+coref_3ea7e774_0:rel:0,2,3,negative,positive,,,applied,structural|AB|bundle|_|verbal,structural|bundle,bundle,AB,verbal,,clause,DEP-bundle,sources,targets,ROOT,dobj,root,obj,asserted,directed,1,1,0,0,dependency
bioinfer,BioInfer.d793.s0,stanza_craft+coref_3ea7e774_1:rel:0,0,2,positive,negative,,,review_only,relational|RELATIONAL|is-a|_|verbal,relational|RELATIONAL|is-a|_,,RELATIONAL,verbal,,clause,DEP-CopulaIsA,entities_a,entities_b,nsubj,ROOT,nsubj,root,asserted,relational,0,0,0,0,dependency
bioinfer,BioInfer.d793.s0,stanza_craft+coref_3ea7e774_1:rel:1,1,2,positive,negative,,,review_only,relational|RELATIONAL|is-a|_|verbal,relational|RELATIONAL|is-a|_,,RELATIONAL,verbal,,clause,DEP-CopulaIsA,entities_a,entities_b,conj,ROOT,conj,root,asserted,relational,0,0,0,0,dependency
bioinfer,BioInfer.d795.s0,stanza_craft+coref_21330c58_0:rel:0,0,1,negative,positive,,,applied,structural|AB|contain|_|verbal,structural|contain,contain,AB,verbal,,clause,DEP-contain,sources,targets,nsubj,dobj,nsubj,obj,asserted,directed,1,1,0,0,dependency
bioinfer,BioInfer.d795.s0,stanza_craft+coref_21330c58_0:rel:1,0,2,positive,positive,,,applied,structural|AB|contain|_|verbal,structural|contain,contain,AB,verbal,,clause,DEP-contain,sources,targets,nsubj,dobj,nsubj,obj,asserted,directed,0,1,0,0,dependency
bioinfer,BioInfer.d795.s0,stanza_craft+coref_21330c58_0:rel:2,0,4,positive,positive,,,applied,structural|AB|contain|_|verbal,structural|contain,contain,AB,verbal,,clause,DEP-contain,sources,targets,nsubj,conj,nsubj,conj,asserted,directed,0,1,0,0,dependency
bioinfer,BioInfer.d795.s0,stanza_craft+coref_21330c58_0:rel:3,0,5,positive,positive,,,applied,structural|AB|contain|_|verbal,structural|contain,contain,AB,verbal,,clause,DEP-contain,sources,targets,nsubj,conj,nsubj,conj,asserted,directed,1,1,0,0,dependency
bioinfer,BioInfer.d795.s0,stanza_craft+coref_21330c58_1:rel:0,6,7,positive,negative,,,not_applied,structural|AB|regulate|_|passive,structural|regulate,regulate,AB,passive,,clause,DEP-regulate-passive,sources,targets,nmod,nsubjpass,obl,nsubj:pass,negated,directed,1,1,0,0,dependency
bioinfer,BioInfer.d795.s0,stanza_craft+coref_21330c58_1:rel:1,6,8,positive,negative,,,not_applied,structural|AB|regulate|_|passive,structural|regulate,regulate,AB,passive,,clause,DEP-regulate-passive,sources,targets,nmod,nsubjpass,obl,nsubj:pass,negated,directed,1,1,0,0,dependency
bioinfer,BioInfer.d80.s0,stanza_craft+coref_c7d14fcb_1:rel:0,0,2,negative,positive,,,applied,structural|AB|interact|with|verbal,structural|interact,interact,AB,verbal,with,clause,DEP-interact,sources,targets,nsubjpass,nmod:with,nsubj:pass,obl,asserted,directed,1,1,0,0,dependency
bioinfer,BioInfer.d80.s0,stanza_craft+coref_c7d14fcb_1:rel:1,0,4,negative,positive,,,applied,structural|AB|interact|with|verbal,structural|interact,interact,AB,verbal,with,clause,DEP-interact,sources,targets,nsubjpass,nmod:with,nsubj:pass,obl,asserted,directed,1,1,0,0,dependency
bioinfer,BioInfer.d80.s0,stanza_craft+coref_c7d14fcb_2:rel:0,1,2,positive,negative,,,review_only,relational|RELATIONAL|domain|_|verbal,relational|RELATIONAL|domain|_,domain,RELATIONAL,verbal,,appositive,DEP-NominalAlias,entities_a,entities_b,nmod,nmod,obl,nmod,asserted,relational,1,1,0,0,dependency
bioinfer,BioInfer.d80.s0,stanza_craft+coref_c7d14fcb_2:rel:1,1,4,negative,negative,,,review_only,relational|RELATIONAL|domain|_|verbal,relational|RELATIONAL|domain|_,domain,RELATIONAL,verbal,,appositive,DEP-NominalAlias,entities_a,entities_b,nmod,nmod,obl,nmod,asserted,relational,1,1,0,0,dependency
bioinfer,BioInfer.d800.s0,stanza_craft+coref_c5dfe479_0:rel:0,2,3,positive,positive,,,applied,structural|AB|colocalization|with|nominalized,structural|colocalization,colocalization,AB,nominalized,with,clause,DEP-colocalization-nestedinner-directed,sources,targets,nmod:of,nmod:with,nmod,nmod,asserted,directed,0,0,0,1,dependency
bioinfer,BioInfer.d800.s0,stanza_craft+coref_c5dfe479_0:rel:1,2,4,positive,positive,,,applied,structural|AB|colocalization|with|nominalized,structural|colocalization,colocalization,AB,nominalized,with,clause,DEP-colocalization-nestedinner-directed,sources,targets,nmod:of,nmod:with,nmod,conj,asserted,directed,0,0,0,1,dependency
bioinfer,BioInfer.d800.s0,stanza_craft+coref_c5dfe479_0:rel:2,2,5,positive,positive,,,applied,structural|AB|colocalization|with|nominalized,structural|colocalization,colocalization,AB,nominalized,with,clause,DEP-colocalization-nestedinner-directed,sources,targets,nmod:of,nmod:with,nmod,conj,asserted,directed,0,0,0,1,dependency
bioinfer,BioInfer.d800.s0,stanza_craft+coref_c5dfe479_0:rel:3,2,6,positive,positive,,,applied,structural|AB|colocalization|with|nominalized,structural|colocalization,colocalization,AB,nominalized,with,clause,DEP-colocalization-nestedinner-directed,sources,targets,nmod:of,nmod:with,nmod,conj,asserted,directed,0,0,0,1,dependency
bioinfer,BioInfer.d801.s0,stanza_craft+coref_a0edfa16_2:rel:0,0,2,negative,negative,,,review_only,relational|RELATIONAL|is-a|_|verbal,relational|RELATIONAL|is-a|_,,RELATIONAL,verbal,,appositive,DEP-Apposition,entities_a,entities_b,nmod,appos,nmod,appos,uncertain,relational,0,1,0,0,dependency
bioinfer,BioInfer.d801.s0,stanza_craft+coref_a0edfa16_3:rel:0,0,1,negative,negative,,,review_only,relational|RELATIONAL|is-a|_|verbal,relational|RELATIONAL|is-a|_,,RELATIONAL,verbal,,appositive,DEP-ParentheticalAlias,entities_a,entities_b,appos,dep,appos,dep,uncertain,relational,0,0,0,0,dependency
bioinfer,BioInfer.d802.s0,stanza_craft+coref_3f675555_1:rel:0,0,2,positive,negative,,,not_applied,structural|AB|correlate|with|verbal,structural|correlate,correlate,AB,verbal,with,clause,DEP-correlate,sources,targets,nsubj,nmod:with,nsubj,obl,uncertain,directed,1,1,0,0,dependency
bioinfer,BioInfer.d802.s0,stanza_craft+coref_3f675555_1:rel:1,1,2,positive,negative,,,not_applied,structural|AB|correlate|with|verbal,structural|correlate,correlate,AB,verbal,with,clause,DEP-correlate,sources,targets,nsubj,nmod:with,nsubj,obl,uncertain,directed,1,1,0,0,dependency
bioinfer,BioInfer.d803.s0,stanza_craft+coref_fdeacdd5_0:rel:0,0,2,positive,positive,,,applied,structural|AB|regulate|_|verbal,structural|regulate,regulate,AB,verbal,,clause,DEP-regulate,sources,targets,nsubj,dobj,nsubj,obj,asserted,directed,1,1,0,0,dependency
bioinfer,BioInfer.d803.s0,stanza_craft+coref_fdeacdd5_0:rel:1,1,2,positive,positive,,,applied,structural|AB|regulate|_|verbal,structural|regulate,regulate,AB,verbal,,clause,DEP-regulate,sources,targets,conj,dobj,conj,obj,asserted,directed,1,1,0,0,dependency
bioinfer,BioInfer.d806.s0,stanza_craft+coref_892dc809_2:rel:0,0,1,negative,negative,,,review_only,relational|RELATIONAL|is-a|_|verbal,relational|RELATIONAL|is-a|_,,RELATIONAL,verbal,,appositive,DEP-ParentheticalAlias,entities_a,entities_b,nmod,dep,nmod,dep,asserted,relational,0,0,0,0,dependency
bioinfer,BioInfer.d806.s0,stanza_craft+coref_892dc809_3:rel:0,2,3,negative,negative,,,review_only,relational|RELATIONAL|is-a|_|verbal,relational|RELATIONAL|is-a|_,,RELATIONAL,verbal,,appositive,DEP-ParentheticalAlias,entities_a,entities_b,conj,dep,conj,dep,asserted,relational,0,0,0,0,dependency
bioinfer,BioInfer.d806.s0,stanza_craft+coref_892dc809_4:rel:0,4,5,negative,negative,,,review_only,relational|RELATIONAL|is-a|_|verbal,relational|RELATIONAL|is-a|_,,RELATIONAL,verbal,,appositive,DEP-ParentheticalAlias,entities_a,entities_b,conj,dep,conj,dep,asserted,relational,0,0,0,0,dependency
bioinfer,BioInfer.d806.s0,stanza_craft+coref_892dc809_5:rel:0,6,7,negative,negative,,,review_only,relational|RELATIONAL|is-a|_|verbal,relational|RELATIONAL|is-a|_,,RELATIONAL,verbal,,appositive,DEP-ParentheticalAlias,entities_a,entities_b,conj,dep,conj,dep,asserted,relational,0,0,0,0,dependency
bioinfer,BioInfer.d808.s0,stanza_craft+coref_771d7ae6_0:rel:0,0,1,negative,negative,,,not_applied,structural|AA|interact|of|nominalized,structural|interact,interact,AA,nominalized,of,clause,DEP-interaction-nestedinner,participants,participants,nmod:of,nmod:of,nmod,nmod,asserted,undirected,1,1,0,1,dependency
bioinfer,BioInfer.d808.s0,stanza_craft+coref_771d7ae6_0:rel:1,0,2,positive,negative,,,not_applied,structural|AA|interact|of|nominalized,structural|interact,interact,AA,nominalized,of,clause,DEP-interaction-nestedinner,participants,participants,nmod:of,nmod:of,nmod,conj,asserted,undirected,1,1,0,1,dependency
bioinfer,BioInfer.d808.s0,stanza_craft+coref_771d7ae6_0:rel:2,1,2,positive,negative,,,not_applied,structural|AA|interact|of|nominalized,structural|interact,interact,AA,nominalized,of,clause,DEP-interaction-nestedinner,participants,participants,nmod:of,nmod:of,nmod,conj,asserted,undirected,1,1,0,1,dependency
bioinfer,BioInfer.d808.s0,stanza_craft+coref_771d7ae6_2:rel:0,2,3,negative,negative,,,review_only,relational|RELATIONAL|is-a|_|verbal,relational|RELATIONAL|is-a|_,,RELATIONAL,verbal,,appositive,DEP-ParentheticalAlias,entities_a,entities_b,conj,dep,conj,dep,asserted,relational,0,0,0,0,dependency
bioinfer,BioInfer.d809.s0,stanza_craft+coref_243ec035_1:rel:0,0,1,positive,positive,,,applied,structural|AB|interact|with|verbal,structural|interact,interact,AB,verbal,with,clause,DEP-interact,sources,targets,nmod:poss,nmod:with,obj,obl,asserted,directed,0,0,0,0,dependency
bioinfer,BioInfer.d809.s0,stanza_craft+coref_243ec035_1:rel:1,0,2,positive,positive,,,applied,structural|AB|interact|with|verbal,structural|interact,interact,AB,verbal,with,clause,DEP-interact,sources,targets,nmod:poss,nmod:with,obj,conj,asserted,directed,0,0,0,0,dependency
bioinfer,BioInfer.d809.s0,stanza_craft+coref_243ec035_4:rel:0,2,3,positive,negative,,,review_only,relational|RELATIONAL|identity|_|verbal,relational|RELATIONAL|identity|_,,RELATIONAL,verbal,,appositive,DEP-LooseIdentityCandidate,entities_a,entities_b,conj,nsubj,conj,nsubj,asserted,relational,0,0,0,0,dependency
bioinfer,BioInfer.d809.s1,stanza_craft+coref_e34239f3_0:rel:0,0,1,positive,positive,,,applied,structural|AB|sequester|_|verbal,structural|sequester,sequester,AB,verbal,,clause,DEP-sequester,sources,targets,nsubj,dobj,nsubj,obj,asserted,directed,1,1,0,0,dependency
bioinfer,BioInfer.d809.s1,stanza_craft+coref_e34239f3_3:rel:0,0,3,positive,positive,,,applied,structural|AB|have|_|verbal,structural|have,have,AB,verbal,,clause,DEP-have,sources,targets,nsubj,dobj,nsubj,obj,asserted,directed,0,1,0,0,dependency
bioinfer,BioInfer.d810.s0,stanza_craft+coref_907cb57a_1:rel:0,0,1,negative,positive,,,applied,structural|AB|encode|_|verbal,structural|encode,encode,AB,verbal,,clause,DEP-encode,sources,targets,dobj,dobj,obj,obj,asserted,directed,0,1,0,0,dependency
bioinfer,BioInfer.d810.s0,stanza_craft+coref_907cb57a_1:rel:1,0,2,positive,positive,,,applied,structural|AB|encode|_|verbal,structural|encode,encode,AB,verbal,,clause,DEP-encode,sources,targets,dobj,dobj,obj,obj,asserted,directed,0,1,0,0,dependency
bioinfer,BioInfer.d810.s0,stanza_craft+coref_907cb57a_1:rel:2,0,3,positive,positive,,,applied,structural|AB|encode|_|verbal,structural|encode,encode,AB,verbal,,clause,DEP-encode,sources,targets,dobj,dobj,obj,obj,asserted,directed,0,1,0,0,dependency
bioinfer,BioInfer.d812.s0,stanza_craft+coref_cb0fcc7b_1:rel:0,0,3,negative,negative,,,review_only,relational|RELATIONAL|is-a|_|verbal,relational|RELATIONAL|is-a|_,,RELATIONAL,verbal,,appositive,DEP-Apposition,entities_a,entities_b,nmod,appos,nmod,appos,asserted,relational,0,0,0,0,dependency
bioinfer,BioInfer.d812.s0,stanza_craft+coref_cb0fcc7b_2:rel:0,0,1,positive,negative,,,review_only,relational|RELATIONAL|identity|_|verbal,relational|RELATIONAL|identity|_,,RELATIONAL,verbal,,appositive,DEP-LooseIdentityCandidate,entities_a,entities_b,nmod,conj,nmod,conj,asserted,relational,0,0,0,0,dependency
bioinfer,BioInfer.d812.s0,stanza_craft+coref_cb0fcc7b_2:rel:1,1,3,negative,negative,,,review_only,relational|RELATIONAL|identity|_|verbal,relational|RELATIONAL|identity|_,,RELATIONAL,verbal,,appositive,DEP-LooseIdentityCandidate,entities_a,entities_b,nmod,conj,nmod,conj,asserted,relational,0,0,0,0,dependency
bioinfer,BioInfer.d812.s0,stanza_craft+coref_cb0fcc7b_3:rel:0,2,3,positive,negative,,,review_only,relational|RELATIONAL|identity|_|verbal,relational|RELATIONAL|identity|_,,RELATIONAL,verbal,,appositive,DEP-LooseIdentityCandidate,entities_a,entities_b,conj,appos,conj,appos,asserted,relational,0,0,0,0,dependency
bioinfer,BioInfer.d813.s0,stanza_craft+coref_1f694b75_0:rel:0,0,1,positive,negative,,,review_only,relational|RELATIONAL|identity|_|verbal,relational|RELATIONAL|identity|_,,RELATIONAL,verbal,,appositive,DEP-LooseIdentityCandidate,entities_a,entities_b,nsubj,appos,nsubj,appos,asserted,relational,0,0,0,0,dependency
bioinfer,BioInfer.d814.s0,stanza_craft+coref_694caf51_2:rel:0,1,3,positive,positive,,,applied,relational|RELATIONAL|target|_|nominalized,relational|RELATIONAL|target|_,target,RELATIONAL,nominalized,,clause,DEP-CopulaIsA,entities_a,entities_b,nsubj,ccomp,nsubj,ccomp,asserted,relational,1,1,0,1,dependency
bioinfer,BioInfer.d814.s0,stanza_craft+coref_694caf51_2:rel:1,1,4,positive,positive,,,applied,relational|RELATIONAL|target|_|nominalized,relational|RELATIONAL|target|_,target,RELATIONAL,nominalized,,clause,DEP-CopulaIsA,entities_a,entities_b,nsubj,ccomp,nsubj,ccomp,asserted,relational,0,1,0,1,dependency
bioinfer,BioInfer.d814.s0,stanza_craft+coref_694caf51_2:rel:2,2,3,positive,positive,,,applied,relational|RELATIONAL|target|_|nominalized,relational|RELATIONAL|target|_,target,RELATIONAL,nominalized,,clause,DEP-CopulaIsA,entities_a,entities_b,conj,ccomp,conj,ccomp,asserted,relational,1,1,0,1,dependency
bioinfer,BioInfer.d814.s0,stanza_craft+coref_694caf51_2:rel:3,2,4,positive,positive,,,applied,relational|RELATIONAL|target|_|nominalized,relational|RELATIONAL|target|_,target,RELATIONAL,nominalized,,clause,DEP-CopulaIsA,entities_a,entities_b,conj,ccomp,conj,ccomp,asserted,relational,0,1,0,1,dependency
bioinfer,BioInfer.d814.s0,stanza_craft+coref_694caf51_3:rel:0,3,4,positive,negative,,,review_only,relational|RELATIONAL|is-a|_|verbal,relational|RELATIONAL|is-a|_,,RELATIONAL,verbal,,appositive,DEP-Apposition,entities_a,entities_b,nmod,dep,nmod,dep,asserted,relational,1,1,0,0,dependency
bioinfer,BioInfer.d815.s0,stanza_craft+coref_c5cc9f0e_4:rel:0,1,3,negative,negative,,,review_only,relational|RELATIONAL|identity|_|verbal,relational|RELATIONAL|identity|_,,RELATIONAL,verbal,,appositive,DEP-LooseIdentityCandidate,entities_a,entities_b,parataxis,compound,parataxis,compound,asserted,relational,1,1,0,0,dependency
bioinfer,BioInfer.d815.s0,stanza_craft+coref_c5cc9f0e_4:rel:1,2,3,negative,negative,,,review_only,relational|RELATIONAL|identity|_|verbal,relational|RELATIONAL|identity|_,,RELATIONAL,verbal,,appositive,DEP-LooseIdentityCandidate,entities_a,entities_b,parataxis,compound,parataxis,compound,asserted,relational,1,0,0,0,dependency
bioinfer,BioInfer.d817.s0,stanza_craft+coref_1faf9d88_0:rel:0,0,1,positive,positive,,,applied,structural|AB|transport|with|passive,structural|transport,transport,AB,passive,with,clause,DEP-transport-passive,sources,targets,nsubjpass,nmod:with,nsubj:pass,obl,asserted,directed,0,1,0,0,dependency
bioinfer,BioInfer.d817.s0,stanza_craft+coref_1faf9d88_0:rel:1,0,2,positive,positive,,,applied,structural|AB|transport|with|passive,structural|transport,transport,AB,passive,with,clause,DEP-transport-passive,sources,targets,nsubjpass,nmod:with,nsubj:pass,obl,asserted,directed,0,1,0,0,dependency
bioinfer,BioInfer.d817.s0,stanza_craft+coref_1faf9d88_0:rel:2,0,3,positive,positive,,,applied,structural|AB|transport|with|passive,structural|transport,transport,AB,passive,with,clause,DEP-transport-passive,sources,targets,nsubjpass,nmod:with,nsubj:pass,obl,asserted,directed,0,1,0,0,dependency
bioinfer,BioInfer.d818.s0,stanza_craft+coref_a9e49edb_2:rel:0,0,1,positive,positive,,,applied,structural|AB|form|_|verbal,structural|form,form,AB,verbal,,clause,DEP-form,sources,targets,nsubj,dobj,nsubj,obj,asserted,directed,0,1,0,0,dependency
bioinfer,BioInfer.d819.s0,stanza_craft+coref_0759ecd3_0:rel:0,0,1,positive,positive,,,applied,structural|AB|bind|_|verbal,structural|bind,bind,AB,verbal,,clause,DEP-bind,sources,targets,nsubj,dobj,nsubj,obj,asserted,directed,0,0,0,0,dependency
bioinfer,BioInfer.d819.s0,stanza_craft+coref_0759ecd3_2:rel:0,2,3,negative,negative,,,not_applied,structural|AA|dissociate|of|nominalized,structural|dissociate,dissociate,AA,nominalized,of,clause,DEP-dissociation-nestedinner,participants,participants,nmod:of,nmod:of,nmod,conj,asserted,undirected,0,0,0,1,dependency
bioinfer,BioInfer.d819.s0,stanza_craft+coref_0759ecd3_3:rel:0,0,2,positive,negative,,,not_applied,structural|NESTED|cause|_|nested,structural|NESTED|cause|_,cause,NESTED,nested,,clause,DEP-cause-nested,sources,targets:event_ref:stanza_craft+coref_0759ecd3_2,nsubj,nmod:of,nsubj,nmod,asserted,nested_review,0,0,0,0,dependency
bioinfer,BioInfer.d819.s0,stanza_craft+coref_0759ecd3_3:rel:1,0,3,positive,negative,,,not_applied,structural|NESTED|cause|_|nested,structural|NESTED|cause|_,cause,NESTED,nested,,clause,DEP-cause-nested,sources,targets:event_ref:stanza_craft+coref_0759ecd3_2,nsubj,nmod:of,nsubj,conj,asserted,nested_review,0,0,0,0,dependency
bioinfer,BioInfer.d819.s0,stanza_craft+coref_0759ecd3_4:rel:0,0,4,positive,negative,,,not_applied,structural|AB|affect|_|verbal,structural|affect,affect,AB,verbal,,clause,DEP-affect,sources,targets,nsubj,dobj,nsubj,obj,negated,directed,1,1,0,0,dependency
bioinfer,BioInfer.d82.s0,stanza_craft+coref_15c2e859_3:rel:0,0,1,positive,positive,,,applied,structural|AB|encode|_|verbal,structural|encode,encode,AB,verbal,,clause,DEP-encode,sources,targets,nmod,dobj,nmod,obj,asserted,directed,1,1,0,0,dependency
bioinfer,BioInfer.d822.s0,stanza_craft+coref_3e7575a6_2:rel:0,0,1,positive,positive,,,applied,structural|AB|maintain|_|verbal,structural|maintain,maintain,AB,verbal,,clause,DEP-maintain,sources,targets,nsubj,dobj,nsubj,obj,asserted,directed,1,1,0,0,dependency
bioinfer,BioInfer.d823.s0,stanza_craft+coref_8c455b3b_1:rel:0,0,1,positive,positive,,,applied,structural|AA|complex|_|compound_state,structural|complex,complex,AA,compound_state,,state_nominal,DEP-Complex,participants,participants,compound,compound,compound,compound,asserted,undirected,1,0,0,1,dependency
bioinfer,BioInfer.d823.s0,stanza_craft+coref_8c455b3b_2:rel:0,0,1,positive,positive,,,applied,structural|AA|complex|_|compound_state,structural|complex,complex,AA,compound_state,,state_nominal,DEP-Complex,participants,participants,nmod,nmod,nmod,nmod,asserted,undirected,1,1,0,1,dependency
bioinfer,BioInfer.d823.s0,stanza_craft+coref_8c455b3b_2:rel:1,0,2,negative,positive,,,applied,structural|AA|complex|_|compound_state,structural|complex,complex,AA,compound_state,,state_nominal,DEP-Complex,participants,participants,nmod,nmod,nmod,nmod,asserted,undirected,1,1,0,1,dependency
bioinfer,BioInfer.d823.s0,stanza_craft+coref_8c455b3b_2:rel:2,0,3,negative,positive,,,applied,structural|AA|complex|_|compound_state,structural|complex,complex,AA,compound_state,,state_nominal,DEP-Complex,participants,participants,nmod,nmod,nmod,nmod,asserted,undirected,1,1,0,1,dependency
bioinfer,BioInfer.d823.s0,stanza_craft+coref_8c455b3b_2:rel:3,0,4,negative,positive,,,applied,structural|AA|complex|_|compound_state,structural|complex,complex,AA,compound_state,,state_nominal,DEP-Complex,participants,participants,nmod,nmod,nmod,nmod,asserted,undirected,1,1,0,1,dependency
bioinfer,BioInfer.d823.s0,stanza_craft+coref_8c455b3b_2:rel:4,1,2,negative,positive,,,applied,structural|AA|complex|_|compound_state,structural|complex,complex,AA,compound_state,,state_nominal,DEP-Complex,participants,participants,nmod,nmod,nmod,nmod,asserted,undirected,1,1,0,1,dependency
bioinfer,BioInfer.d823.s0,stanza_craft+coref_8c455b3b_2:rel:5,1,3,negative,positive,,,applied,structural|AA|complex|_|compound_state,structural|complex,complex,AA,compound_state,,state_nominal,DEP-Complex,participants,participants,nmod,nmod,nmod,nmod,asserted,undirected,1,1,0,1,dependency
bioinfer,BioInfer.d823.s0,stanza_craft+coref_8c455b3b_2:rel:6,1,4,negative,positive,,,applied,structural|AA|complex|_|compound_state,structural|complex,complex,AA,compound_state,,state_nominal,DEP-Complex,participants,participants,nmod,nmod,nmod,nmod,asserted,undirected,1,1,0,1,dependency
bioinfer,BioInfer.d823.s0,stanza_craft+coref_8c455b3b_2:rel:7,2,3,positive,positive,,,applied,structural|AA|complex|_|compound_state,structural|complex,complex,AA,compound_state,,state_nominal,DEP-Complex,participants,participants,nmod,nmod,nmod,nmod,asserted,undirected,0,1,0,1,dependency
bioinfer,BioInfer.d823.s0,stanza_craft+coref_8c455b3b_2:rel:8,2,4,positive,positive,,,applied,structural|AA|complex|_|compound_state,structural|complex,complex,AA,compound_state,,state_nominal,DEP-Complex,participants,participants,nmod,nmod,nmod,nmod,asserted,undirected,0,1,0,1,dependency
bioinfer,BioInfer.d823.s0,stanza_craft+coref_8c455b3b_2:rel:9,3,4,positive,positive,,,applied,structural|AA|complex|_|compound_state,structural|complex,complex,AA,compound_state,,state_nominal,DEP-Complex,participants,participants,nmod,nmod,nmod,nmod,asserted,undirected,0,1,0,1,dependency
bioinfer,BioInfer.d824.s0,stanza_craft+coref_af0fdfea_2:rel:0,0,1,positive,positive,,,applied,structural|AB|bind|patient|verbal,structural|bind,bind,AB,verbal,patient,clause,DEP-hyphen-participle-active-bind,sources,targets,appos,amod:patient,nmod,dep,asserted,directed,0,0,0,0,dependency
bioinfer,BioInfer.d824.s0,stanza_craft+coref_af0fdfea_3:rel:0,0,1,positive,positive,,,review_only,relational|RELATIONAL|identity|_|verbal,relational|RELATIONAL|identity|_,,RELATIONAL,verbal,,appositive,DEP-LooseIdentityCandidate,entities_a,entities_b,nmod,dep,nmod,dep,asserted,relational,0,0,0,0,dependency
bioinfer,BioInfer.d825.s0,stanza_craft+coref_efe69c12_1:rel:0,0,1,positive,positive,,,applied,structural|AB|function|in|verbal,structural|function,function,AB,verbal,in,clause,DEP-function,sources,targets,nsubj,nmod:in,nsubj,obl,asserted,directed,1,1,0,0,dependency
bioinfer,BioInfer.d832.s0,stanza_craft+coref_6b0d152a_0:rel:0,0,1,positive,negative,,,not_applied,structural|AA|bind|of|nominalized,structural|bind,bind,AA,nominalized,of,clause,DEP-binding-nestedinner,participants,participants,nmod:of,nmod:of,nmod,nmod,asserted,undirected,1,1,0,1,dependency
bioinfer,BioInfer.d832.s0,stanza_craft+coref_6b0d152a_2:rel:0,2,3,positive,negative,,,not_applied,structural|AA|bind|of|nominalized,structural|bind,bind,AA,nominalized,of,clause,DEP-binding-nestedinner,participants,participants,nmod:of,nmod:of,nmod,nmod,asserted,undirected,1,1,0,1,dependency
bioinfer,BioInfer.d832.s0,stanza_craft+coref_6b0d152a_4:rel:0,4,5,positive,negative,,,not_applied,structural|AA|bind|of|nominalized,structural|bind,bind,AA,nominalized,of,clause,DEP-binding-nestedinner,participants,participants,nmod:of,nmod:of,nmod,nmod,asserted,undirected,1,1,0,1,dependency
bioinfer,BioInfer.d833.s0,stanza_craft+coref_f1f5ec27_4:rel:0,7,8,positive,negative,,,review_only,relational|RELATIONAL|is-a|_|verbal,relational|RELATIONAL|is-a|_,,RELATIONAL,verbal,,appositive,DEP-Apposition,entities_a,entities_b,nsubj,appos,nsubj,appos,asserted,relational,0,1,0,0,dependency
bioinfer,BioInfer.d85.s0,stanza_craft+coref_82c883d6_0:rel:0,0,1,positive,positive,,,applied,structural|AB|associate|with|nominalized,structural|associate,associate,AB,nominalized,with,event_nominal,DEP-nom-association,sources,targets,nmod:of,nmod:with,nmod,compound,asserted,directed,1,0,0,1,dependency
bioinfer,BioInfer.d85.s0,stanza_craft+coref_82c883d6_0:rel:1,0,2,positive,positive,,,applied,structural|AB|associate|with|nominalized,structural|associate,associate,AB,nominalized,with,event_nominal,DEP-nom-association,sources,targets,nmod:of,nmod:with,nmod,conj,asserted,directed,0,0,0,1,dependency
bioinfer,BioInfer.d85.s0,stanza_craft+coref_82c883d6_0:rel:2,0,3,positive,positive,,,applied,structural|AB|associate|with|nominalized,structural|associate,associate,AB,nominalized,with,event_nominal,DEP-nom-association,sources,targets,nmod:of,nmod:with,nmod,conj,asserted,directed,0,0,0,1,dependency
bioinfer,BioInfer.d85.s0,stanza_craft+coref_82c883d6_0:rel:3,0,4,positive,positive,,,applied,structural|AB|associate|with|nominalized,structural|associate,associate,AB,nominalized,with,event_nominal,DEP-nom-association,sources,targets,nmod:of,nmod:with,nmod,conj,asserted,directed,0,0,0,1,dependency
bioinfer,BioInfer.d87.s0,stanza_craft+coref_18a67fc6_0:rel:0,1,2,positive,positive,,,applied,structural|AA|interact|between|nominalized,structural|interact,interact,AA,nominalized,between,clause,DEP-interaction-nestedinner,participants,participants,nmod:between,nmod:between,nmod,conj,asserted,undirected,0,0,0,1,dependency
bioinfer,BioInfer.d87.s0,stanza_craft+coref_18a67fc6_1:rel:0,0,1,positive,negative,,,not_applied,structural|NESTED|disrupt|_|nested,structural|NESTED|disrupt|_,disrupt,NESTED,nested,,clause,DEP-disrupt-nested,sources,targets:event_ref:stanza_craft+coref_18a67fc6_0,nsubj,nmod:between,nsubj,nmod,asserted,nested_review,0,0,0,0,dependency
bioinfer,BioInfer.d87.s0,stanza_craft+coref_18a67fc6_1:rel:1,0,2,positive,negative,,,not_applied,structural|NESTED|disrupt|_|nested,structural|NESTED|disrupt|_,disrupt,NESTED,nested,,clause,DEP-disrupt-nested,sources,targets:event_ref:stanza_craft+coref_18a67fc6_0,nsubj,nmod:between,nsubj,conj,asserted,nested_review,0,0,0,0,dependency
bioinfer,BioInfer.d87.s2,stanza_craft+coref_839a49b7_1:rel:0,0,1,positive,negative,,,not_applied,structural|AB|interact|with|verbal,structural|interact,interact,AB,verbal,with,clause,DEP-interact,sources,targets,nmod:poss,nmod:with,nmod,obl,negated,directed,0,0,0,0,dependency
bioinfer,BioInfer.d87.s3,stanza_craft+coref_e85cdc20_0:rel:0,0,1,positive,positive,,,applied,structural|AA|associate|between|nominalized,structural|associate,associate,AA,nominalized,between,clause,DEP-association-nestedinner,participants,participants,nmod:between,nmod:between,nmod,conj,asserted,undirected,0,0,0,1,dependency
bioinfer,BioInfer.d87.s3,stanza_craft+coref_e85cdc20_1:rel:0,0,2,positive,negative,,,not_applied,structural|NESTED|mediate|_|nested,structural|NESTED|mediate|_,mediate,NESTED,nested,,clause,DEP-mediate-passive-nested,sources,targets:event_ref:stanza_craft+coref_e85cdc20_0,nmod,nmod:between,obl,nmod,asserted,nested_review,0,0,0,0,dependency
bioinfer,BioInfer.d87.s3,stanza_craft+coref_e85cdc20_1:rel:1,1,2,positive,negative,,,not_applied,structural|NESTED|mediate|_|nested,structural|NESTED|mediate|_,mediate,NESTED,nested,,clause,DEP-mediate-passive-nested,sources,targets:event_ref:stanza_craft+coref_e85cdc20_0,nmod,nmod:between,obl,conj,asserted,nested_review,0,0,0,0,dependency
bioinfer,BioInfer.d9.s0,stanza_craft+coref_da956f5c_1:rel:0,1,2,positive,positive,,,applied,structural|AB|link|to|passive,structural|link,link,AB,passive,to,clause,DEP-link-passive,sources,targets,nmod,nmod:to,obl,obl,asserted,directed,0,1,0,0,dependency
bioinfer,BioInfer.d9.s0,stanza_craft+coref_da956f5c_4:rel:0,3,4,positive,positive,,,applied,structural|AB|disrupt|_|verbal,structural|disrupt,disrupt,AB,verbal,,clause,DEP-disrupt,sources,targets,nsubj,dobj,nsubj,obj,asserted,directed,1,1,0,0,dependency
bioinfer,BioInfer.d91.s0,stanza_craft+coref_e0fb2e7a_1:rel:0,0,4,positive,positive,,,applied,structural|AB|bind|to|verbal,structural|bind,bind,AB,verbal,to,clause,DEP-bind,sources,targets,nsubj,nmod:to,nsubj,obl,asserted,directed,1,1,0,0,dependency
bioinfer,BioInfer.d91.s0,stanza_craft+coref_e0fb2e7a_1:rel:1,2,4,negative,positive,,,applied,structural|AB|bind|to|verbal,structural|bind,bind,AB,verbal,to,clause,DEP-bind,sources,targets,nsubj,nmod:to,nsubj,obl,asserted,directed,1,1,0,0,dependency
bioinfer,BioInfer.d91.s0,stanza_craft+coref_e0fb2e7a_2:rel:0,3,4,positive,positive,,,applied,structural|AA|complex|_|compound_state,structural|complex,complex,AA,compound_state,,state_nominal,DEP-CollectiveSlashPair,participants,participants,orthographic_member,orthographic_member,compound,compound,asserted,undirected,1,0,0,1,dependency
bioinfer,BioInfer.d91.s0,stanza_craft+coref_e0fb2e7a_3:rel:0,3,4,positive,positive,,,applied,structural|AA|complex|_|compound_state,structural|complex,complex,AA,compound_state,,state_nominal,DEP-Complex,participants,participants,compound,compound,compound,compound,asserted,undirected,1,1,0,1,dependency
bioinfer,BioInfer.d91.s0,stanza_craft+coref_e0fb2e7a_4:rel:0,0,2,positive,negative,,,review_only,relational|RELATIONAL|is-a|_|verbal,relational|RELATIONAL|is-a|_,,RELATIONAL,verbal,,appositive,DEP-Apposition,entities_a,entities_b,nsubj,appos,nsubj,appos,asserted,relational,0,0,0,0,dependency
bioinfer,BioInfer.d91.s0,stanza_craft+coref_e0fb2e7a_5:rel:0,0,1,negative,negative,,,review_only,relational|RELATIONAL|is-a|_|verbal,relational|RELATIONAL|is-a|_,,RELATIONAL,verbal,,appositive,DEP-ParentheticalAlias,entities_a,entities_b,nsubj,dep,nsubj,dep,asserted,relational,0,0,0,0,dependency
bioinfer,BioInfer.d91.s0,stanza_craft+coref_e0fb2e7a_5:rel:1,1,2,positive,negative,,,review_only,relational|RELATIONAL|is-a|_|verbal,relational|RELATIONAL|is-a|_,,RELATIONAL,verbal,,appositive,DEP-ParentheticalAlias,entities_a,entities_b,nsubj,dep,nsubj,dep,asserted,relational,0,0,0,0,dependency
bioinfer,BioInfer.d92.s0,stanza_craft+coref_514705e8_1:rel:0,0,1,positive,positive,,,applied,structural|AB|interact|with|verbal,structural|interact,interact,AB,verbal,with,clause,DEP-interact,sources,targets,nsubjpass,nmod:with,nsubj:pass,obl,asserted,directed,0,0,0,0,dependency
bioinfer,BioInfer.d92.s0,stanza_craft+coref_514705e8_2:rel:0,1,2,positive,positive,,,applied,structural|AB|bind|to|verbal,structural|bind,bind,AB,verbal,to,clause,DEP-bind,sources,targets,nmod,nmod:to,obl,obl,asserted,directed,0,0,0,0,dependency
bioinfer,BioInfer.d93.s0,stanza_craft+coref_6e1dab11_0:rel:0,0,2,negative,positive,,,applied,structural|AB|share|_|verbal,structural|share,share,AB,verbal,,clause,DEP-share,sources,targets,nsubj,dobj,nsubj,obj,asserted,directed,1,1,0,0,dependency
bioinfer,BioInfer.d93.s0,stanza_craft+coref_6e1dab11_0:rel:1,0,3,negative,positive,,,applied,structural|AB|share|_|verbal,structural|share,share,AB,verbal,,clause,DEP-share,sources,targets,nsubj,dobj,nsubj,obj,asserted,directed,1,1,0,0,dependency
bioinfer,BioInfer.d93.s0,stanza_craft+coref_6e1dab11_0:rel:2,1,2,negative,positive,,,applied,structural|AB|share|_|verbal,structural|share,share,AB,verbal,,clause,DEP-share,sources,targets,nsubj,dobj,nsubj,obj,asserted,directed,1,1,0,0,dependency
bioinfer,BioInfer.d93.s0,stanza_craft+coref_6e1dab11_0:rel:3,1,3,positive,positive,,,applied,structural|AB|share|_|verbal,structural|share,share,AB,verbal,,clause,DEP-share,sources,targets,nsubj,dobj,nsubj,obj,asserted,directed,0,1,0,0,dependency
bioinfer,BioInfer.d93.s0,stanza_craft+coref_6e1dab11_1:rel:0,0,4,negative,positive,,,applied,structural|AB|associate|with|passive,structural|associate,associate,AB,passive,with,clause,DEP-associate-passive,sources,targets,nsubj,nmod:with,nsubj,obl,asserted,directed,1,1,0,0,dependency
bioinfer,BioInfer.d93.s0,stanza_craft+coref_6e1dab11_1:rel:1,1,4,positive,positive,,,applied,structural|AB|associate|with|passive,structural|associate,associate,AB,passive,with,clause,DEP-associate-passive,sources,targets,nsubj,nmod:with,nsubj,obl,asserted,directed,0,0,0,0,dependency
bioinfer,BioInfer.d94.s0,stanza_craft+coref_5e8f238d_1:rel:0,1,2,positive,positive,,,applied,structural|AB|overcome|_|verbal,structural|overcome,overcome,AB,verbal,,clause,DEP-overcome,sources,targets,nsubj,dobj,nsubj,obj,asserted,directed,0,1,0,0,dependency
bioinfer,BioInfer.d95.s0,stanza_craft+coref_07557831_0:rel:0,0,1,positive,positive,,,applied,structural|AA|interact|_|verbal,structural|interact,interact,AA,verbal,,clause,DEP-interact-undirected,participants,participants,compound,nsubj,compound,nsubj,asserted,undirected,1,1,0,0,dependency
bioinfer,BioInfer.d95.s0,stanza_craft+coref_07557831_2:rel:0,2,3,positive,positive,,,applied,structural|AB|suppress|_|verbal,structural|suppress,suppress,AB,verbal,,clause,DEP-suppress,sources,targets,nsubjpass,dobj,nsubj:pass,obj,asserted,directed,1,1,0,0,dependency
bioinfer,BioInfer.d97.s0,stanza_craft+coref_a26398c2_2:rel:0,0,1,positive,positive,,,applied,structural|AB|bind|to|nominalized,structural|bind,bind,AB,nominalized,to,event_nominal,DEP-nom-binding-subject,sources,targets,nmod:of,nmod:to,nmod,nmod,asserted,directed,0,0,0,1,dependency
bioinfer,BioInfer.d97.s1,stanza_craft+coref_0b034f21_0:rel:0,0,1,positive,positive,,,applied,structural|AB|bind|to|verbal,structural|bind,bind,AB,verbal,to,clause,DEP-bind,sources,targets,nsubj,nmod:to,nsubj,obl,asserted,directed,0,0,0,0,dependency
bioinfer,BioInfer.d99.s0,stanza_craft+coref_1bad8a2d_1:rel:0,0,3,positive,positive,,,applied,structural|AB|induce|of|nominalized,structural|induce,induce,AB,nominalized,of,event_nominal,DEP-nom-induction,sources,targets,nmod:by,nmod:of,nmod,compound,asserted,directed,1,0,0,1,dependency
bioinfer,BioInfer.d99.s0,stanza_craft+coref_1bad8a2d_1:rel:1,1,3,positive,positive,,,applied,structural|AB|induce|of|nominalized,structural|induce,induce,AB,nominalized,of,event_nominal,DEP-nom-induction,sources,targets,nmod:by,nmod:of,nmod,compound,asserted,directed,1,1,0,1,dependency
bioinfer,BioInfer.d99.s0,stanza_craft+coref_1bad8a2d_1:rel:2,2,3,positive,positive,,,applied,structural|AB|induce|of|nominalized,structural|induce,induce,AB,nominalized,of,event_nominal,DEP-nom-induction,sources,targets,nmod:by,nmod:of,nmod,compound,asserted,directed,1,0,0,1,dependency
