corpus,sentence_id,pair_a,pair_b,gold_label,predicted_label,stage,endpoint_visibility,application_status,reason_code,proposal_count,pattern_keys,trigger_lemmas,realization_channels,assertion_statuses,projection_modes,proposal_refs,event_refs,projection_plan_refs
iepa,IEPA.d0.s0,0,1,positive,positive,emitted,pair_candidate_exists,applied,emitted,1,structural|AB|stimulate|_|verbal,stimulate,clause,asserted,directed,stanza_craft+coref_c994129a_0:rel:0,stanza_craft+coref_c994129a_0,IEPA.d0.s0:stanza_craft+coref_c994129a_0:projection-plan
iepa,IEPA.d1.s1,0,1,positive,negative,event_not_found,neither_endpoint,not_generated,event_not_found,0,,,,,,,,
iepa,IEPA.d10.s22,0,1,positive,positive,emitted,pair_candidate_exists,applied,emitted,1,structural|AB|disrupt|_|nominalized,disrupt,event_nominal,asserted,directed,stanza_craft+coref_24e4e298_1:rel:0,stanza_craft+coref_24e4e298_0|stanza_craft+coref_24e4e298_1,IEPA.d10.s22:stanza_craft+coref_24e4e298_0:projection-plan|IEPA.d10.s22:stanza_craft+coref_24e4e298_1:projection-plan
iepa,IEPA.d100.s239,0,1,positive,negative,argument_not_bound,separate_events,not_generated,argument_not_bound,0,,,,,,,stanza_craft+coref_025b0f1e_0|stanza_craft+coref_025b0f1e_4,IEPA.d100.s239:stanza_craft+coref_025b0f1e_0:projection-plan|IEPA.d100.s239:stanza_craft+coref_025b0f1e_4:projection-plan
iepa,IEPA.d102.s241,0,1,positive,positive,emitted,pair_candidate_exists,applied,emitted,1,structural|AB|induce|_|passive,induce,clause,asserted,directed,stanza_craft+coref_368f5073_1:rel:0,stanza_craft+coref_368f5073_0|stanza_craft+coref_368f5073_1,IEPA.d102.s241:stanza_craft+coref_368f5073_0:projection-plan|IEPA.d102.s241:stanza_craft+coref_368f5073_1:projection-plan
iepa,IEPA.d103.s242,0,1,positive,positive,emitted,pair_candidate_exists,applied,emitted,1,structural|AB|upregulate|under|passive,upregulate,clause,asserted,directed,stanza_craft+coref_9fe2945c_0:rel:0,stanza_craft+coref_9fe2945c_0,IEPA.d103.s242:stanza_craft+coref_9fe2945c_0:projection-plan
iepa,IEPA.d105.s244,0,1,positive,negative,argument_not_bound,one_endpoint,not_generated,argument_not_bound,0,,,,,,,stanza_craft+coref_e38139b4_0,IEPA.d105.s244:stanza_craft+coref_e38139b4_0:projection-plan
iepa,IEPA.d106.s245,0,1,positive,negative,argument_not_bound,one_endpoint,not_generated,argument_not_bound,0,,,,,,,stanza_craft+coref_663a2829_0,IEPA.d106.s245:stanza_craft+coref_663a2829_0:projection-plan
iepa,IEPA.d106.s246,0,1,positive,positive,emitted,pair_candidate_exists,applied,emitted,1,structural|AB|involve|_|verbal,involve,clause,asserted,directed,stanza_craft+coref_a9d2e55b_0:rel:0,stanza_craft+coref_a9d2e55b_0,IEPA.d106.s246:stanza_craft+coref_a9d2e55b_0:projection-plan
iepa,IEPA.d107.s247,0,1,positive,negative,proposal_not_applied,pair_candidate_exists,not_applied,multiple_application_reasons,1,structural|NESTED|dependent|_|nested,dependent,clause,asserted,nested_review,stanza_craft+coref_fb2bb062_2:rel:0,stanza_craft+coref_fb2bb062_0|stanza_craft+coref_fb2bb062_1|stanza_craft+coref_fb2bb062_2,IEPA.d107.s247:stanza_craft+coref_fb2bb062_0:projection-plan|IEPA.d107.s247:stanza_craft+coref_fb2bb062_1:projection-plan|IEPA.d107.s247:stanza_craft+coref_fb2bb062_2:projection-plan
iepa,IEPA.d107.s248,0,1,positive,positive,emitted,pair_candidate_exists,applied,emitted,1,structural|AB|understand|_|verbal,understand,clause,asserted,directed,stanza_craft+coref_dfe2bca1_0:rel:0,stanza_craft+coref_dfe2bca1_0|stanza_craft+coref_dfe2bca1_1,IEPA.d107.s248:stanza_craft+coref_dfe2bca1_0:projection-plan|IEPA.d107.s248:stanza_craft+coref_dfe2bca1_1:projection-plan
iepa,IEPA.d107.s249,0,1,positive,negative,proposal_not_applied,pair_candidate_exists,not_applied,multiple_application_reasons,1,structural|NESTED|dependent|_|nested,dependent,clause,asserted,nested_review,stanza_craft+coref_6b270eb9_4:rel:0,stanza_craft+coref_6b270eb9_0|stanza_craft+coref_6b270eb9_3|stanza_craft+coref_6b270eb9_4,IEPA.d107.s249:stanza_craft+coref_6b270eb9_0:projection-plan|IEPA.d107.s249:stanza_craft+coref_6b270eb9_3:projection-plan|IEPA.d107.s249:stanza_craft+coref_6b270eb9_4:projection-plan
iepa,IEPA.d107.s250,0,1,positive,negative,argument_not_bound,one_endpoint,not_generated,argument_not_bound,0,,,,,,,stanza_craft+coref_0e517aaa_2,IEPA.d107.s250:stanza_craft+coref_0e517aaa_2:projection-plan
iepa,IEPA.d108.s251,0,1,positive,negative,event_not_found,neither_endpoint,not_generated,event_not_found,0,,,,,,,,
iepa,IEPA.d108.s252,0,1,positive,positive,emitted,pair_candidate_exists,applied,emitted,1,structural|AB|influence|_|verbal,influence,clause,asserted,directed,stanza_craft+coref_047dfad4_2:rel:0,stanza_craft+coref_047dfad4_2,IEPA.d108.s252:stanza_craft+coref_047dfad4_2:projection-plan
iepa,IEPA.d108.s252,0,2,negative,positive,emitted_gold_disagreement,pair_candidate_exists,applied,emitted_gold_disagreement,1,structural|AB|influence|_|verbal,influence,clause,asserted,directed,stanza_craft+coref_047dfad4_2:rel:1,stanza_craft+coref_047dfad4_2,IEPA.d108.s252:stanza_craft+coref_047dfad4_2:projection-plan
iepa,IEPA.d108.s252,1,2,negative,negative,pair_not_proposed,same_event_no_pair,not_generated,pair_not_proposed,0,,,,,,,stanza_craft+coref_047dfad4_2,IEPA.d108.s252:stanza_craft+coref_047dfad4_2:projection-plan
iepa,IEPA.d108.s253,0,1,positive,positive,emitted,pair_candidate_exists,applied,emitted,1,structural|AB|decrease|in|passive,decrease,clause,asserted,directed,stanza_craft+coref_9dd1b8d5_0:rel:0,stanza_craft+coref_9dd1b8d5_0|stanza_craft+coref_9dd1b8d5_1,IEPA.d108.s253:stanza_craft+coref_9dd1b8d5_0:projection-plan|IEPA.d108.s253:stanza_craft+coref_9dd1b8d5_1:projection-plan
iepa,IEPA.d108.s255,0,1,positive,positive,emitted,pair_candidate_exists,applied,emitted,1,structural|AB|induce|_|verbal,induce,clause,asserted,directed,stanza_craft+coref_121e66d8_0:rel:0,stanza_craft+coref_121e66d8_0|stanza_craft+coref_121e66d8_1,IEPA.d108.s255:stanza_craft+coref_121e66d8_0:projection-plan|IEPA.d108.s255:stanza_craft+coref_121e66d8_1:projection-plan
iepa,IEPA.d109.s256,0,1,positive,positive,emitted,pair_candidate_exists,applied,emitted,1,structural|AB|modulate|_|verbal,modulate,clause,asserted,directed,stanza_craft+coref_35b418a9_0:rel:0,stanza_craft+coref_35b418a9_0,IEPA.d109.s256:stanza_craft+coref_35b418a9_0:projection-plan
iepa,IEPA.d109.s257,0,1,negative,negative,pair_not_proposed,same_event_no_pair,not_generated,pair_not_proposed,0,,,,,,,stanza_craft+coref_11d53f0d_0,IEPA.d109.s257:stanza_craft+coref_11d53f0d_0:projection-plan
iepa,IEPA.d109.s258,0,1,negative,negative,assertion_suppressed,pair_candidate_exists,blocked_assertion,assertion_suppressed,1,structural|AB|alter|_|verbal,alter,clause,negated,directed,stanza_craft+coref_901d547f_0:rel:0,stanza_craft+coref_901d547f_0|stanza_craft+coref_901d547f_1,IEPA.d109.s258:stanza_craft+coref_901d547f_0:projection-plan|IEPA.d109.s258:stanza_craft+coref_901d547f_1:projection-plan
iepa,IEPA.d109.s258,0,2,negative,negative,assertion_suppressed,pair_candidate_exists,blocked_assertion,assertion_suppressed,1,structural|AB|alter|_|verbal,alter,clause,negated,directed,stanza_craft+coref_901d547f_0:rel:1,stanza_craft+coref_901d547f_0|stanza_craft+coref_901d547f_1,IEPA.d109.s258:stanza_craft+coref_901d547f_0:projection-plan|IEPA.d109.s258:stanza_craft+coref_901d547f_1:projection-plan
iepa,IEPA.d109.s258,1,2,negative,negative,pair_not_proposed,same_event_no_pair,not_generated,pair_not_proposed,0,,,,,,,stanza_craft+coref_901d547f_0,IEPA.d109.s258:stanza_craft+coref_901d547f_0:projection-plan
iepa,IEPA.d109.s259,0,1,negative,negative,pair_not_proposed,same_event_no_pair,not_generated,pair_not_proposed,0,,,,,,,stanza_craft+coref_9b6f3ce0_0|stanza_craft+coref_9b6f3ce0_2,IEPA.d109.s259:stanza_craft+coref_9b6f3ce0_0:projection-plan|IEPA.d109.s259:stanza_craft+coref_9b6f3ce0_2:projection-plan
iepa,IEPA.d109.s259,0,2,positive,negative,argument_not_bound,separate_events,not_generated,argument_not_bound,0,,,,,,,stanza_craft+coref_9b6f3ce0_0|stanza_craft+coref_9b6f3ce0_1|stanza_craft+coref_9b6f3ce0_2,IEPA.d109.s259:stanza_craft+coref_9b6f3ce0_0:projection-plan|IEPA.d109.s259:stanza_craft+coref_9b6f3ce0_1:projection-plan|IEPA.d109.s259:stanza_craft+coref_9b6f3ce0_2:projection-plan
iepa,IEPA.d109.s259,1,2,positive,negative,argument_not_bound,separate_events,not_generated,argument_not_bound,0,,,,,,,stanza_craft+coref_9b6f3ce0_0|stanza_craft+coref_9b6f3ce0_1|stanza_craft+coref_9b6f3ce0_2,IEPA.d109.s259:stanza_craft+coref_9b6f3ce0_0:projection-plan|IEPA.d109.s259:stanza_craft+coref_9b6f3ce0_1:projection-plan|IEPA.d109.s259:stanza_craft+coref_9b6f3ce0_2:projection-plan
iepa,IEPA.d109.s261,0,1,negative,negative,assertion_suppressed,pair_candidate_exists,blocked_assertion,assertion_suppressed,1,structural|AB|affect|_|verbal,affect,clause,negated,directed,stanza_craft+coref_18cfc7df_0:rel:0,stanza_craft+coref_18cfc7df_0,IEPA.d109.s261:stanza_craft+coref_18cfc7df_0:projection-plan
iepa,IEPA.d109.s261,2,3,positive,negative,assertion_suppressed,pair_candidate_exists,blocked_assertion,assertion_suppressed,1,structural|AB|increase|_|verbal,increase,clause,negated,directed,stanza_craft+coref_18cfc7df_1:rel:0,stanza_craft+coref_18cfc7df_1,IEPA.d109.s261:stanza_craft+coref_18cfc7df_1:projection-plan
iepa,IEPA.d109.s263,0,1,positive,positive,emitted,pair_candidate_exists,applied,emitted,1,structural|AB|regulate|_|passive,regulate,clause,asserted,directed,stanza_craft+coref_adce9172_0:rel:0,stanza_craft+coref_adce9172_0,IEPA.d109.s263:stanza_craft+coref_adce9172_0:projection-plan
iepa,IEPA.d11.s23,0,1,positive,negative,event_not_found,neither_endpoint,not_generated,event_not_found,0,,,,,,,,
iepa,IEPA.d11.s25,0,1,positive,negative,argument_not_bound,one_endpoint,not_generated,argument_not_bound,0,,,,,,,stanza_craft+coref_36dd8d36_0,IEPA.d11.s25:stanza_craft+coref_36dd8d36_0:projection-plan
iepa,IEPA.d11.s26,0,1,positive,positive,emitted,pair_candidate_exists,applied,emitted,1,structural|AB|stimulate|_|nominalized,stimulate,event_nominal,asserted,directed,stanza_craft+coref_f0645a1f_1:rel:0,stanza_craft+coref_f0645a1f_0|stanza_craft+coref_f0645a1f_1,IEPA.d11.s26:stanza_craft+coref_f0645a1f_0:projection-plan|IEPA.d11.s26:stanza_craft+coref_f0645a1f_1:projection-plan
iepa,IEPA.d11.s27,0,1,positive,negative,pair_not_proposed,same_event_no_pair,not_generated,pair_not_proposed,0,,,,,,,stanza_craft+coref_eb677241_1,IEPA.d11.s27:stanza_craft+coref_eb677241_1:projection-plan
iepa,IEPA.d11.s28,0,1,negative,positive,emitted_gold_disagreement,pair_candidate_exists,applied,emitted_gold_disagreement,1,structural|AB|prevent|_|verbal,prevent,clause,asserted,directed,stanza_craft+coref_6a998843_0:rel:0,stanza_craft+coref_6a998843_0,IEPA.d11.s28:stanza_craft+coref_6a998843_0:projection-plan
iepa,IEPA.d11.s28,1,2,positive,negative,argument_not_bound,one_endpoint,not_generated,argument_not_bound,0,,,,,,,stanza_craft+coref_6a998843_0,IEPA.d11.s28:stanza_craft+coref_6a998843_0:projection-plan
iepa,IEPA.d110.s264,0,1,positive,negative,event_not_found,neither_endpoint,not_generated,event_not_found,0,,,,,,,,
iepa,IEPA.d110.s266,0,1,negative,negative,pair_not_proposed,same_event_no_pair,not_generated,pair_not_proposed,0,,,,,,,stanza_craft+coref_34c1fcea_0,IEPA.d110.s266:stanza_craft+coref_34c1fcea_0:projection-plan
iepa,IEPA.d110.s267,0,1,positive,negative,argument_not_bound,one_endpoint,not_generated,argument_not_bound,0,,,,,,,stanza_craft+coref_e3f2f374_0,IEPA.d110.s267:stanza_craft+coref_e3f2f374_0:projection-plan
iepa,IEPA.d110.s268,0,1,positive,negative,argument_not_bound,one_endpoint,not_generated,argument_not_bound,0,,,,,,,stanza_craft+coref_67bd9977_0,IEPA.d110.s268:stanza_craft+coref_67bd9977_0:projection-plan
iepa,IEPA.d111.s269,0,1,negative,negative,pair_not_proposed,same_event_no_pair,not_generated,pair_not_proposed,0,,,,,,,stanza_craft+coref_a6bb25a8_0,IEPA.d111.s269:stanza_craft+coref_a6bb25a8_0:projection-plan
iepa,IEPA.d112.s270,0,1,positive,negative,argument_not_bound,one_endpoint,not_generated,argument_not_bound,0,,,,,,,stanza_craft+coref_10ebb33a_0,IEPA.d112.s270:stanza_craft+coref_10ebb33a_0:projection-plan
iepa,IEPA.d112.s271,0,1,positive,positive,emitted,pair_candidate_exists,applied,emitted,1,structural|AB|increase|_|verbal,increase,clause,asserted,directed,stanza_craft+coref_2a3df86e_2:rel:0,stanza_craft+coref_2a3df86e_1|stanza_craft+coref_2a3df86e_2,IEPA.d112.s271:stanza_craft+coref_2a3df86e_1:projection-plan|IEPA.d112.s271:stanza_craft+coref_2a3df86e_2:projection-plan
iepa,IEPA.d113.s272,0,1,negative,negative,pair_not_proposed,same_event_no_pair,not_generated,pair_not_proposed,0,,,,,,,stanza_craft+coref_3287d063_1,IEPA.d113.s272:stanza_craft+coref_3287d063_1:projection-plan
iepa,IEPA.d114.s274,0,1,positive,positive,emitted,pair_candidate_exists,applied,emitted,1,structural|AB|upregulate|_|passive,upregulate,clause,asserted,directed,stanza_craft+coref_0ff5ddfa_0:rel:0,stanza_craft+coref_0ff5ddfa_0,IEPA.d114.s274:stanza_craft+coref_0ff5ddfa_0:projection-plan
iepa,IEPA.d114.s276,0,1,negative,negative,pair_not_proposed,same_event_no_pair,not_generated,pair_not_proposed,0,,,,,,,stanza_craft+coref_1d1df5a7_1|stanza_craft+coref_1d1df5a7_2,IEPA.d114.s276:stanza_craft+coref_1d1df5a7_1:projection-plan|IEPA.d114.s276:stanza_craft+coref_1d1df5a7_2:projection-plan
iepa,IEPA.d115.s278,0,1,positive,positive,emitted,pair_candidate_exists,applied,emitted,1,structural|AB|mediate|_|passive,mediate,clause,asserted,directed,stanza_craft+coref_58632df3_1:rel:0,stanza_craft+coref_58632df3_1,IEPA.d115.s278:stanza_craft+coref_58632df3_1:projection-plan
iepa,IEPA.d115.s279,0,1,positive,negative,argument_not_bound,one_endpoint,not_generated,argument_not_bound,0,,,,,,,stanza_craft+coref_eb5537f7_2,IEPA.d115.s279:stanza_craft+coref_eb5537f7_2:projection-plan
iepa,IEPA.d115.s280,0,1,negative,negative,assertion_suppressed,pair_candidate_exists,blocked_assertion,assertion_suppressed,1,structural|AB|result|in|verbal,result,clause,negated,directed,stanza_craft+coref_0d7f4319_0:rel:0,stanza_craft+coref_0d7f4319_0,IEPA.d115.s280:stanza_craft+coref_0d7f4319_0:projection-plan
iepa,IEPA.d115.s281,0,1,negative,negative,assertion_suppressed,pair_candidate_exists,blocked_assertion,assertion_suppressed,1,structural|AB|have|_|verbal,have,clause,negated,directed,stanza_craft+coref_36aa86de_1:rel:0,stanza_craft+coref_36aa86de_0|stanza_craft+coref_36aa86de_1,IEPA.d115.s281:stanza_craft+coref_36aa86de_0:projection-plan|IEPA.d115.s281:stanza_craft+coref_36aa86de_1:projection-plan
iepa,IEPA.d116.s284,0,1,positive,negative,event_not_found,neither_endpoint,not_generated,event_not_found,0,,,,,,,,
iepa,IEPA.d117.s285,2,3,positive,negative,pair_not_proposed,same_event_no_pair,not_generated,pair_not_proposed,0,,,,,,,stanza_craft+coref_0020c270_1,IEPA.d117.s285:stanza_craft+coref_0020c270_1:projection-plan
iepa,IEPA.d119.s287,0,1,positive,negative,argument_not_bound,one_endpoint,not_generated,argument_not_bound,0,,,,,,,stanza_craft+coref_0008d0db_0,IEPA.d119.s287:stanza_craft+coref_0008d0db_0:projection-plan
iepa,IEPA.d12.s29,0,1,negative,negative,pair_not_proposed,same_event_no_pair,not_generated,pair_not_proposed,0,,,,,,,stanza_craft+coref_98bf611e_1,IEPA.d12.s29:stanza_craft+coref_98bf611e_1:projection-plan
iepa,IEPA.d12.s29,0,2,positive,positive,emitted,pair_candidate_exists,applied,emitted,1,structural|AB|regulate|_|passive,regulate,clause,asserted,directed,stanza_craft+coref_98bf611e_1:rel:0,stanza_craft+coref_98bf611e_1,IEPA.d12.s29:stanza_craft+coref_98bf611e_1:projection-plan
iepa,IEPA.d12.s29,1,2,positive,positive,emitted,pair_candidate_exists,applied,emitted,1,structural|AB|regulate|_|passive,regulate,clause,asserted,directed,stanza_craft+coref_98bf611e_1:rel:1,stanza_craft+coref_98bf611e_1,IEPA.d12.s29:stanza_craft+coref_98bf611e_1:projection-plan
iepa,IEPA.d120.s288,0,1,positive,negative,argument_not_bound,one_endpoint,not_generated,argument_not_bound,0,,,,,,,stanza_craft+coref_488bca38_0,IEPA.d120.s288:stanza_craft+coref_488bca38_0:projection-plan
iepa,IEPA.d121.s289,0,1,negative,negative,assertion_suppressed,pair_candidate_exists,blocked_assertion,assertion_suppressed,1,structural|AB|affect|_|verbal,affect,clause,negated,directed,stanza_craft+coref_40e95eb8_2:rel:0,stanza_craft+coref_40e95eb8_0|stanza_craft+coref_40e95eb8_2,IEPA.d121.s289:stanza_craft+coref_40e95eb8_0:projection-plan|IEPA.d121.s289:stanza_craft+coref_40e95eb8_2:projection-plan
iepa,IEPA.d122.s290,0,1,positive,negative,event_not_found,neither_endpoint,not_generated,event_not_found,0,,,,,,,,
iepa,IEPA.d122.s291,0,1,positive,positive,emitted,pair_candidate_exists,applied,emitted,1,structural|AB|favor|_|verbal,favor,clause,asserted,directed,stanza_craft+coref_d23376ae_1:rel:0,stanza_craft+coref_d23376ae_0|stanza_craft+coref_d23376ae_1,IEPA.d122.s291:stanza_craft+coref_d23376ae_0:projection-plan|IEPA.d122.s291:stanza_craft+coref_d23376ae_1:projection-plan
iepa,IEPA.d122.s293,0,1,positive,positive,emitted,pair_candidate_exists,applied,emitted,1,structural|AB|favor|_|verbal,favor,clause,asserted,directed,stanza_craft+coref_09881941_0:rel:0,stanza_craft+coref_09881941_0|stanza_craft+coref_09881941_1|stanza_craft+coref_09881941_2,IEPA.d122.s293:stanza_craft+coref_09881941_0:projection-plan|IEPA.d122.s293:stanza_craft+coref_09881941_1:projection-plan|IEPA.d122.s293:stanza_craft+coref_09881941_2:projection-plan
iepa,IEPA.d122.s295,0,1,positive,negative,pair_not_proposed,same_event_no_pair,not_generated,pair_not_proposed,0,,,,,,,stanza_craft+coref_fe02af76_1,IEPA.d122.s295:stanza_craft+coref_fe02af76_1:projection-plan
iepa,IEPA.d124.s297,0,1,positive,positive,emitted,pair_candidate_exists,applied,emitted,1,structural|AB|induce|_|passive,induce,clause,asserted,directed,stanza_craft+coref_e565a8be_0:rel:0,stanza_craft+coref_e565a8be_0,IEPA.d124.s297:stanza_craft+coref_e565a8be_0:projection-plan
iepa,IEPA.d126.s299,0,1,negative,negative,pair_not_proposed,same_event_no_pair,not_generated,pair_not_proposed,0,,,,,,,stanza_craft+coref_42bcb3a6_0|stanza_craft+coref_42bcb3a6_2,IEPA.d126.s299:stanza_craft+coref_42bcb3a6_0:projection-plan|IEPA.d126.s299:stanza_craft+coref_42bcb3a6_2:projection-plan
iepa,IEPA.d126.s299,0,2,negative,negative,pair_not_proposed,same_event_no_pair,not_generated,pair_not_proposed,0,,,,,,,stanza_craft+coref_42bcb3a6_0|stanza_craft+coref_42bcb3a6_2,IEPA.d126.s299:stanza_craft+coref_42bcb3a6_0:projection-plan|IEPA.d126.s299:stanza_craft+coref_42bcb3a6_2:projection-plan
iepa,IEPA.d126.s299,1,2,negative,negative,pair_not_proposed,same_event_no_pair,not_generated,pair_not_proposed,0,,,,,,,stanza_craft+coref_42bcb3a6_0|stanza_craft+coref_42bcb3a6_2,IEPA.d126.s299:stanza_craft+coref_42bcb3a6_0:projection-plan|IEPA.d126.s299:stanza_craft+coref_42bcb3a6_2:projection-plan
iepa,IEPA.d126.s299,3,4,positive,positive,emitted,pair_candidate_exists,applied,emitted,1,structural|AB|result|in|verbal,result,clause,asserted,directed,stanza_craft+coref_42bcb3a6_1:rel:0,stanza_craft+coref_42bcb3a6_1,IEPA.d126.s299:stanza_craft+coref_42bcb3a6_1:projection-plan
iepa,IEPA.d126.s299,3,5,positive,positive,emitted,pair_candidate_exists,applied,emitted,1,structural|AB|result|in|verbal,result,clause,asserted,directed,stanza_craft+coref_42bcb3a6_1:rel:1,stanza_craft+coref_42bcb3a6_1,IEPA.d126.s299:stanza_craft+coref_42bcb3a6_1:projection-plan
iepa,IEPA.d126.s299,4,5,negative,negative,pair_not_proposed,same_event_no_pair,not_generated,pair_not_proposed,0,,,,,,,stanza_craft+coref_42bcb3a6_1,IEPA.d126.s299:stanza_craft+coref_42bcb3a6_1:projection-plan
iepa,IEPA.d126.s300,1,2,negative,negative,pair_not_proposed,same_event_no_pair,not_generated,pair_not_proposed,0,,,,,,,stanza_craft+coref_48e600b2_2|stanza_craft+coref_48e600b2_3,IEPA.d126.s300:stanza_craft+coref_48e600b2_2:projection-plan|IEPA.d126.s300:stanza_craft+coref_48e600b2_3:projection-plan
iepa,IEPA.d126.s300,1,3,positive,negative,relational_review_only,pair_candidate_exists,review_only,relational_review_only,1,relational|RELATIONAL|level|_|verbal,level,clause,asserted,relational,stanza_craft+coref_48e600b2_2:rel:0,stanza_craft+coref_48e600b2_2|stanza_craft+coref_48e600b2_3,IEPA.d126.s300:stanza_craft+coref_48e600b2_2:projection-plan|IEPA.d126.s300:stanza_craft+coref_48e600b2_3:projection-plan
iepa,IEPA.d126.s300,2,3,positive,negative,relational_review_only,pair_candidate_exists,review_only,relational_review_only,1,relational|RELATIONAL|level|_|verbal,level,clause,asserted,relational,stanza_craft+coref_48e600b2_2:rel:1,stanza_craft+coref_48e600b2_2|stanza_craft+coref_48e600b2_3,IEPA.d126.s300:stanza_craft+coref_48e600b2_2:projection-plan|IEPA.d126.s300:stanza_craft+coref_48e600b2_3:projection-plan
iepa,IEPA.d127.s301,0,1,positive,positive,emitted,pair_candidate_exists,applied,emitted,1,structural|AB|reduce|_|verbal,reduce,clause,asserted,directed,stanza_craft+coref_38ecc36b_0:rel:0,stanza_craft+coref_38ecc36b_0|stanza_craft+coref_38ecc36b_1,IEPA.d127.s301:stanza_craft+coref_38ecc36b_0:projection-plan|IEPA.d127.s301:stanza_craft+coref_38ecc36b_1:projection-plan
iepa,IEPA.d127.s301,0,2,positive,positive,emitted,pair_candidate_exists,applied,emitted,1,structural|AB|reduce|_|verbal,reduce,clause,asserted,directed,stanza_craft+coref_38ecc36b_0:rel:1,stanza_craft+coref_38ecc36b_0|stanza_craft+coref_38ecc36b_1,IEPA.d127.s301:stanza_craft+coref_38ecc36b_0:projection-plan|IEPA.d127.s301:stanza_craft+coref_38ecc36b_1:projection-plan
iepa,IEPA.d127.s301,1,2,negative,negative,pair_not_proposed,same_event_no_pair,not_generated,pair_not_proposed,0,,,,,,,stanza_craft+coref_38ecc36b_0,IEPA.d127.s301:stanza_craft+coref_38ecc36b_0:projection-plan
iepa,IEPA.d127.s302,0,1,positive,negative,pair_not_proposed,same_event_no_pair,not_generated,pair_not_proposed,0,,,,,,,stanza_craft+coref_51d2af21_0,IEPA.d127.s302:stanza_craft+coref_51d2af21_0:projection-plan
iepa,IEPA.d127.s302,0,2,positive,negative,pair_not_proposed,same_event_no_pair,not_generated,pair_not_proposed,0,,,,,,,stanza_craft+coref_51d2af21_0,IEPA.d127.s302:stanza_craft+coref_51d2af21_0:projection-plan
iepa,IEPA.d127.s302,1,2,negative,negative,pair_not_proposed,same_event_no_pair,not_generated,pair_not_proposed,0,,,,,,,stanza_craft+coref_51d2af21_0,IEPA.d127.s302:stanza_craft+coref_51d2af21_0:projection-plan
iepa,IEPA.d128.s303,0,1,positive,negative,argument_not_bound,separate_events,not_generated,argument_not_bound,0,,,,,,,stanza_craft+coref_1000763e_1|stanza_craft+coref_1000763e_2|stanza_craft+coref_1000763e_3,IEPA.d128.s303:stanza_craft+coref_1000763e_1:projection-plan|IEPA.d128.s303:stanza_craft+coref_1000763e_2:projection-plan|IEPA.d128.s303:stanza_craft+coref_1000763e_3:projection-plan
iepa,IEPA.d128.s304,0,1,positive,positive,emitted,pair_candidate_exists,applied,emitted,1,structural|AB|activate|_|verbal,activate,clause,asserted,directed,stanza_craft+coref_0db82959_0:rel:0,stanza_craft+coref_0db82959_0,IEPA.d128.s304:stanza_craft+coref_0db82959_0:projection-plan
iepa,IEPA.d128.s305,0,1,positive,positive,emitted,pair_candidate_exists,applied,emitted,1,structural|AB|exert|_|verbal,exert,clause,asserted,directed,stanza_craft+coref_1765cf49_0:rel:0,stanza_craft+coref_1765cf49_0|stanza_craft+coref_1765cf49_1,IEPA.d128.s305:stanza_craft+coref_1765cf49_0:projection-plan|IEPA.d128.s305:stanza_craft+coref_1765cf49_1:projection-plan
iepa,IEPA.d128.s306,0,1,positive,negative,argument_not_bound,one_endpoint,not_generated,argument_not_bound,0,,,,,,,stanza_craft+coref_9473b8d3_0,IEPA.d128.s306:stanza_craft+coref_9473b8d3_0:projection-plan
iepa,IEPA.d129.s308,0,1,negative,negative,pair_not_proposed,same_event_no_pair,not_generated,pair_not_proposed,0,,,,,,,stanza_craft+coref_8773753f_0|stanza_craft+coref_8773753f_4,IEPA.d129.s308:stanza_craft+coref_8773753f_0:projection-plan|IEPA.d129.s308:stanza_craft+coref_8773753f_4:projection-plan
iepa,IEPA.d129.s309,0,2,negative,negative,pair_not_proposed,same_event_no_pair,not_generated,pair_not_proposed,0,,,,,,,stanza_craft+coref_3203345c_0,IEPA.d129.s309:stanza_craft+coref_3203345c_0:projection-plan
iepa,IEPA.d129.s310,0,1,negative,negative,pair_not_proposed,same_event_no_pair,not_generated,pair_not_proposed,0,,,,,,,stanza_craft+coref_ecba3b66_0,IEPA.d129.s310:stanza_craft+coref_ecba3b66_0:projection-plan
iepa,IEPA.d129.s310,0,2,negative,negative,pair_not_proposed,same_event_no_pair,not_generated,pair_not_proposed,0,,,,,,,stanza_craft+coref_ecba3b66_0,IEPA.d129.s310:stanza_craft+coref_ecba3b66_0:projection-plan
iepa,IEPA.d129.s310,1,2,negative,negative,pair_not_proposed,same_event_no_pair,not_generated,pair_not_proposed,0,,,,,,,stanza_craft+coref_ecba3b66_0,IEPA.d129.s310:stanza_craft+coref_ecba3b66_0:projection-plan
iepa,IEPA.d129.s311,0,1,negative,negative,pair_not_proposed,same_event_no_pair,not_generated,pair_not_proposed,0,,,,,,,stanza_craft+coref_9bbd3be7_0|stanza_craft+coref_9bbd3be7_1|stanza_craft+coref_9bbd3be7_2,IEPA.d129.s311:stanza_craft+coref_9bbd3be7_0:projection-plan|IEPA.d129.s311:stanza_craft+coref_9bbd3be7_1:projection-plan|IEPA.d129.s311:stanza_craft+coref_9bbd3be7_2:projection-plan
iepa,IEPA.d13.s30,0,1,negative,positive,emitted_gold_disagreement,pair_candidate_exists,applied,emitted_gold_disagreement,1,structural|AB|cause|_|verbal,cause,clause,asserted,directed,stanza_craft+coref_c52c364a_2:rel:0,stanza_craft+coref_c52c364a_1|stanza_craft+coref_c52c364a_2|stanza_craft+coref_c52c364a_3,IEPA.d13.s30:stanza_craft+coref_c52c364a_1:projection-plan|IEPA.d13.s30:stanza_craft+coref_c52c364a_2:projection-plan|IEPA.d13.s30:stanza_craft+coref_c52c364a_3:projection-plan
iepa,IEPA.d130.s312,0,1,positive,negative,argument_not_bound,one_endpoint,not_generated,argument_not_bound,0,,,,,,,stanza_craft+coref_d89a8cc1_0,IEPA.d130.s312:stanza_craft+coref_d89a8cc1_0:projection-plan
iepa,IEPA.d130.s313,0,1,positive,positive,emitted,pair_candidate_exists,applied,emitted,1,structural|AB|activate|_|verbal,activate,clause,asserted,directed,stanza_craft+coref_711ba739_0:rel:0,stanza_craft+coref_711ba739_0,IEPA.d130.s313:stanza_craft+coref_711ba739_0:projection-plan
iepa,IEPA.d130.s314,1,2,negative,negative,pair_not_proposed,same_event_no_pair,not_generated,pair_not_proposed,0,,,,,,,stanza_craft+coref_9fcc49f0_0|stanza_craft+coref_9fcc49f0_1,IEPA.d130.s314:stanza_craft+coref_9fcc49f0_0:projection-plan|IEPA.d130.s314:stanza_craft+coref_9fcc49f0_1:projection-plan
iepa,IEPA.d130.s314,1,3,negative,negative,pair_not_proposed,same_event_no_pair,not_generated,pair_not_proposed,0,,,,,,,stanza_craft+coref_9fcc49f0_0|stanza_craft+coref_9fcc49f0_1,IEPA.d130.s314:stanza_craft+coref_9fcc49f0_0:projection-plan|IEPA.d130.s314:stanza_craft+coref_9fcc49f0_1:projection-plan
iepa,IEPA.d130.s314,2,3,negative,negative,pair_not_proposed,same_event_no_pair,not_generated,pair_not_proposed,0,,,,,,,stanza_craft+coref_9fcc49f0_0|stanza_craft+coref_9fcc49f0_1,IEPA.d130.s314:stanza_craft+coref_9fcc49f0_0:projection-plan|IEPA.d130.s314:stanza_craft+coref_9fcc49f0_1:projection-plan
iepa,IEPA.d130.s315,0,1,positive,negative,argument_not_bound,separate_events,not_generated,argument_not_bound,0,,,,,,,stanza_craft+coref_a5b9fd4f_0|stanza_craft+coref_a5b9fd4f_1,IEPA.d130.s315:stanza_craft+coref_a5b9fd4f_0:projection-plan|IEPA.d130.s315:stanza_craft+coref_a5b9fd4f_1:projection-plan
iepa,IEPA.d131.s316,0,1,positive,negative,argument_not_bound,one_endpoint,not_generated,argument_not_bound,0,,,,,,,stanza_craft+coref_af258742_0,IEPA.d131.s316:stanza_craft+coref_af258742_0:projection-plan
iepa,IEPA.d131.s317,0,1,positive,negative,event_not_found,neither_endpoint,not_generated,event_not_found,0,,,,,,,,
iepa,IEPA.d131.s318,0,1,positive,negative,event_not_found,neither_endpoint,not_generated,event_not_found,0,,,,,,,,
iepa,IEPA.d132.s319,0,1,positive,negative,argument_not_bound,one_endpoint,not_generated,argument_not_bound,0,,,,,,,stanza_craft+coref_42cc1a0c_0,IEPA.d132.s319:stanza_craft+coref_42cc1a0c_0:projection-plan
iepa,IEPA.d132.s320,0,1,positive,negative,pair_not_proposed,same_event_no_pair,not_generated,pair_not_proposed,0,,,,,,,stanza_craft+coref_655cf061_0,IEPA.d132.s320:stanza_craft+coref_655cf061_0:projection-plan
iepa,IEPA.d132.s320,0,2,negative,negative,pair_not_proposed,same_event_no_pair,not_generated,pair_not_proposed,0,,,,,,,stanza_craft+coref_655cf061_0,IEPA.d132.s320:stanza_craft+coref_655cf061_0:projection-plan
iepa,IEPA.d132.s320,1,2,negative,negative,pair_not_proposed,same_event_no_pair,not_generated,pair_not_proposed,0,,,,,,,stanza_craft+coref_655cf061_0,IEPA.d132.s320:stanza_craft+coref_655cf061_0:projection-plan
iepa,IEPA.d134.s322,0,1,positive,negative,proposal_not_applied,pair_candidate_exists,not_applied,no_projectable_pairs,1,structural|NESTED|induce|_|nested,induce,clause,asserted,nested_review,stanza_craft+coref_65c805e3_1:rel:0,stanza_craft+coref_65c805e3_0|stanza_craft+coref_65c805e3_1,IEPA.d134.s322:stanza_craft+coref_65c805e3_0:projection-plan|IEPA.d134.s322:stanza_craft+coref_65c805e3_1:projection-plan
iepa,IEPA.d135.s323,0,1,positive,negative,argument_not_bound,one_endpoint,not_generated,argument_not_bound,0,,,,,,,stanza_craft+coref_11b5fae9_2,IEPA.d135.s323:stanza_craft+coref_11b5fae9_2:projection-plan
iepa,IEPA.d137.s325,0,1,positive,positive,emitted,pair_candidate_exists,applied,emitted,1,structural|AB|stimulate|through|verbal,stimulate,clause,asserted,directed,stanza_craft+coref_5b7cccc8_0:rel:0,stanza_craft+coref_5b7cccc8_0,IEPA.d137.s325:stanza_craft+coref_5b7cccc8_0:projection-plan
iepa,IEPA.d137.s326,0,1,positive,negative,event_not_found,neither_endpoint,not_generated,event_not_found,0,,,,,,,,
iepa,IEPA.d138.s328,0,1,positive,negative,argument_not_bound,separate_events,not_generated,argument_not_bound,0,,,,,,,stanza_craft+coref_46555926_0|stanza_craft+coref_46555926_1|stanza_craft+coref_46555926_2|stanza_craft+coref_46555926_3,IEPA.d138.s328:stanza_craft+coref_46555926_0:projection-plan|IEPA.d138.s328:stanza_craft+coref_46555926_1:projection-plan|IEPA.d138.s328:stanza_craft+coref_46555926_2:projection-plan|IEPA.d138.s328:stanza_craft+coref_46555926_3:projection-plan
iepa,IEPA.d138.s328,0,2,positive,negative,argument_not_bound,one_endpoint,not_generated,argument_not_bound,0,,,,,,,stanza_craft+coref_46555926_1|stanza_craft+coref_46555926_2|stanza_craft+coref_46555926_3,IEPA.d138.s328:stanza_craft+coref_46555926_1:projection-plan|IEPA.d138.s328:stanza_craft+coref_46555926_2:projection-plan|IEPA.d138.s328:stanza_craft+coref_46555926_3:projection-plan
iepa,IEPA.d138.s328,0,3,negative,positive,emitted_gold_disagreement,pair_candidate_exists,applied,emitted_gold_disagreement,1,structural|AB|lead|to|verbal,lead,clause,asserted,directed,stanza_craft+coref_46555926_2:rel:0,stanza_craft+coref_46555926_1|stanza_craft+coref_46555926_2|stanza_craft+coref_46555926_3,IEPA.d138.s328:stanza_craft+coref_46555926_1:projection-plan|IEPA.d138.s328:stanza_craft+coref_46555926_2:projection-plan|IEPA.d138.s328:stanza_craft+coref_46555926_3:projection-plan
iepa,IEPA.d138.s329,0,1,positive,positive,emitted,pair_candidate_exists,applied,emitted,1,structural|AB|stimulate|_|passive,stimulate,clause,asserted,directed,stanza_craft+coref_47b893a5_0:rel:0,stanza_craft+coref_47b893a5_0,IEPA.d138.s329:stanza_craft+coref_47b893a5_0:projection-plan
iepa,IEPA.d138.s331,0,1,positive,negative,argument_not_bound,separate_events,not_generated,argument_not_bound,0,,,,,,,stanza_craft+coref_17fc33ef_0|stanza_craft+coref_17fc33ef_1,IEPA.d138.s331:stanza_craft+coref_17fc33ef_0:projection-plan|IEPA.d138.s331:stanza_craft+coref_17fc33ef_1:projection-plan
iepa,IEPA.d138.s332,1,2,positive,negative,argument_not_bound,separate_events,not_generated,argument_not_bound,0,,,,,,,stanza_craft+coref_e6de439b_1|stanza_craft+coref_e6de439b_2,IEPA.d138.s332:stanza_craft+coref_e6de439b_1:projection-plan|IEPA.d138.s332:stanza_craft+coref_e6de439b_2:projection-plan
iepa,IEPA.d139.s333,0,1,negative,negative,pair_not_proposed,same_event_no_pair,not_generated,pair_not_proposed,0,,,,,,,stanza_craft+coref_caf290ed_0,IEPA.d139.s333:stanza_craft+coref_caf290ed_0:projection-plan
iepa,IEPA.d139.s334,2,3,negative,negative,pair_not_proposed,same_event_no_pair,not_generated,pair_not_proposed,0,,,,,,,stanza_craft+coref_3f254e74_1,IEPA.d139.s334:stanza_craft+coref_3f254e74_1:projection-plan
iepa,IEPA.d140.s335,0,1,positive,positive,emitted,pair_candidate_exists,applied,emitted,1,structural|AB|stimulate|_|verbal,stimulate,clause,asserted,directed,stanza_craft+coref_b536b801_0:rel:0,stanza_craft+coref_b536b801_0,IEPA.d140.s335:stanza_craft+coref_b536b801_0:projection-plan
iepa,IEPA.d140.s336,0,1,positive,negative,argument_not_bound,one_endpoint,not_generated,argument_not_bound,0,,,,,,,stanza_craft+coref_cffc5cba_0,IEPA.d140.s336:stanza_craft+coref_cffc5cba_0:projection-plan
iepa,IEPA.d140.s337,0,1,positive,negative,event_not_found,neither_endpoint,not_generated,event_not_found,0,,,,,,,,
iepa,IEPA.d141.s338,0,1,positive,negative,argument_not_bound,one_endpoint,not_generated,argument_not_bound,0,,,,,,,stanza_craft+coref_6f411c23_0,IEPA.d141.s338:stanza_craft+coref_6f411c23_0:projection-plan
iepa,IEPA.d141.s339,1,2,positive,negative,argument_not_bound,one_endpoint,not_generated,argument_not_bound,0,,,,,,,stanza_craft+coref_d13ee952_2,IEPA.d141.s339:stanza_craft+coref_d13ee952_2:projection-plan
iepa,IEPA.d141.s340,0,1,positive,negative,argument_not_bound,one_endpoint,not_generated,argument_not_bound,0,,,,,,,stanza_craft+coref_82e28445_0,IEPA.d141.s340:stanza_craft+coref_82e28445_0:projection-plan
iepa,IEPA.d142.s341,0,1,negative,negative,proposal_not_applied,pair_candidate_exists,not_applied,multiple_application_reasons,1,structural|AA|associate|_|nominalized,associate,clause,asserted,undirected,stanza_craft+coref_513b122b_0:rel:0,stanza_craft+coref_513b122b_0|stanza_craft+coref_513b122b_2,IEPA.d142.s341:stanza_craft+coref_513b122b_0:projection-plan|IEPA.d142.s341:stanza_craft+coref_513b122b_2:projection-plan
iepa,IEPA.d142.s342,0,1,negative,negative,pair_not_proposed,same_event_no_pair,not_generated,pair_not_proposed,0,,,,,,,stanza_craft+coref_00ac70ad_0,IEPA.d142.s342:stanza_craft+coref_00ac70ad_0:projection-plan
iepa,IEPA.d143.s343,0,1,positive,positive,emitted,pair_candidate_exists,applied,emitted,1,structural|AB|stimulate|_|verbal,stimulate,clause,asserted,directed,stanza_craft+coref_a1230ea9_0:rel:0,stanza_craft+coref_a1230ea9_0,IEPA.d143.s343:stanza_craft+coref_a1230ea9_0:projection-plan
iepa,IEPA.d143.s344,0,1,positive,positive,emitted,pair_candidate_exists,applied,emitted,1,structural|AB|stimulate|_|verbal,stimulate,clause,asserted,directed,stanza_craft+coref_07c029a0_0:rel:0,stanza_craft+coref_07c029a0_0,IEPA.d143.s344:stanza_craft+coref_07c029a0_0:projection-plan
iepa,IEPA.d144.s345,0,1,positive,negative,event_not_found,neither_endpoint,not_generated,event_not_found,0,,,,,,,,
iepa,IEPA.d145.s346,0,1,positive,negative,argument_not_bound,one_endpoint,not_generated,argument_not_bound,0,,,,,,,stanza_craft+coref_87621911_0,IEPA.d145.s346:stanza_craft+coref_87621911_0:projection-plan
iepa,IEPA.d145.s347,0,1,negative,negative,pair_not_proposed,same_event_no_pair,not_generated,pair_not_proposed,0,,,,,,,stanza_craft+coref_948d44dd_0|stanza_craft+coref_948d44dd_2,IEPA.d145.s347:stanza_craft+coref_948d44dd_0:projection-plan|IEPA.d145.s347:stanza_craft+coref_948d44dd_2:projection-plan
iepa,IEPA.d145.s349,0,1,positive,positive,emitted,pair_candidate_exists,applied,emitted,1,structural|AB|effect|on|nominalized,effect,event_nominal,asserted,directed,stanza_craft+coref_04c96520_1:rel:0,stanza_craft+coref_04c96520_0|stanza_craft+coref_04c96520_1,IEPA.d145.s349:stanza_craft+coref_04c96520_0:projection-plan|IEPA.d145.s349:stanza_craft+coref_04c96520_1:projection-plan
iepa,IEPA.d145.s350,0,1,positive,positive,emitted,pair_candidate_exists,applied,emitted,1,structural|AB|decrease|_|verbal,decrease,clause,asserted,directed,stanza_craft+coref_c27bb42f_0:rel:0,stanza_craft+coref_c27bb42f_0|stanza_craft+coref_c27bb42f_1,IEPA.d145.s350:stanza_craft+coref_c27bb42f_0:projection-plan|IEPA.d145.s350:stanza_craft+coref_c27bb42f_1:projection-plan
iepa,IEPA.d146.s351,0,1,positive,negative,event_not_found,neither_endpoint,not_generated,event_not_found,0,,,,,,,,
iepa,IEPA.d146.s353,0,1,positive,negative,argument_not_bound,one_endpoint,not_generated,argument_not_bound,0,,,,,,,stanza_craft+coref_6ba67d91_0,IEPA.d146.s353:stanza_craft+coref_6ba67d91_0:projection-plan
iepa,IEPA.d146.s354,0,1,positive,positive,emitted,pair_candidate_exists,applied,emitted,1,structural|AB|occur|to|verbal,occur,clause,asserted,directed,stanza_craft+coref_aef0f33c_0:rel:0,stanza_craft+coref_aef0f33c_0,IEPA.d146.s354:stanza_craft+coref_aef0f33c_0:projection-plan
iepa,IEPA.d146.s355,0,1,negative,negative,pair_not_proposed,same_event_no_pair,not_generated,pair_not_proposed,0,,,,,,,stanza_craft+coref_a68d98ea_0|stanza_craft+coref_a68d98ea_2,IEPA.d146.s355:stanza_craft+coref_a68d98ea_0:projection-plan|IEPA.d146.s355:stanza_craft+coref_a68d98ea_2:projection-plan
iepa,IEPA.d146.s356,0,1,positive,negative,argument_not_bound,one_endpoint,not_generated,argument_not_bound,0,,,,,,,stanza_craft+coref_fc941870_1,IEPA.d146.s356:stanza_craft+coref_fc941870_1:projection-plan
iepa,IEPA.d147.s357,0,1,negative,positive,emitted_gold_disagreement,pair_candidate_exists,applied,emitted_gold_disagreement,1,structural|AB|phosphorylate|_|verbal,phosphorylate,clause,asserted,directed,stanza_craft+coref_71a35260_1:rel:0,stanza_craft+coref_71a35260_0|stanza_craft+coref_71a35260_1,IEPA.d147.s357:stanza_craft+coref_71a35260_0:projection-plan|IEPA.d147.s357:stanza_craft+coref_71a35260_1:projection-plan
iepa,IEPA.d147.s358,0,1,positive,negative,pair_not_proposed,same_event_no_pair,not_generated,pair_not_proposed,0,,,,,,,stanza_craft+coref_1c6c68de_0|stanza_craft+coref_1c6c68de_1,IEPA.d147.s358:stanza_craft+coref_1c6c68de_0:projection-plan|IEPA.d147.s358:stanza_craft+coref_1c6c68de_1:projection-plan
iepa,IEPA.d147.s358,1,2,negative,positive,emitted_gold_disagreement,pair_candidate_exists,applied,emitted_gold_disagreement,1,structural|AB|double|_|passive,double,clause,asserted,directed,stanza_craft+coref_1c6c68de_1:rel:0,stanza_craft+coref_1c6c68de_0|stanza_craft+coref_1c6c68de_1,IEPA.d147.s358:stanza_craft+coref_1c6c68de_0:projection-plan|IEPA.d147.s358:stanza_craft+coref_1c6c68de_1:projection-plan
iepa,IEPA.d148.s359,0,1,negative,negative,pair_not_proposed,same_event_no_pair,not_generated,pair_not_proposed,0,,,,,,,stanza_craft+coref_49e983ca_0|stanza_craft+coref_49e983ca_1,IEPA.d148.s359:stanza_craft+coref_49e983ca_0:projection-plan|IEPA.d148.s359:stanza_craft+coref_49e983ca_1:projection-plan
iepa,IEPA.d148.s360,0,1,negative,positive,emitted_gold_disagreement,pair_candidate_exists,applied,emitted_gold_disagreement,1,structural|AB|code|for|verbal,code,clause,asserted,directed,stanza_craft+coref_acb33949_1:rel:0,stanza_craft+coref_acb33949_0|stanza_craft+coref_acb33949_1,IEPA.d148.s360:stanza_craft+coref_acb33949_0:projection-plan|IEPA.d148.s360:stanza_craft+coref_acb33949_1:projection-plan
iepa,IEPA.d148.s361,0,1,negative,negative,pair_not_proposed,same_event_no_pair,not_generated,pair_not_proposed,0,,,,,,,stanza_craft+coref_8f463991_0|stanza_craft+coref_8f463991_1|stanza_craft+coref_8f463991_2|stanza_craft+coref_8f463991_3,IEPA.d148.s361:stanza_craft+coref_8f463991_0:projection-plan|IEPA.d148.s361:stanza_craft+coref_8f463991_1:projection-plan|IEPA.d148.s361:stanza_craft+coref_8f463991_2:projection-plan|IEPA.d148.s361:stanza_craft+coref_8f463991_3:projection-plan
iepa,IEPA.d149.s362,0,1,positive,positive,emitted,pair_candidate_exists,applied,emitted,1,structural|AB|produce|_|verbal,produce,clause,asserted,directed,stanza_craft+coref_d2f28c10_0:rel:0,stanza_craft+coref_d2f28c10_0,IEPA.d149.s362:stanza_craft+coref_d2f28c10_0:projection-plan
iepa,IEPA.d15.s32,0,1,positive,positive,emitted,pair_candidate_exists,applied,emitted,1,structural|AB|have|_|verbal,have,clause,asserted,directed,stanza_craft+coref_7b6c03a1_0:rel:0,stanza_craft+coref_7b6c03a1_0|stanza_craft+coref_7b6c03a1_1,IEPA.d15.s32:stanza_craft+coref_7b6c03a1_0:projection-plan|IEPA.d15.s32:stanza_craft+coref_7b6c03a1_1:projection-plan
iepa,IEPA.d150.s363,0,1,positive,negative,argument_not_bound,one_endpoint,not_generated,argument_not_bound,0,,,,,,,stanza_craft+coref_dd4a4864_2|stanza_craft+coref_dd4a4864_3,IEPA.d150.s363:stanza_craft+coref_dd4a4864_2:projection-plan|IEPA.d150.s363:stanza_craft+coref_dd4a4864_3:projection-plan
iepa,IEPA.d150.s364,0,1,positive,positive,emitted,pair_candidate_exists,applied,emitted,1,structural|AB|decrease|_|verbal,decrease,clause,asserted,directed,stanza_craft+coref_99a250da_0:rel:0,stanza_craft+coref_99a250da_0|stanza_craft+coref_99a250da_1|stanza_craft+coref_99a250da_2,IEPA.d150.s364:stanza_craft+coref_99a250da_0:projection-plan|IEPA.d150.s364:stanza_craft+coref_99a250da_1:projection-plan|IEPA.d150.s364:stanza_craft+coref_99a250da_2:projection-plan
iepa,IEPA.d151.s365,0,1,positive,positive,emitted,pair_candidate_exists,applied,emitted,1,structural|AA|relationship|among|nominalized,relationship,event_nominal,asserted,undirected,stanza_craft+coref_39f7baac_1:rel:0,stanza_craft+coref_39f7baac_1,IEPA.d151.s365:stanza_craft+coref_39f7baac_1:projection-plan
iepa,IEPA.d151.s366,0,1,negative,negative,pair_not_proposed,same_event_no_pair,not_generated,pair_not_proposed,0,,,,,,,stanza_craft+coref_72ad9220_1|stanza_craft+coref_72ad9220_2,IEPA.d151.s366:stanza_craft+coref_72ad9220_1:projection-plan|IEPA.d151.s366:stanza_craft+coref_72ad9220_2:projection-plan
iepa,IEPA.d151.s367,0,1,negative,negative,pair_not_proposed,same_event_no_pair,not_generated,pair_not_proposed,0,,,,,,,stanza_craft+coref_a73d91c9_1|stanza_craft+coref_a73d91c9_4,IEPA.d151.s367:stanza_craft+coref_a73d91c9_1:projection-plan|IEPA.d151.s367:stanza_craft+coref_a73d91c9_4:projection-plan
iepa,IEPA.d152.s368,0,1,negative,negative,pair_not_proposed,same_event_no_pair,not_generated,pair_not_proposed,0,,,,,,,stanza_craft+coref_323f3dad_0|stanza_craft+coref_323f3dad_2,IEPA.d152.s368:stanza_craft+coref_323f3dad_0:projection-plan|IEPA.d152.s368:stanza_craft+coref_323f3dad_2:projection-plan
iepa,IEPA.d153.s369,0,1,positive,positive,emitted,pair_candidate_exists,applied,emitted,1,structural|AB|modulate|_|verbal,modulate,clause,asserted,directed,stanza_craft+coref_e1086ac4_0:rel:0,stanza_craft+coref_e1086ac4_0|stanza_craft+coref_e1086ac4_1,IEPA.d153.s369:stanza_craft+coref_e1086ac4_0:projection-plan|IEPA.d153.s369:stanza_craft+coref_e1086ac4_1:projection-plan
iepa,IEPA.d154.s370,0,1,positive,negative,pair_not_proposed,same_event_no_pair,not_generated,pair_not_proposed,0,,,,,,,stanza_craft+coref_804b278d_0,IEPA.d154.s370:stanza_craft+coref_804b278d_0:projection-plan
iepa,IEPA.d155.s372,0,1,negative,negative,assertion_suppressed,pair_candidate_exists,blocked_assertion,assertion_suppressed,1,structural|AB|increase|_|verbal,increase,clause,negated,directed,stanza_craft+coref_663dbf99_0:rel:0,stanza_craft+coref_663dbf99_0,IEPA.d155.s372:stanza_craft+coref_663dbf99_0:projection-plan
iepa,IEPA.d156.s373,0,1,positive,negative,argument_not_bound,separate_events,not_generated,argument_not_bound,0,,,,,,,stanza_craft+coref_4794096b_0|stanza_craft+coref_4794096b_2,IEPA.d156.s373:stanza_craft+coref_4794096b_0:projection-plan|IEPA.d156.s373:stanza_craft+coref_4794096b_2:projection-plan
iepa,IEPA.d157.s374,0,1,positive,negative,proposal_not_applied,pair_candidate_exists,not_applied,no_projectable_pairs,1,structural|NESTED|induce|_|nested,induce,clause,asserted,nested_review,stanza_craft+coref_ace56db3_2:rel:0,stanza_craft+coref_ace56db3_0|stanza_craft+coref_ace56db3_1|stanza_craft+coref_ace56db3_2,IEPA.d157.s374:stanza_craft+coref_ace56db3_0:projection-plan|IEPA.d157.s374:stanza_craft+coref_ace56db3_1:projection-plan|IEPA.d157.s374:stanza_craft+coref_ace56db3_2:projection-plan
iepa,IEPA.d157.s375,0,1,positive,negative,proposal_not_applied,pair_candidate_exists,not_applied,no_projectable_pairs,1,structural|NESTED|induce|_|nested,induce,clause,asserted,nested_review,stanza_craft+coref_0575d9f8_3:rel:0,stanza_craft+coref_0575d9f8_1|stanza_craft+coref_0575d9f8_2|stanza_craft+coref_0575d9f8_3,IEPA.d157.s375:stanza_craft+coref_0575d9f8_1:projection-plan|IEPA.d157.s375:stanza_craft+coref_0575d9f8_2:projection-plan|IEPA.d157.s375:stanza_craft+coref_0575d9f8_3:projection-plan
iepa,IEPA.d157.s376,0,1,positive,negative,argument_not_bound,one_endpoint,not_generated,argument_not_bound,0,,,,,,,stanza_craft+coref_cfc44d03_1|stanza_craft+coref_cfc44d03_2,IEPA.d157.s376:stanza_craft+coref_cfc44d03_1:projection-plan|IEPA.d157.s376:stanza_craft+coref_cfc44d03_2:projection-plan
iepa,IEPA.d158.s379,0,1,negative,negative,pair_not_proposed,same_event_no_pair,not_generated,pair_not_proposed,0,,,,,,,stanza_craft+coref_caa4f769_0|stanza_craft+coref_caa4f769_1|stanza_craft+coref_caa4f769_4|stanza_craft+coref_caa4f769_5|stanza_craft+coref_caa4f769_6,IEPA.d158.s379:stanza_craft+coref_caa4f769_0:projection-plan|IEPA.d158.s379:stanza_craft+coref_caa4f769_1:projection-plan|IEPA.d158.s379:stanza_craft+coref_caa4f769_4:projection-plan|IEPA.d158.s379:stanza_craft+coref_caa4f769_5:projection-plan|IEPA.d158.s379:stanza_craft+coref_caa4f769_6:projection-plan
iepa,IEPA.d159.s382,0,1,positive,positive,emitted,pair_candidate_exists,applied,emitted,1,structural|AB|correlate|with|verbal,correlate,clause,asserted,directed,stanza_craft+coref_93154310_0:rel:0,stanza_craft+coref_93154310_0,IEPA.d159.s382:stanza_craft+coref_93154310_0:projection-plan
iepa,IEPA.d159.s383,0,1,positive,negative,argument_not_bound,one_endpoint,not_generated,argument_not_bound,0,,,,,,,stanza_craft+coref_622a5fbb_0|stanza_craft+coref_622a5fbb_1,IEPA.d159.s383:stanza_craft+coref_622a5fbb_0:projection-plan|IEPA.d159.s383:stanza_craft+coref_622a5fbb_1:projection-plan
iepa,IEPA.d159.s384,0,1,positive,positive,emitted,pair_candidate_exists,applied,emitted,1,structural|AB|link|to|verbal,link,clause,asserted,directed,stanza_craft+coref_be675157_1:rel:0,stanza_craft+coref_be675157_0|stanza_craft+coref_be675157_1,IEPA.d159.s384:stanza_craft+coref_be675157_0:projection-plan|IEPA.d159.s384:stanza_craft+coref_be675157_1:projection-plan
iepa,IEPA.d161.s386,0,1,negative,negative,pair_not_proposed,same_event_no_pair,not_generated,pair_not_proposed,0,,,,,,,stanza_craft+coref_7ea60acb_0,IEPA.d161.s386:stanza_craft+coref_7ea60acb_0:projection-plan
iepa,IEPA.d161.s386,0,2,negative,negative,pair_not_proposed,same_event_no_pair,not_generated,pair_not_proposed,0,,,,,,,stanza_craft+coref_7ea60acb_0,IEPA.d161.s386:stanza_craft+coref_7ea60acb_0:projection-plan
iepa,IEPA.d161.s386,1,2,negative,negative,pair_not_proposed,same_event_no_pair,not_generated,pair_not_proposed,0,,,,,,,stanza_craft+coref_7ea60acb_0,IEPA.d161.s386:stanza_craft+coref_7ea60acb_0:projection-plan
iepa,IEPA.d161.s387,0,1,negative,negative,pair_not_proposed,same_event_no_pair,not_generated,pair_not_proposed,0,,,,,,,stanza_craft+coref_be5bd290_0|stanza_craft+coref_be5bd290_1|stanza_craft+coref_be5bd290_3,IEPA.d161.s387:stanza_craft+coref_be5bd290_0:projection-plan|IEPA.d161.s387:stanza_craft+coref_be5bd290_1:projection-plan|IEPA.d161.s387:stanza_craft+coref_be5bd290_3:projection-plan
iepa,IEPA.d161.s387,0,2,negative,negative,pair_not_proposed,same_event_no_pair,not_generated,pair_not_proposed,0,,,,,,,stanza_craft+coref_be5bd290_0|stanza_craft+coref_be5bd290_1|stanza_craft+coref_be5bd290_3,IEPA.d161.s387:stanza_craft+coref_be5bd290_0:projection-plan|IEPA.d161.s387:stanza_craft+coref_be5bd290_1:projection-plan|IEPA.d161.s387:stanza_craft+coref_be5bd290_3:projection-plan
iepa,IEPA.d161.s387,1,2,negative,negative,pair_not_proposed,same_event_no_pair,not_generated,pair_not_proposed,0,,,,,,,stanza_craft+coref_be5bd290_0|stanza_craft+coref_be5bd290_1|stanza_craft+coref_be5bd290_3,IEPA.d161.s387:stanza_craft+coref_be5bd290_0:projection-plan|IEPA.d161.s387:stanza_craft+coref_be5bd290_1:projection-plan|IEPA.d161.s387:stanza_craft+coref_be5bd290_3:projection-plan
iepa,IEPA.d161.s389,0,1,negative,negative,pair_not_proposed,same_event_no_pair,not_generated,pair_not_proposed,0,,,,,,,stanza_craft+coref_58823af5_1|stanza_craft+coref_58823af5_3,IEPA.d161.s389:stanza_craft+coref_58823af5_1:projection-plan|IEPA.d161.s389:stanza_craft+coref_58823af5_3:projection-plan
iepa,IEPA.d161.s389,0,2,negative,negative,pair_not_proposed,same_event_no_pair,not_generated,pair_not_proposed,0,,,,,,,stanza_craft+coref_58823af5_1|stanza_craft+coref_58823af5_3,IEPA.d161.s389:stanza_craft+coref_58823af5_1:projection-plan|IEPA.d161.s389:stanza_craft+coref_58823af5_3:projection-plan
iepa,IEPA.d161.s389,1,2,negative,negative,pair_not_proposed,same_event_no_pair,not_generated,pair_not_proposed,0,,,,,,,stanza_craft+coref_58823af5_1|stanza_craft+coref_58823af5_3,IEPA.d161.s389:stanza_craft+coref_58823af5_1:projection-plan|IEPA.d161.s389:stanza_craft+coref_58823af5_3:projection-plan
iepa,IEPA.d162.s391,0,1,positive,positive,emitted,pair_candidate_exists,applied,emitted,1,structural|AB|regulate|of|nominalized,regulate,event_nominal,asserted,directed,stanza_craft+coref_97fd0ceb_2:rel:0,stanza_craft+coref_97fd0ceb_1|stanza_craft+coref_97fd0ceb_2,IEPA.d162.s391:stanza_craft+coref_97fd0ceb_1:projection-plan|IEPA.d162.s391:stanza_craft+coref_97fd0ceb_2:projection-plan
iepa,IEPA.d162.s392,0,1,negative,negative,pair_not_proposed,same_event_no_pair,not_generated,pair_not_proposed,0,,,,,,,stanza_craft+coref_83d981d5_0,IEPA.d162.s392:stanza_craft+coref_83d981d5_0:projection-plan
iepa,IEPA.d162.s393,0,1,positive,positive,emitted,pair_candidate_exists,applied,emitted,1,structural|AB|diminish|_|verbal,diminish,clause,asserted,directed,stanza_craft+coref_f251cd3e_0:rel:0,stanza_craft+coref_f251cd3e_0,IEPA.d162.s393:stanza_craft+coref_f251cd3e_0:projection-plan
iepa,IEPA.d165.s397,0,1,positive,positive,emitted,pair_candidate_exists,applied,emitted,1,structural|AA|interact|between|nominalized,interact,event_nominal,asserted,undirected,stanza_craft+coref_375f7388_1:rel:0,stanza_craft+coref_375f7388_0|stanza_craft+coref_375f7388_1,IEPA.d165.s397:stanza_craft+coref_375f7388_0:projection-plan|IEPA.d165.s397:stanza_craft+coref_375f7388_1:projection-plan
iepa,IEPA.d165.s398,0,1,negative,negative,pair_not_proposed,same_event_no_pair,not_generated,pair_not_proposed,0,,,,,,,stanza_craft+coref_6a578ca3_0|stanza_craft+coref_6a578ca3_1,IEPA.d165.s398:stanza_craft+coref_6a578ca3_0:projection-plan|IEPA.d165.s398:stanza_craft+coref_6a578ca3_1:projection-plan
iepa,IEPA.d165.s399,0,1,negative,negative,proposal_not_applied,pair_candidate_exists,not_applied,blocked_nested_without_group_semantics,1,structural|AA|incubation|with|nominalized,incubation,clause,asserted,undirected,stanza_craft+coref_c0807597_0:rel:0,stanza_craft+coref_c0807597_0,IEPA.d165.s399:stanza_craft+coref_c0807597_0:projection-plan
iepa,IEPA.d165.s400,0,1,negative,negative,pair_not_proposed,same_event_no_pair,not_generated,pair_not_proposed,0,,,,,,,stanza_craft+coref_51e83f61_0,IEPA.d165.s400:stanza_craft+coref_51e83f61_0:projection-plan
iepa,IEPA.d165.s401,0,1,positive,positive,emitted,pair_candidate_exists,applied,emitted,1,structural|AA|interact|_|verbal,interact,clause,asserted,undirected,stanza_craft+coref_e5fd6517_2:rel:0,stanza_craft+coref_e5fd6517_2|stanza_craft+coref_e5fd6517_3,IEPA.d165.s401:stanza_craft+coref_e5fd6517_2:projection-plan|IEPA.d165.s401:stanza_craft+coref_e5fd6517_3:projection-plan
iepa,IEPA.d167.s403,0,1,negative,negative,assertion_suppressed,pair_candidate_exists,blocked_assertion,assertion_suppressed,1,structural|AB|increase|_|passive,increase,clause,negated,directed,stanza_craft+coref_2d23447f_1:rel:1,stanza_craft+coref_2d23447f_1|stanza_craft+coref_2d23447f_2,IEPA.d167.s403:stanza_craft+coref_2d23447f_1:projection-plan|IEPA.d167.s403:stanza_craft+coref_2d23447f_2:projection-plan
iepa,IEPA.d167.s403,0,2,negative,positive,emitted_gold_disagreement,pair_candidate_exists,applied,emitted_gold_disagreement,1,structural|AB|increase|_|passive,increase,clause,asserted,directed,stanza_craft+coref_2d23447f_1:rel:0,stanza_craft+coref_2d23447f_1|stanza_craft+coref_2d23447f_2,IEPA.d167.s403:stanza_craft+coref_2d23447f_1:projection-plan|IEPA.d167.s403:stanza_craft+coref_2d23447f_2:projection-plan
iepa,IEPA.d167.s403,1,2,negative,negative,pair_not_proposed,same_event_no_pair,not_generated,pair_not_proposed,0,,,,,,,stanza_craft+coref_2d23447f_1,IEPA.d167.s403:stanza_craft+coref_2d23447f_1:projection-plan
iepa,IEPA.d168.s404,0,1,positive,positive,emitted,pair_candidate_exists,applied,emitted,1,structural|AB|effect|on|nominalized,effect,event_nominal,asserted,directed,stanza_craft+coref_5c5f6b38_0:rel:0,stanza_craft+coref_5c5f6b38_0,IEPA.d168.s404:stanza_craft+coref_5c5f6b38_0:projection-plan
iepa,IEPA.d168.s405,0,1,positive,negative,argument_not_bound,one_endpoint,not_generated,argument_not_bound,0,,,,,,,stanza_craft+coref_1be9671d_3,IEPA.d168.s405:stanza_craft+coref_1be9671d_3:projection-plan
iepa,IEPA.d168.s405,2,3,positive,positive,emitted,pair_candidate_exists,applied,emitted,1,structural|AB|prevent|_|verbal,prevent,clause,asserted,directed,stanza_craft+coref_1be9671d_4:rel:0,stanza_craft+coref_1be9671d_4,IEPA.d168.s405:stanza_craft+coref_1be9671d_4:projection-plan
iepa,IEPA.d168.s406,0,1,positive,negative,pair_not_proposed,same_event_no_pair,not_generated,pair_not_proposed,0,,,,,,,stanza_craft+coref_565e49d4_0,IEPA.d168.s406:stanza_craft+coref_565e49d4_0:projection-plan
iepa,IEPA.d168.s407,0,1,positive,negative,assertion_suppressed,pair_candidate_exists,blocked_assertion,assertion_suppressed,1,structural|AB|maintain|_|verbal,maintain,clause,negated,directed,stanza_craft+coref_56fe4ac6_0:rel:0,stanza_craft+coref_56fe4ac6_0,IEPA.d168.s407:stanza_craft+coref_56fe4ac6_0:projection-plan
iepa,IEPA.d168.s408,1,2,positive,positive,emitted,pair_candidate_exists,applied,emitted,1,structural|AB|effect|on|nominalized,effect,event_nominal,asserted,directed,stanza_craft+coref_d2815c1a_2:rel:0,stanza_craft+coref_d2815c1a_2,IEPA.d168.s408:stanza_craft+coref_d2815c1a_2:projection-plan
iepa,IEPA.d169.s409,0,1,negative,negative,pair_not_proposed,same_event_no_pair,not_generated,pair_not_proposed,0,,,,,,,stanza_craft+coref_1f7d7779_0|stanza_craft+coref_1f7d7779_1,IEPA.d169.s409:stanza_craft+coref_1f7d7779_0:projection-plan|IEPA.d169.s409:stanza_craft+coref_1f7d7779_1:projection-plan
iepa,IEPA.d17.s34,0,1,negative,negative,pair_not_proposed,same_event_no_pair,not_generated,pair_not_proposed,0,,,,,,,stanza_craft+coref_ad8f2e85_1|stanza_craft+coref_ad8f2e85_3,IEPA.d17.s34:stanza_craft+coref_ad8f2e85_1:projection-plan|IEPA.d17.s34:stanza_craft+coref_ad8f2e85_3:projection-plan
iepa,IEPA.d17.s34,0,2,positive,positive,emitted,pair_candidate_exists,applied,emitted,1,structural|AB|effect|on|nominalized,effect,event_nominal,asserted,directed,stanza_craft+coref_ad8f2e85_3:rel:0,stanza_craft+coref_ad8f2e85_1|stanza_craft+coref_ad8f2e85_3,IEPA.d17.s34:stanza_craft+coref_ad8f2e85_1:projection-plan|IEPA.d17.s34:stanza_craft+coref_ad8f2e85_3:projection-plan
iepa,IEPA.d17.s34,1,2,positive,positive,emitted,pair_candidate_exists,applied,emitted,1,structural|AB|effect|on|nominalized,effect,event_nominal,asserted,directed,stanza_craft+coref_ad8f2e85_3:rel:1,stanza_craft+coref_ad8f2e85_1|stanza_craft+coref_ad8f2e85_3,IEPA.d17.s34:stanza_craft+coref_ad8f2e85_1:projection-plan|IEPA.d17.s34:stanza_craft+coref_ad8f2e85_3:projection-plan
iepa,IEPA.d17.s35,0,1,positive,positive,emitted,pair_candidate_exists,applied,emitted,1,structural|AB|treat|with|verbal,treat,clause,asserted,directed,stanza_craft+coref_38561a20_0:rel:0,stanza_craft+coref_38561a20_0,IEPA.d17.s35:stanza_craft+coref_38561a20_0:projection-plan
iepa,IEPA.d17.s36,0,1,negative,positive,emitted_gold_disagreement,pair_candidate_exists,applied,emitted_gold_disagreement,1,structural|AB|increase|after|nominalized,increase,event_nominal,asserted,directed,stanza_craft+coref_2a333077_2:rel:0,stanza_craft+coref_2a333077_0|stanza_craft+coref_2a333077_2|stanza_craft+coref_2a333077_3,IEPA.d17.s36:stanza_craft+coref_2a333077_0:projection-plan|IEPA.d17.s36:stanza_craft+coref_2a333077_2:projection-plan|IEPA.d17.s36:stanza_craft+coref_2a333077_3:projection-plan
iepa,IEPA.d17.s36,0,2,negative,positive,emitted_gold_disagreement,pair_candidate_exists,applied,emitted_gold_disagreement,1,structural|AB|increase|after|nominalized,increase,event_nominal,asserted,directed,stanza_craft+coref_2a333077_2:rel:1,stanza_craft+coref_2a333077_0|stanza_craft+coref_2a333077_2|stanza_craft+coref_2a333077_3,IEPA.d17.s36:stanza_craft+coref_2a333077_0:projection-plan|IEPA.d17.s36:stanza_craft+coref_2a333077_2:projection-plan|IEPA.d17.s36:stanza_craft+coref_2a333077_3:projection-plan
iepa,IEPA.d17.s36,0,3,positive,negative,argument_not_bound,separate_events,not_generated,argument_not_bound,0,,,,,,,stanza_craft+coref_2a333077_0|stanza_craft+coref_2a333077_1|stanza_craft+coref_2a333077_2,IEPA.d17.s36:stanza_craft+coref_2a333077_0:projection-plan|IEPA.d17.s36:stanza_craft+coref_2a333077_1:projection-plan|IEPA.d17.s36:stanza_craft+coref_2a333077_2:projection-plan
iepa,IEPA.d17.s36,1,2,negative,negative,pair_not_proposed,same_event_no_pair,not_generated,pair_not_proposed,0,,,,,,,stanza_craft+coref_2a333077_0|stanza_craft+coref_2a333077_2|stanza_craft+coref_2a333077_3,IEPA.d17.s36:stanza_craft+coref_2a333077_0:projection-plan|IEPA.d17.s36:stanza_craft+coref_2a333077_2:projection-plan|IEPA.d17.s36:stanza_craft+coref_2a333077_3:projection-plan
iepa,IEPA.d17.s36,1,3,positive,negative,argument_not_bound,separate_events,not_generated,argument_not_bound,0,,,,,,,stanza_craft+coref_2a333077_0|stanza_craft+coref_2a333077_1|stanza_craft+coref_2a333077_2|stanza_craft+coref_2a333077_3,IEPA.d17.s36:stanza_craft+coref_2a333077_0:projection-plan|IEPA.d17.s36:stanza_craft+coref_2a333077_1:projection-plan|IEPA.d17.s36:stanza_craft+coref_2a333077_2:projection-plan|IEPA.d17.s36:stanza_craft+coref_2a333077_3:projection-plan
iepa,IEPA.d17.s36,2,3,positive,negative,argument_not_bound,separate_events,not_generated,argument_not_bound,0,,,,,,,stanza_craft+coref_2a333077_0|stanza_craft+coref_2a333077_1|stanza_craft+coref_2a333077_2|stanza_craft+coref_2a333077_3,IEPA.d17.s36:stanza_craft+coref_2a333077_0:projection-plan|IEPA.d17.s36:stanza_craft+coref_2a333077_1:projection-plan|IEPA.d17.s36:stanza_craft+coref_2a333077_2:projection-plan|IEPA.d17.s36:stanza_craft+coref_2a333077_3:projection-plan
iepa,IEPA.d17.s37,0,1,positive,negative,argument_not_bound,separate_events,not_generated,argument_not_bound,0,,,,,,,stanza_craft+coref_40275e5d_0|stanza_craft+coref_40275e5d_2,IEPA.d17.s37:stanza_craft+coref_40275e5d_0:projection-plan|IEPA.d17.s37:stanza_craft+coref_40275e5d_2:projection-plan
iepa,IEPA.d17.s38,0,1,positive,positive,emitted,pair_candidate_exists,applied,emitted,1,structural|AB|provoke|_|verbal,provoke,clause,asserted,directed,stanza_craft+coref_ac99da21_0:rel:0,stanza_craft+coref_ac99da21_0|stanza_craft+coref_ac99da21_1,IEPA.d17.s38:stanza_craft+coref_ac99da21_0:projection-plan|IEPA.d17.s38:stanza_craft+coref_ac99da21_1:projection-plan
iepa,IEPA.d17.s39,0,1,positive,positive,emitted,pair_candidate_exists,applied,emitted,1,structural|AB|increase|_|verbal,increase,clause,asserted,directed,stanza_craft+coref_fda4823a_0:rel:0,stanza_craft+coref_fda4823a_0,IEPA.d17.s39:stanza_craft+coref_fda4823a_0:projection-plan
iepa,IEPA.d170.s410,0,1,negative,negative,pair_not_proposed,same_event_no_pair,not_generated,pair_not_proposed,0,,,,,,,stanza_craft+coref_7db81027_0,IEPA.d170.s410:stanza_craft+coref_7db81027_0:projection-plan
iepa,IEPA.d170.s412,0,1,positive,positive,emitted,pair_candidate_exists,applied,emitted,1,structural|AB|reduce|_|verbal,reduce,clause,asserted,directed,stanza_craft+coref_b00d062d_0:rel:0,stanza_craft+coref_b00d062d_0,IEPA.d170.s412:stanza_craft+coref_b00d062d_0:projection-plan
iepa,IEPA.d170.s413,0,1,negative,negative,pair_not_proposed,same_event_no_pair,not_generated,pair_not_proposed,0,,,,,,,stanza_craft+coref_fa0856b9_0|stanza_craft+coref_fa0856b9_1,IEPA.d170.s413:stanza_craft+coref_fa0856b9_0:projection-plan|IEPA.d170.s413:stanza_craft+coref_fa0856b9_1:projection-plan
iepa,IEPA.d172.s416,0,1,positive,negative,assertion_suppressed,pair_candidate_exists,blocked_assertion,assertion_suppressed,1,structural|AB|cause|_|verbal,cause,clause,uncertain,directed,stanza_craft+coref_fc6285e0_1:rel:0,stanza_craft+coref_fc6285e0_1|stanza_craft+coref_fc6285e0_2|stanza_craft+coref_fc6285e0_3,IEPA.d172.s416:stanza_craft+coref_fc6285e0_1:projection-plan|IEPA.d172.s416:stanza_craft+coref_fc6285e0_2:projection-plan|IEPA.d172.s416:stanza_craft+coref_fc6285e0_3:projection-plan
iepa,IEPA.d172.s417,0,1,positive,positive,emitted,pair_candidate_exists,applied,emitted,1,structural|AB|stimulate|_|verbal,stimulate,clause,asserted,directed,stanza_craft+coref_427a3c94_0:rel:0,stanza_craft+coref_427a3c94_0,IEPA.d172.s417:stanza_craft+coref_427a3c94_0:projection-plan
iepa,IEPA.d172.s418,0,1,positive,negative,argument_not_bound,one_endpoint,not_generated,argument_not_bound,0,,,,,,,stanza_craft+coref_ce9b0def_1|stanza_craft+coref_ce9b0def_2,IEPA.d172.s418:stanza_craft+coref_ce9b0def_1:projection-plan|IEPA.d172.s418:stanza_craft+coref_ce9b0def_2:projection-plan
iepa,IEPA.d173.s419,0,1,negative,positive,emitted_gold_disagreement,pair_candidate_exists,applied,emitted_gold_disagreement,1,structural|AB|increase|_|passive,increase,clause,asserted,directed,stanza_craft+coref_314eee8a_0:rel:0,stanza_craft+coref_314eee8a_0,IEPA.d173.s419:stanza_craft+coref_314eee8a_0:projection-plan
iepa,IEPA.d173.s421,0,1,positive,positive,emitted,pair_candidate_exists,applied,emitted,1,structural|AB|up-regulate|_|passive,up-regulate,clause,asserted,directed,stanza_craft+coref_318562c5_1:rel:0,stanza_craft+coref_318562c5_1,IEPA.d173.s421:stanza_craft+coref_318562c5_1:projection-plan
iepa,IEPA.d173.s421,0,2,negative,negative,assertion_suppressed,pair_candidate_exists,blocked_assertion,assertion_suppressed,1,structural|AB|up-regulate|_|passive,up-regulate,clause,negated,directed,stanza_craft+coref_318562c5_1:rel:1,stanza_craft+coref_318562c5_1,IEPA.d173.s421:stanza_craft+coref_318562c5_1:projection-plan
iepa,IEPA.d173.s421,1,2,negative,negative,pair_not_proposed,same_event_no_pair,not_generated,pair_not_proposed,0,,,,,,,stanza_craft+coref_318562c5_1,IEPA.d173.s421:stanza_craft+coref_318562c5_1:projection-plan
iepa,IEPA.d174.s422,0,1,negative,negative,pair_not_proposed,same_event_no_pair,not_generated,pair_not_proposed,0,,,,,,,stanza_craft+coref_f6b37fed_0,IEPA.d174.s422:stanza_craft+coref_f6b37fed_0:projection-plan
iepa,IEPA.d174.s422,0,2,negative,negative,pair_not_proposed,same_event_no_pair,not_generated,pair_not_proposed,0,,,,,,,stanza_craft+coref_f6b37fed_0,IEPA.d174.s422:stanza_craft+coref_f6b37fed_0:projection-plan
iepa,IEPA.d174.s422,0,3,positive,negative,argument_not_bound,one_endpoint,not_generated,argument_not_bound,0,,,,,,,stanza_craft+coref_f6b37fed_0,IEPA.d174.s422:stanza_craft+coref_f6b37fed_0:projection-plan
iepa,IEPA.d174.s422,1,2,negative,negative,pair_not_proposed,same_event_no_pair,not_generated,pair_not_proposed,0,,,,,,,stanza_craft+coref_f6b37fed_0,IEPA.d174.s422:stanza_craft+coref_f6b37fed_0:projection-plan
iepa,IEPA.d174.s422,1,3,positive,negative,argument_not_bound,one_endpoint,not_generated,argument_not_bound,0,,,,,,,stanza_craft+coref_f6b37fed_0,IEPA.d174.s422:stanza_craft+coref_f6b37fed_0:projection-plan
iepa,IEPA.d174.s422,2,3,positive,negative,argument_not_bound,one_endpoint,not_generated,argument_not_bound,0,,,,,,,stanza_craft+coref_f6b37fed_0,IEPA.d174.s422:stanza_craft+coref_f6b37fed_0:projection-plan
iepa,IEPA.d174.s423,0,1,positive,positive,emitted,pair_candidate_exists,applied,emitted,1,structural|AB|correlate|with|passive,correlate,clause,asserted,directed,stanza_craft+coref_0190ab17_0:rel:0,stanza_craft+coref_0190ab17_0,IEPA.d174.s423:stanza_craft+coref_0190ab17_0:projection-plan
iepa,IEPA.d174.s423,0,2,positive,positive,emitted,pair_candidate_exists,applied,emitted,1,structural|AB|correlate|with|passive,correlate,clause,asserted,directed,stanza_craft+coref_0190ab17_0:rel:1,stanza_craft+coref_0190ab17_0,IEPA.d174.s423:stanza_craft+coref_0190ab17_0:projection-plan
iepa,IEPA.d174.s423,1,2,negative,negative,pair_not_proposed,same_event_no_pair,not_generated,pair_not_proposed,0,,,,,,,stanza_craft+coref_0190ab17_0,IEPA.d174.s423:stanza_craft+coref_0190ab17_0:projection-plan
iepa,IEPA.d176.s425,0,1,positive,negative,argument_not_bound,one_endpoint,not_generated,argument_not_bound,0,,,,,,,stanza_craft+coref_042a2ca8_0,IEPA.d176.s425:stanza_craft+coref_042a2ca8_0:projection-plan
iepa,IEPA.d177.s426,0,1,positive,negative,argument_not_bound,separate_events,not_generated,argument_not_bound,0,,,,,,,stanza_craft+coref_9b576350_1|stanza_craft+coref_9b576350_2,IEPA.d177.s426:stanza_craft+coref_9b576350_1:projection-plan|IEPA.d177.s426:stanza_craft+coref_9b576350_2:projection-plan
iepa,IEPA.d177.s427,0,1,positive,negative,assertion_suppressed,pair_candidate_exists,blocked_assertion,assertion_suppressed,1,structural|AB|prevent|_|verbal,prevent,clause,negated,directed,stanza_craft+coref_6ee31307_0:rel:0,stanza_craft+coref_6ee31307_0,IEPA.d177.s427:stanza_craft+coref_6ee31307_0:projection-plan
iepa,IEPA.d177.s427,0,2,negative,negative,assertion_suppressed,pair_candidate_exists,blocked_assertion,assertion_suppressed,1,structural|AB|prevent|_|verbal,prevent,clause,negated,directed,stanza_craft+coref_6ee31307_0:rel:1,stanza_craft+coref_6ee31307_0,IEPA.d177.s427:stanza_craft+coref_6ee31307_0:projection-plan
iepa,IEPA.d177.s427,1,2,negative,negative,pair_not_proposed,same_event_no_pair,not_generated,pair_not_proposed,0,,,,,,,stanza_craft+coref_6ee31307_0,IEPA.d177.s427:stanza_craft+coref_6ee31307_0:projection-plan
iepa,IEPA.d177.s428,0,1,negative,negative,pair_not_proposed,same_event_no_pair,not_generated,pair_not_proposed,0,,,,,,,stanza_craft+coref_eea59271_2,IEPA.d177.s428:stanza_craft+coref_eea59271_2:projection-plan
iepa,IEPA.d178.s429,0,1,positive,positive,emitted,pair_candidate_exists,applied,emitted,1,structural|AB|couple|to|nominalized,couple,clause,asserted,directed,stanza_craft+coref_e36e5593_0:rel:0,stanza_craft+coref_e36e5593_0,IEPA.d178.s429:stanza_craft+coref_e36e5593_0:projection-plan
iepa,IEPA.d179.s430,0,1,positive,negative,argument_not_bound,separate_events,not_generated,argument_not_bound,0,,,,,,,stanza_craft+coref_05c7759f_0|stanza_craft+coref_05c7759f_1,IEPA.d179.s430:stanza_craft+coref_05c7759f_0:projection-plan|IEPA.d179.s430:stanza_craft+coref_05c7759f_1:projection-plan
iepa,IEPA.d18.s40,0,1,negative,positive,emitted_gold_disagreement,pair_candidate_exists,applied,emitted_gold_disagreement,1,structural|AB|adjust|for|passive,adjust,clause,asserted,directed,stanza_craft+coref_4d401626_0:rel:0,stanza_craft+coref_4d401626_0,IEPA.d18.s40:stanza_craft+coref_4d401626_0:projection-plan
iepa,IEPA.d180.s431,0,1,positive,negative,pair_not_proposed,same_event_no_pair,not_generated,pair_not_proposed,0,,,,,,,stanza_craft+coref_4bf56494_0,IEPA.d180.s431:stanza_craft+coref_4bf56494_0:projection-plan
iepa,IEPA.d180.s432,0,1,positive,positive,emitted,pair_candidate_exists,applied,emitted,1,structural|AB|decrease|_|verbal,decrease,clause,asserted,directed,stanza_craft+coref_c3c7ab08_2:rel:0,stanza_craft+coref_c3c7ab08_0|stanza_craft+coref_c3c7ab08_2,IEPA.d180.s432:stanza_craft+coref_c3c7ab08_0:projection-plan|IEPA.d180.s432:stanza_craft+coref_c3c7ab08_2:projection-plan
iepa,IEPA.d180.s433,0,1,negative,negative,pair_not_proposed,same_event_no_pair,not_generated,pair_not_proposed,0,,,,,,,stanza_craft+coref_4f3c98ec_0|stanza_craft+coref_4f3c98ec_1,IEPA.d180.s433:stanza_craft+coref_4f3c98ec_0:projection-plan|IEPA.d180.s433:stanza_craft+coref_4f3c98ec_1:projection-plan
iepa,IEPA.d180.s434,0,1,positive,positive,emitted,pair_candidate_exists,applied,emitted,1,structural|AB|increase|_|verbal,increase,clause,asserted,directed,stanza_craft+coref_c486396a_0:rel:0,stanza_craft+coref_c486396a_0,IEPA.d180.s434:stanza_craft+coref_c486396a_0:projection-plan
iepa,IEPA.d181.s435,0,1,positive,positive,emitted,pair_candidate_exists,applied,emitted,1,structural|AB|stimulate|_|passive,stimulate,clause,asserted,directed,stanza_craft+coref_c6871fe1_0:rel:0,stanza_craft+coref_c6871fe1_0,IEPA.d181.s435:stanza_craft+coref_c6871fe1_0:projection-plan
iepa,IEPA.d182.s436,0,1,positive,negative,argument_not_bound,one_endpoint,not_generated,argument_not_bound,0,,,,,,,stanza_craft+coref_269f49a3_0|stanza_craft+coref_269f49a3_1|stanza_craft+coref_269f49a3_2,IEPA.d182.s436:stanza_craft+coref_269f49a3_0:projection-plan|IEPA.d182.s436:stanza_craft+coref_269f49a3_1:projection-plan|IEPA.d182.s436:stanza_craft+coref_269f49a3_2:projection-plan
iepa,IEPA.d183.s438,0,1,negative,negative,pair_not_proposed,same_event_no_pair,not_generated,pair_not_proposed,0,,,,,,,stanza_craft+coref_f7f2a3e7_1,IEPA.d183.s438:stanza_craft+coref_f7f2a3e7_1:projection-plan
iepa,IEPA.d183.s439,0,1,negative,negative,pair_not_proposed,same_event_no_pair,not_generated,pair_not_proposed,0,,,,,,,stanza_craft+coref_a81ac3a8_0|stanza_craft+coref_a81ac3a8_1|stanza_craft+coref_a81ac3a8_2,IEPA.d183.s439:stanza_craft+coref_a81ac3a8_0:projection-plan|IEPA.d183.s439:stanza_craft+coref_a81ac3a8_1:projection-plan|IEPA.d183.s439:stanza_craft+coref_a81ac3a8_2:projection-plan
iepa,IEPA.d183.s440,0,1,negative,negative,pair_not_proposed,same_event_no_pair,not_generated,pair_not_proposed,0,,,,,,,stanza_craft+coref_616eee5c_0,IEPA.d183.s440:stanza_craft+coref_616eee5c_0:projection-plan
iepa,IEPA.d186.s445,0,1,positive,positive,emitted,pair_candidate_exists,applied,emitted,1,structural|AB|account|for|verbal,account,clause,asserted,directed,stanza_craft+coref_da37a04c_0:rel:0,stanza_craft+coref_da37a04c_0,IEPA.d186.s445:stanza_craft+coref_da37a04c_0:projection-plan
iepa,IEPA.d187.s446,0,1,positive,negative,argument_not_bound,one_endpoint,not_generated,argument_not_bound,0,,,,,,,stanza_craft+coref_0db06d9f_0,IEPA.d187.s446:stanza_craft+coref_0db06d9f_0:projection-plan
iepa,IEPA.d187.s447,0,1,positive,negative,argument_not_bound,one_endpoint,not_generated,argument_not_bound,0,,,,,,,stanza_craft+coref_ca6c4d83_0|stanza_craft+coref_ca6c4d83_1,IEPA.d187.s447:stanza_craft+coref_ca6c4d83_0:projection-plan|IEPA.d187.s447:stanza_craft+coref_ca6c4d83_1:projection-plan
iepa,IEPA.d187.s448,0,1,positive,negative,proposal_not_applied,pair_candidate_exists,not_applied,no_projectable_pairs,1,structural|NESTED|induce|_|nested,induce,clause,asserted,nested_review,stanza_craft+coref_e8ff6571_2:rel:0,stanza_craft+coref_e8ff6571_1|stanza_craft+coref_e8ff6571_2,IEPA.d187.s448:stanza_craft+coref_e8ff6571_1:projection-plan|IEPA.d187.s448:stanza_craft+coref_e8ff6571_2:projection-plan
iepa,IEPA.d187.s449,0,1,positive,negative,argument_not_bound,one_endpoint,not_generated,argument_not_bound,0,,,,,,,stanza_craft+coref_739b7d2a_0,IEPA.d187.s449:stanza_craft+coref_739b7d2a_0:projection-plan
iepa,IEPA.d187.s450,0,1,positive,negative,proposal_not_applied,pair_candidate_exists,not_applied,no_projectable_pairs,1,structural|NESTED|induce|_|nested,induce,clause,asserted,nested_review,stanza_craft+coref_33d8824a_6:rel:0,stanza_craft+coref_33d8824a_1|stanza_craft+coref_33d8824a_5|stanza_craft+coref_33d8824a_6,IEPA.d187.s450:stanza_craft+coref_33d8824a_1:projection-plan|IEPA.d187.s450:stanza_craft+coref_33d8824a_5:projection-plan|IEPA.d187.s450:stanza_craft+coref_33d8824a_6:projection-plan
iepa,IEPA.d188.s451,0,1,positive,negative,argument_not_bound,one_endpoint,not_generated,argument_not_bound,0,,,,,,,stanza_craft+coref_a42502ea_1|stanza_craft+coref_a42502ea_2,IEPA.d188.s451:stanza_craft+coref_a42502ea_1:projection-plan|IEPA.d188.s451:stanza_craft+coref_a42502ea_2:projection-plan
iepa,IEPA.d188.s452,0,1,positive,negative,event_not_found,neither_endpoint,not_generated,event_not_found,0,,,,,,,,
iepa,IEPA.d189.s453,0,1,negative,positive,emitted_gold_disagreement,pair_candidate_exists,applied,emitted_gold_disagreement,1,structural|AB|signal|_|nominalized,signal,event_nominal,asserted,directed,stanza_craft+coref_97d8fcf2_0:rel:0,stanza_craft+coref_97d8fcf2_0,IEPA.d189.s453:stanza_craft+coref_97d8fcf2_0:projection-plan
iepa,IEPA.d190.s454,0,1,positive,positive,emitted,pair_candidate_exists,applied,emitted,1,structural|AB|release|from|verbal,release,clause,asserted,directed,stanza_craft+coref_976cef09_0:rel:0,stanza_craft+coref_976cef09_0|stanza_craft+coref_976cef09_1,IEPA.d190.s454:stanza_craft+coref_976cef09_0:projection-plan|IEPA.d190.s454:stanza_craft+coref_976cef09_1:projection-plan
iepa,IEPA.d190.s455,0,1,positive,positive,emitted,pair_candidate_exists,applied,emitted,1,structural|AB|act|through|verbal,act,clause,asserted,directed,stanza_craft+coref_bea4ea6b_0:rel:0,stanza_craft+coref_bea4ea6b_0,IEPA.d190.s455:stanza_craft+coref_bea4ea6b_0:projection-plan
iepa,IEPA.d190.s456,0,1,negative,negative,pair_not_proposed,same_event_no_pair,not_generated,pair_not_proposed,0,,,,,,,stanza_craft+coref_9ee6d9de_1|stanza_craft+coref_9ee6d9de_2,IEPA.d190.s456:stanza_craft+coref_9ee6d9de_1:projection-plan|IEPA.d190.s456:stanza_craft+coref_9ee6d9de_2:projection-plan
iepa,IEPA.d191.s459,0,1,positive,negative,argument_not_bound,separate_events,not_generated,argument_not_bound,0,,,,,,,stanza_craft+coref_6c525c5b_0|stanza_craft+coref_6c525c5b_1,IEPA.d191.s459:stanza_craft+coref_6c525c5b_0:projection-plan|IEPA.d191.s459:stanza_craft+coref_6c525c5b_1:projection-plan
iepa,IEPA.d192.s460,0,1,positive,positive,emitted,pair_candidate_exists,applied,emitted,1,structural|AB|induce|_|nominalized,induce,event_nominal,asserted,directed,stanza_craft+coref_3f405fd4_1:rel:0,stanza_craft+coref_3f405fd4_0|stanza_craft+coref_3f405fd4_1,IEPA.d192.s460:stanza_craft+coref_3f405fd4_0:projection-plan|IEPA.d192.s460:stanza_craft+coref_3f405fd4_1:projection-plan
iepa,IEPA.d192.s461,0,1,positive,negative,argument_not_bound,separate_events,not_generated,argument_not_bound,0,,,,,,,stanza_craft+coref_732368b7_0|stanza_craft+coref_732368b7_1|stanza_craft+coref_732368b7_2,IEPA.d192.s461:stanza_craft+coref_732368b7_0:projection-plan|IEPA.d192.s461:stanza_craft+coref_732368b7_1:projection-plan|IEPA.d192.s461:stanza_craft+coref_732368b7_2:projection-plan
iepa,IEPA.d192.s461,1,2,negative,positive,emitted_gold_disagreement,pair_candidate_exists,applied,emitted_gold_disagreement,1,structural|AB|encode|_|verbal,encode,clause,asserted,directed,stanza_craft+coref_732368b7_2:rel:0,stanza_craft+coref_732368b7_1|stanza_craft+coref_732368b7_2,IEPA.d192.s461:stanza_craft+coref_732368b7_1:projection-plan|IEPA.d192.s461:stanza_craft+coref_732368b7_2:projection-plan
iepa,IEPA.d192.s462,0,1,positive,negative,pair_not_proposed,same_event_no_pair,not_generated,pair_not_proposed,0,,,,,,,stanza_craft+coref_c566fe22_0,IEPA.d192.s462:stanza_craft+coref_c566fe22_0:projection-plan
iepa,IEPA.d192.s463,0,1,positive,negative,pair_not_proposed,same_event_no_pair,not_generated,pair_not_proposed,0,,,,,,,stanza_craft+coref_051e6eb6_1,IEPA.d192.s463:stanza_craft+coref_051e6eb6_1:projection-plan
iepa,IEPA.d194.s465,0,1,positive,negative,argument_not_bound,one_endpoint,not_generated,argument_not_bound,0,,,,,,,stanza_craft+coref_227ae430_0,IEPA.d194.s465:stanza_craft+coref_227ae430_0:projection-plan
iepa,IEPA.d194.s468,0,1,positive,negative,argument_not_bound,separate_events,not_generated,argument_not_bound,0,,,,,,,stanza_craft+coref_66217704_0|stanza_craft+coref_66217704_1,IEPA.d194.s468:stanza_craft+coref_66217704_0:projection-plan|IEPA.d194.s468:stanza_craft+coref_66217704_1:projection-plan
iepa,IEPA.d195.s469,0,1,positive,positive,emitted,pair_candidate_exists,applied,emitted,1,structural|AB|inhibit|_|verbal,inhibit,clause,asserted,directed,stanza_craft+coref_56f82a0b_0:rel:0,stanza_craft+coref_56f82a0b_0|stanza_craft+coref_56f82a0b_1,IEPA.d195.s469:stanza_craft+coref_56f82a0b_0:projection-plan|IEPA.d195.s469:stanza_craft+coref_56f82a0b_1:projection-plan
iepa,IEPA.d195.s470,0,1,positive,positive,emitted,pair_candidate_exists,applied,emitted,1,structural|AB|alter|_|verbal,alter,clause,asserted,directed,stanza_craft+coref_bcb4dd95_1:rel:0,stanza_craft+coref_bcb4dd95_0|stanza_craft+coref_bcb4dd95_1|stanza_craft+coref_bcb4dd95_2,IEPA.d195.s470:stanza_craft+coref_bcb4dd95_0:projection-plan|IEPA.d195.s470:stanza_craft+coref_bcb4dd95_1:projection-plan|IEPA.d195.s470:stanza_craft+coref_bcb4dd95_2:projection-plan
iepa,IEPA.d195.s471,0,1,negative,negative,pair_not_proposed,same_event_no_pair,not_generated,pair_not_proposed,0,,,,,,,stanza_craft+coref_b860a20b_0,IEPA.d195.s471:stanza_craft+coref_b860a20b_0:projection-plan
iepa,IEPA.d195.s472,0,1,negative,negative,assertion_suppressed,pair_candidate_exists,blocked_assertion,assertion_suppressed,1,structural|AB|effect|on|nominalized,effect,event_nominal,negated,directed,stanza_craft+coref_5098c833_0:rel:0,stanza_craft+coref_5098c833_0,IEPA.d195.s472:stanza_craft+coref_5098c833_0:projection-plan
iepa,IEPA.d195.s473,0,1,negative,negative,assertion_suppressed,pair_candidate_exists,blocked_assertion,assertion_suppressed,1,structural|AB|alter|_|verbal,alter,clause,negated,directed,stanza_craft+coref_134a7b19_0:rel:0,stanza_craft+coref_134a7b19_0,IEPA.d195.s473:stanza_craft+coref_134a7b19_0:projection-plan
iepa,IEPA.d195.s474,0,1,positive,negative,pair_not_proposed,same_event_no_pair,not_generated,pair_not_proposed,0,,,,,,,stanza_craft+coref_f529dc54_1,IEPA.d195.s474:stanza_craft+coref_f529dc54_1:projection-plan
iepa,IEPA.d195.s475,0,1,positive,positive,emitted,pair_candidate_exists,applied,emitted,1,structural|AB|influence|_|verbal,influence,clause,asserted,directed,stanza_craft+coref_e4de8138_0:rel:0,stanza_craft+coref_e4de8138_0,IEPA.d195.s475:stanza_craft+coref_e4de8138_0:projection-plan
iepa,IEPA.d197.s478,0,1,positive,negative,relational_review_only,pair_candidate_exists,review_only,relational_review_only,1,relational|RELATIONAL|is-a|_|verbal,,appositive,asserted,relational,stanza_craft+coref_9892cf90_0:rel:0,stanza_craft+coref_9892cf90_0,IEPA.d197.s478:stanza_craft+coref_9892cf90_0:projection-plan
iepa,IEPA.d197.s479,0,1,positive,positive,emitted,pair_candidate_exists,applied,emitted,1,structural|AB|interact|with|verbal,interact,clause,asserted,directed,stanza_craft+coref_d0dba51b_0:rel:0,stanza_craft+coref_d0dba51b_0|stanza_craft+coref_d0dba51b_1,IEPA.d197.s479:stanza_craft+coref_d0dba51b_0:projection-plan|IEPA.d197.s479:stanza_craft+coref_d0dba51b_1:projection-plan
iepa,IEPA.d197.s481,0,1,positive,negative,argument_not_bound,separate_events,not_generated,argument_not_bound,0,,,,,,,stanza_craft+coref_1bc53a97_0|stanza_craft+coref_1bc53a97_1|stanza_craft+coref_1bc53a97_3,IEPA.d197.s481:stanza_craft+coref_1bc53a97_0:projection-plan|IEPA.d197.s481:stanza_craft+coref_1bc53a97_1:projection-plan|IEPA.d197.s481:stanza_craft+coref_1bc53a97_3:projection-plan
iepa,IEPA.d197.s482,0,1,positive,positive,emitted,pair_candidate_exists,applied,emitted,1,structural|AB|modulate|_|verbal,modulate,clause,asserted,directed,stanza_craft+coref_2b8aa1ca_1:rel:0,stanza_craft+coref_2b8aa1ca_0|stanza_craft+coref_2b8aa1ca_1|stanza_craft+coref_2b8aa1ca_2,IEPA.d197.s482:stanza_craft+coref_2b8aa1ca_0:projection-plan|IEPA.d197.s482:stanza_craft+coref_2b8aa1ca_1:projection-plan|IEPA.d197.s482:stanza_craft+coref_2b8aa1ca_2:projection-plan
iepa,IEPA.d197.s482,0,2,negative,positive,emitted_gold_disagreement,pair_candidate_exists,applied,emitted_gold_disagreement,1,structural|AB|modulate|_|verbal,modulate,clause,asserted,directed,stanza_craft+coref_2b8aa1ca_1:rel:1,stanza_craft+coref_2b8aa1ca_0|stanza_craft+coref_2b8aa1ca_1|stanza_craft+coref_2b8aa1ca_2,IEPA.d197.s482:stanza_craft+coref_2b8aa1ca_0:projection-plan|IEPA.d197.s482:stanza_craft+coref_2b8aa1ca_1:projection-plan|IEPA.d197.s482:stanza_craft+coref_2b8aa1ca_2:projection-plan
iepa,IEPA.d197.s482,1,2,negative,negative,relational_review_only,pair_candidate_exists,review_only,relational_review_only,1,relational|RELATIONAL|identity|_|verbal,,appositive,asserted,relational,stanza_craft+coref_2b8aa1ca_2:rel:0,stanza_craft+coref_2b8aa1ca_1|stanza_craft+coref_2b8aa1ca_2,IEPA.d197.s482:stanza_craft+coref_2b8aa1ca_1:projection-plan|IEPA.d197.s482:stanza_craft+coref_2b8aa1ca_2:projection-plan
iepa,IEPA.d198.s483,0,1,positive,positive,emitted,pair_candidate_exists,applied,emitted,1,structural|AB|correlate|with|verbal,correlate,clause,asserted,directed,stanza_craft+coref_beeb3156_1:rel:0,stanza_craft+coref_beeb3156_0|stanza_craft+coref_beeb3156_1,IEPA.d198.s483:stanza_craft+coref_beeb3156_0:projection-plan|IEPA.d198.s483:stanza_craft+coref_beeb3156_1:projection-plan
iepa,IEPA.d199.s484,0,1,positive,positive,emitted,pair_candidate_exists,applied,emitted,1,structural|AB|trigger|_|passive,trigger,clause,asserted,directed,stanza_craft+coref_8cbd0109_0:rel:0,stanza_craft+coref_8cbd0109_0|stanza_craft+coref_8cbd0109_1,IEPA.d199.s484:stanza_craft+coref_8cbd0109_0:projection-plan|IEPA.d199.s484:stanza_craft+coref_8cbd0109_1:projection-plan
iepa,IEPA.d2.s2,0,1,negative,negative,pair_not_proposed,same_event_no_pair,not_generated,pair_not_proposed,0,,,,,,,stanza_craft+coref_8aa0e54c_0|stanza_craft+coref_8aa0e54c_3|stanza_craft+coref_8aa0e54c_4,IEPA.d2.s2:stanza_craft+coref_8aa0e54c_0:projection-plan|IEPA.d2.s2:stanza_craft+coref_8aa0e54c_3:projection-plan|IEPA.d2.s2:stanza_craft+coref_8aa0e54c_4:projection-plan
iepa,IEPA.d2.s2,0,2,positive,negative,pair_not_proposed,same_event_no_pair,not_generated,pair_not_proposed,0,,,,,,,stanza_craft+coref_8aa0e54c_0|stanza_craft+coref_8aa0e54c_3,IEPA.d2.s2:stanza_craft+coref_8aa0e54c_0:projection-plan|IEPA.d2.s2:stanza_craft+coref_8aa0e54c_3:projection-plan
iepa,IEPA.d2.s2,1,2,positive,negative,pair_not_proposed,same_event_no_pair,not_generated,pair_not_proposed,0,,,,,,,stanza_craft+coref_8aa0e54c_0|stanza_craft+coref_8aa0e54c_3|stanza_craft+coref_8aa0e54c_4,IEPA.d2.s2:stanza_craft+coref_8aa0e54c_0:projection-plan|IEPA.d2.s2:stanza_craft+coref_8aa0e54c_3:projection-plan|IEPA.d2.s2:stanza_craft+coref_8aa0e54c_4:projection-plan
iepa,IEPA.d2.s2,2,3,positive,negative,argument_not_bound,one_endpoint,not_generated,argument_not_bound,0,,,,,,,stanza_craft+coref_8aa0e54c_0,IEPA.d2.s2:stanza_craft+coref_8aa0e54c_0:projection-plan
iepa,IEPA.d2.s2,2,4,positive,negative,argument_not_bound,one_endpoint,not_generated,argument_not_bound,0,,,,,,,stanza_craft+coref_8aa0e54c_0,IEPA.d2.s2:stanza_craft+coref_8aa0e54c_0:projection-plan
iepa,IEPA.d2.s3,1,2,positive,negative,proposal_not_applied,pair_candidate_exists,not_applied,no_projectable_pairs,1,structural|NESTED|induce|_|nested,induce,clause,asserted,nested_review,stanza_craft+coref_bc0d6834_5:rel:0,stanza_craft+coref_bc0d6834_3|stanza_craft+coref_bc0d6834_4|stanza_craft+coref_bc0d6834_5,IEPA.d2.s3:stanza_craft+coref_bc0d6834_3:projection-plan|IEPA.d2.s3:stanza_craft+coref_bc0d6834_4:projection-plan|IEPA.d2.s3:stanza_craft+coref_bc0d6834_5:projection-plan
iepa,IEPA.d20.s42,0,1,positive,negative,argument_not_bound,one_endpoint,not_generated,argument_not_bound,0,,,,,,,stanza_craft+coref_471029b6_1|stanza_craft+coref_471029b6_2|stanza_craft+coref_471029b6_3,IEPA.d20.s42:stanza_craft+coref_471029b6_1:projection-plan|IEPA.d20.s42:stanza_craft+coref_471029b6_2:projection-plan|IEPA.d20.s42:stanza_craft+coref_471029b6_3:projection-plan
iepa,IEPA.d20.s43,0,1,positive,positive,emitted,pair_candidate_exists,applied,emitted,1,structural|AB|increase|after|passive,increase,clause,asserted,directed,stanza_craft+coref_f34d1c63_0:rel:0,stanza_craft+coref_f34d1c63_0|stanza_craft+coref_f34d1c63_1,IEPA.d20.s43:stanza_craft+coref_f34d1c63_0:projection-plan|IEPA.d20.s43:stanza_craft+coref_f34d1c63_1:projection-plan
iepa,IEPA.d20.s44,0,1,positive,positive,emitted,pair_candidate_exists,applied,emitted,1,structural|AB|yield|_|verbal,yield,clause,asserted,directed,stanza_craft+coref_13f52209_3:rel:0,stanza_craft+coref_13f52209_1|stanza_craft+coref_13f52209_3|stanza_craft+coref_13f52209_4,IEPA.d20.s44:stanza_craft+coref_13f52209_1:projection-plan|IEPA.d20.s44:stanza_craft+coref_13f52209_3:projection-plan|IEPA.d20.s44:stanza_craft+coref_13f52209_4:projection-plan
iepa,IEPA.d21.s45,0,1,positive,negative,pair_not_proposed,same_event_no_pair,not_generated,pair_not_proposed,0,,,,,,,stanza_craft+coref_9dafd594_2,IEPA.d21.s45:stanza_craft+coref_9dafd594_2:projection-plan
iepa,IEPA.d22.s46,1,2,negative,positive,emitted_gold_disagreement,pair_candidate_exists,applied,emitted_gold_disagreement,1,structural|AB|aggregate|to|verbal,aggregate,clause,asserted,directed,stanza_craft+coref_d94f8185_3:rel:0,stanza_craft+coref_d94f8185_2|stanza_craft+coref_d94f8185_3,IEPA.d22.s46:stanza_craft+coref_d94f8185_2:projection-plan|IEPA.d22.s46:stanza_craft+coref_d94f8185_3:projection-plan
iepa,IEPA.d22.s46,3,4,positive,negative,argument_not_bound,one_endpoint,not_generated,argument_not_bound,0,,,,,,,stanza_craft+coref_d94f8185_7,IEPA.d22.s46:stanza_craft+coref_d94f8185_7:projection-plan
iepa,IEPA.d23.s47,0,1,negative,positive,emitted_gold_disagreement,pair_candidate_exists,applied,emitted_gold_disagreement,2,structural|AA|aggregate|_|compound_state|structural|AB|transform|_|verbal,aggregate|transform,clause|state_nominal,asserted,directed|undirected,stanza_craft+coref_9ee0c2d3_0:rel:0|stanza_craft+coref_9ee0c2d3_2:rel:0,stanza_craft+coref_9ee0c2d3_0|stanza_craft+coref_9ee0c2d3_2,IEPA.d23.s47:stanza_craft+coref_9ee0c2d3_0:projection-plan|IEPA.d23.s47:stanza_craft+coref_9ee0c2d3_2:projection-plan
iepa,IEPA.d23.s47,2,3,positive,negative,argument_not_bound,one_endpoint,not_generated,argument_not_bound,0,,,,,,,stanza_craft+coref_9ee0c2d3_1,IEPA.d23.s47:stanza_craft+coref_9ee0c2d3_1:projection-plan
iepa,IEPA.d24.s48,0,1,positive,positive,emitted,pair_candidate_exists,applied,emitted,1,structural|AB|influence|_|verbal,influence,clause,asserted,directed,stanza_craft+coref_725f9b50_3:rel:0,stanza_craft+coref_725f9b50_2|stanza_craft+coref_725f9b50_3|stanza_craft+coref_725f9b50_4,IEPA.d24.s48:stanza_craft+coref_725f9b50_2:projection-plan|IEPA.d24.s48:stanza_craft+coref_725f9b50_3:projection-plan|IEPA.d24.s48:stanza_craft+coref_725f9b50_4:projection-plan
iepa,IEPA.d24.s49,0,1,positive,positive,emitted,pair_candidate_exists,applied,emitted,1,structural|AB|injection|of|nominalized,injection,event_nominal,asserted,directed,stanza_craft+coref_7478c58b_0:rel:0,stanza_craft+coref_7478c58b_0,IEPA.d24.s49:stanza_craft+coref_7478c58b_0:projection-plan
iepa,IEPA.d24.s50,0,1,positive,positive,emitted,pair_candidate_exists,applied,emitted,1,structural|AB|cause|_|verbal,cause,clause,asserted,directed,stanza_craft+coref_470269ba_1:rel:0,stanza_craft+coref_470269ba_0|stanza_craft+coref_470269ba_1,IEPA.d24.s50:stanza_craft+coref_470269ba_0:projection-plan|IEPA.d24.s50:stanza_craft+coref_470269ba_1:projection-plan
iepa,IEPA.d24.s51,0,1,negative,positive,emitted_gold_disagreement,pair_candidate_exists,applied,emitted_gold_disagreement,1,structural|AB|increase|_|verbal,increase,clause,asserted,directed,stanza_craft+coref_ae88598a_1:rel:0,stanza_craft+coref_ae88598a_0|stanza_craft+coref_ae88598a_1,IEPA.d24.s51:stanza_craft+coref_ae88598a_0:projection-plan|IEPA.d24.s51:stanza_craft+coref_ae88598a_1:projection-plan
iepa,IEPA.d24.s51,2,3,positive,negative,proposal_not_applied,pair_candidate_exists,not_applied,multiple_application_reasons,1,structural|NESTED|induce|_|nested,induce,clause,asserted,nested_review,stanza_craft+coref_ae88598a_4:rel:0,stanza_craft+coref_ae88598a_2|stanza_craft+coref_ae88598a_3|stanza_craft+coref_ae88598a_4,IEPA.d24.s51:stanza_craft+coref_ae88598a_2:projection-plan|IEPA.d24.s51:stanza_craft+coref_ae88598a_3:projection-plan|IEPA.d24.s51:stanza_craft+coref_ae88598a_4:projection-plan
iepa,IEPA.d24.s52,0,1,positive,positive,emitted,pair_candidate_exists,applied,emitted,1,structural|AB|cause|_|verbal,cause,clause,asserted,directed,stanza_craft+coref_c3b7fccb_0:rel:0,stanza_craft+coref_c3b7fccb_0,IEPA.d24.s52:stanza_craft+coref_c3b7fccb_0:projection-plan
iepa,IEPA.d24.s53,0,1,positive,negative,argument_not_bound,one_endpoint,not_generated,argument_not_bound,0,,,,,,,stanza_craft+coref_59a395a7_0,IEPA.d24.s53:stanza_craft+coref_59a395a7_0:projection-plan
iepa,IEPA.d25.s54,0,1,negative,positive,emitted_gold_disagreement,pair_candidate_exists,applied,emitted_gold_disagreement,1,structural|AB|evaluate|during|passive,evaluate,clause,asserted,directed,stanza_craft+coref_5a9b7929_1:rel:0,stanza_craft+coref_5a9b7929_0|stanza_craft+coref_5a9b7929_1,IEPA.d25.s54:stanza_craft+coref_5a9b7929_0:projection-plan|IEPA.d25.s54:stanza_craft+coref_5a9b7929_1:projection-plan
iepa,IEPA.d25.s55,0,1,positive,negative,argument_not_bound,one_endpoint,not_generated,argument_not_bound,0,,,,,,,stanza_craft+coref_2305413b_0,IEPA.d25.s55:stanza_craft+coref_2305413b_0:projection-plan
iepa,IEPA.d26.s56,0,1,negative,negative,pair_not_proposed,same_event_no_pair,not_generated,pair_not_proposed,0,,,,,,,stanza_craft+coref_9ea8b648_0,IEPA.d26.s56:stanza_craft+coref_9ea8b648_0:projection-plan
iepa,IEPA.d27.s57,0,1,positive,negative,argument_not_bound,separate_events,not_generated,argument_not_bound,0,,,,,,,stanza_craft+coref_b8a06411_0|stanza_craft+coref_b8a06411_1,IEPA.d27.s57:stanza_craft+coref_b8a06411_0:projection-plan|IEPA.d27.s57:stanza_craft+coref_b8a06411_1:projection-plan
iepa,IEPA.d27.s58,0,1,positive,positive,emitted,pair_candidate_exists,applied,emitted,1,structural|AB|mediate|_|passive,mediate,clause,asserted,directed,stanza_craft+coref_adf4faf6_2:rel:0,stanza_craft+coref_adf4faf6_2,IEPA.d27.s58:stanza_craft+coref_adf4faf6_2:projection-plan
iepa,IEPA.d27.s59,0,1,positive,positive,emitted,pair_candidate_exists,applied,emitted,1,structural|AB|increase|follow|passive,increase,clause,asserted,directed,stanza_craft+coref_e29b6dd5_0:rel:0,stanza_craft+coref_e29b6dd5_0,IEPA.d27.s59:stanza_craft+coref_e29b6dd5_0:projection-plan
iepa,IEPA.d28.s60,0,1,positive,negative,argument_not_bound,one_endpoint,not_generated,argument_not_bound,0,,,,,,,stanza_craft+coref_36ce30df_0,IEPA.d28.s60:stanza_craft+coref_36ce30df_0:projection-plan
iepa,IEPA.d29.s61,0,1,negative,negative,pair_not_proposed,same_event_no_pair,not_generated,pair_not_proposed,0,,,,,,,stanza_craft+coref_78dcbb12_0,IEPA.d29.s61:stanza_craft+coref_78dcbb12_0:projection-plan
iepa,IEPA.d3.s4,0,1,negative,positive,emitted_gold_disagreement,pair_candidate_exists,applied,emitted_gold_disagreement,1,structural|AA|bind|_|nominalized,bind,event_nominal,asserted,undirected,stanza_craft+coref_548a8707_0:rel:0,stanza_craft+coref_548a8707_0,IEPA.d3.s4:stanza_craft+coref_548a8707_0:projection-plan
iepa,IEPA.d31.s63,0,1,positive,positive,emitted,pair_candidate_exists,applied,emitted,1,structural|AB|stimulate|_|verbal,stimulate,clause,asserted,directed,stanza_craft+coref_f71215b6_0:rel:0,stanza_craft+coref_f71215b6_0,IEPA.d31.s63:stanza_craft+coref_f71215b6_0:projection-plan
iepa,IEPA.d31.s64,0,1,positive,positive,emitted,pair_candidate_exists,applied,emitted,1,structural|AB|increase|after|passive,increase,clause,asserted,directed,stanza_craft+coref_ed28bdfc_0:rel:0,stanza_craft+coref_ed28bdfc_0,IEPA.d31.s64:stanza_craft+coref_ed28bdfc_0:projection-plan
iepa,IEPA.d31.s65,0,1,positive,positive,emitted,pair_candidate_exists,applied,emitted,1,structural|AB|induce|_|verbal,induce,clause,asserted,directed,stanza_craft+coref_62051c64_1:rel:0,stanza_craft+coref_62051c64_1,IEPA.d31.s65:stanza_craft+coref_62051c64_1:projection-plan
iepa,IEPA.d32.s66,0,1,positive,negative,event_not_found,neither_endpoint,not_generated,event_not_found,0,,,,,,,,
iepa,IEPA.d32.s67,0,1,positive,negative,argument_not_bound,one_endpoint,not_generated,argument_not_bound,0,,,,,,,stanza_craft+coref_e029d4f1_0,IEPA.d32.s67:stanza_craft+coref_e029d4f1_0:projection-plan
iepa,IEPA.d32.s68,0,1,negative,negative,pair_not_proposed,same_event_no_pair,not_generated,pair_not_proposed,0,,,,,,,stanza_craft+coref_d815b67c_0,IEPA.d32.s68:stanza_craft+coref_d815b67c_0:projection-plan
iepa,IEPA.d32.s69,0,1,positive,negative,argument_not_bound,one_endpoint,not_generated,argument_not_bound,0,,,,,,,stanza_craft+coref_db0f4285_0,IEPA.d32.s69:stanza_craft+coref_db0f4285_0:projection-plan
iepa,IEPA.d32.s70,0,1,positive,negative,argument_not_bound,one_endpoint,not_generated,argument_not_bound,0,,,,,,,stanza_craft+coref_91bef042_0,IEPA.d32.s70:stanza_craft+coref_91bef042_0:projection-plan
iepa,IEPA.d33.s71,0,1,positive,positive,emitted,pair_candidate_exists,applied,emitted,1,structural|AB|effect|on|nominalized,effect,event_nominal,asserted,directed,stanza_craft+coref_ff14b945_0:rel:0,stanza_craft+coref_ff14b945_0|stanza_craft+coref_ff14b945_1,IEPA.d33.s71:stanza_craft+coref_ff14b945_0:projection-plan|IEPA.d33.s71:stanza_craft+coref_ff14b945_1:projection-plan
iepa,IEPA.d33.s72,1,2,positive,positive,emitted,pair_candidate_exists,applied,emitted,1,structural|AB|induce|_|passive,induce,clause,asserted,directed,stanza_craft+coref_89794bd1_1:rel:0,stanza_craft+coref_89794bd1_1|stanza_craft+coref_89794bd1_2,IEPA.d33.s72:stanza_craft+coref_89794bd1_1:projection-plan|IEPA.d33.s72:stanza_craft+coref_89794bd1_2:projection-plan
iepa,IEPA.d33.s73,0,1,negative,positive,emitted_gold_disagreement,pair_candidate_exists,applied,emitted_gold_disagreement,1,structural|AB|effect|on|nominalized,effect,event_nominal,asserted,directed,stanza_craft+coref_d929a5a9_1:rel:0,stanza_craft+coref_d929a5a9_0|stanza_craft+coref_d929a5a9_1,IEPA.d33.s73:stanza_craft+coref_d929a5a9_0:projection-plan|IEPA.d33.s73:stanza_craft+coref_d929a5a9_1:projection-plan
iepa,IEPA.d33.s74,0,1,positive,negative,assertion_suppressed,pair_candidate_exists,blocked_assertion,assertion_suppressed,1,structural|AB|have|_|verbal,have,clause,negated,directed,stanza_craft+coref_6fc8fc72_0:rel:0,stanza_craft+coref_6fc8fc72_0|stanza_craft+coref_6fc8fc72_1,IEPA.d33.s74:stanza_craft+coref_6fc8fc72_0:projection-plan|IEPA.d33.s74:stanza_craft+coref_6fc8fc72_1:projection-plan
iepa,IEPA.d33.s75,0,1,positive,negative,argument_not_bound,separate_events,not_generated,argument_not_bound,0,,,,,,,stanza_craft+coref_2f46af26_1|stanza_craft+coref_2f46af26_2,IEPA.d33.s75:stanza_craft+coref_2f46af26_1:projection-plan|IEPA.d33.s75:stanza_craft+coref_2f46af26_2:projection-plan
iepa,IEPA.d33.s76,0,1,positive,positive,emitted,pair_candidate_exists,applied,emitted,1,structural|AB|effect|on|nominalized,effect,event_nominal,asserted,directed,stanza_craft+coref_25928340_2:rel:0,stanza_craft+coref_25928340_0|stanza_craft+coref_25928340_1|stanza_craft+coref_25928340_2,IEPA.d33.s76:stanza_craft+coref_25928340_0:projection-plan|IEPA.d33.s76:stanza_craft+coref_25928340_1:projection-plan|IEPA.d33.s76:stanza_craft+coref_25928340_2:projection-plan
iepa,IEPA.d33.s77,0,1,positive,negative,argument_not_bound,separate_events,not_generated,argument_not_bound,0,,,,,,,stanza_craft+coref_e35086d8_2|stanza_craft+coref_e35086d8_3,IEPA.d33.s77:stanza_craft+coref_e35086d8_2:projection-plan|IEPA.d33.s77:stanza_craft+coref_e35086d8_3:projection-plan
iepa,IEPA.d33.s78,0,1,positive,negative,pair_not_proposed,same_event_no_pair,not_generated,pair_not_proposed,0,,,,,,,stanza_craft+coref_9f4c84fe_0,IEPA.d33.s78:stanza_craft+coref_9f4c84fe_0:projection-plan
iepa,IEPA.d33.s79,0,1,positive,positive,emitted,pair_candidate_exists,applied,emitted,2,relational|RELATIONAL|form|_|nominalized|structural|AB|form|of|nominalized,form,appositive|event_nominal,asserted,directed|relational,stanza_craft+coref_594f2a9d_2:rel:0|stanza_craft+coref_594f2a9d_3:rel:0,stanza_craft+coref_594f2a9d_1|stanza_craft+coref_594f2a9d_2|stanza_craft+coref_594f2a9d_3,IEPA.d33.s79:stanza_craft+coref_594f2a9d_1:projection-plan|IEPA.d33.s79:stanza_craft+coref_594f2a9d_2:projection-plan|IEPA.d33.s79:stanza_craft+coref_594f2a9d_3:projection-plan
iepa,IEPA.d34.s80,0,1,negative,negative,pair_not_proposed,same_event_no_pair,not_generated,pair_not_proposed,0,,,,,,,stanza_craft+coref_107f4803_0,IEPA.d34.s80:stanza_craft+coref_107f4803_0:projection-plan
iepa,IEPA.d35.s86,0,1,positive,positive,emitted,pair_candidate_exists,applied,emitted,1,structural|AB|stimulate|_|verbal,stimulate,clause,asserted,directed,stanza_craft+coref_d8777516_0:rel:0,stanza_craft+coref_d8777516_0|stanza_craft+coref_d8777516_1,IEPA.d35.s86:stanza_craft+coref_d8777516_0:projection-plan|IEPA.d35.s86:stanza_craft+coref_d8777516_1:projection-plan
iepa,IEPA.d35.s86,0,2,positive,positive,emitted,pair_candidate_exists,applied,emitted,1,structural|AB|evoke|_|verbal,evoke,clause,asserted,directed,stanza_craft+coref_d8777516_1:rel:0,stanza_craft+coref_d8777516_0|stanza_craft+coref_d8777516_1,IEPA.d35.s86:stanza_craft+coref_d8777516_0:projection-plan|IEPA.d35.s86:stanza_craft+coref_d8777516_1:projection-plan
iepa,IEPA.d36.s87,0,1,negative,negative,pair_not_proposed,same_event_no_pair,not_generated,pair_not_proposed,0,,,,,,,stanza_craft+coref_cf96a0d6_0,IEPA.d36.s87:stanza_craft+coref_cf96a0d6_0:projection-plan
iepa,IEPA.d36.s88,0,1,negative,negative,pair_not_proposed,same_event_no_pair,not_generated,pair_not_proposed,0,,,,,,,stanza_craft+coref_3aa3d8c0_0|stanza_craft+coref_3aa3d8c0_1,IEPA.d36.s88:stanza_craft+coref_3aa3d8c0_0:projection-plan|IEPA.d36.s88:stanza_craft+coref_3aa3d8c0_1:projection-plan
iepa,IEPA.d36.s88,1,2,negative,positive,emitted_gold_disagreement,pair_candidate_exists,applied,emitted_gold_disagreement,1,structural|AB|mimic|_|verbal,mimic,clause,asserted,directed,stanza_craft+coref_3aa3d8c0_1:rel:0,stanza_craft+coref_3aa3d8c0_0|stanza_craft+coref_3aa3d8c0_1,IEPA.d36.s88:stanza_craft+coref_3aa3d8c0_0:projection-plan|IEPA.d36.s88:stanza_craft+coref_3aa3d8c0_1:projection-plan
iepa,IEPA.d38.s92,1,2,positive,negative,argument_not_bound,one_endpoint,not_generated,argument_not_bound,0,,,,,,,stanza_craft+coref_58a7871f_2,IEPA.d38.s92:stanza_craft+coref_58a7871f_2:projection-plan
iepa,IEPA.d39.s93,0,1,negative,positive,emitted_gold_disagreement,pair_candidate_exists,applied,emitted_gold_disagreement,1,structural|AB|use|_|verbal,use,clause,asserted,directed,stanza_craft+coref_799e7c83_0:rel:0,stanza_craft+coref_799e7c83_0,IEPA.d39.s93:stanza_craft+coref_799e7c83_0:projection-plan
iepa,IEPA.d39.s94,0,1,negative,negative,pair_not_proposed,same_event_no_pair,not_generated,pair_not_proposed,0,,,,,,,stanza_craft+coref_fd32356e_0,IEPA.d39.s94:stanza_craft+coref_fd32356e_0:projection-plan
iepa,IEPA.d39.s95,0,1,negative,negative,pair_not_proposed,same_event_no_pair,not_generated,pair_not_proposed,0,,,,,,,stanza_craft+coref_5cdb7252_0|stanza_craft+coref_5cdb7252_1,IEPA.d39.s95:stanza_craft+coref_5cdb7252_0:projection-plan|IEPA.d39.s95:stanza_craft+coref_5cdb7252_1:projection-plan
iepa,IEPA.d39.s95,0,2,negative,negative,pair_not_proposed,same_event_no_pair,not_generated,pair_not_proposed,0,,,,,,,stanza_craft+coref_5cdb7252_0|stanza_craft+coref_5cdb7252_1,IEPA.d39.s95:stanza_craft+coref_5cdb7252_0:projection-plan|IEPA.d39.s95:stanza_craft+coref_5cdb7252_1:projection-plan
iepa,IEPA.d39.s95,1,2,negative,negative,pair_not_proposed,same_event_no_pair,not_generated,pair_not_proposed,0,,,,,,,stanza_craft+coref_5cdb7252_0|stanza_craft+coref_5cdb7252_1,IEPA.d39.s95:stanza_craft+coref_5cdb7252_0:projection-plan|IEPA.d39.s95:stanza_craft+coref_5cdb7252_1:projection-plan
iepa,IEPA.d4.s5,0,1,negative,positive,emitted_gold_disagreement,pair_candidate_exists,applied,emitted_gold_disagreement,1,structural|AB|compare|to|verbal,compare,clause,asserted,directed,stanza_craft+coref_f3b4fa39_1:rel:0,stanza_craft+coref_f3b4fa39_0|stanza_craft+coref_f3b4fa39_1,IEPA.d4.s5:stanza_craft+coref_f3b4fa39_0:projection-plan|IEPA.d4.s5:stanza_craft+coref_f3b4fa39_1:projection-plan
iepa,IEPA.d4.s6,0,1,positive,positive,emitted,pair_candidate_exists,applied,emitted,1,structural|AB|raise|_|verbal,raise,clause,asserted,directed,stanza_craft+coref_4f33c99a_0:rel:0,stanza_craft+coref_4f33c99a_0|stanza_craft+coref_4f33c99a_1,IEPA.d4.s6:stanza_craft+coref_4f33c99a_0:projection-plan|IEPA.d4.s6:stanza_craft+coref_4f33c99a_1:projection-plan
iepa,IEPA.d4.s7,0,1,positive,positive,emitted,pair_candidate_exists,applied,emitted,1,structural|AB|activate|_|verbal,activate,clause,asserted,directed,stanza_craft+coref_ba25c272_1:rel:0,stanza_craft+coref_ba25c272_1|stanza_craft+coref_ba25c272_2,IEPA.d4.s7:stanza_craft+coref_ba25c272_1:projection-plan|IEPA.d4.s7:stanza_craft+coref_ba25c272_2:projection-plan
iepa,IEPA.d40.s99,1,2,negative,positive,emitted_gold_disagreement,pair_candidate_exists,applied,emitted_gold_disagreement,1,structural|AB|dissociate|from|passive,dissociate,clause,asserted,directed,stanza_craft+coref_1b1ad09c_1:rel:0,stanza_craft+coref_1b1ad09c_1,IEPA.d40.s99:stanza_craft+coref_1b1ad09c_1:projection-plan
iepa,IEPA.d41.s100,0,1,positive,negative,event_not_found,neither_endpoint,not_generated,event_not_found,0,,,,,,,,
iepa,IEPA.d41.s101,0,1,positive,negative,argument_not_bound,separate_events,not_generated,argument_not_bound,0,,,,,,,stanza_craft+coref_d517d2f0_0|stanza_craft+coref_d517d2f0_1,IEPA.d41.s101:stanza_craft+coref_d517d2f0_0:projection-plan|IEPA.d41.s101:stanza_craft+coref_d517d2f0_1:projection-plan
iepa,IEPA.d41.s102,0,1,positive,negative,argument_not_bound,separate_events,not_generated,argument_not_bound,0,,,,,,,stanza_craft+coref_42deb086_0|stanza_craft+coref_42deb086_2,IEPA.d41.s102:stanza_craft+coref_42deb086_0:projection-plan|IEPA.d41.s102:stanza_craft+coref_42deb086_2:projection-plan
iepa,IEPA.d42.s103,0,1,positive,positive,emitted,pair_candidate_exists,applied,emitted,1,structural|AB|regulate|of|nominalized,regulate,event_nominal,asserted,directed,stanza_craft+coref_64dea3c1_0:rel:0,stanza_craft+coref_64dea3c1_0,IEPA.d42.s103:stanza_craft+coref_64dea3c1_0:projection-plan
iepa,IEPA.d42.s104,0,1,positive,negative,event_not_found,neither_endpoint,not_generated,event_not_found,0,,,,,,,,
iepa,IEPA.d42.s106,0,1,positive,negative,argument_not_bound,separate_events,not_generated,argument_not_bound,0,,,,,,,stanza_craft+coref_debbd584_0|stanza_craft+coref_debbd584_2,IEPA.d42.s106:stanza_craft+coref_debbd584_0:projection-plan|IEPA.d42.s106:stanza_craft+coref_debbd584_2:projection-plan
iepa,IEPA.d42.s107,0,1,positive,negative,relational_review_only,pair_candidate_exists,review_only,relational_review_only,1,relational|RELATIONAL|component|_|verbal,component,clause,asserted,relational,stanza_craft+coref_2960407e_3:rel:0,stanza_craft+coref_2960407e_3,IEPA.d42.s107:stanza_craft+coref_2960407e_3:projection-plan
iepa,IEPA.d43.s108,0,1,positive,negative,event_not_found,neither_endpoint,not_generated,event_not_found,0,,,,,,,,
iepa,IEPA.d43.s109,0,1,positive,negative,argument_not_bound,separate_events,not_generated,argument_not_bound,0,,,,,,,stanza_craft+coref_f7bd75bd_0|stanza_craft+coref_f7bd75bd_1|stanza_craft+coref_f7bd75bd_2,IEPA.d43.s109:stanza_craft+coref_f7bd75bd_0:projection-plan|IEPA.d43.s109:stanza_craft+coref_f7bd75bd_1:projection-plan|IEPA.d43.s109:stanza_craft+coref_f7bd75bd_2:projection-plan
iepa,IEPA.d43.s110,0,1,positive,positive,emitted,pair_candidate_exists,applied,emitted,1,structural|AB|increase|_|verbal,increase,clause,asserted,directed,stanza_craft+coref_f267e2d8_0:rel:0,stanza_craft+coref_f267e2d8_0,IEPA.d43.s110:stanza_craft+coref_f267e2d8_0:projection-plan
iepa,IEPA.d43.s111,0,1,positive,positive,emitted,pair_candidate_exists,applied,emitted,1,structural|AB|regulate|_|verbal,regulate,clause,asserted,directed,stanza_craft+coref_54973dbe_0:rel:0,stanza_craft+coref_54973dbe_0|stanza_craft+coref_54973dbe_1,IEPA.d43.s111:stanza_craft+coref_54973dbe_0:projection-plan|IEPA.d43.s111:stanza_craft+coref_54973dbe_1:projection-plan
iepa,IEPA.d45.s114,0,1,negative,negative,pair_not_proposed,same_event_no_pair,not_generated,pair_not_proposed,0,,,,,,,stanza_craft+coref_098a8272_0|stanza_craft+coref_098a8272_1,IEPA.d45.s114:stanza_craft+coref_098a8272_0:projection-plan|IEPA.d45.s114:stanza_craft+coref_098a8272_1:projection-plan
iepa,IEPA.d46.s115,0,1,positive,negative,event_not_found,neither_endpoint,not_generated,event_not_found,0,,,,,,,,
iepa,IEPA.d46.s116,0,1,positive,positive,emitted,pair_candidate_exists,applied,emitted,1,structural|AB|stimulate|_|nominalized,stimulate,event_nominal,asserted,directed,stanza_craft+coref_c15f7284_1:rel:0,stanza_craft+coref_c15f7284_0|stanza_craft+coref_c15f7284_1,IEPA.d46.s116:stanza_craft+coref_c15f7284_0:projection-plan|IEPA.d46.s116:stanza_craft+coref_c15f7284_1:projection-plan
iepa,IEPA.d46.s117,0,1,positive,positive,emitted,pair_candidate_exists,applied,emitted,1,structural|AB|stimulate|_|nominalized,stimulate,event_nominal,asserted,directed,stanza_craft+coref_c3f1fa4a_0:rel:0,stanza_craft+coref_c3f1fa4a_0,IEPA.d46.s117:stanza_craft+coref_c3f1fa4a_0:projection-plan
iepa,IEPA.d46.s118,0,1,positive,positive,emitted,pair_candidate_exists,applied,emitted,1,structural|AB|stimulate|_|nominalized,stimulate,event_nominal,asserted,directed,stanza_craft+coref_9968f939_1:rel:0,stanza_craft+coref_9968f939_1,IEPA.d46.s118:stanza_craft+coref_9968f939_1:projection-plan
iepa,IEPA.d46.s119,0,1,positive,negative,event_not_found,neither_endpoint,not_generated,event_not_found,0,,,,,,,,
iepa,IEPA.d47.s120,0,1,positive,positive,emitted,pair_candidate_exists,applied,emitted,1,structural|AB|effect|on|nominalized,effect,event_nominal,asserted,directed,stanza_craft+coref_f7ef6b3f_0:rel:0,stanza_craft+coref_f7ef6b3f_0,IEPA.d47.s120:stanza_craft+coref_f7ef6b3f_0:projection-plan
iepa,IEPA.d47.s121,0,1,positive,positive,emitted,pair_candidate_exists,applied,emitted,1,structural|AB|effect|on|nominalized,effect,event_nominal,asserted,directed,stanza_craft+coref_941684fa_1:rel:0,stanza_craft+coref_941684fa_0|stanza_craft+coref_941684fa_1,IEPA.d47.s121:stanza_craft+coref_941684fa_0:projection-plan|IEPA.d47.s121:stanza_craft+coref_941684fa_1:projection-plan
iepa,IEPA.d47.s122,0,1,positive,positive,emitted,pair_candidate_exists,applied,emitted,1,structural|AB|induce|_|passive,induce,clause,asserted,directed,stanza_craft+coref_20da0b49_0:rel:0,stanza_craft+coref_20da0b49_0,IEPA.d47.s122:stanza_craft+coref_20da0b49_0:projection-plan
iepa,IEPA.d47.s122,2,3,positive,negative,event_not_found,neither_endpoint,not_generated,event_not_found,0,,,,,,,,
iepa,IEPA.d48.s123,0,1,positive,positive,emitted,pair_candidate_exists,applied,emitted,1,structural|AB|increase|_|verbal,increase,clause,asserted,directed,stanza_craft+coref_3c95b3b5_0:rel:0,stanza_craft+coref_3c95b3b5_0,IEPA.d48.s123:stanza_craft+coref_3c95b3b5_0:projection-plan
iepa,IEPA.d48.s124,0,1,positive,negative,event_not_found,neither_endpoint,not_generated,event_not_found,0,,,,,,,,
iepa,IEPA.d48.s125,1,2,positive,negative,argument_not_bound,separate_events,not_generated,argument_not_bound,0,,,,,,,stanza_craft+coref_435655c3_1|stanza_craft+coref_435655c3_2,IEPA.d48.s125:stanza_craft+coref_435655c3_1:projection-plan|IEPA.d48.s125:stanza_craft+coref_435655c3_2:projection-plan
iepa,IEPA.d49.s126,0,1,positive,positive,emitted,pair_candidate_exists,applied,emitted,1,structural|AB|upregulate|_|verbal,upregulate,clause,asserted,directed,stanza_craft+coref_fb5c5ab4_0:rel:0,stanza_craft+coref_fb5c5ab4_0|stanza_craft+coref_fb5c5ab4_1,IEPA.d49.s126:stanza_craft+coref_fb5c5ab4_0:projection-plan|IEPA.d49.s126:stanza_craft+coref_fb5c5ab4_1:projection-plan
iepa,IEPA.d5.s8,0,1,positive,negative,proposal_not_applied,pair_candidate_exists,not_applied,no_projectable_pairs,1,structural|NESTED|stimulate|_|nested,stimulate,clause,asserted,nested_review,stanza_craft+coref_05e42904_2:rel:0,stanza_craft+coref_05e42904_0|stanza_craft+coref_05e42904_1|stanza_craft+coref_05e42904_2,IEPA.d5.s8:stanza_craft+coref_05e42904_0:projection-plan|IEPA.d5.s8:stanza_craft+coref_05e42904_1:projection-plan|IEPA.d5.s8:stanza_craft+coref_05e42904_2:projection-plan
iepa,IEPA.d5.s9,0,1,positive,negative,argument_not_bound,one_endpoint,not_generated,argument_not_bound,0,,,,,,,stanza_craft+coref_08ed811b_0,IEPA.d5.s9:stanza_craft+coref_08ed811b_0:projection-plan
iepa,IEPA.d50.s127,1,2,positive,positive,emitted,pair_candidate_exists,applied,emitted,1,structural|AB|potentiate|_|verbal,potentiate,clause,asserted,directed,stanza_craft+coref_6b165bf2_2:rel:0,stanza_craft+coref_6b165bf2_1|stanza_craft+coref_6b165bf2_2,IEPA.d50.s127:stanza_craft+coref_6b165bf2_1:projection-plan|IEPA.d50.s127:stanza_craft+coref_6b165bf2_2:projection-plan
iepa,IEPA.d50.s128,0,1,positive,negative,proposal_not_applied,pair_candidate_exists,not_applied,no_projectable_pairs,1,structural|NESTED|mediate|_|nested,mediate,clause,asserted,nested_review,stanza_craft+coref_75701b27_3:rel:0,stanza_craft+coref_75701b27_0|stanza_craft+coref_75701b27_2|stanza_craft+coref_75701b27_3,IEPA.d50.s128:stanza_craft+coref_75701b27_0:projection-plan|IEPA.d50.s128:stanza_craft+coref_75701b27_2:projection-plan|IEPA.d50.s128:stanza_craft+coref_75701b27_3:projection-plan
iepa,IEPA.d50.s129,0,1,positive,negative,proposal_not_applied,pair_candidate_exists,not_applied_reason_unobserved,proposal_not_applied,1,structural|NESTED|mediate|_|nested,mediate,clause,asserted,nested_review,stanza_craft+coref_ab1c9c03_2:rel:0,stanza_craft+coref_ab1c9c03_0|stanza_craft+coref_ab1c9c03_1|stanza_craft+coref_ab1c9c03_2,IEPA.d50.s129:stanza_craft+coref_ab1c9c03_0:projection-plan|IEPA.d50.s129:stanza_craft+coref_ab1c9c03_1:projection-plan|IEPA.d50.s129:stanza_craft+coref_ab1c9c03_2:projection-plan
iepa,IEPA.d50.s129,1,2,negative,negative,relational_review_only,pair_candidate_exists,review_only,relational_review_only,1,relational|RELATIONAL|alter|_|nominalized,alter,clause,asserted,relational,stanza_craft+coref_ab1c9c03_0:rel:0,stanza_craft+coref_ab1c9c03_0|stanza_craft+coref_ab1c9c03_1,IEPA.d50.s129:stanza_craft+coref_ab1c9c03_0:projection-plan|IEPA.d50.s129:stanza_craft+coref_ab1c9c03_1:projection-plan
iepa,IEPA.d50.s130,0,1,positive,negative,proposal_not_applied,pair_candidate_exists,not_applied,no_projectable_pairs,1,structural|NESTED|mediate|_|nested,mediate,clause,asserted,nested_review,stanza_craft+coref_086eba58_1:rel:0,stanza_craft+coref_086eba58_0|stanza_craft+coref_086eba58_1,IEPA.d50.s130:stanza_craft+coref_086eba58_0:projection-plan|IEPA.d50.s130:stanza_craft+coref_086eba58_1:projection-plan
iepa,IEPA.d50.s132,0,1,negative,positive,emitted_gold_disagreement,pair_candidate_exists,applied,emitted_gold_disagreement,1,structural|AB|prevent|_|verbal,prevent,clause,asserted,directed,stanza_craft+coref_92ccbddd_2:rel:0,stanza_craft+coref_92ccbddd_1|stanza_craft+coref_92ccbddd_2,IEPA.d50.s132:stanza_craft+coref_92ccbddd_1:projection-plan|IEPA.d50.s132:stanza_craft+coref_92ccbddd_2:projection-plan
iepa,IEPA.d51.s133,0,1,positive,positive,emitted,pair_candidate_exists,applied,emitted,1,structural|AB|stimulate|through|verbal,stimulate,clause,asserted,directed,stanza_craft+coref_e7a6d95d_0:rel:0,stanza_craft+coref_e7a6d95d_0,IEPA.d51.s133:stanza_craft+coref_e7a6d95d_0:projection-plan
iepa,IEPA.d51.s134,0,1,positive,negative,argument_not_bound,separate_events,not_generated,argument_not_bound,0,,,,,,,stanza_craft+coref_25c1eab0_0|stanza_craft+coref_25c1eab0_3,IEPA.d51.s134:stanza_craft+coref_25c1eab0_0:projection-plan|IEPA.d51.s134:stanza_craft+coref_25c1eab0_3:projection-plan
iepa,IEPA.d52.s135,0,1,positive,negative,argument_not_bound,one_endpoint,not_generated,argument_not_bound,0,,,,,,,stanza_craft+coref_a81327f1_0,IEPA.d52.s135:stanza_craft+coref_a81327f1_0:projection-plan
iepa,IEPA.d52.s136,0,1,positive,positive,emitted,pair_candidate_exists,applied,emitted,1,structural|AB|regulate|_|passive,regulate,clause,asserted,directed,stanza_craft+coref_dfcd373d_0:rel:0,stanza_craft+coref_dfcd373d_0,IEPA.d52.s136:stanza_craft+coref_dfcd373d_0:projection-plan
iepa,IEPA.d53.s137,0,1,negative,negative,pair_not_proposed,same_event_no_pair,not_generated,pair_not_proposed,0,,,,,,,stanza_craft+coref_7888b924_0,IEPA.d53.s137:stanza_craft+coref_7888b924_0:projection-plan
iepa,IEPA.d53.s137,0,2,positive,positive,emitted,pair_candidate_exists,applied,emitted,1,structural|AB|be|during|verbal,be,clause,asserted,directed,stanza_craft+coref_7888b924_0:rel:0,stanza_craft+coref_7888b924_0|stanza_craft+coref_7888b924_1,IEPA.d53.s137:stanza_craft+coref_7888b924_0:projection-plan|IEPA.d53.s137:stanza_craft+coref_7888b924_1:projection-plan
iepa,IEPA.d53.s137,1,2,positive,positive,emitted,pair_candidate_exists,applied,emitted,1,structural|AB|be|during|verbal,be,clause,asserted,directed,stanza_craft+coref_7888b924_0:rel:1,stanza_craft+coref_7888b924_0|stanza_craft+coref_7888b924_1,IEPA.d53.s137:stanza_craft+coref_7888b924_0:projection-plan|IEPA.d53.s137:stanza_craft+coref_7888b924_1:projection-plan
iepa,IEPA.d55.s140,0,1,positive,negative,pair_not_proposed,same_event_no_pair,not_generated,pair_not_proposed,0,,,,,,,stanza_craft+coref_72ce7a5f_0,IEPA.d55.s140:stanza_craft+coref_72ce7a5f_0:projection-plan
iepa,IEPA.d55.s141,0,1,positive,positive,emitted,pair_candidate_exists,applied,emitted,1,structural|AB|increase|_|verbal,increase,clause,asserted,directed,stanza_craft+coref_784213ac_0:rel:0,stanza_craft+coref_784213ac_0,IEPA.d55.s141:stanza_craft+coref_784213ac_0:projection-plan
iepa,IEPA.d55.s142,1,2,positive,negative,argument_not_bound,separate_events,not_generated,argument_not_bound,0,,,,,,,stanza_craft+coref_5d30044b_1|stanza_craft+coref_5d30044b_2,IEPA.d55.s142:stanza_craft+coref_5d30044b_1:projection-plan|IEPA.d55.s142:stanza_craft+coref_5d30044b_2:projection-plan
iepa,IEPA.d56.s143,0,1,negative,negative,pair_not_proposed,same_event_no_pair,not_generated,pair_not_proposed,0,,,,,,,stanza_craft+coref_bf5d50d4_0|stanza_craft+coref_bf5d50d4_1,IEPA.d56.s143:stanza_craft+coref_bf5d50d4_0:projection-plan|IEPA.d56.s143:stanza_craft+coref_bf5d50d4_1:projection-plan
iepa,IEPA.d56.s144,0,1,negative,negative,pair_not_proposed,same_event_no_pair,not_generated,pair_not_proposed,0,,,,,,,stanza_craft+coref_8ba36890_4,IEPA.d56.s144:stanza_craft+coref_8ba36890_4:projection-plan
iepa,IEPA.d57.s146,0,1,positive,negative,pair_not_proposed,same_event_no_pair,not_generated,pair_not_proposed,0,,,,,,,stanza_craft+coref_c28cd6e6_1,IEPA.d57.s146:stanza_craft+coref_c28cd6e6_1:projection-plan
iepa,IEPA.d57.s147,0,1,positive,negative,argument_not_bound,one_endpoint,not_generated,argument_not_bound,0,,,,,,,stanza_craft+coref_abe6286f_0,IEPA.d57.s147:stanza_craft+coref_abe6286f_0:projection-plan
iepa,IEPA.d58.s150,0,1,positive,negative,argument_not_bound,one_endpoint,not_generated,argument_not_bound,0,,,,,,,stanza_craft+coref_174abe5e_0,IEPA.d58.s150:stanza_craft+coref_174abe5e_0:projection-plan
iepa,IEPA.d58.s151,0,1,positive,positive,emitted,pair_candidate_exists,applied,emitted,1,structural|AB|cause|_|verbal,cause,clause,asserted,directed,stanza_craft+coref_6edea454_0:rel:0,stanza_craft+coref_6edea454_0,IEPA.d58.s151:stanza_craft+coref_6edea454_0:projection-plan
iepa,IEPA.d6.s11,0,1,positive,positive,emitted,pair_candidate_exists,applied,emitted,1,structural|AB|stimulate|_|verbal,stimulate,clause,asserted,directed,stanza_craft+coref_68fda6c1_0:rel:0,stanza_craft+coref_68fda6c1_0,IEPA.d6.s11:stanza_craft+coref_68fda6c1_0:projection-plan
iepa,IEPA.d6.s12,0,1,positive,positive,emitted,pair_candidate_exists,applied,emitted,1,structural|AB|enhance|_|verbal,enhance,clause,asserted,directed,stanza_craft+coref_4f46dccb_1:rel:0,stanza_craft+coref_4f46dccb_1|stanza_craft+coref_4f46dccb_2,IEPA.d6.s12:stanza_craft+coref_4f46dccb_1:projection-plan|IEPA.d6.s12:stanza_craft+coref_4f46dccb_2:projection-plan
iepa,IEPA.d60.s155,0,1,positive,negative,argument_not_bound,separate_events,not_generated,argument_not_bound,0,,,,,,,stanza_craft+coref_16d984ad_0|stanza_craft+coref_16d984ad_1,IEPA.d60.s155:stanza_craft+coref_16d984ad_0:projection-plan|IEPA.d60.s155:stanza_craft+coref_16d984ad_1:projection-plan
iepa,IEPA.d60.s156,0,1,positive,negative,argument_not_bound,separate_events,not_generated,argument_not_bound,0,,,,,,,stanza_craft+coref_a379af60_1|stanza_craft+coref_a379af60_2|stanza_craft+coref_a379af60_3,IEPA.d60.s156:stanza_craft+coref_a379af60_1:projection-plan|IEPA.d60.s156:stanza_craft+coref_a379af60_2:projection-plan|IEPA.d60.s156:stanza_craft+coref_a379af60_3:projection-plan
iepa,IEPA.d61.s157,0,1,positive,negative,argument_not_bound,one_endpoint,not_generated,argument_not_bound,0,,,,,,,stanza_craft+coref_3a094482_0,IEPA.d61.s157:stanza_craft+coref_3a094482_0:projection-plan
iepa,IEPA.d61.s158,0,1,positive,positive,emitted,pair_candidate_exists,applied,emitted,1,structural|AB|increase|_|passive,increase,clause,asserted,directed,stanza_craft+coref_08388229_0:rel:0,stanza_craft+coref_08388229_0,IEPA.d61.s158:stanza_craft+coref_08388229_0:projection-plan
iepa,IEPA.d62.s159,0,1,positive,negative,argument_not_bound,one_endpoint,not_generated,argument_not_bound,0,,,,,,,stanza_craft+coref_d68b3f9d_0,IEPA.d62.s159:stanza_craft+coref_d68b3f9d_0:projection-plan
iepa,IEPA.d63.s160,0,1,positive,positive,emitted,pair_candidate_exists,applied,emitted,1,structural|AB|relate|to|passive,relate,clause,asserted,directed,stanza_craft+coref_e5b4b948_0:rel:0,stanza_craft+coref_e5b4b948_0,IEPA.d63.s160:stanza_craft+coref_e5b4b948_0:projection-plan
iepa,IEPA.d64.s161,0,1,negative,negative,assertion_suppressed,pair_candidate_exists,blocked_assertion,assertion_suppressed,1,structural|AB|induce|_|verbal,induce,clause,negated,directed,stanza_craft+coref_e69b8346_0:rel:0,stanza_craft+coref_e69b8346_0,IEPA.d64.s161:stanza_craft+coref_e69b8346_0:projection-plan
iepa,IEPA.d64.s162,0,1,negative,negative,assertion_suppressed,pair_candidate_exists,blocked_assertion,assertion_suppressed,1,structural|AB|have|_|verbal,have,clause,negated,directed,stanza_craft+coref_7d463475_0:rel:0,stanza_craft+coref_7d463475_0|stanza_craft+coref_7d463475_1,IEPA.d64.s162:stanza_craft+coref_7d463475_0:projection-plan|IEPA.d64.s162:stanza_craft+coref_7d463475_1:projection-plan
iepa,IEPA.d65.s163,0,1,positive,negative,proposal_not_applied,pair_candidate_exists,not_applied,no_projectable_pairs,1,structural|NESTED|induce|_|nested,induce,clause,asserted,nested_review,stanza_craft+coref_d33f82eb_1:rel:0,stanza_craft+coref_d33f82eb_0|stanza_craft+coref_d33f82eb_1,IEPA.d65.s163:stanza_craft+coref_d33f82eb_0:projection-plan|IEPA.d65.s163:stanza_craft+coref_d33f82eb_1:projection-plan
iepa,IEPA.d65.s164,0,1,positive,negative,argument_not_bound,separate_events,not_generated,argument_not_bound,0,,,,,,,stanza_craft+coref_87cc18c7_0|stanza_craft+coref_87cc18c7_1,IEPA.d65.s164:stanza_craft+coref_87cc18c7_0:projection-plan|IEPA.d65.s164:stanza_craft+coref_87cc18c7_1:projection-plan
iepa,IEPA.d65.s165,0,1,positive,negative,pair_not_proposed,same_event_no_pair,not_generated,pair_not_proposed,0,,,,,,,stanza_craft+coref_4027b960_1,IEPA.d65.s165:stanza_craft+coref_4027b960_1:projection-plan
iepa,IEPA.d66.s166,0,1,positive,positive,emitted,pair_candidate_exists,applied,emitted,1,structural|AB|require|_|verbal,require,clause,asserted,directed,stanza_craft+coref_e5a1c37d_0:rel:0,stanza_craft+coref_e5a1c37d_0,IEPA.d66.s166:stanza_craft+coref_e5a1c37d_0:projection-plan
iepa,IEPA.d67.s167,0,1,negative,positive,emitted_gold_disagreement,pair_candidate_exists,applied,emitted_gold_disagreement,1,structural|AB|suggest|_|verbal,suggest,clause,asserted,directed,stanza_craft+coref_5e45fde3_0:rel:0,stanza_craft+coref_5e45fde3_0,IEPA.d67.s167:stanza_craft+coref_5e45fde3_0:projection-plan
iepa,IEPA.d67.s167,1,2,positive,negative,argument_not_bound,one_endpoint,not_generated,argument_not_bound,0,,,,,,,stanza_craft+coref_5e45fde3_0,IEPA.d67.s167:stanza_craft+coref_5e45fde3_0:projection-plan
iepa,IEPA.d67.s168,0,1,negative,positive,emitted_gold_disagreement,pair_candidate_exists,applied,emitted_gold_disagreement,1,structural|AB|determine|_|verbal,determine,clause,asserted,directed,stanza_craft+coref_5d9158c1_0:rel:0,stanza_craft+coref_5d9158c1_0|stanza_craft+coref_5d9158c1_1,IEPA.d67.s168:stanza_craft+coref_5d9158c1_0:projection-plan|IEPA.d67.s168:stanza_craft+coref_5d9158c1_1:projection-plan
iepa,IEPA.d68.s169,0,1,positive,negative,argument_not_bound,separate_events,not_generated,argument_not_bound,0,,,,,,,stanza_craft+coref_966c5188_0|stanza_craft+coref_966c5188_1|stanza_craft+coref_966c5188_2,IEPA.d68.s169:stanza_craft+coref_966c5188_0:projection-plan|IEPA.d68.s169:stanza_craft+coref_966c5188_1:projection-plan|IEPA.d68.s169:stanza_craft+coref_966c5188_2:projection-plan
iepa,IEPA.d7.s13,0,1,positive,positive,emitted,pair_candidate_exists,applied,emitted,1,structural|AB|lower|_|verbal,lower,clause,asserted,directed,stanza_craft+coref_7ce54c74_1:rel:0,stanza_craft+coref_7ce54c74_0|stanza_craft+coref_7ce54c74_1|stanza_craft+coref_7ce54c74_2,IEPA.d7.s13:stanza_craft+coref_7ce54c74_0:projection-plan|IEPA.d7.s13:stanza_craft+coref_7ce54c74_1:projection-plan|IEPA.d7.s13:stanza_craft+coref_7ce54c74_2:projection-plan
iepa,IEPA.d70.s171,0,1,negative,negative,pair_not_proposed,same_event_no_pair,not_generated,pair_not_proposed,0,,,,,,,stanza_craft+coref_06d93cd3_0,IEPA.d70.s171:stanza_craft+coref_06d93cd3_0:projection-plan
iepa,IEPA.d70.s171,1,2,positive,negative,argument_not_bound,one_endpoint,not_generated,argument_not_bound,0,,,,,,,stanza_craft+coref_06d93cd3_0,IEPA.d70.s171:stanza_craft+coref_06d93cd3_0:projection-plan
iepa,IEPA.d71.s172,0,1,positive,negative,argument_not_bound,one_endpoint,not_generated,argument_not_bound,0,,,,,,,stanza_craft+coref_b96f3d74_0,IEPA.d71.s172:stanza_craft+coref_b96f3d74_0:projection-plan
iepa,IEPA.d72.s173,0,1,positive,negative,argument_not_bound,one_endpoint,not_generated,argument_not_bound,0,,,,,,,stanza_craft+coref_62986d3d_0|stanza_craft+coref_62986d3d_1,IEPA.d72.s173:stanza_craft+coref_62986d3d_0:projection-plan|IEPA.d72.s173:stanza_craft+coref_62986d3d_1:projection-plan
iepa,IEPA.d73.s174,0,1,negative,negative,pair_not_proposed,same_event_no_pair,not_generated,pair_not_proposed,0,,,,,,,stanza_craft+coref_63efcb56_0,IEPA.d73.s174:stanza_craft+coref_63efcb56_0:projection-plan
iepa,IEPA.d73.s175,0,1,negative,negative,assertion_suppressed,pair_candidate_exists,blocked_assertion,assertion_suppressed,1,structural|AB|provoke|_|verbal,provoke,clause,negated,directed,stanza_craft+coref_f8dd6c82_2:rel:0,stanza_craft+coref_f8dd6c82_1|stanza_craft+coref_f8dd6c82_2,IEPA.d73.s175:stanza_craft+coref_f8dd6c82_1:projection-plan|IEPA.d73.s175:stanza_craft+coref_f8dd6c82_2:projection-plan
iepa,IEPA.d74.s176,0,1,positive,positive,emitted,pair_candidate_exists,applied,emitted,1,structural|AB|favor|_|verbal,favor,clause,asserted,directed,stanza_craft+coref_01828fd7_1:rel:0,stanza_craft+coref_01828fd7_0|stanza_craft+coref_01828fd7_1,IEPA.d74.s176:stanza_craft+coref_01828fd7_0:projection-plan|IEPA.d74.s176:stanza_craft+coref_01828fd7_1:projection-plan
iepa,IEPA.d74.s177,0,1,positive,positive,emitted,pair_candidate_exists,applied,emitted,1,structural|AB|accompany|_|passive,accompany,clause,asserted,directed,stanza_craft+coref_eddb69e0_0:rel:0,stanza_craft+coref_eddb69e0_0|stanza_craft+coref_eddb69e0_1,IEPA.d74.s177:stanza_craft+coref_eddb69e0_0:projection-plan|IEPA.d74.s177:stanza_craft+coref_eddb69e0_1:projection-plan
iepa,IEPA.d74.s177,0,2,positive,positive,emitted,pair_candidate_exists,applied,emitted,1,structural|AB|accompany|_|passive,accompany,clause,asserted,directed,stanza_craft+coref_eddb69e0_0:rel:1,stanza_craft+coref_eddb69e0_0|stanza_craft+coref_eddb69e0_1,IEPA.d74.s177:stanza_craft+coref_eddb69e0_0:projection-plan|IEPA.d74.s177:stanza_craft+coref_eddb69e0_1:projection-plan
iepa,IEPA.d74.s177,0,3,positive,positive,emitted,pair_candidate_exists,applied,emitted,1,structural|AB|accompany|_|passive,accompany,clause,asserted,directed,stanza_craft+coref_eddb69e0_0:rel:2,stanza_craft+coref_eddb69e0_0|stanza_craft+coref_eddb69e0_1,IEPA.d74.s177:stanza_craft+coref_eddb69e0_0:projection-plan|IEPA.d74.s177:stanza_craft+coref_eddb69e0_1:projection-plan
iepa,IEPA.d74.s177,1,2,negative,negative,pair_not_proposed,same_event_no_pair,not_generated,pair_not_proposed,0,,,,,,,stanza_craft+coref_eddb69e0_0|stanza_craft+coref_eddb69e0_1,IEPA.d74.s177:stanza_craft+coref_eddb69e0_0:projection-plan|IEPA.d74.s177:stanza_craft+coref_eddb69e0_1:projection-plan
iepa,IEPA.d74.s177,1,3,negative,negative,pair_not_proposed,same_event_no_pair,not_generated,pair_not_proposed,0,,,,,,,stanza_craft+coref_eddb69e0_0|stanza_craft+coref_eddb69e0_1,IEPA.d74.s177:stanza_craft+coref_eddb69e0_0:projection-plan|IEPA.d74.s177:stanza_craft+coref_eddb69e0_1:projection-plan
iepa,IEPA.d74.s177,2,3,negative,negative,pair_not_proposed,same_event_no_pair,not_generated,pair_not_proposed,0,,,,,,,stanza_craft+coref_eddb69e0_0|stanza_craft+coref_eddb69e0_1,IEPA.d74.s177:stanza_craft+coref_eddb69e0_0:projection-plan|IEPA.d74.s177:stanza_craft+coref_eddb69e0_1:projection-plan
iepa,IEPA.d74.s178,0,1,positive,positive,emitted,pair_candidate_exists,applied,emitted,1,structural|AB|maintain|_|verbal,maintain,clause,asserted,directed,stanza_craft+coref_20d42559_0:rel:0,stanza_craft+coref_20d42559_0|stanza_craft+coref_20d42559_1,IEPA.d74.s178:stanza_craft+coref_20d42559_0:projection-plan|IEPA.d74.s178:stanza_craft+coref_20d42559_1:projection-plan
iepa,IEPA.d74.s178,0,2,positive,positive,emitted,pair_candidate_exists,applied,emitted,1,structural|AB|maintain|_|verbal,maintain,clause,asserted,directed,stanza_craft+coref_20d42559_0:rel:1,stanza_craft+coref_20d42559_0|stanza_craft+coref_20d42559_1,IEPA.d74.s178:stanza_craft+coref_20d42559_0:projection-plan|IEPA.d74.s178:stanza_craft+coref_20d42559_1:projection-plan
iepa,IEPA.d74.s178,0,3,positive,positive,emitted,pair_candidate_exists,applied,emitted,1,structural|AB|maintain|_|verbal,maintain,clause,asserted,directed,stanza_craft+coref_20d42559_0:rel:2,stanza_craft+coref_20d42559_0|stanza_craft+coref_20d42559_1,IEPA.d74.s178:stanza_craft+coref_20d42559_0:projection-plan|IEPA.d74.s178:stanza_craft+coref_20d42559_1:projection-plan
iepa,IEPA.d74.s178,1,2,negative,negative,pair_not_proposed,same_event_no_pair,not_generated,pair_not_proposed,0,,,,,,,stanza_craft+coref_20d42559_0,IEPA.d74.s178:stanza_craft+coref_20d42559_0:projection-plan
iepa,IEPA.d74.s178,1,3,negative,negative,pair_not_proposed,same_event_no_pair,not_generated,pair_not_proposed,0,,,,,,,stanza_craft+coref_20d42559_0,IEPA.d74.s178:stanza_craft+coref_20d42559_0:projection-plan
iepa,IEPA.d74.s178,2,3,negative,negative,pair_not_proposed,same_event_no_pair,not_generated,pair_not_proposed,0,,,,,,,stanza_craft+coref_20d42559_0,IEPA.d74.s178:stanza_craft+coref_20d42559_0:projection-plan
iepa,IEPA.d75.s179,0,1,negative,negative,pair_not_proposed,same_event_no_pair,not_generated,pair_not_proposed,0,,,,,,,stanza_craft+coref_a4cf90da_0,IEPA.d75.s179:stanza_craft+coref_a4cf90da_0:projection-plan
iepa,IEPA.d76.s182,0,1,positive,negative,argument_not_bound,one_endpoint,not_generated,argument_not_bound,0,,,,,,,stanza_craft+coref_89c1381f_0,IEPA.d76.s182:stanza_craft+coref_89c1381f_0:projection-plan
iepa,IEPA.d76.s184,0,1,positive,negative,argument_not_bound,one_endpoint,not_generated,argument_not_bound,0,,,,,,,stanza_craft+coref_351c3f4b_0,IEPA.d76.s184:stanza_craft+coref_351c3f4b_0:projection-plan
iepa,IEPA.d77.s186,0,1,positive,negative,argument_not_bound,separate_events,not_generated,argument_not_bound,0,,,,,,,stanza_craft+coref_76fcf3ab_0|stanza_craft+coref_76fcf3ab_1,IEPA.d77.s186:stanza_craft+coref_76fcf3ab_0:projection-plan|IEPA.d77.s186:stanza_craft+coref_76fcf3ab_1:projection-plan
iepa,IEPA.d78.s187,0,1,positive,negative,pair_not_proposed,same_event_no_pair,not_generated,pair_not_proposed,0,,,,,,,stanza_craft+coref_bbd194a3_0,IEPA.d78.s187:stanza_craft+coref_bbd194a3_0:projection-plan
iepa,IEPA.d78.s187,0,2,negative,positive,emitted_gold_disagreement,pair_candidate_exists,applied,emitted_gold_disagreement,1,structural|AB|assess|_|verbal,assess,clause,asserted,directed,stanza_craft+coref_bbd194a3_0:rel:0,stanza_craft+coref_bbd194a3_0|stanza_craft+coref_bbd194a3_1,IEPA.d78.s187:stanza_craft+coref_bbd194a3_0:projection-plan|IEPA.d78.s187:stanza_craft+coref_bbd194a3_1:projection-plan
iepa,IEPA.d78.s187,1,2,negative,positive,emitted_gold_disagreement,pair_candidate_exists,applied,emitted_gold_disagreement,1,structural|AB|assess|_|verbal,assess,clause,asserted,directed,stanza_craft+coref_bbd194a3_0:rel:1,stanza_craft+coref_bbd194a3_0|stanza_craft+coref_bbd194a3_1,IEPA.d78.s187:stanza_craft+coref_bbd194a3_0:projection-plan|IEPA.d78.s187:stanza_craft+coref_bbd194a3_1:projection-plan
iepa,IEPA.d78.s188,0,1,positive,positive,emitted,pair_candidate_exists,applied,emitted,1,structural|AB|activate|_|verbal,activate,clause,asserted,directed,stanza_craft+coref_8fcc4888_0:rel:0,stanza_craft+coref_8fcc4888_0|stanza_craft+coref_8fcc4888_1,IEPA.d78.s188:stanza_craft+coref_8fcc4888_0:projection-plan|IEPA.d78.s188:stanza_craft+coref_8fcc4888_1:projection-plan
iepa,IEPA.d8.s14,0,1,negative,negative,pair_not_proposed,same_event_no_pair,not_generated,pair_not_proposed,0,,,,,,,stanza_craft+coref_8d247e54_1,IEPA.d8.s14:stanza_craft+coref_8d247e54_1:projection-plan
iepa,IEPA.d8.s16,0,1,positive,positive,emitted,pair_candidate_exists,applied,emitted,1,structural|AB|stimulate|_|verbal,stimulate,clause,asserted,directed,stanza_craft+coref_eb4fbf73_0:rel:0,stanza_craft+coref_eb4fbf73_0,IEPA.d8.s16:stanza_craft+coref_eb4fbf73_0:projection-plan
iepa,IEPA.d8.s17,0,1,positive,positive,emitted,pair_candidate_exists,applied,emitted,1,structural|AB|generate|_|verbal,generate,clause,asserted,directed,stanza_craft+coref_ea8865d7_4:rel:0,stanza_craft+coref_ea8865d7_3|stanza_craft+coref_ea8865d7_4|stanza_craft+coref_ea8865d7_5,IEPA.d8.s17:stanza_craft+coref_ea8865d7_3:projection-plan|IEPA.d8.s17:stanza_craft+coref_ea8865d7_4:projection-plan|IEPA.d8.s17:stanza_craft+coref_ea8865d7_5:projection-plan
iepa,IEPA.d80.s190,0,1,negative,positive,emitted_gold_disagreement,pair_candidate_exists,applied,emitted_gold_disagreement,1,structural|AB|explore|_|verbal,explore,clause,asserted,directed,stanza_craft+coref_1e7aebec_0:rel:0,stanza_craft+coref_1e7aebec_0|stanza_craft+coref_1e7aebec_1,IEPA.d80.s190:stanza_craft+coref_1e7aebec_0:projection-plan|IEPA.d80.s190:stanza_craft+coref_1e7aebec_1:projection-plan
iepa,IEPA.d80.s190,0,2,negative,positive,emitted_gold_disagreement,pair_candidate_exists,applied,emitted_gold_disagreement,1,structural|AB|explore|_|verbal,explore,clause,asserted,directed,stanza_craft+coref_1e7aebec_0:rel:1,stanza_craft+coref_1e7aebec_0|stanza_craft+coref_1e7aebec_1|stanza_craft+coref_1e7aebec_2,IEPA.d80.s190:stanza_craft+coref_1e7aebec_0:projection-plan|IEPA.d80.s190:stanza_craft+coref_1e7aebec_1:projection-plan|IEPA.d80.s190:stanza_craft+coref_1e7aebec_2:projection-plan
iepa,IEPA.d80.s190,1,2,negative,negative,pair_not_proposed,same_event_no_pair,not_generated,pair_not_proposed,0,,,,,,,stanza_craft+coref_1e7aebec_0|stanza_craft+coref_1e7aebec_1|stanza_craft+coref_1e7aebec_2,IEPA.d80.s190:stanza_craft+coref_1e7aebec_0:projection-plan|IEPA.d80.s190:stanza_craft+coref_1e7aebec_1:projection-plan|IEPA.d80.s190:stanza_craft+coref_1e7aebec_2:projection-plan
iepa,IEPA.d80.s191,0,1,positive,positive,emitted,pair_candidate_exists,applied,emitted,1,structural|AB|decrease|_|verbal,decrease,clause,asserted,directed,stanza_craft+coref_52e9ad00_0:rel:0,stanza_craft+coref_52e9ad00_0,IEPA.d80.s191:stanza_craft+coref_52e9ad00_0:projection-plan
iepa,IEPA.d80.s192,0,1,positive,negative,argument_not_bound,one_endpoint,not_generated,argument_not_bound,0,,,,,,,stanza_craft+coref_7e79cd08_0,IEPA.d80.s192:stanza_craft+coref_7e79cd08_0:projection-plan
iepa,IEPA.d81.s193,0,1,positive,positive,emitted,pair_candidate_exists,applied,emitted,1,structural|AB|activate|_|verbal,activate,clause,asserted,directed,stanza_craft+coref_2fbd1b16_0:rel:0,stanza_craft+coref_2fbd1b16_0,IEPA.d81.s193:stanza_craft+coref_2fbd1b16_0:projection-plan
iepa,IEPA.d81.s194,0,1,positive,negative,assertion_suppressed,pair_candidate_exists,blocked_assertion,assertion_suppressed,1,structural|AB|activate|_|nominalized,activate,event_nominal,negated,directed,stanza_craft+coref_6dacb792_1:rel:0,stanza_craft+coref_6dacb792_0|stanza_craft+coref_6dacb792_1,IEPA.d81.s194:stanza_craft+coref_6dacb792_0:projection-plan|IEPA.d81.s194:stanza_craft+coref_6dacb792_1:projection-plan
iepa,IEPA.d82.s195,0,1,positive,negative,argument_not_bound,one_endpoint,not_generated,argument_not_bound,0,,,,,,,stanza_craft+coref_18206c6e_0,IEPA.d82.s195:stanza_craft+coref_18206c6e_0:projection-plan
iepa,IEPA.d82.s197,0,1,positive,positive,emitted,pair_candidate_exists,applied,emitted,1,structural|AB|increase|_|verbal,increase,clause,asserted,directed,stanza_craft+coref_7ac82223_2:rel:0,stanza_craft+coref_7ac82223_1|stanza_craft+coref_7ac82223_2,IEPA.d82.s197:stanza_craft+coref_7ac82223_1:projection-plan|IEPA.d82.s197:stanza_craft+coref_7ac82223_2:projection-plan
iepa,IEPA.d84.s199,0,1,positive,positive,emitted,pair_candidate_exists,applied,emitted,1,structural|AB|effect|on|nominalized,effect,event_nominal,asserted,directed,stanza_craft+coref_55f5f873_0:rel:0,stanza_craft+coref_55f5f873_0|stanza_craft+coref_55f5f873_1,IEPA.d84.s199:stanza_craft+coref_55f5f873_0:projection-plan|IEPA.d84.s199:stanza_craft+coref_55f5f873_1:projection-plan
iepa,IEPA.d84.s199,1,2,negative,positive,emitted_gold_disagreement,pair_candidate_exists,applied,emitted_gold_disagreement,1,structural|AB|response|_|nominalized,response,event_nominal,asserted,directed,stanza_craft+coref_55f5f873_1:rel:0,stanza_craft+coref_55f5f873_0|stanza_craft+coref_55f5f873_1,IEPA.d84.s199:stanza_craft+coref_55f5f873_0:projection-plan|IEPA.d84.s199:stanza_craft+coref_55f5f873_1:projection-plan
iepa,IEPA.d84.s200,0,1,positive,negative,argument_not_bound,separate_events,not_generated,argument_not_bound,0,,,,,,,stanza_craft+coref_b655cea1_0|stanza_craft+coref_b655cea1_2,IEPA.d84.s200:stanza_craft+coref_b655cea1_0:projection-plan|IEPA.d84.s200:stanza_craft+coref_b655cea1_2:projection-plan
iepa,IEPA.d84.s201,0,1,positive,negative,argument_not_bound,one_endpoint,not_generated,argument_not_bound,0,,,,,,,stanza_craft+coref_bb813f11_0,IEPA.d84.s201:stanza_craft+coref_bb813f11_0:projection-plan
iepa,IEPA.d84.s201,0,2,negative,positive,emitted_gold_disagreement,pair_candidate_exists,applied,emitted_gold_disagreement,1,structural|AB|measure|with|passive,measure,clause,asserted,directed,stanza_craft+coref_bb813f11_0:rel:0,stanza_craft+coref_bb813f11_0,IEPA.d84.s201:stanza_craft+coref_bb813f11_0:projection-plan
iepa,IEPA.d84.s202,0,1,negative,positive,emitted_gold_disagreement,pair_candidate_exists,applied,emitted_gold_disagreement,1,structural|AB|take|before|passive,take,clause,asserted,directed,stanza_craft+coref_4a345d28_0:rel:0,stanza_craft+coref_4a345d28_0,IEPA.d84.s202:stanza_craft+coref_4a345d28_0:projection-plan
iepa,IEPA.d84.s203,0,1,positive,negative,argument_not_bound,separate_events,not_generated,argument_not_bound,0,,,,,,,stanza_craft+coref_111449ba_1|stanza_craft+coref_111449ba_2,IEPA.d84.s203:stanza_craft+coref_111449ba_1:projection-plan|IEPA.d84.s203:stanza_craft+coref_111449ba_2:projection-plan
iepa,IEPA.d85.s204,0,1,positive,negative,pair_not_proposed,same_event_no_pair,not_generated,pair_not_proposed,0,,,,,,,stanza_craft+coref_de4fc9f4_2,IEPA.d85.s204:stanza_craft+coref_de4fc9f4_2:projection-plan
iepa,IEPA.d86.s205,0,1,positive,negative,argument_not_bound,separate_events,not_generated,argument_not_bound,0,,,,,,,stanza_craft+coref_ec68f085_1|stanza_craft+coref_ec68f085_2,IEPA.d86.s205:stanza_craft+coref_ec68f085_1:projection-plan|IEPA.d86.s205:stanza_craft+coref_ec68f085_2:projection-plan
iepa,IEPA.d87.s206,0,1,positive,negative,argument_not_bound,one_endpoint,not_generated,argument_not_bound,0,,,,,,,stanza_craft+coref_b9c8f1aa_4,IEPA.d87.s206:stanza_craft+coref_b9c8f1aa_4:projection-plan
iepa,IEPA.d88.s207,0,1,negative,negative,pair_not_proposed,same_event_no_pair,not_generated,pair_not_proposed,0,,,,,,,stanza_craft+coref_3f44ef4e_0|stanza_craft+coref_3f44ef4e_4,IEPA.d88.s207:stanza_craft+coref_3f44ef4e_0:projection-plan|IEPA.d88.s207:stanza_craft+coref_3f44ef4e_4:projection-plan
iepa,IEPA.d88.s207,3,4,negative,negative,pair_not_proposed,same_event_no_pair,not_generated,pair_not_proposed,0,,,,,,,stanza_craft+coref_3f44ef4e_3,IEPA.d88.s207:stanza_craft+coref_3f44ef4e_3:projection-plan
iepa,IEPA.d89.s209,0,1,negative,negative,pair_not_proposed,same_event_no_pair,not_generated,pair_not_proposed,0,,,,,,,stanza_craft+coref_cedc7c37_0,IEPA.d89.s209:stanza_craft+coref_cedc7c37_0:projection-plan
iepa,IEPA.d89.s209,0,2,negative,negative,pair_not_proposed,same_event_no_pair,not_generated,pair_not_proposed,0,,,,,,,stanza_craft+coref_cedc7c37_0,IEPA.d89.s209:stanza_craft+coref_cedc7c37_0:projection-plan
iepa,IEPA.d89.s209,0,3,positive,negative,argument_not_bound,one_endpoint,not_generated,argument_not_bound,0,,,,,,,stanza_craft+coref_cedc7c37_0,IEPA.d89.s209:stanza_craft+coref_cedc7c37_0:projection-plan
iepa,IEPA.d89.s209,1,2,negative,negative,pair_not_proposed,same_event_no_pair,not_generated,pair_not_proposed,0,,,,,,,stanza_craft+coref_cedc7c37_0,IEPA.d89.s209:stanza_craft+coref_cedc7c37_0:projection-plan
iepa,IEPA.d89.s209,1,3,positive,negative,argument_not_bound,one_endpoint,not_generated,argument_not_bound,0,,,,,,,stanza_craft+coref_cedc7c37_0,IEPA.d89.s209:stanza_craft+coref_cedc7c37_0:projection-plan
iepa,IEPA.d89.s210,0,1,negative,positive,emitted_gold_disagreement,pair_candidate_exists,applied,emitted_gold_disagreement,1,structural|AB|determine|_|verbal,determine,clause,asserted,directed,stanza_craft+coref_018fced6_0:rel:0,stanza_craft+coref_018fced6_0|stanza_craft+coref_018fced6_2,IEPA.d89.s210:stanza_craft+coref_018fced6_0:projection-plan|IEPA.d89.s210:stanza_craft+coref_018fced6_2:projection-plan
iepa,IEPA.d89.s211,0,1,positive,negative,argument_not_bound,one_endpoint,not_generated,argument_not_bound,0,,,,,,,stanza_craft+coref_7185e2c5_0,IEPA.d89.s211:stanza_craft+coref_7185e2c5_0:projection-plan
iepa,IEPA.d89.s211,0,2,positive,negative,argument_not_bound,one_endpoint,not_generated,argument_not_bound,0,,,,,,,stanza_craft+coref_7185e2c5_0,IEPA.d89.s211:stanza_craft+coref_7185e2c5_0:projection-plan
iepa,IEPA.d89.s211,0,3,positive,negative,argument_not_bound,one_endpoint,not_generated,argument_not_bound,0,,,,,,,stanza_craft+coref_7185e2c5_0,IEPA.d89.s211:stanza_craft+coref_7185e2c5_0:projection-plan
iepa,IEPA.d89.s212,0,1,positive,positive,emitted,pair_candidate_exists,applied,emitted,1,structural|AB|increase|_|verbal,increase,clause,asserted,directed,stanza_craft+coref_a8ae6c30_1:rel:0,stanza_craft+coref_a8ae6c30_1,IEPA.d89.s212:stanza_craft+coref_a8ae6c30_1:projection-plan
iepa,IEPA.d89.s212,0,2,positive,positive,emitted,pair_candidate_exists,applied,emitted,1,structural|AB|increase|_|verbal,increase,clause,asserted,directed,stanza_craft+coref_a8ae6c30_1:rel:1,stanza_craft+coref_a8ae6c30_1,IEPA.d89.s212:stanza_craft+coref_a8ae6c30_1:projection-plan
iepa,IEPA.d89.s212,0,3,positive,positive,emitted,pair_candidate_exists,applied,emitted,1,structural|AB|increase|_|verbal,increase,clause,asserted,directed,stanza_craft+coref_a8ae6c30_1:rel:2,stanza_craft+coref_a8ae6c30_1,IEPA.d89.s212:stanza_craft+coref_a8ae6c30_1:projection-plan
iepa,IEPA.d89.s212,1,2,negative,negative,pair_not_proposed,same_event_no_pair,not_generated,pair_not_proposed,0,,,,,,,stanza_craft+coref_a8ae6c30_1,IEPA.d89.s212:stanza_craft+coref_a8ae6c30_1:projection-plan
iepa,IEPA.d89.s212,1,3,negative,negative,pair_not_proposed,same_event_no_pair,not_generated,pair_not_proposed,0,,,,,,,stanza_craft+coref_a8ae6c30_1,IEPA.d89.s212:stanza_craft+coref_a8ae6c30_1:projection-plan
iepa,IEPA.d89.s212,2,3,negative,negative,pair_not_proposed,same_event_no_pair,not_generated,pair_not_proposed,0,,,,,,,stanza_craft+coref_a8ae6c30_1,IEPA.d89.s212:stanza_craft+coref_a8ae6c30_1:projection-plan
iepa,IEPA.d9.s19,0,1,positive,positive,emitted,pair_candidate_exists,applied,emitted,1,structural|AB|administration|for|nominalized,administration,event_nominal,asserted,directed,stanza_craft+coref_603a5f08_0:rel:0,stanza_craft+coref_603a5f08_0|stanza_craft+coref_603a5f08_1,IEPA.d9.s19:stanza_craft+coref_603a5f08_0:projection-plan|IEPA.d9.s19:stanza_craft+coref_603a5f08_1:projection-plan
iepa,IEPA.d9.s20,0,1,positive,negative,argument_not_bound,one_endpoint,not_generated,argument_not_bound,0,,,,,,,stanza_craft+coref_993c07fc_1,IEPA.d9.s20:stanza_craft+coref_993c07fc_1:projection-plan
iepa,IEPA.d9.s21,0,1,positive,negative,proposal_not_applied,pair_candidate_exists,not_applied,no_projectable_pairs,1,structural|NESTED|induce|_|nested,induce,clause,asserted,nested_review,stanza_craft+coref_1c796ce5_2:rel:0,stanza_craft+coref_1c796ce5_0|stanza_craft+coref_1c796ce5_1|stanza_craft+coref_1c796ce5_2,IEPA.d9.s21:stanza_craft+coref_1c796ce5_0:projection-plan|IEPA.d9.s21:stanza_craft+coref_1c796ce5_1:projection-plan|IEPA.d9.s21:stanza_craft+coref_1c796ce5_2:projection-plan
iepa,IEPA.d90.s213,0,1,positive,positive,emitted,pair_candidate_exists,applied,emitted,1,structural|AB|regulate|of|nominalized,regulate,event_nominal,asserted,directed,stanza_craft+coref_ee760ab4_1:rel:0,stanza_craft+coref_ee760ab4_0|stanza_craft+coref_ee760ab4_1,IEPA.d90.s213:stanza_craft+coref_ee760ab4_0:projection-plan|IEPA.d90.s213:stanza_craft+coref_ee760ab4_1:projection-plan
iepa,IEPA.d90.s214,0,1,positive,positive,emitted,pair_candidate_exists,applied,emitted,1,structural|AB|regulate|of|nominalized,regulate,event_nominal,asserted,directed,stanza_craft+coref_96fce5b0_1:rel:0,stanza_craft+coref_96fce5b0_0|stanza_craft+coref_96fce5b0_1,IEPA.d90.s214:stanza_craft+coref_96fce5b0_0:projection-plan|IEPA.d90.s214:stanza_craft+coref_96fce5b0_1:projection-plan
iepa,IEPA.d91.s215,0,1,positive,negative,event_not_found,neither_endpoint,not_generated,event_not_found,0,,,,,,,,
iepa,IEPA.d91.s216,0,1,positive,negative,pair_not_proposed,same_event_no_pair,not_generated,pair_not_proposed,0,,,,,,,stanza_craft+coref_c8cd26d4_0,IEPA.d91.s216:stanza_craft+coref_c8cd26d4_0:projection-plan
iepa,IEPA.d91.s217,0,1,positive,negative,argument_not_bound,one_endpoint,not_generated,argument_not_bound,0,,,,,,,stanza_craft+coref_e49f8dde_0,IEPA.d91.s217:stanza_craft+coref_e49f8dde_0:projection-plan
iepa,IEPA.d91.s218,0,1,positive,negative,event_not_found,neither_endpoint,not_generated,event_not_found,0,,,,,,,,
iepa,IEPA.d91.s219,0,1,positive,negative,proposal_not_applied,pair_candidate_exists,not_applied,no_projectable_pairs,1,structural|NESTED|stimulate|_|nested,stimulate,clause,asserted,nested_review,stanza_craft+coref_6c138175_1:rel:0,stanza_craft+coref_6c138175_0|stanza_craft+coref_6c138175_1,IEPA.d91.s219:stanza_craft+coref_6c138175_0:projection-plan|IEPA.d91.s219:stanza_craft+coref_6c138175_1:projection-plan
iepa,IEPA.d91.s220,0,1,positive,negative,argument_not_bound,one_endpoint,not_generated,argument_not_bound,0,,,,,,,stanza_craft+coref_4997bb40_1,IEPA.d91.s220:stanza_craft+coref_4997bb40_1:projection-plan
iepa,IEPA.d91.s221,0,1,positive,negative,event_not_found,neither_endpoint,not_generated,event_not_found,0,,,,,,,,
iepa,IEPA.d91.s222,0,1,positive,negative,proposal_not_applied,pair_candidate_exists,not_applied,multiple_application_reasons,1,structural|NESTED|induce|_|nested,induce,clause,asserted,nested_review,stanza_craft+coref_83ac2be3_2:rel:0,stanza_craft+coref_83ac2be3_0|stanza_craft+coref_83ac2be3_1|stanza_craft+coref_83ac2be3_2,IEPA.d91.s222:stanza_craft+coref_83ac2be3_0:projection-plan|IEPA.d91.s222:stanza_craft+coref_83ac2be3_1:projection-plan|IEPA.d91.s222:stanza_craft+coref_83ac2be3_2:projection-plan
iepa,IEPA.d91.s223,1,2,positive,negative,argument_not_bound,one_endpoint,not_generated,argument_not_bound,0,,,,,,,stanza_craft+coref_e6c74e0b_1,IEPA.d91.s223:stanza_craft+coref_e6c74e0b_1:projection-plan
iepa,IEPA.d91.s224,0,1,positive,positive,emitted,pair_candidate_exists,applied,emitted,1,structural|AB|increase|_|verbal,increase,clause,asserted,directed,stanza_craft+coref_39af2340_0:rel:0,stanza_craft+coref_39af2340_0,IEPA.d91.s224:stanza_craft+coref_39af2340_0:projection-plan
iepa,IEPA.d93.s226,0,1,positive,negative,event_not_found,neither_endpoint,not_generated,event_not_found,0,,,,,,,,
iepa,IEPA.d95.s229,0,1,positive,positive,emitted,pair_candidate_exists,applied,emitted,1,structural|AB|overlap|with|verbal,overlap,clause,asserted,directed,stanza_craft+coref_20019b17_0:rel:0,stanza_craft+coref_20019b17_0,IEPA.d95.s229:stanza_craft+coref_20019b17_0:projection-plan
iepa,IEPA.d95.s230,0,1,negative,positive,emitted_gold_disagreement,pair_candidate_exists,applied,emitted_gold_disagreement,1,structural|AB|suggest|_|verbal,suggest,clause,asserted,directed,stanza_craft+coref_d88e6bb7_0:rel:0,stanza_craft+coref_d88e6bb7_0,IEPA.d95.s230:stanza_craft+coref_d88e6bb7_0:projection-plan
iepa,IEPA.d96.s231,0,2,positive,negative,event_not_found,neither_endpoint,not_generated,event_not_found,0,,,,,,,,
iepa,IEPA.d96.s231,1,2,positive,negative,event_not_found,neither_endpoint,not_generated,event_not_found,0,,,,,,,,
iepa,IEPA.d96.s232,0,1,positive,positive,emitted,pair_candidate_exists,applied,emitted,1,structural|AB|associate|with|passive,associate,clause,asserted,directed,stanza_craft+coref_736db800_0:rel:0,stanza_craft+coref_736db800_0,IEPA.d96.s232:stanza_craft+coref_736db800_0:projection-plan
iepa,IEPA.d96.s232,0,2,positive,positive,emitted,pair_candidate_exists,applied,emitted,1,structural|AB|associate|with|passive,associate,clause,asserted,directed,stanza_craft+coref_736db800_0:rel:1,stanza_craft+coref_736db800_0,IEPA.d96.s232:stanza_craft+coref_736db800_0:projection-plan
iepa,IEPA.d96.s232,1,2,negative,negative,pair_not_proposed,same_event_no_pair,not_generated,pair_not_proposed,0,,,,,,,stanza_craft+coref_736db800_0,IEPA.d96.s232:stanza_craft+coref_736db800_0:projection-plan
iepa,IEPA.d96.s233,0,1,negative,negative,pair_not_proposed,same_event_no_pair,not_generated,pair_not_proposed,0,,,,,,,stanza_craft+coref_c4251f37_0|stanza_craft+coref_c4251f37_2|stanza_craft+coref_c4251f37_3,IEPA.d96.s233:stanza_craft+coref_c4251f37_0:projection-plan|IEPA.d96.s233:stanza_craft+coref_c4251f37_2:projection-plan|IEPA.d96.s233:stanza_craft+coref_c4251f37_3:projection-plan
iepa,IEPA.d97.s234,0,1,positive,negative,argument_not_bound,one_endpoint,not_generated,argument_not_bound,0,,,,,,,stanza_craft+coref_9f073012_0,IEPA.d97.s234:stanza_craft+coref_9f073012_0:projection-plan
iepa,IEPA.d97.s235,0,1,positive,negative,argument_not_bound,separate_events,not_generated,argument_not_bound,0,,,,,,,stanza_craft+coref_0290f67e_0|stanza_craft+coref_0290f67e_1,IEPA.d97.s235:stanza_craft+coref_0290f67e_0:projection-plan|IEPA.d97.s235:stanza_craft+coref_0290f67e_1:projection-plan
iepa,IEPA.d98.s236,0,1,positive,negative,argument_not_bound,separate_events,not_generated,argument_not_bound,0,,,,,,,stanza_craft+coref_85818d53_0|stanza_craft+coref_85818d53_1,IEPA.d98.s236:stanza_craft+coref_85818d53_0:projection-plan|IEPA.d98.s236:stanza_craft+coref_85818d53_1:projection-plan
iepa,IEPA.d99.s237,0,1,positive,positive,emitted,pair_candidate_exists,applied,emitted,1,structural|AB|inhibit|_|verbal,inhibit,clause,asserted,directed,stanza_craft+coref_5550f447_0:rel:0,stanza_craft+coref_5550f447_0,IEPA.d99.s237:stanza_craft+coref_5550f447_0:projection-plan
iepa,IEPA.d99.s238,0,1,negative,positive,emitted_gold_disagreement,pair_candidate_exists,applied,emitted_gold_disagreement,1,structural|AB|study|_|verbal,study,clause,asserted,directed,stanza_craft+coref_07b0a7b9_0:rel:0,stanza_craft+coref_07b0a7b9_0|stanza_craft+coref_07b0a7b9_1,IEPA.d99.s238:stanza_craft+coref_07b0a7b9_0:projection-plan|IEPA.d99.s238:stanza_craft+coref_07b0a7b9_1:projection-plan
iepa,IEPA.d99.s238,0,2,negative,positive,emitted_gold_disagreement,pair_candidate_exists,applied,emitted_gold_disagreement,1,structural|AB|study|_|verbal,study,clause,asserted,directed,stanza_craft+coref_07b0a7b9_0:rel:1,stanza_craft+coref_07b0a7b9_0|stanza_craft+coref_07b0a7b9_1,IEPA.d99.s238:stanza_craft+coref_07b0a7b9_0:projection-plan|IEPA.d99.s238:stanza_craft+coref_07b0a7b9_1:projection-plan
iepa,IEPA.d99.s238,1,2,negative,negative,pair_not_proposed,same_event_no_pair,not_generated,pair_not_proposed,0,,,,,,,stanza_craft+coref_07b0a7b9_0|stanza_craft+coref_07b0a7b9_1,IEPA.d99.s238:stanza_craft+coref_07b0a7b9_0:projection-plan|IEPA.d99.s238:stanza_craft+coref_07b0a7b9_1:projection-plan
