dimension,corpus,key,support,gold_positive,gold_negative,cpr,wilson_low,wilson_high
pattern,aimed,relational|RELATIONAL|agonist|_|verbal,8,6,2,0.75,0.40927,0.928522
pattern,aimed,relational|RELATIONAL|antagonist|_|verbal,1,0,1,0,0,0.793457
pattern,aimed,relational|RELATIONAL|coactivator|_|verbal,1,1,0,1,0.206543,1
pattern,aimed,relational|RELATIONAL|complex|_|verbal,4,0,4,0,0,0.4899
pattern,aimed,relational|RELATIONAL|component|_|verbal,4,0,4,0,0,0.4899
pattern,aimed,relational|RELATIONAL|domain|_|verbal,7,2,5,0.285714,0.0822172,0.641071
pattern,aimed,relational|RELATIONAL|effector|_|verbal,1,0,1,0,0,0.793457
pattern,aimed,relational|RELATIONAL|factor|_|verbal,1,0,1,0,0,0.793457
pattern,aimed,relational|RELATIONAL|form|_|verbal,1,0,1,0,0,0.793457
pattern,aimed,relational|RELATIONAL|homologue|_|verbal,6,0,6,0,0,0.390343
pattern,aimed,relational|RELATIONAL|homolog|_|verbal,1,0,1,0,0,0.793457
pattern,aimed,relational|RELATIONAL|identity|_|verbal,29,5,24,0.172414,0.0759775,0.345488
pattern,aimed,relational|RELATIONAL|inhibitor|_|verbal,2,1,1,0.5,0.0945287,0.905471
pattern,aimed,relational|RELATIONAL|is-a|_|verbal,344,20,324,0.0581395,0.037948,0.088091
pattern,aimed,relational|RELATIONAL|ligand|_|verbal,14,13,1,0.928571,0.685307,0.987278
pattern,aimed,relational|RELATIONAL|mediator|_|verbal,1,0,1,0,0,0.793457
pattern,aimed,relational|RELATIONAL|member|_|verbal,2,0,2,0,0,0.657628
pattern,aimed,relational|RELATIONAL|property|_|verbal,1,0,1,0,0,0.793457
pattern,aimed,relational|RELATIONAL|protein|_|verbal,1,0,1,0,0,0.793457
pattern,aimed,relational|RELATIONAL|regulator|_|verbal,2,1,1,0.5,0.0945287,0.905471
pattern,aimed,relational|RELATIONAL|step|_|verbal,8,0,8,0,0,0.324416
pattern,aimed,relational|RELATIONAL|substitution|_|verbal,1,0,1,0,0,0.793457
pattern,aimed,relational|RELATIONAL|substrate|_|verbal,5,1,4,0.2,0.0362232,0.624472
pattern,aimed,relational|RELATIONAL|target|_|verbal,2,0,2,0,0,0.657628
pattern,aimed,relational|RELATIONAL|variant|_|verbal,2,0,2,0,0,0.657628
pattern,aimed,structural|AA|associate|_|nominalized,1,1,0,1,0.206543,1
pattern,aimed,structural|AA|associate|_|verbal,1,0,1,0,0,0.793457
pattern,aimed,structural|AA|associate|between|nominalized,6,5,1,0.833333,0.436491,0.969947
pattern,aimed,structural|AA|associate|of|nominalized,1,0,1,0,0,0.793457
pattern,aimed,structural|AA|associate|with|nominalized,18,1,17,0.0555556,0.00987494,0.257578
pattern,aimed,structural|AA|bind|_|nominalized,18,1,17,0.0555556,0.00987494,0.257578
pattern,aimed,structural|AA|bind|between|nominalized,1,0,1,0,0,0.793457
pattern,aimed,structural|AA|bind|for|nominalized,1,0,1,0,0,0.793457
pattern,aimed,structural|AA|bind|of|nominalized,6,2,4,0.333333,0.0967693,0.700012
pattern,aimed,structural|AA|bind|to|nominalized,2,0,2,0,0,0.657628
pattern,aimed,structural|AA|coimmunoprecipitate|_|verbal,1,1,0,1,0.206543,1
pattern,aimed,structural|AA|complex|_|compound_state,146,50,96,0.342466,0.270416,0.422593
pattern,aimed,structural|AA|complex|between|nominalized,1,1,0,1,0.206543,1
pattern,aimed,structural|AA|dimerization|of|nominalized,9,2,7,0.222222,0.0632238,0.547417
pattern,aimed,structural|AA|dissociate|_|passive,1,1,0,1,0.206543,1
pattern,aimed,structural|AA|heterodimer|_|compound_state,12,7,5,0.583333,0.319507,0.806743
pattern,aimed,structural|AA|homodimer|_|compound_state,1,0,1,0,0,0.793457
pattern,aimed,structural|AA|interact|_|compound_state,2,2,0,1,0.342372,1
pattern,aimed,structural|AA|interact|_|nominalized,13,7,6,0.538462,0.291434,0.767942
pattern,aimed,structural|AA|interact|_|verbal,12,3,9,0.25,0.08894,0.53231
pattern,aimed,structural|AA|interact|between|nominalized,37,25,12,0.675676,0.514634,0.803669
pattern,aimed,structural|AA|interact|of|nominalized,9,2,7,0.222222,0.0632238,0.547417
pattern,aimed,structural|AA|interact|with|nominalized,9,1,8,0.111111,0.0198904,0.435006
pattern,aimed,structural|AA|interact|with|verbal,1,0,1,0,0,0.793457
pattern,aimed,structural|AA|oligomerization|of|nominalized,1,0,1,0,0,0.793457
pattern,aimed,structural|AA|oligomer|_|compound_state,6,6,0,1,0.609657,1
pattern,aimed,structural|AA|reassociate|_|verbal,1,1,0,1,0.206543,1
pattern,aimed,structural|AB|abolish|_|verbal,2,1,1,0.5,0.0945287,0.905471
pattern,aimed,structural|AB|accelerate|_|verbal,1,0,1,0,0,0.793457
pattern,aimed,structural|AB|activate|_|passive,5,5,0,1,0.565509,1
pattern,aimed,structural|AB|activate|_|verbal,26,16,10,0.615385,0.425345,0.775716
pattern,aimed,structural|AB|allow|_|verbal,1,0,1,0,0,0.793457
pattern,aimed,structural|AB|associate|with|nominalized,13,11,2,0.846154,0.577648,0.956743
pattern,aimed,structural|AB|associate|with|passive,22,18,4,0.818182,0.61483,0.926932
pattern,aimed,structural|AB|associate|with|verbal,37,28,9,0.756757,0.598824,0.866388
pattern,aimed,structural|AB|augment|_|passive,1,0,1,0,0,0.793457
pattern,aimed,structural|AB|bifurcate|at|verbal,2,0,2,0,0,0.657628
pattern,aimed,structural|AB|bind|_|nominalized,1,1,0,1,0.206543,1
pattern,aimed,structural|AB|bind|_|verbal,40,23,17,0.575,0.421948,0.714908
pattern,aimed,structural|AB|bind|on|verbal,2,2,0,1,0.342372,1
pattern,aimed,structural|AB|bind|to|nominalized,19,18,1,0.947368,0.753608,0.990648
pattern,aimed,structural|AB|bind|to|passive,7,4,3,0.571429,0.250454,0.841783
pattern,aimed,structural|AB|bind|to|verbal,68,49,19,0.720588,0.604363,0.813222
pattern,aimed,structural|AB|block|_|passive,1,1,0,1,0.206543,1
pattern,aimed,structural|AB|block|_|verbal,1,1,0,1,0.206543,1
pattern,aimed,structural|AB|cleave|_|verbal,5,3,2,0.6,0.23072,0.882382
pattern,aimed,structural|AB|clone|_|passive,2,2,0,1,0.342372,1
pattern,aimed,structural|AB|co-immunoprecipitate|with|verbal,1,1,0,1,0.206543,1
pattern,aimed,structural|AB|co-precipitate|with|passive,1,1,0,1,0.206543,1
pattern,aimed,structural|AB|code|for|verbal,1,0,1,0,0,0.793457
pattern,aimed,structural|AB|coexpress|with|passive,9,0,9,0,0,0.299153
pattern,aimed,structural|AB|coimmunoprecipitate|with|verbal,1,1,0,1,0.206543,1
pattern,aimed,structural|AB|colocalize|with|verbal,1,0,1,0,0,0.793457
pattern,aimed,structural|AB|communicate|with|verbal,2,0,2,0,0,0.657628
pattern,aimed,structural|AB|comodulate|with|passive,1,0,1,0,0,0.793457
pattern,aimed,structural|AB|compare|to|verbal,6,2,4,0.333333,0.0967693,0.700012
pattern,aimed,structural|AB|compete|_|verbal,1,0,1,0,0,0.793457
pattern,aimed,structural|AB|compete|for|verbal,2,1,1,0.5,0.0945287,0.905471
pattern,aimed,structural|AB|compete|with|verbal,1,0,1,0,0,0.793457
pattern,aimed,structural|AB|complex|_|passive,4,0,4,0,0,0.4899
pattern,aimed,structural|AB|complex|with|nominalized,4,1,3,0.25,0.0455861,0.699364
pattern,aimed,structural|AB|complex|with|passive,7,4,3,0.571429,0.250454,0.841783
pattern,aimed,structural|AB|comprise|_|passive,1,0,1,0,0,0.793457
pattern,aimed,structural|AB|comprise|of|passive,8,0,8,0,0,0.324416
pattern,aimed,structural|AB|confer|to|verbal,2,0,2,0,0,0.657628
pattern,aimed,structural|AB|consist|_|verbal,3,0,3,0,0,0.561506
pattern,aimed,structural|AB|consist|of|verbal,5,0,5,0,0,0.434491
pattern,aimed,structural|AB|contain|_|verbal,27,5,22,0.185185,0.0818059,0.366991
pattern,aimed,structural|AB|contribute|_|verbal,1,1,0,1,0.206543,1
pattern,aimed,structural|AB|contribute|to|verbal,6,0,6,0,0,0.390343
pattern,aimed,structural|AB|coprecipitate|with|verbal,1,1,0,1,0.206543,1
pattern,aimed,structural|AB|correspond|to|verbal,1,0,1,0,0,0.793457
pattern,aimed,structural|AB|couple|to|passive,1,1,0,1,0.206543,1
pattern,aimed,structural|AB|couple|with|verbal,2,0,2,0,0,0.657628
pattern,aimed,structural|AB|create|_|verbal,3,0,3,0,0,0.561506
pattern,aimed,structural|AB|decrease|_|verbal,7,2,5,0.285714,0.0822172,0.641071
pattern,aimed,structural|AB|define|_|verbal,4,0,4,0,0,0.4899
pattern,aimed,structural|AB|designate|for|passive,1,0,1,0,0,0.793457
pattern,aimed,structural|AB|differ|from|verbal,2,0,2,0,0,0.657628
pattern,aimed,structural|AB|displace|_|verbal,2,0,2,0,0,0.657628
pattern,aimed,structural|AB|display|_|verbal,1,0,1,0,0,0.793457
pattern,aimed,structural|AB|disrupt|_|passive,1,0,1,0,0,0.793457
pattern,aimed,structural|AB|disrupt|_|verbal,1,1,0,1,0.206543,1
pattern,aimed,structural|AB|dissociate|from|verbal,1,1,0,1,0.206543,1
pattern,aimed,structural|AB|do|_|verbal,1,0,1,0,0,0.793457
pattern,aimed,structural|AB|elicit|_|passive,2,0,2,0,0,0.657628
pattern,aimed,structural|AB|emerge|from|verbal,1,0,1,0,0,0.793457
pattern,aimed,structural|AB|employ|_|verbal,1,0,1,0,0,0.793457
pattern,aimed,structural|AB|encode|_|verbal,5,0,5,0,0,0.434491
pattern,aimed,structural|AB|encode|from|verbal,4,0,4,0,0,0.4899
pattern,aimed,structural|AB|encode|with|verbal,2,2,0,1,0.342372,1
pattern,aimed,structural|AB|enhance|_|verbal,2,0,2,0,0,0.657628
pattern,aimed,structural|AB|exert|on|verbal,1,1,0,1,0.206543,1
pattern,aimed,structural|AB|exhibit|_|verbal,5,1,4,0.2,0.0362232,0.624472
pattern,aimed,structural|AB|exist|_|verbal,9,2,7,0.222222,0.0632238,0.547417
pattern,aimed,structural|AB|expose|_|verbal,1,0,1,0,0,0.793457
pattern,aimed,structural|AB|express|_|verbal,4,0,4,0,0,0.4899
pattern,aimed,structural|AB|facilitate|_|verbal,1,0,1,0,0,0.793457
pattern,aimed,structural|AB|form|_|verbal,2,1,1,0.5,0.0945287,0.905471
pattern,aimed,structural|AB|form|at|passive,1,0,1,0,0,0.793457
pattern,aimed,structural|AB|form|with|verbal,3,3,0,1,0.438494,1
pattern,aimed,structural|AB|fuse|to|passive,5,0,5,0,0,0.434491
pattern,aimed,structural|AB|gel-purify|_|verbal,4,0,4,0,0,0.4899
pattern,aimed,structural|AB|grasp|_|verbal,1,1,0,1,0.206543,1
pattern,aimed,structural|AB|have|_|verbal,5,2,3,0.4,0.117618,0.76928
pattern,aimed,structural|AB|have|follow|verbal,1,0,1,0,0,0.793457
pattern,aimed,structural|AB|heterodimerize|with|verbal,2,2,0,1,0.342372,1
pattern,aimed,structural|AB|identify|_|passive,2,0,2,0,0,0.657628
pattern,aimed,structural|AB|identify|_|verbal,1,0,1,0,0,0.793457
pattern,aimed,structural|AB|immunoprecipitate|with|passive,1,1,0,1,0.206543,1
pattern,aimed,structural|AB|implicate|_|verbal,1,0,1,0,0,0.793457
pattern,aimed,structural|AB|imply|_|verbal,6,0,6,0,0,0.390343
pattern,aimed,structural|AB|inactivate|_|verbal,1,1,0,1,0.206543,1
pattern,aimed,structural|AB|increase|_|verbal,2,0,2,0,0,0.657628
pattern,aimed,structural|AB|increase|except for|verbal,1,1,0,1,0.206543,1
pattern,aimed,structural|AB|increase|follow|passive,1,0,1,0,0,0.793457
pattern,aimed,structural|AB|increase|for|passive,6,1,5,0.166667,0.0300526,0.563509
pattern,aimed,structural|AB|induce|_|verbal,24,7,17,0.291667,0.149145,0.491681
pattern,aimed,structural|AB|induce|via|verbal,2,2,0,1,0.342372,1
pattern,aimed,structural|AB|inhibit|_|passive,2,0,2,0,0,0.657628
pattern,aimed,structural|AB|inhibit|_|verbal,14,3,11,0.214286,0.0757125,0.475897
pattern,aimed,structural|AB|inhibit|with|verbal,1,0,1,0,0,0.793457
pattern,aimed,structural|AB|insert|into|verbal,1,1,0,1,0.206543,1
pattern,aimed,structural|AB|interact|_|nominalized,10,7,3,0.7,0.396773,0.892211
pattern,aimed,structural|AB|interact|between|nominalized,2,2,0,1,0.342372,1
pattern,aimed,structural|AB|interact|include|nominalized,4,4,0,1,0.5101,1
pattern,aimed,structural|AB|interact|in|nominalized,2,0,2,0,0,0.657628
pattern,aimed,structural|AB|interact|of|nominalized,1,0,1,0,0,0.793457
pattern,aimed,structural|AB|interact|through|verbal,2,0,2,0,0,0.657628
pattern,aimed,structural|AB|interact|to|nominalized,1,0,1,0,0,0.793457
pattern,aimed,structural|AB|interact|with|nominalized,46,29,17,0.630435,0.485998,0.754764
pattern,aimed,structural|AB|interact|with|verbal,93,75,18,0.806452,0.714673,0.873917
pattern,aimed,structural|AB|involve|_|verbal,1,0,1,0,0,0.793457
pattern,aimed,structural|AB|lack|_|verbal,5,0,5,0,0,0.434491
pattern,aimed,structural|AB|lead|to|verbal,4,0,4,0,0,0.4899
pattern,aimed,structural|AB|link|_|verbal,3,0,3,0,0,0.561506
pattern,aimed,structural|AB|link|to|verbal,2,0,2,0,0,0.657628
pattern,aimed,structural|AB|localize|through|passive,1,0,1,0,0,0.793457
pattern,aimed,structural|AB|make|_|verbal,1,1,0,1,0.206543,1
pattern,aimed,structural|AB|map|near|passive,2,0,2,0,0,0.657628
pattern,aimed,structural|AB|mediate|_|passive,17,5,12,0.294118,0.132798,0.531335
pattern,aimed,structural|AB|mediate|_|verbal,5,1,4,0.2,0.0362232,0.624472
pattern,aimed,structural|AB|mediate|through|passive,1,1,0,1,0.206543,1
pattern,aimed,structural|AB|mediate|via|passive,1,0,1,0,0,0.793457
pattern,aimed,structural|AB|mediate|via|verbal,3,0,3,0,0,0.561506
pattern,aimed,structural|AB|mirror|follow|verbal,1,0,1,0,0,0.793457
pattern,aimed,structural|AB|name|_|verbal,1,0,1,0,0,0.793457
pattern,aimed,structural|AB|name|for|verbal,2,0,2,0,0,0.657628
pattern,aimed,structural|AB|overexpress|_|verbal,1,0,1,0,0,0.793457
pattern,aimed,structural|AB|overlap|on|verbal,1,1,0,1,0.206543,1
pattern,aimed,structural|AB|phosphorylate|_|passive,1,1,0,1,0.206543,1
pattern,aimed,structural|AB|phosphorylate|_|verbal,6,3,3,0.5,0.187613,0.812387
pattern,aimed,structural|AB|phosphorylate|follow|passive,1,0,1,0,0,0.793457
pattern,aimed,structural|AB|possess|_|verbal,12,0,12,0,0,0.242501
pattern,aimed,structural|AB|precipitate|_|verbal,1,0,1,0,0,0.793457
pattern,aimed,structural|AB|prevent|_|verbal,4,0,4,0,0,0.4899
pattern,aimed,structural|AB|process|_|verbal,2,0,2,0,0,0.657628
pattern,aimed,structural|AB|promote|_|verbal,2,0,2,0,0,0.657628
pattern,aimed,structural|AB|provide|_|verbal,1,0,1,0,0,0.793457
pattern,aimed,structural|AB|raise|to|verbal,1,0,1,0,0,0.793457
pattern,aimed,structural|AB|reassociate|with|verbal,1,0,1,0,0,0.793457
pattern,aimed,structural|AB|recognize|_|verbal,3,3,0,1,0.438494,1
pattern,aimed,structural|AB|recruit|_|passive,1,0,1,0,0,0.793457
pattern,aimed,structural|AB|recruit|_|verbal,2,0,2,0,0,0.657628
pattern,aimed,structural|AB|recruit|to|passive,7,1,6,0.142857,0.025679,0.513135
pattern,aimed,structural|AB|recruit|upon|verbal,1,0,1,0,0,0.793457
pattern,aimed,structural|AB|recruit|via|verbal,1,0,1,0,0,0.793457
pattern,aimed,structural|AB|reduce|_|verbal,7,0,7,0,0,0.354339
pattern,aimed,structural|AB|regulate|_|passive,1,1,0,1,0.206543,1
pattern,aimed,structural|AB|regulate|_|verbal,4,1,3,0.25,0.0455861,0.699364
pattern,aimed,structural|AB|regulate|through|verbal,1,1,0,1,0.206543,1
pattern,aimed,structural|AB|relate|_|passive,1,0,1,0,0,0.793457
pattern,aimed,structural|AB|relate|to|passive,7,0,7,0,0,0.354339
pattern,aimed,structural|AB|relate|to|verbal,1,0,1,0,0,0.793457
pattern,aimed,structural|AB|release|from|passive,2,2,0,1,0.342372,1
pattern,aimed,structural|AB|repress|_|verbal,1,1,0,1,0.206543,1
pattern,aimed,structural|AB|require|_|verbal,1,0,1,0,0,0.793457
pattern,aimed,structural|AB|require|for|passive,6,3,3,0.5,0.187613,0.812387
pattern,aimed,structural|AB|require|for|verbal,1,0,1,0,0,0.793457
pattern,aimed,structural|AB|respond|to|verbal,1,0,1,0,0,0.793457
pattern,aimed,structural|AB|restore|_|passive,1,0,1,0,0,0.793457
pattern,aimed,structural|AB|restore|_|verbal,1,0,1,0,0,0.793457
pattern,aimed,structural|AB|result|from|verbal,3,0,3,0,0,0.561506
pattern,aimed,structural|AB|sequester|_|verbal,2,0,2,0,0,0.657628
pattern,aimed,structural|AB|serve|for|verbal,1,1,0,1,0.206543,1
pattern,aimed,structural|AB|share|_|verbal,8,2,6,0.25,0.0714777,0.59073
pattern,aimed,structural|AB|share|with|passive,6,0,6,0,0,0.390343
pattern,aimed,structural|AB|share|with|verbal,1,0,1,0,0,0.793457
pattern,aimed,structural|AB|shed|upon|verbal,2,0,2,0,0,0.657628
pattern,aimed,structural|AB|sorting|_|verbal,1,0,1,0,0,0.793457
pattern,aimed,structural|AB|span|_|verbal,1,1,0,1,0.206543,1
pattern,aimed,structural|AB|stabilize|_|passive,1,1,0,1,0.206543,1
pattern,aimed,structural|AB|stimulate|_|passive,1,0,1,0,0,0.793457
pattern,aimed,structural|AB|stimulate|_|verbal,11,3,8,0.272727,0.0974588,0.56565
pattern,aimed,structural|AB|stimulate|toward|verbal,1,0,1,0,0,0.793457
pattern,aimed,structural|AB|substitute|with|passive,1,0,1,0,0,0.793457
pattern,aimed,structural|AB|suggest|_|verbal,2,0,2,0,0,0.657628
pattern,aimed,structural|AB|suppress|_|verbal,2,0,2,0,0,0.657628
pattern,aimed,structural|AB|target|_|verbal,2,2,0,1,0.342372,1
pattern,aimed,structural|AB|transduce|after|passive,2,2,0,1,0.342372,1
pattern,aimed,structural|AB|transmit|_|verbal,2,2,0,1,0.342372,1
pattern,aimed,structural|AB|transport|_|verbal,1,0,1,0,0,0.793457
pattern,aimed,structural|AB|trigger|_|verbal,1,1,0,1,0.206543,1
pattern,aimed,structural|AB|underline|_|verbal,1,0,1,0,0,0.793457
pattern,aimed,structural|AB|use|_|verbal,9,1,8,0.111111,0.0198904,0.435006
pattern,aimed,structural|AB|utilize|_|verbal,1,0,1,0,0,0.793457
pattern,aimed,structural|AB|yield|_|verbal,6,0,6,0,0,0.390343
pattern,aimed,structural|NESTED|antagonize|_|nested,2,0,2,0,0,0.657628
pattern,aimed,structural|NESTED|block|_|nested,4,0,4,0,0,0.4899
pattern,aimed,structural|NESTED|confer|through|nested,2,1,1,0.5,0.0945287,0.905471
pattern,aimed,structural|NESTED|explore|_|nested,5,0,5,0,0,0.434491
pattern,aimed,structural|NESTED|form|_|nested,9,2,7,0.222222,0.0632238,0.547417
pattern,aimed,structural|NESTED|impair|_|nested,2,2,0,1,0.342372,1
pattern,aimed,structural|NESTED|induce|_|nested,2,1,1,0.5,0.0945287,0.905471
pattern,aimed,structural|NESTED|inhibit|_|nested,28,0,28,0,0,0.120647
pattern,aimed,structural|NESTED|mediate|_|nested,6,0,6,0,0,0.390343
pattern,aimed,structural|NESTED|require|_|nested,22,3,19,0.136364,0.0474892,0.333354
pattern,aimed,structural|NESTED|stimulate|_|nested,2,0,2,0,0,0.657628
pattern,aimed,structural|NESTED|suppress|via|nested,4,4,0,1,0.5101,1
pattern,bioinfer,relational|RELATIONAL|agent|_|verbal,1,1,0,1,0.206543,1
pattern,bioinfer,relational|RELATIONAL|complex|_|verbal,3,3,0,1,0.438494,1
pattern,bioinfer,relational|RELATIONAL|determinant|_|verbal,1,1,0,1,0.206543,1
pattern,bioinfer,relational|RELATIONAL|domain|_|verbal,12,8,4,0.666667,0.390618,0.861882
pattern,bioinfer,relational|RELATIONAL|gene|_|verbal,4,0,4,0,0,0.4899
pattern,bioinfer,relational|RELATIONAL|homologue|_|verbal,1,1,0,1,0.206543,1
pattern,bioinfer,relational|RELATIONAL|homolog|_|verbal,1,1,0,1,0.206543,1
pattern,bioinfer,relational|RELATIONAL|identity|_|verbal,45,26,19,0.577778,0.433005,0.710315
pattern,bioinfer,relational|RELATIONAL|indicator|_|verbal,4,0,4,0,0,0.4899
pattern,bioinfer,relational|RELATIONAL|interact|_|verbal,3,3,0,1,0.438494,1
pattern,bioinfer,relational|RELATIONAL|is-a|_|verbal,272,71,201,0.261029,0.21242,0.316295
pattern,bioinfer,relational|RELATIONAL|isoform|_|verbal,1,1,0,1,0.206543,1
pattern,bioinfer,relational|RELATIONAL|mechanism|_|verbal,12,6,6,0.5,0.253778,0.746222
pattern,bioinfer,relational|RELATIONAL|member|_|verbal,7,2,5,0.285714,0.0822172,0.641071
pattern,bioinfer,relational|RELATIONAL|other|_|verbal,3,0,3,0,0,0.561506
pattern,bioinfer,relational|RELATIONAL|partner|_|verbal,2,1,1,0.5,0.0945287,0.905471
pattern,bioinfer,relational|RELATIONAL|part|_|verbal,1,1,0,1,0.206543,1
pattern,bioinfer,relational|RELATIONAL|protein|_|verbal,5,5,0,1,0.565509,1
pattern,bioinfer,relational|RELATIONAL|receptor|_|verbal,6,5,1,0.833333,0.436491,0.969947
pattern,bioinfer,relational|RELATIONAL|regulator|_|verbal,4,3,1,0.75,0.300636,0.954414
pattern,bioinfer,relational|RELATIONAL|require|_|verbal,2,2,0,1,0.342372,1
pattern,bioinfer,relational|RELATIONAL|target|_|verbal,14,12,2,0.857143,0.600581,0.959907
pattern,bioinfer,relational|RELATIONAL|weight|_|verbal,1,1,0,1,0.206543,1
pattern,bioinfer,structural|AA|2tetramer|_|compound_state,1,1,0,1,0.206543,1
pattern,bioinfer,structural|AA|associate|_|nominalized,1,1,0,1,0.206543,1
pattern,bioinfer,structural|AA|associate|_|verbal,1,0,1,0,0,0.793457
pattern,bioinfer,structural|AA|associate|between|nominalized,1,1,0,1,0.206543,1
pattern,bioinfer,structural|AA|associate|of|nominalized,3,2,1,0.666667,0.207655,0.93851
pattern,bioinfer,structural|AA|associate|with|nominalized,3,2,1,0.666667,0.207655,0.93851
pattern,bioinfer,structural|AA|bind|_|nominalized,1,0,1,0,0,0.793457
pattern,bioinfer,structural|AA|bind|of|nominalized,4,4,0,1,0.5101,1
pattern,bioinfer,structural|AA|co-precipitate|_|passive,3,3,0,1,0.438494,1
pattern,bioinfer,structural|AA|complex|_|compound_state,142,107,35,0.753521,0.676581,0.817106
pattern,bioinfer,structural|AA|complex|with|nominalized,1,1,0,1,0.206543,1
pattern,bioinfer,structural|AA|copurify|_|passive,1,1,0,1,0.206543,1
pattern,bioinfer,structural|AA|cosediment|_|verbal,3,3,0,1,0.438494,1
pattern,bioinfer,structural|AA|dissociate|of|nominalized,1,0,1,0,0,0.793457
pattern,bioinfer,structural|AA|heterotrimer|_|compound_state,6,3,3,0.5,0.187613,0.812387
pattern,bioinfer,structural|AA|interact|_|nominalized,1,1,0,1,0.206543,1
pattern,bioinfer,structural|AA|interact|_|verbal,10,9,1,0.9,0.595844,0.982124
pattern,bioinfer,structural|AA|interact|between|nominalized,69,35,34,0.507246,0.392051,0.621678
pattern,bioinfer,structural|AA|interact|of|nominalized,24,22,2,0.916667,0.741508,0.976842
pattern,bioinfer,structural|AA|interact|with|nominalized,2,0,2,0,0,0.657628
pattern,bioinfer,structural|AB|abolish|_|verbal,3,2,1,0.666667,0.207655,0.93851
pattern,bioinfer,structural|AB|accompany|_|passive,6,3,3,0.5,0.187613,0.812387
pattern,bioinfer,structural|AB|account|for by|passive,2,2,0,1,0.342372,1
pattern,bioinfer,structural|AB|account|for|verbal,1,1,0,1,0.206543,1
pattern,bioinfer,structural|AB|acetylate|from|passive,1,0,1,0,0,0.793457
pattern,bioinfer,structural|AB|acetylate|to|passive,2,0,2,0,0,0.657628
pattern,bioinfer,structural|AB|acetylate|with|passive,2,1,1,0.5,0.0945287,0.905471
pattern,bioinfer,structural|AB|achieve|_|passive,1,1,0,1,0.206543,1
pattern,bioinfer,structural|AB|activate|_|passive,1,1,0,1,0.206543,1
pattern,bioinfer,structural|AB|activate|_|verbal,8,6,2,0.75,0.40927,0.928522
pattern,bioinfer,structural|AB|affect|_|passive,12,8,4,0.666667,0.390618,0.861882
pattern,bioinfer,structural|AB|affect|_|verbal,5,5,0,1,0.565509,1
pattern,bioinfer,structural|AB|allow|_|verbal,2,2,0,1,0.342372,1
pattern,bioinfer,structural|AB|alter|_|passive,1,1,0,1,0.206543,1
pattern,bioinfer,structural|AB|alter|_|verbal,5,5,0,1,0.565509,1
pattern,bioinfer,structural|AB|assemble|_|verbal,3,0,3,0,0,0.561506
pattern,bioinfer,structural|AB|assemble|on|verbal,1,0,1,0,0,0.793457
pattern,bioinfer,structural|AB|associate|_|nominalized,2,2,0,1,0.342372,1
pattern,bioinfer,structural|AB|associate|to|passive,2,2,0,1,0.342372,1
pattern,bioinfer,structural|AB|associate|with|nominalized,8,8,0,1,0.675584,1
pattern,bioinfer,structural|AB|associate|with|passive,8,7,1,0.875,0.529105,0.977583
pattern,bioinfer,structural|AB|associate|with|verbal,5,3,2,0.6,0.23072,0.882382
pattern,bioinfer,structural|AB|belong|to|verbal,4,4,0,1,0.5101,1
pattern,bioinfer,structural|AB|bind|_|nominalized,6,6,0,1,0.609657,1
pattern,bioinfer,structural|AB|bind|_|verbal,19,14,5,0.736842,0.51208,0.881938
pattern,bioinfer,structural|AB|bind|patient|verbal,2,2,0,1,0.342372,1
pattern,bioinfer,structural|AB|bind|to|nominalized,15,13,2,0.866667,0.621175,0.96264
pattern,bioinfer,structural|AB|bind|to|passive,7,6,1,0.857143,0.486865,0.974321
pattern,bioinfer,structural|AB|bind|to|verbal,59,46,13,0.779661,0.658671,0.866459
pattern,bioinfer,structural|AB|bind|with|verbal,1,0,1,0,0,0.793457
pattern,bioinfer,structural|AB|block|_|verbal,1,0,1,0,0,0.793457
pattern,bioinfer,structural|AB|bridge|_|verbal,2,2,0,1,0.342372,1
pattern,bioinfer,structural|AB|bring|_|verbal,2,2,0,1,0.342372,1
pattern,bioinfer,structural|AB|bundle|_|verbal,1,0,1,0,0,0.793457
pattern,bioinfer,structural|AB|carry|_|verbal,1,1,0,1,0.206543,1
pattern,bioinfer,structural|AB|catalyze|_|passive,1,1,0,1,0.206543,1
pattern,bioinfer,structural|AB|catalyze|from|verbal,1,0,1,0,0,0.793457
pattern,bioinfer,structural|AB|cause|_|verbal,11,9,2,0.818182,0.523014,0.948633
pattern,bioinfer,structural|AB|cause|through|verbal,3,3,0,1,0.438494,1
pattern,bioinfer,structural|AB|cause|to|verbal,1,1,0,1,0.206543,1
pattern,bioinfer,structural|AB|co-localize|with|passive,3,3,0,1,0.438494,1
pattern,bioinfer,structural|AB|co-localize|with|verbal,6,6,0,1,0.609657,1
pattern,bioinfer,structural|AB|coexpress|_|verbal,1,1,0,1,0.206543,1
pattern,bioinfer,structural|AB|colocalize|with|verbal,3,3,0,1,0.438494,1
pattern,bioinfer,structural|AB|compare|to|verbal,1,1,0,1,0.206543,1
pattern,bioinfer,structural|AB|compensate|for|verbal,1,1,0,1,0.206543,1
pattern,bioinfer,structural|AB|complex|with|nominalized,9,9,0,1,0.700847,1
pattern,bioinfer,structural|AB|complex|with|passive,4,4,0,1,0.5101,1
pattern,bioinfer,structural|AB|complex|with|verbal,2,2,0,1,0.342372,1
pattern,bioinfer,structural|AB|compose|of|passive,6,6,0,1,0.609657,1
pattern,bioinfer,structural|AB|comprise|_|verbal,2,0,2,0,0,0.657628
pattern,bioinfer,structural|AB|concentrate|at|passive,1,1,0,1,0.206543,1
pattern,bioinfer,structural|AB|consist|of|verbal,4,4,0,1,0.5101,1
pattern,bioinfer,structural|AB|constitute|_|verbal,2,2,0,1,0.342372,1
pattern,bioinfer,structural|AB|contact|to|verbal,1,0,1,0,0,0.793457
pattern,bioinfer,structural|AB|contain|_|verbal,9,4,5,0.444444,0.188775,0.733353
pattern,bioinfer,structural|AB|contrast|with|verbal,6,0,6,0,0,0.390343
pattern,bioinfer,structural|AB|contribute|to|verbal,3,3,0,1,0.438494,1
pattern,bioinfer,structural|AB|control|_|passive,2,2,0,1,0.342372,1
pattern,bioinfer,structural|AB|control|_|verbal,5,5,0,1,0.565509,1
pattern,bioinfer,structural|AB|copurify|with|verbal,6,2,4,0.333333,0.0967693,0.700012
pattern,bioinfer,structural|AB|correlate|except for|verbal,3,0,3,0,0,0.561506
pattern,bioinfer,structural|AB|correlate|with|verbal,5,5,0,1,0.565509,1
pattern,bioinfer,structural|AB|counteract|_|verbal,1,1,0,1,0.206543,1
pattern,bioinfer,structural|AB|counteract|on|verbal,1,1,0,1,0.206543,1
pattern,bioinfer,structural|AB|couple|_|verbal,1,1,0,1,0.206543,1
pattern,bioinfer,structural|AB|cross-link|_|passive,1,1,0,1,0.206543,1
pattern,bioinfer,structural|AB|cross-link|_|verbal,3,3,0,1,0.438494,1
pattern,bioinfer,structural|AB|cross-link|between|passive,4,0,4,0,0,0.4899
pattern,bioinfer,structural|AB|cross-link|to|passive,2,2,0,1,0.342372,1
pattern,bioinfer,structural|AB|cross-link|with|passive,1,1,0,1,0.206543,1
pattern,bioinfer,structural|AB|decrease|with|passive,3,0,3,0,0,0.561506
pattern,bioinfer,structural|AB|define|_|verbal,2,2,0,1,0.342372,1
pattern,bioinfer,structural|AB|depend|on|verbal,2,2,0,1,0.342372,1
pattern,bioinfer,structural|AB|depolymerize|_|verbal,1,0,1,0,0,0.793457
pattern,bioinfer,structural|AB|differ|from|verbal,2,2,0,1,0.342372,1
pattern,bioinfer,structural|AB|direct|_|verbal,4,4,0,1,0.5101,1
pattern,bioinfer,structural|AB|disassemble|_|verbal,1,1,0,1,0.206543,1
pattern,bioinfer,structural|AB|display|_|verbal,3,0,3,0,0,0.561506
pattern,bioinfer,structural|AB|disrupt|_|verbal,3,3,0,1,0.438494,1
pattern,bioinfer,structural|AB|dissociate|from|nominalized,2,2,0,1,0.342372,1
pattern,bioinfer,structural|AB|domain-associate|_|verbal,3,2,1,0.666667,0.207655,0.93851
pattern,bioinfer,structural|AB|drive|_|passive,1,0,1,0,0,0.793457
pattern,bioinfer,structural|AB|dynamics|through|verbal,1,1,0,1,0.206543,1
pattern,bioinfer,structural|AB|elucidate|_|verbal,2,2,0,1,0.342372,1
pattern,bioinfer,structural|AB|encode|_|passive,3,3,0,1,0.438494,1
pattern,bioinfer,structural|AB|encode|_|verbal,27,15,12,0.555556,0.373127,0.724144
pattern,bioinfer,structural|AB|enhance|_|verbal,2,2,0,1,0.342372,1
pattern,bioinfer,structural|AB|enhance|on|verbal,2,1,1,0.5,0.0945287,0.905471
pattern,bioinfer,structural|AB|examine|for|verbal,1,1,0,1,0.206543,1
pattern,bioinfer,structural|AB|exhibit|_|verbal,6,2,4,0.333333,0.0967693,0.700012
pattern,bioinfer,structural|AB|exhibit|without|verbal,1,0,1,0,0,0.793457
pattern,bioinfer,structural|AB|explain|_|verbal,1,1,0,1,0.206543,1
pattern,bioinfer,structural|AB|express|_|verbal,3,1,2,0.333333,0.0614903,0.792345
pattern,bioinfer,structural|AB|form|_|verbal,4,2,2,0.5,0.150036,0.849964
pattern,bioinfer,structural|AB|form|under|verbal,1,1,0,1,0.206543,1
pattern,bioinfer,structural|AB|form|with|verbal,4,3,1,0.75,0.300636,0.954414
pattern,bioinfer,structural|AB|function|give|verbal,1,1,0,1,0.206543,1
pattern,bioinfer,structural|AB|function|with|verbal,3,3,0,1,0.438494,1
pattern,bioinfer,structural|AB|fuse|to|passive,3,0,3,0,0,0.561506
pattern,bioinfer,structural|AB|give|for|verbal,2,0,2,0,0,0.657628
pattern,bioinfer,structural|AB|have|_|verbal,21,11,10,0.52381,0.323692,0.716563
pattern,bioinfer,structural|AB|have|at|verbal,1,1,0,1,0.206543,1
pattern,bioinfer,structural|AB|hold|_|passive,1,0,1,0,0,0.793457
pattern,bioinfer,structural|AB|impair|_|verbal,1,1,0,1,0.206543,1
pattern,bioinfer,structural|AB|implicate|_|verbal,2,1,1,0.5,0.0945287,0.905471
pattern,bioinfer,structural|AB|inactivate|_|verbal,1,1,0,1,0.206543,1
pattern,bioinfer,structural|AB|increase|_|passive,1,1,0,1,0.206543,1
pattern,bioinfer,structural|AB|increase|_|verbal,1,1,0,1,0.206543,1
pattern,bioinfer,structural|AB|incubate|with|passive,2,2,0,1,0.342372,1
pattern,bioinfer,structural|AB|induce|_|passive,5,4,1,0.8,0.375528,0.963777
pattern,bioinfer,structural|AB|induce|_|verbal,14,7,7,0.5,0.267989,0.732011
pattern,bioinfer,structural|AB|influence|_|verbal,5,4,1,0.8,0.375528,0.963777
pattern,bioinfer,structural|AB|influence|of|verbal,4,1,3,0.25,0.0455861,0.699364
pattern,bioinfer,structural|AB|inhibit|_|verbal,17,11,6,0.647059,0.413,0.826905
pattern,bioinfer,structural|AB|interact|such|nominalized,3,2,1,0.666667,0.207655,0.93851
pattern,bioinfer,structural|AB|interact|with|nominalized,36,31,5,0.861111,0.713401,0.939183
pattern,bioinfer,structural|AB|interact|with|verbal,18,11,7,0.611111,0.386187,0.79695
pattern,bioinfer,structural|AB|investigate|_|verbal,2,0,2,0,0,0.657628
pattern,bioinfer,structural|AB|involve|_|verbal,1,1,0,1,0.206543,1
pattern,bioinfer,structural|AB|isolate|_|passive,2,0,2,0,0,0.657628
pattern,bioinfer,structural|AB|isolate|on|passive,1,1,0,1,0.206543,1
pattern,bioinfer,structural|AB|label|with|verbal,1,0,1,0,0,0.793457
pattern,bioinfer,structural|AB|lead|to|verbal,11,8,3,0.727273,0.43435,0.902541
pattern,bioinfer,structural|AB|link|_|verbal,16,15,1,0.9375,0.716707,0.988881
pattern,bioinfer,structural|AB|link|to|passive,2,2,0,1,0.342372,1
pattern,bioinfer,structural|AB|link|to|verbal,7,7,0,1,0.645661,1
pattern,bioinfer,structural|AB|link|via|passive,1,1,0,1,0.206543,1
pattern,bioinfer,structural|AB|localize|_|verbal,1,0,1,0,0,0.793457
pattern,bioinfer,structural|AB|localize|to|verbal,1,1,0,1,0.206543,1
pattern,bioinfer,structural|AB|maintain|_|verbal,1,1,0,1,0.206543,1
pattern,bioinfer,structural|AB|make|_|verbal,1,0,1,0,0,0.793457
pattern,bioinfer,structural|AB|measure|_|verbal,1,0,1,0,0,0.793457
pattern,bioinfer,structural|AB|mediate|_|passive,4,0,4,0,0,0.4899
pattern,bioinfer,structural|AB|mediate|_|verbal,8,4,4,0.5,0.215213,0.784787
pattern,bioinfer,structural|AB|mimic|_|verbal,11,0,11,0,2.77556e-17,0.25884
pattern,bioinfer,structural|AB|modulate|_|verbal,1,1,0,1,0.206543,1
pattern,bioinfer,structural|AB|monomer-bind|patient|verbal,1,1,0,1,0.206543,1
pattern,bioinfer,structural|AB|obtain|_|verbal,1,1,0,1,0.206543,1
pattern,bioinfer,structural|AB|occur|at|verbal,1,0,1,0,0,0.793457
pattern,bioinfer,structural|AB|occur|through|verbal,4,3,1,0.75,0.300636,0.954414
pattern,bioinfer,structural|AB|occur|unlike|verbal,2,0,2,0,0,0.657628
pattern,bioinfer,structural|AB|overcome|_|verbal,1,1,0,1,0.206543,1
pattern,bioinfer,structural|AB|perform|with|passive,1,0,1,0,0,0.793457
pattern,bioinfer,structural|AB|perturb|_|verbal,2,0,2,0,0,0.657628
pattern,bioinfer,structural|AB|phosphorylate|_|verbal,10,9,1,0.9,0.595844,0.982124
pattern,bioinfer,structural|AB|play|_|verbal,1,1,0,1,0.206543,1
pattern,bioinfer,structural|AB|precede|_|verbal,2,2,0,1,0.342372,1
pattern,bioinfer,structural|AB|prefer|over|passive,6,0,6,0,0,0.390343
pattern,bioinfer,structural|AB|prevent|_|verbal,3,3,0,1,0.438494,1
pattern,bioinfer,structural|AB|promote|_|verbal,11,11,0,1,0.74116,1
pattern,bioinfer,structural|AB|promote|from|verbal,1,0,1,0,0,0.793457
pattern,bioinfer,structural|AB|promote|off of|verbal,2,0,2,0,0,0.657628
pattern,bioinfer,structural|AB|propose|for|passive,1,1,0,1,0.206543,1
pattern,bioinfer,structural|AB|protect|_|verbal,1,1,0,1,0.206543,1
pattern,bioinfer,structural|AB|provide|_|verbal,2,1,1,0.5,0.0945287,0.905471
pattern,bioinfer,structural|AB|react|with|verbal,1,1,0,1,0.206543,1
pattern,bioinfer,structural|AB|recognize|_|verbal,1,1,0,1,0.206543,1
pattern,bioinfer,structural|AB|recover|after|passive,2,0,2,0,0,0.657628
pattern,bioinfer,structural|AB|recover|from|passive,2,0,2,0,0,0.657628
pattern,bioinfer,structural|AB|recruit|_|verbal,1,1,0,1,0.206543,1
pattern,bioinfer,structural|AB|reduce|_|verbal,4,2,2,0.5,0.150036,0.849964
pattern,bioinfer,structural|AB|refer|to as|passive,1,0,1,0,0,0.793457
pattern,bioinfer,structural|AB|regulate|_|passive,6,6,0,1,0.609657,1
pattern,bioinfer,structural|AB|regulate|_|verbal,16,13,3,0.8125,0.569906,0.934085
pattern,bioinfer,structural|AB|regulate|through|verbal,2,2,0,1,0.342372,1
pattern,bioinfer,structural|AB|relate|than to|verbal,2,2,0,1,0.342372,1
pattern,bioinfer,structural|AB|relate|to|passive,19,8,11,0.421053,0.231416,0.637244
pattern,bioinfer,structural|AB|relate|to|verbal,2,2,0,1,0.342372,1
pattern,bioinfer,structural|AB|release|despite|passive,2,0,2,0,0,0.657628
pattern,bioinfer,structural|AB|release|from|passive,1,1,0,1,0.206543,1
pattern,bioinfer,structural|AB|reorganize|_|verbal,2,2,0,1,0.342372,1
pattern,bioinfer,structural|AB|replace|_|verbal,1,1,0,1,0.206543,1
pattern,bioinfer,structural|AB|require|_|verbal,3,2,1,0.666667,0.207655,0.93851
pattern,bioinfer,structural|AB|require|for|passive,6,6,0,1,0.609657,1
pattern,bioinfer,structural|AB|resemble|_|verbal,2,1,1,0.5,0.0945287,0.905471
pattern,bioinfer,structural|AB|reverse|_|passive,1,0,1,0,0,0.793457
pattern,bioinfer,structural|AB|sequester|_|verbal,4,4,0,1,0.5101,1
pattern,bioinfer,structural|AB|share|_|verbal,5,2,3,0.4,0.117618,0.76928
pattern,bioinfer,structural|AB|shorten|_|verbal,1,1,0,1,0.206543,1
pattern,bioinfer,structural|AB|stabilize|_|passive,1,1,0,1,0.206543,1
pattern,bioinfer,structural|AB|stimulate|_|passive,1,1,0,1,0.206543,1
pattern,bioinfer,structural|AB|stimulate|_|verbal,10,7,3,0.7,0.396773,0.892211
pattern,bioinfer,structural|AB|stimulate|of|passive,6,0,6,0,0,0.390343
pattern,bioinfer,structural|AB|stimulate|with|verbal,2,0,2,0,0,0.657628
pattern,bioinfer,structural|AB|study|_|verbal,2,0,2,0,0,0.657628
pattern,bioinfer,structural|AB|suggest|_|verbal,1,0,1,0,0,0.793457
pattern,bioinfer,structural|AB|supply|_|verbal,1,1,0,1,0.206543,1
pattern,bioinfer,structural|AB|support|_|verbal,1,1,0,1,0.206543,1
pattern,bioinfer,structural|AB|suppress|_|verbal,9,8,1,0.888889,0.564994,0.98011
pattern,bioinfer,structural|AB|tag|_|passive,1,1,0,1,0.206543,1
pattern,bioinfer,structural|AB|target|to|verbal,1,0,1,0,0,0.793457
pattern,bioinfer,structural|AB|translocate|with|verbal,2,2,0,1,0.342372,1
pattern,bioinfer,structural|AB|transport|with|passive,3,3,0,1,0.438494,1
pattern,bioinfer,structural|AB|use|_|verbal,13,6,7,0.461538,0.232058,0.708566
pattern,bioinfer,structural|AB|weaken|_|verbal,6,6,0,1,0.609657,1
pattern,bioinfer,structural|AB|wedge|in between|passive,1,0,1,0,0,0.793457
pattern,bioinfer,structural|NESTED|analyze|for|nested,2,2,0,1,0.342372,1
pattern,bioinfer,structural|NESTED|arise|from|nested,4,2,2,0.5,0.150036,0.849964
pattern,bioinfer,structural|NESTED|associate|with|nested,21,12,9,0.571429,0.365462,0.755303
pattern,bioinfer,structural|NESTED|block|_|nested,2,2,0,1,0.342372,1
pattern,bioinfer,structural|NESTED|cause|_|nested,2,2,0,1,0.342372,1
pattern,bioinfer,structural|NESTED|compete|with|nested,2,1,1,0.5,0.0945287,0.905471
pattern,bioinfer,structural|NESTED|dependent|_|nested,1,1,0,1,0.206543,1
pattern,bioinfer,structural|NESTED|disrupt|_|nested,2,2,0,1,0.342372,1
pattern,bioinfer,structural|NESTED|effect|via|nested,4,4,0,1,0.5101,1
pattern,bioinfer,structural|NESTED|form|_|nested,17,15,2,0.882353,0.656632,0.967121
pattern,bioinfer,structural|NESTED|induce|with|nested,3,3,0,1,0.438494,1
pattern,bioinfer,structural|NESTED|involve|_|nested,17,9,8,0.529412,0.309629,0.738352
pattern,bioinfer,structural|NESTED|involve|through|nested,6,2,4,0.333333,0.0967693,0.700012
pattern,bioinfer,structural|NESTED|mediate|_|nested,6,6,0,1,0.609657,1
pattern,bioinfer,structural|NESTED|require|for|nested,2,2,0,1,0.342372,1
pattern,bioinfer,structural|NESTED|study|_|nested,9,0,9,0,0,0.299153
pattern,hprd50,relational|RELATIONAL|adapter|_|verbal,1,1,0,1,0.206543,1
pattern,hprd50,relational|RELATIONAL|determinant|_|verbal,1,1,0,1,0.206543,1
pattern,hprd50,relational|RELATIONAL|identity|_|verbal,5,1,4,0.2,0.0362232,0.624472
pattern,hprd50,relational|RELATIONAL|inhibitor|_|verbal,2,2,0,1,0.342372,1
pattern,hprd50,relational|RELATIONAL|interact|_|verbal,1,0,1,0,0,0.793457
pattern,hprd50,relational|RELATIONAL|is-a|_|verbal,19,0,19,0,0,0.168184
pattern,hprd50,relational|RELATIONAL|substrate|_|verbal,1,1,0,1,0.206543,1
pattern,hprd50,structural|AA|bind|of|nominalized,6,0,6,0,0,0.390343
pattern,hprd50,structural|AA|complex|_|compound_state,2,1,1,0.5,0.0945287,0.905471
pattern,hprd50,structural|AA|cross-link|_|passive,10,4,6,0.4,0.168178,0.68733
pattern,hprd50,structural|AA|interact|_|verbal,1,1,0,1,0.206543,1
pattern,hprd50,structural|AA|interact|between|nominalized,2,2,0,1,0.342372,1
pattern,hprd50,structural|AB|activate|_|verbal,3,3,0,1,0.438494,1
pattern,hprd50,structural|AB|activate|during|passive,1,1,0,1,0.206543,1
pattern,hprd50,structural|AB|affect|_|passive,1,0,1,0,0,0.793457
pattern,hprd50,structural|AB|assess|_|passive,1,0,1,0,0,0.793457
pattern,hprd50,structural|AB|associate|with|nominalized,3,3,0,1,0.438494,1
pattern,hprd50,structural|AB|associate|with|passive,2,2,0,1,0.342372,1
pattern,hprd50,structural|AB|associate|with|verbal,5,5,0,1,0.565509,1
pattern,hprd50,structural|AB|bind|_|nominalized,5,0,5,0,0,0.434491
pattern,hprd50,structural|AB|bind|_|verbal,3,3,0,1,0.438494,1
pattern,hprd50,structural|AB|bind|besides|verbal,2,2,0,1,0.342372,1
pattern,hprd50,structural|AB|bind|by|nominalized,2,0,2,0,0,0.657628
pattern,hprd50,structural|AB|bind|to|nominalized,1,1,0,1,0.206543,1
pattern,hprd50,structural|AB|bind|to|verbal,1,1,0,1,0.206543,1
pattern,hprd50,structural|AB|cause|_|verbal,1,1,0,1,0.206543,1
pattern,hprd50,structural|AB|coimmunoprecipitate|with|verbal,1,1,0,1,0.206543,1
pattern,hprd50,structural|AB|contact|_|verbal,1,1,0,1,0.206543,1
pattern,hprd50,structural|AB|contain|_|verbal,1,0,1,0,0,0.793457
pattern,hprd50,structural|AB|coprecipitate|_|passive,1,0,1,0,0,0.793457
pattern,hprd50,structural|AB|coprecipitate|with|passive,1,0,1,0,0,0.793457
pattern,hprd50,structural|AB|cross-link|_|verbal,2,0,2,0,0,0.657628
pattern,hprd50,structural|AB|degrade|_|verbal,1,1,0,1,0.206543,1
pattern,hprd50,structural|AB|depend|on|verbal,1,1,0,1,0.206543,1
pattern,hprd50,structural|AB|form|through|verbal,1,0,1,0,0,0.793457
pattern,hprd50,structural|AB|have|_|verbal,1,0,1,0,0,0.793457
pattern,hprd50,structural|AB|immunoprecipitate|_|passive,1,1,0,1,0.206543,1
pattern,hprd50,structural|AB|immunoprecipitate|with|passive,2,1,1,0.5,0.0945287,0.905471
pattern,hprd50,structural|AB|induce|_|verbal,1,1,0,1,0.206543,1
pattern,hprd50,structural|AB|interact|_|nominalized,1,1,0,1,0.206543,1
pattern,hprd50,structural|AB|interact|with|verbal,28,27,1,0.964286,0.822874,0.993668
pattern,hprd50,structural|AB|lead|to|verbal,3,3,0,1,0.438494,1
pattern,hprd50,structural|AB|mediate|_|verbal,2,0,2,0,0,0.657628
pattern,hprd50,structural|AB|modify|_|passive,1,1,0,1,0.206543,1
pattern,hprd50,structural|AB|phosphorylate|_|verbal,1,1,0,1,0.206543,1
pattern,hprd50,structural|AB|produce|_|verbal,2,0,2,0,0,0.657628
pattern,hprd50,structural|AB|promote|_|verbal,2,1,1,0.5,0.0945287,0.905471
pattern,hprd50,structural|AB|promote|with|verbal,1,1,0,1,0.206543,1
pattern,hprd50,structural|AB|provide|_|verbal,1,1,0,1,0.206543,1
pattern,hprd50,structural|AB|regulate|_|verbal,7,7,0,1,0.645661,1
pattern,hprd50,structural|AB|regulate|through|verbal,1,1,0,1,0.206543,1
pattern,hprd50,structural|AB|relate|to|passive,4,0,4,0,0,0.4899
pattern,hprd50,structural|AB|require|_|verbal,1,1,0,1,0.206543,1
pattern,hprd50,structural|AB|suggest|_|verbal,1,0,1,0,0,0.793457
pattern,hprd50,structural|AB|support|_|verbal,1,1,0,1,0.206543,1
pattern,hprd50,structural|NESTED|disrupt|_|nested,2,1,1,0.5,0.0945287,0.905471
pattern,iepa,relational|RELATIONAL|alter|_|verbal,1,0,1,0,0,0.793457
pattern,iepa,relational|RELATIONAL|component|_|verbal,1,1,0,1,0.206543,1
pattern,iepa,relational|RELATIONAL|identity|_|verbal,1,0,1,0,0,0.793457
pattern,iepa,relational|RELATIONAL|is-a|_|verbal,1,1,0,1,0.206543,1
pattern,iepa,relational|RELATIONAL|level|_|verbal,2,2,0,1,0.342372,1
pattern,iepa,structural|AA|aggregate|_|compound_state,1,0,1,0,0,0.793457
pattern,iepa,structural|AA|associate|_|nominalized,1,0,1,0,0,0.793457
pattern,iepa,structural|AA|bind|_|nominalized,1,0,1,0,0,0.793457
pattern,iepa,structural|AA|conjugate|_|compound_state,1,0,1,0,0,0.793457
pattern,iepa,structural|AA|interact|_|verbal,1,1,0,1,0.206543,1
pattern,iepa,structural|AA|interact|between|nominalized,1,1,0,1,0.206543,1
pattern,iepa,structural|AB|accompany|_|passive,3,3,0,1,0.438494,1
pattern,iepa,structural|AB|account|for|verbal,1,1,0,1,0.206543,1
pattern,iepa,structural|AB|activate|_|verbal,5,5,0,1,0.565509,1
pattern,iepa,structural|AB|act|through|verbal,1,1,0,1,0.206543,1
pattern,iepa,structural|AB|adjust|for|passive,1,0,1,0,0,0.793457
pattern,iepa,structural|AB|affect|_|verbal,2,0,2,0,0,0.657628
pattern,iepa,structural|AB|aggregate|to|verbal,1,0,1,0,0,0.793457
pattern,iepa,structural|AB|alter|_|verbal,4,1,3,0.25,0.0455861,0.699364
pattern,iepa,structural|AB|assess|_|verbal,2,0,2,0,0,0.657628
pattern,iepa,structural|AB|associate|with|passive,2,2,0,1,0.342372,1
pattern,iepa,structural|AB|be|during|verbal,2,2,0,1,0.342372,1
pattern,iepa,structural|AB|cause|_|verbal,5,4,1,0.8,0.375528,0.963777
pattern,iepa,structural|AB|code|for|verbal,1,0,1,0,0,0.793457
pattern,iepa,structural|AB|compare|to|verbal,1,0,1,0,0,0.793457
pattern,iepa,structural|AB|correlate|with|passive,2,2,0,1,0.342372,1
pattern,iepa,structural|AB|correlate|with|verbal,2,2,0,1,0.342372,1
pattern,iepa,structural|AB|couple|to|nominalized,1,1,0,1,0.206543,1
pattern,iepa,structural|AB|decrease|_|verbal,4,4,0,1,0.5101,1
pattern,iepa,structural|AB|determine|_|verbal,2,0,2,0,0,0.657628
pattern,iepa,structural|AB|diminish|_|verbal,1,1,0,1,0.206543,1
pattern,iepa,structural|AB|dissociate|from|passive,1,0,1,0,0,0.793457
pattern,iepa,structural|AB|double|_|passive,1,0,1,0,0,0.793457
pattern,iepa,structural|AB|encode|_|verbal,1,0,1,0,0,0.793457
pattern,iepa,structural|AB|enhance|_|verbal,1,1,0,1,0.206543,1
pattern,iepa,structural|AB|evaluate|during|passive,1,0,1,0,0,0.793457
pattern,iepa,structural|AB|evoke|_|verbal,1,1,0,1,0.206543,1
pattern,iepa,structural|AB|exert|_|verbal,1,1,0,1,0.206543,1
pattern,iepa,structural|AB|explain|_|passive,1,1,0,1,0.206543,1
pattern,iepa,structural|AB|explore|_|verbal,2,0,2,0,0,0.657628
pattern,iepa,structural|AB|favor|_|verbal,3,3,0,1,0.438494,1
pattern,iepa,structural|AB|generate|_|verbal,1,1,0,1,0.206543,1
pattern,iepa,structural|AB|have|_|verbal,4,2,2,0.5,0.150036,0.849964
pattern,iepa,structural|AB|increase|_|passive,4,1,3,0.25,0.0455861,0.699364
pattern,iepa,structural|AB|increase|_|verbal,15,13,2,0.866667,0.621175,0.96264
pattern,iepa,structural|AB|increase|after|passive,2,2,0,1,0.342372,1
pattern,iepa,structural|AB|increase|follow|passive,1,1,0,1,0.206543,1
pattern,iepa,structural|AB|induce|_|passive,4,4,0,1,0.5101,1
pattern,iepa,structural|AB|induce|_|verbal,4,3,1,0.75,0.300636,0.954414
pattern,iepa,structural|AB|influence|_|verbal,4,3,1,0.75,0.300636,0.954414
pattern,iepa,structural|AB|inhibit|_|verbal,2,2,0,1,0.342372,1
pattern,iepa,structural|AB|interact|with|verbal,1,1,0,1,0.206543,1
pattern,iepa,structural|AB|involve|_|verbal,1,1,0,1,0.206543,1
pattern,iepa,structural|AB|lead|to|verbal,1,0,1,0,0,0.793457
pattern,iepa,structural|AB|link|to|verbal,1,1,0,1,0.206543,1
pattern,iepa,structural|AB|lower|_|verbal,1,1,0,1,0.206543,1
pattern,iepa,structural|AB|maintain|_|verbal,4,4,0,1,0.5101,1
pattern,iepa,structural|AB|measure|with|passive,1,0,1,0,0,0.793457
pattern,iepa,structural|AB|mediate|_|passive,2,2,0,1,0.342372,1
pattern,iepa,structural|AB|mimic|_|verbal,1,0,1,0,0,0.793457
pattern,iepa,structural|AB|modulate|_|verbal,4,3,1,0.75,0.300636,0.954414
pattern,iepa,structural|AB|occur|to|verbal,1,1,0,1,0.206543,1
pattern,iepa,structural|AB|overlap|with|verbal,1,1,0,1,0.206543,1
pattern,iepa,structural|AB|potentiate|_|verbal,1,1,0,1,0.206543,1
pattern,iepa,structural|AB|prevent|_|verbal,5,2,3,0.4,0.117618,0.76928
pattern,iepa,structural|AB|produce|_|verbal,1,1,0,1,0.206543,1
pattern,iepa,structural|AB|provoke|_|verbal,2,1,1,0.5,0.0945287,0.905471
pattern,iepa,structural|AB|raise|_|verbal,1,1,0,1,0.206543,1
pattern,iepa,structural|AB|reduce|_|verbal,3,3,0,1,0.438494,1
pattern,iepa,structural|AB|regulate|_|passive,4,4,0,1,0.5101,1
pattern,iepa,structural|AB|regulate|_|verbal,1,1,0,1,0.206543,1
pattern,iepa,structural|AB|relate|to|passive,1,1,0,1,0.206543,1
pattern,iepa,structural|AB|release|from|verbal,1,1,0,1,0.206543,1
pattern,iepa,structural|AB|require|_|verbal,1,1,0,1,0.206543,1
pattern,iepa,structural|AB|stimulate|_|passive,2,2,0,1,0.342372,1
pattern,iepa,structural|AB|stimulate|_|verbal,9,9,0,1,0.700847,1
pattern,iepa,structural|AB|stimulate|through|verbal,2,2,0,1,0.342372,1
pattern,iepa,structural|AB|study|_|verbal,2,0,2,0,0,0.657628
pattern,iepa,structural|AB|suggest|_|verbal,2,0,2,0,0,0.657628
pattern,iepa,structural|AB|take|before|passive,1,0,1,0,0,0.793457
pattern,iepa,structural|AB|treat|with|verbal,1,1,0,1,0.206543,1
pattern,iepa,structural|AB|trigger|_|passive,1,1,0,1,0.206543,1
pattern,iepa,structural|AB|understand|_|verbal,1,1,0,1,0.206543,1
pattern,iepa,structural|AB|up-regulate|_|passive,2,1,1,0.5,0.0945287,0.905471
pattern,iepa,structural|AB|upregulate|_|passive,1,1,0,1,0.206543,1
pattern,iepa,structural|AB|upregulate|_|verbal,1,1,0,1,0.206543,1
pattern,iepa,structural|AB|upregulate|under|passive,1,1,0,1,0.206543,1
pattern,iepa,structural|AB|use|_|verbal,1,0,1,0,0,0.793457
pattern,iepa,structural|AB|yield|_|verbal,1,1,0,1,0.206543,1
pattern,iepa,structural|NESTED|dependent|_|nested,2,2,0,1,0.342372,1
pattern,iepa,structural|NESTED|induce|_|nested,9,9,0,1,0.700847,1
pattern,iepa,structural|NESTED|mediate|_|nested,3,3,0,1,0.438494,1
pattern,iepa,structural|NESTED|stimulate|_|nested,1,1,0,1,0.206543,1
pattern,lll,relational|RELATIONAL|activator|_|verbal,1,1,0,1,0.206543,1
pattern,lll,relational|RELATIONAL|control|_|verbal,3,3,0,1,0.438494,1
pattern,lll,relational|RELATIONAL|gene|_|verbal,1,1,0,1,0.206543,1
pattern,lll,relational|RELATIONAL|is-a|_|verbal,3,0,3,0,0,0.561506
pattern,lll,relational|RELATIONAL|member|_|verbal,1,1,0,1,0.206543,1
pattern,lll,structural|AB|activate|_|passive,4,3,1,0.75,0.300636,0.954414
pattern,lll,structural|AB|activate|_|verbal,6,6,0,1,0.609657,1
pattern,lll,structural|AB|activate|through|passive,1,1,0,1,0.206543,1
pattern,lll,structural|AB|affect|_|verbal,1,1,0,1,0.206543,1
pattern,lll,structural|AB|belong|to|verbal,1,1,0,1,0.206543,1
pattern,lll,structural|AB|bind|to|verbal,3,3,0,1,0.438494,1
pattern,lll,structural|AB|contribute|to|verbal,1,1,0,1,0.206543,1
pattern,lll,structural|AB|control|_|passive,2,2,0,1,0.342372,1
pattern,lll,structural|AB|control|_|verbal,1,1,0,1,0.206543,1
pattern,lll,structural|AB|control|to|passive,1,0,1,0,0,0.793457
pattern,lll,structural|AB|depend|on|verbal,3,2,1,0.666667,0.207655,0.93851
pattern,lll,structural|AB|depend|upon|verbal,1,1,0,1,0.206543,1
pattern,lll,structural|AB|dephosphorylate|_|verbal,1,1,0,1,0.206543,1
pattern,lll,structural|AB|drive|_|passive,1,1,0,1,0.206543,1
pattern,lll,structural|AB|drive|_|verbal,1,1,0,1,0.206543,1
pattern,lll,structural|AB|include|_|verbal,5,5,0,1,0.565509,1
pattern,lll,structural|AB|increase|_|verbal,1,1,0,1,0.206543,1
pattern,lll,structural|AB|inhibit|_|verbal,7,7,0,1,0.645661,1
pattern,lll,structural|AB|limit|_|verbal,1,1,0,1,0.206543,1
pattern,lll,structural|AB|precede|_|verbal,2,2,0,1,0.342372,1
pattern,lll,structural|AB|prevent|_|verbal,2,2,0,1,0.342372,1
pattern,lll,structural|AB|prevent|from|verbal,1,0,1,0,0,0.793457
pattern,lll,structural|AB|recognize|_|passive,6,6,0,1,0.609657,1
pattern,lll,structural|AB|regulate|_|passive,1,1,0,1,0.206543,1
pattern,lll,structural|AB|regulate|_|verbal,2,2,0,1,0.342372,1
pattern,lll,structural|AB|repress|_|verbal,4,4,0,1,0.5101,1
pattern,lll,structural|AB|require|_|verbal,2,2,0,1,0.342372,1
pattern,lll,structural|AB|require|for|verbal,1,1,0,1,0.206543,1
pattern,lll,structural|AB|result|from|verbal,2,2,0,1,0.342372,1
pattern,lll,structural|AB|stimulate|_|verbal,2,2,0,1,0.342372,1
pattern,lll,structural|AB|transcribe|_|passive,4,4,0,1,0.5101,1
pattern,lll,structural|NESTED|dependent|_|nested,2,2,0,1,0.342372,1
semantic_pattern,aimed,relational|RELATIONAL|agonist|_,8,6,2,0.75,0.40927,0.928522
semantic_pattern,aimed,relational|RELATIONAL|antagonist|_,1,0,1,0,0,0.793457
semantic_pattern,aimed,relational|RELATIONAL|coactivator|_,1,1,0,1,0.206543,1
semantic_pattern,aimed,relational|RELATIONAL|complex|_,4,0,4,0,0,0.4899
semantic_pattern,aimed,relational|RELATIONAL|component|_,4,0,4,0,0,0.4899
semantic_pattern,aimed,relational|RELATIONAL|domain|_,7,2,5,0.285714,0.0822172,0.641071
semantic_pattern,aimed,relational|RELATIONAL|effector|_,1,0,1,0,0,0.793457
semantic_pattern,aimed,relational|RELATIONAL|factor|_,1,0,1,0,0,0.793457
semantic_pattern,aimed,relational|RELATIONAL|form|_,1,0,1,0,0,0.793457
semantic_pattern,aimed,relational|RELATIONAL|homologue|_,6,0,6,0,0,0.390343
semantic_pattern,aimed,relational|RELATIONAL|homolog|_,1,0,1,0,0,0.793457
semantic_pattern,aimed,relational|RELATIONAL|identity|_,29,5,24,0.172414,0.0759775,0.345488
semantic_pattern,aimed,relational|RELATIONAL|inhibitor|_,2,1,1,0.5,0.0945287,0.905471
semantic_pattern,aimed,relational|RELATIONAL|is-a|_,344,20,324,0.0581395,0.037948,0.088091
semantic_pattern,aimed,relational|RELATIONAL|ligand|_,14,13,1,0.928571,0.685307,0.987278
semantic_pattern,aimed,relational|RELATIONAL|mediator|_,1,0,1,0,0,0.793457
semantic_pattern,aimed,relational|RELATIONAL|member|_,2,0,2,0,0,0.657628
semantic_pattern,aimed,relational|RELATIONAL|property|_,1,0,1,0,0,0.793457
semantic_pattern,aimed,relational|RELATIONAL|protein|_,1,0,1,0,0,0.793457
semantic_pattern,aimed,relational|RELATIONAL|regulator|_,2,1,1,0.5,0.0945287,0.905471
semantic_pattern,aimed,relational|RELATIONAL|step|_,8,0,8,0,0,0.324416
semantic_pattern,aimed,relational|RELATIONAL|substitution|_,1,0,1,0,0,0.793457
semantic_pattern,aimed,relational|RELATIONAL|substrate|_,5,1,4,0.2,0.0362232,0.624472
semantic_pattern,aimed,relational|RELATIONAL|target|_,2,0,2,0,0,0.657628
semantic_pattern,aimed,relational|RELATIONAL|variant|_,2,0,2,0,0,0.657628
semantic_pattern,aimed,structural|NESTED|antagonize|_,2,0,2,0,0,0.657628
semantic_pattern,aimed,structural|NESTED|block|_,4,0,4,0,0,0.4899
semantic_pattern,aimed,structural|NESTED|confer|through,2,1,1,0.5,0.0945287,0.905471
semantic_pattern,aimed,structural|NESTED|explore|_,5,0,5,0,0,0.434491
semantic_pattern,aimed,structural|NESTED|form|_,9,2,7,0.222222,0.0632238,0.547417
semantic_pattern,aimed,structural|NESTED|impair|_,2,2,0,1,0.342372,1
semantic_pattern,aimed,structural|NESTED|induce|_,2,1,1,0.5,0.0945287,0.905471
semantic_pattern,aimed,structural|NESTED|inhibit|_,28,0,28,0,0,0.120647
semantic_pattern,aimed,structural|NESTED|mediate|_,6,0,6,0,0,0.390343
semantic_pattern,aimed,structural|NESTED|require|_,22,3,19,0.136364,0.0474892,0.333354
semantic_pattern,aimed,structural|NESTED|stimulate|_,2,0,2,0,0,0.657628
semantic_pattern,aimed,structural|NESTED|suppress|via,4,4,0,1,0.5101,1
semantic_pattern,aimed,structural|abolish,2,1,1,0.5,0.0945287,0.905471
semantic_pattern,aimed,structural|accelerate,1,0,1,0,0,0.793457
semantic_pattern,aimed,structural|activate,31,21,10,0.677419,0.501407,0.814308
semantic_pattern,aimed,structural|allow,1,0,1,0,0,0.793457
semantic_pattern,aimed,structural|associate,99,64,35,0.646465,0.548434,0.733553
semantic_pattern,aimed,structural|augment,1,0,1,0,0,0.793457
semantic_pattern,aimed,structural|bifurcate,2,0,2,0,0,0.657628
semantic_pattern,aimed,structural|bind,165,100,65,0.606061,0.529904,0.677391
semantic_pattern,aimed,structural|block,2,2,0,1,0.342372,1
semantic_pattern,aimed,structural|cleave,5,3,2,0.6,0.23072,0.882382
semantic_pattern,aimed,structural|clone,2,2,0,1,0.342372,1
semantic_pattern,aimed,structural|co-immunoprecipitate,1,1,0,1,0.206543,1
semantic_pattern,aimed,structural|co-precipitate,1,1,0,1,0.206543,1
semantic_pattern,aimed,structural|code,1,0,1,0,0,0.793457
semantic_pattern,aimed,structural|coexpress,9,0,9,0,0,0.299153
semantic_pattern,aimed,structural|coimmunoprecipitate,2,2,0,1,0.342372,1
semantic_pattern,aimed,structural|colocalize,1,0,1,0,0,0.793457
semantic_pattern,aimed,structural|communicate,2,0,2,0,0,0.657628
semantic_pattern,aimed,structural|comodulate,1,0,1,0,0,0.793457
semantic_pattern,aimed,structural|compare,6,2,4,0.333333,0.0967693,0.700012
semantic_pattern,aimed,structural|compete,4,1,3,0.25,0.0455861,0.699364
semantic_pattern,aimed,structural|complex,162,56,106,0.345679,0.276782,0.421726
semantic_pattern,aimed,structural|comprise,9,0,9,0,0,0.299153
semantic_pattern,aimed,structural|confer,2,0,2,0,0,0.657628
semantic_pattern,aimed,structural|consist,8,0,8,0,0,0.324416
semantic_pattern,aimed,structural|contain,27,5,22,0.185185,0.0818059,0.366991
semantic_pattern,aimed,structural|contribute,7,1,6,0.142857,0.025679,0.513135
semantic_pattern,aimed,structural|coprecipitate,1,1,0,1,0.206543,1
semantic_pattern,aimed,structural|correspond,1,0,1,0,0,0.793457
semantic_pattern,aimed,structural|couple,3,1,2,0.333333,0.0614903,0.792345
semantic_pattern,aimed,structural|create,3,0,3,0,0,0.561506
semantic_pattern,aimed,structural|decrease,7,2,5,0.285714,0.0822172,0.641071
semantic_pattern,aimed,structural|define,4,0,4,0,0,0.4899
semantic_pattern,aimed,structural|designate,1,0,1,0,0,0.793457
semantic_pattern,aimed,structural|differ,2,0,2,0,0,0.657628
semantic_pattern,aimed,structural|dimerization,9,2,7,0.222222,0.0632238,0.547417
semantic_pattern,aimed,structural|displace,2,0,2,0,0,0.657628
semantic_pattern,aimed,structural|display,1,0,1,0,0,0.793457
semantic_pattern,aimed,structural|disrupt,2,1,1,0.5,0.0945287,0.905471
semantic_pattern,aimed,structural|dissociate,2,2,0,1,0.342372,1
semantic_pattern,aimed,structural|do,1,0,1,0,0,0.793457
semantic_pattern,aimed,structural|elicit,2,0,2,0,0,0.657628
semantic_pattern,aimed,structural|emerge,1,0,1,0,0,0.793457
semantic_pattern,aimed,structural|employ,1,0,1,0,0,0.793457
semantic_pattern,aimed,structural|encode,11,2,9,0.181818,0.0513666,0.476986
semantic_pattern,aimed,structural|enhance,2,0,2,0,0,0.657628
semantic_pattern,aimed,structural|exert,1,1,0,1,0.206543,1
semantic_pattern,aimed,structural|exhibit,5,1,4,0.2,0.0362232,0.624472
semantic_pattern,aimed,structural|exist,9,2,7,0.222222,0.0632238,0.547417
semantic_pattern,aimed,structural|expose,1,0,1,0,0,0.793457
semantic_pattern,aimed,structural|express,4,0,4,0,0,0.4899
semantic_pattern,aimed,structural|facilitate,1,0,1,0,0,0.793457
semantic_pattern,aimed,structural|form,6,4,2,0.666667,0.299988,0.903231
semantic_pattern,aimed,structural|fuse,5,0,5,0,0,0.434491
semantic_pattern,aimed,structural|gel-purify,4,0,4,0,0,0.4899
semantic_pattern,aimed,structural|grasp,1,1,0,1,0.206543,1
semantic_pattern,aimed,structural|have,6,2,4,0.333333,0.0967693,0.700012
semantic_pattern,aimed,structural|heterodimer,12,7,5,0.583333,0.319507,0.806743
semantic_pattern,aimed,structural|heterodimerize,2,2,0,1,0.342372,1
semantic_pattern,aimed,structural|homodimer,1,0,1,0,0,0.793457
semantic_pattern,aimed,structural|identify,3,0,3,0,0,0.561506
semantic_pattern,aimed,structural|immunoprecipitate,1,1,0,1,0.206543,1
semantic_pattern,aimed,structural|implicate,1,0,1,0,0,0.793457
semantic_pattern,aimed,structural|imply,6,0,6,0,0,0.390343
semantic_pattern,aimed,structural|inactivate,1,1,0,1,0.206543,1
semantic_pattern,aimed,structural|increase,10,2,8,0.2,0.0566809,0.509843
semantic_pattern,aimed,structural|induce,26,9,17,0.346154,0.19412,0.537798
semantic_pattern,aimed,structural|inhibit,17,3,14,0.176471,0.0619101,0.410299
semantic_pattern,aimed,structural|insert,1,1,0,1,0.206543,1
semantic_pattern,aimed,structural|interact,244,157,87,0.643443,0.581545,0.700894
semantic_pattern,aimed,structural|involve,1,0,1,0,0,0.793457
semantic_pattern,aimed,structural|lack,5,0,5,0,0,0.434491
semantic_pattern,aimed,structural|lead,4,0,4,0,0,0.4899
semantic_pattern,aimed,structural|link,5,0,5,0,0,0.434491
semantic_pattern,aimed,structural|localize,1,0,1,0,0,0.793457
semantic_pattern,aimed,structural|make,1,1,0,1,0.206543,1
semantic_pattern,aimed,structural|map,2,0,2,0,0,0.657628
semantic_pattern,aimed,structural|mediate,27,7,20,0.259259,0.131702,0.446789
semantic_pattern,aimed,structural|mirror,1,0,1,0,0,0.793457
semantic_pattern,aimed,structural|name,3,0,3,0,0,0.561506
semantic_pattern,aimed,structural|oligomer,6,6,0,1,0.609657,1
semantic_pattern,aimed,structural|oligomerization,1,0,1,0,0,0.793457
semantic_pattern,aimed,structural|overexpress,1,0,1,0,0,0.793457
semantic_pattern,aimed,structural|overlap,1,1,0,1,0.206543,1
semantic_pattern,aimed,structural|phosphorylate,8,4,4,0.5,0.215213,0.784787
semantic_pattern,aimed,structural|possess,12,0,12,0,0,0.242501
semantic_pattern,aimed,structural|precipitate,1,0,1,0,0,0.793457
semantic_pattern,aimed,structural|prevent,4,0,4,0,0,0.4899
semantic_pattern,aimed,structural|process,2,0,2,0,0,0.657628
semantic_pattern,aimed,structural|promote,2,0,2,0,0,0.657628
semantic_pattern,aimed,structural|provide,1,0,1,0,0,0.793457
semantic_pattern,aimed,structural|raise,1,0,1,0,0,0.793457
semantic_pattern,aimed,structural|reassociate,2,1,1,0.5,0.0945287,0.905471
semantic_pattern,aimed,structural|recognize,3,3,0,1,0.438494,1
semantic_pattern,aimed,structural|recruit,12,1,11,0.0833333,0.0148647,0.353886
semantic_pattern,aimed,structural|reduce,7,0,7,0,0,0.354339
semantic_pattern,aimed,structural|regulate,6,3,3,0.5,0.187613,0.812387
semantic_pattern,aimed,structural|relate,9,0,9,0,0,0.299153
semantic_pattern,aimed,structural|release,2,2,0,1,0.342372,1
semantic_pattern,aimed,structural|repress,1,1,0,1,0.206543,1
semantic_pattern,aimed,structural|require,8,3,5,0.375,0.136842,0.694262
semantic_pattern,aimed,structural|respond,1,0,1,0,0,0.793457
semantic_pattern,aimed,structural|restore,2,0,2,0,0,0.657628
semantic_pattern,aimed,structural|result,3,0,3,0,0,0.561506
semantic_pattern,aimed,structural|sequester,2,0,2,0,0,0.657628
semantic_pattern,aimed,structural|serve,1,1,0,1,0.206543,1
semantic_pattern,aimed,structural|share,15,2,13,0.133333,0.0373605,0.378825
semantic_pattern,aimed,structural|shed,2,0,2,0,0,0.657628
semantic_pattern,aimed,structural|sorting,1,0,1,0,0,0.793457
semantic_pattern,aimed,structural|span,1,1,0,1,0.206543,1
semantic_pattern,aimed,structural|stabilize,1,1,0,1,0.206543,1
semantic_pattern,aimed,structural|stimulate,13,3,10,0.230769,0.0817938,0.502569
semantic_pattern,aimed,structural|substitute,1,0,1,0,0,0.793457
semantic_pattern,aimed,structural|suggest,2,0,2,0,0,0.657628
semantic_pattern,aimed,structural|suppress,2,0,2,0,0,0.657628
semantic_pattern,aimed,structural|target,2,2,0,1,0.342372,1
semantic_pattern,aimed,structural|transduce,2,2,0,1,0.342372,1
semantic_pattern,aimed,structural|transmit,2,2,0,1,0.342372,1
semantic_pattern,aimed,structural|transport,1,0,1,0,0,0.793457
semantic_pattern,aimed,structural|trigger,1,1,0,1,0.206543,1
semantic_pattern,aimed,structural|underline,1,0,1,0,0,0.793457
semantic_pattern,aimed,structural|use,9,1,8,0.111111,0.0198904,0.435006
semantic_pattern,aimed,structural|utilize,1,0,1,0,0,0.793457
semantic_pattern,aimed,structural|yield,6,0,6,0,0,0.390343
semantic_pattern,bioinfer,relational|RELATIONAL|agent|_,1,1,0,1,0.206543,1
semantic_pattern,bioinfer,relational|RELATIONAL|complex|_,3,3,0,1,0.438494,1
semantic_pattern,bioinfer,relational|RELATIONAL|determinant|_,1,1,0,1,0.206543,1
semantic_pattern,bioinfer,relational|RELATIONAL|domain|_,12,8,4,0.666667,0.390618,0.861882
semantic_pattern,bioinfer,relational|RELATIONAL|gene|_,4,0,4,0,0,0.4899
semantic_pattern,bioinfer,relational|RELATIONAL|homologue|_,1,1,0,1,0.206543,1
semantic_pattern,bioinfer,relational|RELATIONAL|homolog|_,1,1,0,1,0.206543,1
semantic_pattern,bioinfer,relational|RELATIONAL|identity|_,45,26,19,0.577778,0.433005,0.710315
semantic_pattern,bioinfer,relational|RELATIONAL|indicator|_,4,0,4,0,0,0.4899
semantic_pattern,bioinfer,relational|RELATIONAL|interact|_,3,3,0,1,0.438494,1
semantic_pattern,bioinfer,relational|RELATIONAL|is-a|_,272,71,201,0.261029,0.21242,0.316295
semantic_pattern,bioinfer,relational|RELATIONAL|isoform|_,1,1,0,1,0.206543,1
semantic_pattern,bioinfer,relational|RELATIONAL|mechanism|_,12,6,6,0.5,0.253778,0.746222
semantic_pattern,bioinfer,relational|RELATIONAL|member|_,7,2,5,0.285714,0.0822172,0.641071
semantic_pattern,bioinfer,relational|RELATIONAL|other|_,3,0,3,0,0,0.561506
semantic_pattern,bioinfer,relational|RELATIONAL|partner|_,2,1,1,0.5,0.0945287,0.905471
semantic_pattern,bioinfer,relational|RELATIONAL|part|_,1,1,0,1,0.206543,1
semantic_pattern,bioinfer,relational|RELATIONAL|protein|_,5,5,0,1,0.565509,1
semantic_pattern,bioinfer,relational|RELATIONAL|receptor|_,6,5,1,0.833333,0.436491,0.969947
semantic_pattern,bioinfer,relational|RELATIONAL|regulator|_,4,3,1,0.75,0.300636,0.954414
semantic_pattern,bioinfer,relational|RELATIONAL|require|_,2,2,0,1,0.342372,1
semantic_pattern,bioinfer,relational|RELATIONAL|target|_,14,12,2,0.857143,0.600581,0.959907
semantic_pattern,bioinfer,relational|RELATIONAL|weight|_,1,1,0,1,0.206543,1
semantic_pattern,bioinfer,structural|2tetramer,1,1,0,1,0.206543,1
semantic_pattern,bioinfer,structural|NESTED|analyze|for,2,2,0,1,0.342372,1
semantic_pattern,bioinfer,structural|NESTED|arise|from,4,2,2,0.5,0.150036,0.849964
semantic_pattern,bioinfer,structural|NESTED|associate|with,21,12,9,0.571429,0.365462,0.755303
semantic_pattern,bioinfer,structural|NESTED|block|_,2,2,0,1,0.342372,1
semantic_pattern,bioinfer,structural|NESTED|cause|_,2,2,0,1,0.342372,1
semantic_pattern,bioinfer,structural|NESTED|compete|with,2,1,1,0.5,0.0945287,0.905471
semantic_pattern,bioinfer,structural|NESTED|dependent|_,1,1,0,1,0.206543,1
semantic_pattern,bioinfer,structural|NESTED|disrupt|_,2,2,0,1,0.342372,1
semantic_pattern,bioinfer,structural|NESTED|effect|via,4,4,0,1,0.5101,1
semantic_pattern,bioinfer,structural|NESTED|form|_,17,15,2,0.882353,0.656632,0.967121
semantic_pattern,bioinfer,structural|NESTED|induce|with,3,3,0,1,0.438494,1
semantic_pattern,bioinfer,structural|NESTED|involve|_,17,9,8,0.529412,0.309629,0.738352
semantic_pattern,bioinfer,structural|NESTED|involve|through,6,2,4,0.333333,0.0967693,0.700012
semantic_pattern,bioinfer,structural|NESTED|mediate|_,6,6,0,1,0.609657,1
semantic_pattern,bioinfer,structural|NESTED|require|for,2,2,0,1,0.342372,1
semantic_pattern,bioinfer,structural|NESTED|study|_,9,0,9,0,0,0.299153
semantic_pattern,bioinfer,structural|abolish,3,2,1,0.666667,0.207655,0.93851
semantic_pattern,bioinfer,structural|accompany,6,3,3,0.5,0.187613,0.812387
semantic_pattern,bioinfer,structural|account,3,3,0,1,0.438494,1
semantic_pattern,bioinfer,structural|acetylate,5,1,4,0.2,0.0362232,0.624472
semantic_pattern,bioinfer,structural|achieve,1,1,0,1,0.206543,1
semantic_pattern,bioinfer,structural|activate,9,7,2,0.777778,0.452583,0.936776
semantic_pattern,bioinfer,structural|affect,17,13,4,0.764706,0.527378,0.904451
semantic_pattern,bioinfer,structural|allow,2,2,0,1,0.342372,1
semantic_pattern,bioinfer,structural|alter,6,6,0,1,0.609657,1
semantic_pattern,bioinfer,structural|assemble,4,0,4,0,0,0.4899
semantic_pattern,bioinfer,structural|associate,34,28,6,0.823529,0.664859,0.916511
semantic_pattern,bioinfer,structural|belong,4,4,0,1,0.5101,1
semantic_pattern,bioinfer,structural|bind,114,91,23,0.798246,0.715415,0.86163
semantic_pattern,bioinfer,structural|block,1,0,1,0,0,0.793457
semantic_pattern,bioinfer,structural|bridge,2,2,0,1,0.342372,1
semantic_pattern,bioinfer,structural|bring,2,2,0,1,0.342372,1
semantic_pattern,bioinfer,structural|bundle,1,0,1,0,0,0.793457
semantic_pattern,bioinfer,structural|carry,1,1,0,1,0.206543,1
semantic_pattern,bioinfer,structural|catalyze,2,1,1,0.5,0.0945287,0.905471
semantic_pattern,bioinfer,structural|cause,15,13,2,0.866667,0.621175,0.96264
semantic_pattern,bioinfer,structural|co-localize,9,9,0,1,0.700847,1
semantic_pattern,bioinfer,structural|co-precipitate,3,3,0,1,0.438494,1
semantic_pattern,bioinfer,structural|coexpress,1,1,0,1,0.206543,1
semantic_pattern,bioinfer,structural|colocalize,3,3,0,1,0.438494,1
semantic_pattern,bioinfer,structural|compare,1,1,0,1,0.206543,1
semantic_pattern,bioinfer,structural|compensate,1,1,0,1,0.206543,1
semantic_pattern,bioinfer,structural|complex,158,123,35,0.778481,0.707551,0.836191
semantic_pattern,bioinfer,structural|compose,6,6,0,1,0.609657,1
semantic_pattern,bioinfer,structural|comprise,2,0,2,0,0,0.657628
semantic_pattern,bioinfer,structural|concentrate,1,1,0,1,0.206543,1
semantic_pattern,bioinfer,structural|consist,4,4,0,1,0.5101,1
semantic_pattern,bioinfer,structural|constitute,2,2,0,1,0.342372,1
semantic_pattern,bioinfer,structural|contact,1,0,1,0,0,0.793457
semantic_pattern,bioinfer,structural|contain,9,4,5,0.444444,0.188775,0.733353
semantic_pattern,bioinfer,structural|contrast,6,0,6,0,0,0.390343
semantic_pattern,bioinfer,structural|contribute,3,3,0,1,0.438494,1
semantic_pattern,bioinfer,structural|control,7,7,0,1,0.645661,1
semantic_pattern,bioinfer,structural|copurify,7,3,4,0.428571,0.158217,0.749546
semantic_pattern,bioinfer,structural|correlate,8,5,3,0.625,0.305738,0.863158
semantic_pattern,bioinfer,structural|cosediment,3,3,0,1,0.438494,1
semantic_pattern,bioinfer,structural|counteract,2,2,0,1,0.342372,1
semantic_pattern,bioinfer,structural|couple,1,1,0,1,0.206543,1
semantic_pattern,bioinfer,structural|cross-link,11,7,4,0.636364,0.353797,0.848338
semantic_pattern,bioinfer,structural|decrease,3,0,3,0,0,0.561506
semantic_pattern,bioinfer,structural|define,2,2,0,1,0.342372,1
semantic_pattern,bioinfer,structural|depend,2,2,0,1,0.342372,1
semantic_pattern,bioinfer,structural|depolymerize,1,0,1,0,0,0.793457
semantic_pattern,bioinfer,structural|differ,2,2,0,1,0.342372,1
semantic_pattern,bioinfer,structural|direct,4,4,0,1,0.5101,1
semantic_pattern,bioinfer,structural|disassemble,1,1,0,1,0.206543,1
semantic_pattern,bioinfer,structural|display,3,0,3,0,0,0.561506
semantic_pattern,bioinfer,structural|disrupt,3,3,0,1,0.438494,1
semantic_pattern,bioinfer,structural|dissociate,3,2,1,0.666667,0.207655,0.93851
semantic_pattern,bioinfer,structural|domain-associate,3,2,1,0.666667,0.207655,0.93851
semantic_pattern,bioinfer,structural|drive,1,0,1,0,0,0.793457
semantic_pattern,bioinfer,structural|dynamics,1,1,0,1,0.206543,1
semantic_pattern,bioinfer,structural|elucidate,2,2,0,1,0.342372,1
semantic_pattern,bioinfer,structural|encode,30,18,12,0.6,0.423201,0.754096
semantic_pattern,bioinfer,structural|enhance,4,3,1,0.75,0.300636,0.954414
semantic_pattern,bioinfer,structural|examine,1,1,0,1,0.206543,1
semantic_pattern,bioinfer,structural|exhibit,7,2,5,0.285714,0.0822172,0.641071
semantic_pattern,bioinfer,structural|explain,1,1,0,1,0.206543,1
semantic_pattern,bioinfer,structural|express,3,1,2,0.333333,0.0614903,0.792345
semantic_pattern,bioinfer,structural|form,9,6,3,0.666667,0.354197,0.879418
semantic_pattern,bioinfer,structural|function,4,4,0,1,0.5101,1
semantic_pattern,bioinfer,structural|fuse,3,0,3,0,0,0.561506
semantic_pattern,bioinfer,structural|give,2,0,2,0,0,0.657628
semantic_pattern,bioinfer,structural|have,22,12,10,0.545455,0.346595,0.7308
semantic_pattern,bioinfer,structural|heterotrimer,6,3,3,0.5,0.187613,0.812387
semantic_pattern,bioinfer,structural|hold,1,0,1,0,0,0.793457
semantic_pattern,bioinfer,structural|impair,1,1,0,1,0.206543,1
semantic_pattern,bioinfer,structural|implicate,2,1,1,0.5,0.0945287,0.905471
semantic_pattern,bioinfer,structural|inactivate,1,1,0,1,0.206543,1
semantic_pattern,bioinfer,structural|increase,2,2,0,1,0.342372,1
semantic_pattern,bioinfer,structural|incubate,2,2,0,1,0.342372,1
semantic_pattern,bioinfer,structural|induce,19,11,8,0.578947,0.362756,0.768584
semantic_pattern,bioinfer,structural|influence,9,5,4,0.555556,0.266647,0.811225
semantic_pattern,bioinfer,structural|inhibit,17,11,6,0.647059,0.413,0.826905
semantic_pattern,bioinfer,structural|interact,163,111,52,0.680982,0.605966,0.747663
semantic_pattern,bioinfer,structural|investigate,2,0,2,0,0,0.657628
semantic_pattern,bioinfer,structural|involve,1,1,0,1,0.206543,1
semantic_pattern,bioinfer,structural|isolate,3,1,2,0.333333,0.0614903,0.792345
semantic_pattern,bioinfer,structural|label,1,0,1,0,0,0.793457
semantic_pattern,bioinfer,structural|lead,11,8,3,0.727273,0.43435,0.902541
semantic_pattern,bioinfer,structural|link,26,25,1,0.961538,0.811068,0.993178
semantic_pattern,bioinfer,structural|localize,2,1,1,0.5,0.0945287,0.905471
semantic_pattern,bioinfer,structural|maintain,1,1,0,1,0.206543,1
semantic_pattern,bioinfer,structural|make,1,0,1,0,0,0.793457
semantic_pattern,bioinfer,structural|measure,1,0,1,0,0,0.793457
semantic_pattern,bioinfer,structural|mediate,12,4,8,0.333333,0.138118,0.609382
semantic_pattern,bioinfer,structural|mimic,11,0,11,0,2.77556e-17,0.25884
semantic_pattern,bioinfer,structural|modulate,1,1,0,1,0.206543,1
semantic_pattern,bioinfer,structural|monomer-bind,1,1,0,1,0.206543,1
semantic_pattern,bioinfer,structural|obtain,1,1,0,1,0.206543,1
semantic_pattern,bioinfer,structural|occur,7,3,4,0.428571,0.158217,0.749546
semantic_pattern,bioinfer,structural|overcome,1,1,0,1,0.206543,1
semantic_pattern,bioinfer,structural|perform,1,0,1,0,0,0.793457
semantic_pattern,bioinfer,structural|perturb,2,0,2,0,0,0.657628
semantic_pattern,bioinfer,structural|phosphorylate,10,9,1,0.9,0.595844,0.982124
semantic_pattern,bioinfer,structural|play,1,1,0,1,0.206543,1
semantic_pattern,bioinfer,structural|precede,2,2,0,1,0.342372,1
semantic_pattern,bioinfer,structural|prefer,6,0,6,0,0,0.390343
semantic_pattern,bioinfer,structural|prevent,3,3,0,1,0.438494,1
semantic_pattern,bioinfer,structural|promote,14,11,3,0.785714,0.524103,0.924288
semantic_pattern,bioinfer,structural|propose,1,1,0,1,0.206543,1
semantic_pattern,bioinfer,structural|protect,1,1,0,1,0.206543,1
semantic_pattern,bioinfer,structural|provide,2,1,1,0.5,0.0945287,0.905471
semantic_pattern,bioinfer,structural|react,1,1,0,1,0.206543,1
semantic_pattern,bioinfer,structural|recognize,1,1,0,1,0.206543,1
semantic_pattern,bioinfer,structural|recover,4,0,4,0,0,0.4899
semantic_pattern,bioinfer,structural|recruit,1,1,0,1,0.206543,1
semantic_pattern,bioinfer,structural|reduce,4,2,2,0.5,0.150036,0.849964
semantic_pattern,bioinfer,structural|refer,1,0,1,0,0,0.793457
semantic_pattern,bioinfer,structural|regulate,24,21,3,0.875,0.689957,0.956557
semantic_pattern,bioinfer,structural|relate,23,12,11,0.521739,0.329624,0.707631
semantic_pattern,bioinfer,structural|release,3,1,2,0.333333,0.0614903,0.792345
semantic_pattern,bioinfer,structural|reorganize,2,2,0,1,0.342372,1
semantic_pattern,bioinfer,structural|replace,1,1,0,1,0.206543,1
semantic_pattern,bioinfer,structural|require,9,8,1,0.888889,0.564994,0.98011
semantic_pattern,bioinfer,structural|resemble,2,1,1,0.5,0.0945287,0.905471
semantic_pattern,bioinfer,structural|reverse,1,0,1,0,0,0.793457
semantic_pattern,bioinfer,structural|sequester,4,4,0,1,0.5101,1
semantic_pattern,bioinfer,structural|share,5,2,3,0.4,0.117618,0.76928
semantic_pattern,bioinfer,structural|shorten,1,1,0,1,0.206543,1
semantic_pattern,bioinfer,structural|stabilize,1,1,0,1,0.206543,1
semantic_pattern,bioinfer,structural|stimulate,19,8,11,0.421053,0.231416,0.637244
semantic_pattern,bioinfer,structural|study,2,0,2,0,0,0.657628
semantic_pattern,bioinfer,structural|suggest,1,0,1,0,0,0.793457
semantic_pattern,bioinfer,structural|supply,1,1,0,1,0.206543,1
semantic_pattern,bioinfer,structural|support,1,1,0,1,0.206543,1
semantic_pattern,bioinfer,structural|suppress,9,8,1,0.888889,0.564994,0.98011
semantic_pattern,bioinfer,structural|tag,1,1,0,1,0.206543,1
semantic_pattern,bioinfer,structural|target,1,0,1,0,0,0.793457
semantic_pattern,bioinfer,structural|translocate,2,2,0,1,0.342372,1
semantic_pattern,bioinfer,structural|transport,3,3,0,1,0.438494,1
semantic_pattern,bioinfer,structural|use,13,6,7,0.461538,0.232058,0.708566
semantic_pattern,bioinfer,structural|weaken,6,6,0,1,0.609657,1
semantic_pattern,bioinfer,structural|wedge,1,0,1,0,0,0.793457
semantic_pattern,hprd50,relational|RELATIONAL|adapter|_,1,1,0,1,0.206543,1
semantic_pattern,hprd50,relational|RELATIONAL|determinant|_,1,1,0,1,0.206543,1
semantic_pattern,hprd50,relational|RELATIONAL|identity|_,5,1,4,0.2,0.0362232,0.624472
semantic_pattern,hprd50,relational|RELATIONAL|inhibitor|_,2,2,0,1,0.342372,1
semantic_pattern,hprd50,relational|RELATIONAL|interact|_,1,0,1,0,0,0.793457
semantic_pattern,hprd50,relational|RELATIONAL|is-a|_,19,0,19,0,0,0.168184
semantic_pattern,hprd50,relational|RELATIONAL|substrate|_,1,1,0,1,0.206543,1
semantic_pattern,hprd50,structural|NESTED|disrupt|_,2,1,1,0.5,0.0945287,0.905471
semantic_pattern,hprd50,structural|activate,4,4,0,1,0.5101,1
semantic_pattern,hprd50,structural|affect,1,0,1,0,0,0.793457
semantic_pattern,hprd50,structural|assess,1,0,1,0,0,0.793457
semantic_pattern,hprd50,structural|associate,10,10,0,1,0.72246,1
semantic_pattern,hprd50,structural|bind,20,7,13,0.35,0.18119,0.567149
semantic_pattern,hprd50,structural|cause,1,1,0,1,0.206543,1
semantic_pattern,hprd50,structural|coimmunoprecipitate,1,1,0,1,0.206543,1
semantic_pattern,hprd50,structural|complex,2,1,1,0.5,0.0945287,0.905471
semantic_pattern,hprd50,structural|contact,1,1,0,1,0.206543,1
semantic_pattern,hprd50,structural|contain,1,0,1,0,0,0.793457
semantic_pattern,hprd50,structural|coprecipitate,2,0,2,0,0,0.657628
semantic_pattern,hprd50,structural|cross-link,12,4,8,0.333333,0.138118,0.609382
semantic_pattern,hprd50,structural|degrade,1,1,0,1,0.206543,1
semantic_pattern,hprd50,structural|depend,1,1,0,1,0.206543,1
semantic_pattern,hprd50,structural|form,1,0,1,0,0,0.793457
semantic_pattern,hprd50,structural|have,1,0,1,0,0,0.793457
semantic_pattern,hprd50,structural|immunoprecipitate,3,2,1,0.666667,0.207655,0.93851
semantic_pattern,hprd50,structural|induce,1,1,0,1,0.206543,1
semantic_pattern,hprd50,structural|interact,32,31,1,0.96875,0.842554,0.994462
semantic_pattern,hprd50,structural|lead,3,3,0,1,0.438494,1
semantic_pattern,hprd50,structural|mediate,2,0,2,0,0,0.657628
semantic_pattern,hprd50,structural|modify,1,1,0,1,0.206543,1
semantic_pattern,hprd50,structural|phosphorylate,1,1,0,1,0.206543,1
semantic_pattern,hprd50,structural|produce,2,0,2,0,0,0.657628
semantic_pattern,hprd50,structural|promote,3,2,1,0.666667,0.207655,0.93851
semantic_pattern,hprd50,structural|provide,1,1,0,1,0.206543,1
semantic_pattern,hprd50,structural|regulate,8,8,0,1,0.675584,1
semantic_pattern,hprd50,structural|relate,4,0,4,0,0,0.4899
semantic_pattern,hprd50,structural|require,1,1,0,1,0.206543,1
semantic_pattern,hprd50,structural|suggest,1,0,1,0,0,0.793457
semantic_pattern,hprd50,structural|support,1,1,0,1,0.206543,1
semantic_pattern,iepa,relational|RELATIONAL|alter|_,1,0,1,0,0,0.793457
semantic_pattern,iepa,relational|RELATIONAL|component|_,1,1,0,1,0.206543,1
semantic_pattern,iepa,relational|RELATIONAL|identity|_,1,0,1,0,0,0.793457
semantic_pattern,iepa,relational|RELATIONAL|is-a|_,1,1,0,1,0.206543,1
semantic_pattern,iepa,relational|RELATIONAL|level|_,2,2,0,1,0.342372,1
semantic_pattern,iepa,structural|NESTED|dependent|_,2,2,0,1,0.342372,1
semantic_pattern,iepa,structural|NESTED|induce|_,9,9,0,1,0.700847,1
semantic_pattern,iepa,structural|NESTED|mediate|_,3,3,0,1,0.438494,1
semantic_pattern,iepa,structural|NESTED|stimulate|_,1,1,0,1,0.206543,1
semantic_pattern,iepa,structural|accompany,3,3,0,1,0.438494,1
semantic_pattern,iepa,structural|account,1,1,0,1,0.206543,1
semantic_pattern,iepa,structural|act,1,1,0,1,0.206543,1
semantic_pattern,iepa,structural|activate,5,5,0,1,0.565509,1
semantic_pattern,iepa,structural|adjust,1,0,1,0,0,0.793457
semantic_pattern,iepa,structural|affect,2,0,2,0,0,0.657628
semantic_pattern,iepa,structural|aggregate,2,0,2,0,0,0.657628
semantic_pattern,iepa,structural|alter,4,1,3,0.25,0.0455861,0.699364
semantic_pattern,iepa,structural|assess,2,0,2,0,0,0.657628
semantic_pattern,iepa,structural|associate,3,2,1,0.666667,0.207655,0.93851
semantic_pattern,iepa,structural|be,2,2,0,1,0.342372,1
semantic_pattern,iepa,structural|bind,1,0,1,0,0,0.793457
semantic_pattern,iepa,structural|cause,5,4,1,0.8,0.375528,0.963777
semantic_pattern,iepa,structural|code,1,0,1,0,0,0.793457
semantic_pattern,iepa,structural|compare,1,0,1,0,0,0.793457
semantic_pattern,iepa,structural|conjugate,1,0,1,0,0,0.793457
semantic_pattern,iepa,structural|correlate,4,4,0,1,0.5101,1
semantic_pattern,iepa,structural|couple,1,1,0,1,0.206543,1
semantic_pattern,iepa,structural|decrease,4,4,0,1,0.5101,1
semantic_pattern,iepa,structural|determine,2,0,2,0,0,0.657628
semantic_pattern,iepa,structural|diminish,1,1,0,1,0.206543,1
semantic_pattern,iepa,structural|dissociate,1,0,1,0,0,0.793457
semantic_pattern,iepa,structural|double,1,0,1,0,0,0.793457
semantic_pattern,iepa,structural|encode,1,0,1,0,0,0.793457
semantic_pattern,iepa,structural|enhance,1,1,0,1,0.206543,1
semantic_pattern,iepa,structural|evaluate,1,0,1,0,0,0.793457
semantic_pattern,iepa,structural|evoke,1,1,0,1,0.206543,1
semantic_pattern,iepa,structural|exert,1,1,0,1,0.206543,1
semantic_pattern,iepa,structural|explain,1,1,0,1,0.206543,1
semantic_pattern,iepa,structural|explore,2,0,2,0,0,0.657628
semantic_pattern,iepa,structural|favor,3,3,0,1,0.438494,1
semantic_pattern,iepa,structural|generate,1,1,0,1,0.206543,1
semantic_pattern,iepa,structural|have,4,2,2,0.5,0.150036,0.849964
semantic_pattern,iepa,structural|increase,22,17,5,0.772727,0.565596,0.898771
semantic_pattern,iepa,structural|induce,8,7,1,0.875,0.529105,0.977583
semantic_pattern,iepa,structural|influence,4,3,1,0.75,0.300636,0.954414
semantic_pattern,iepa,structural|inhibit,2,2,0,1,0.342372,1
semantic_pattern,iepa,structural|interact,3,3,0,1,0.438494,1
semantic_pattern,iepa,structural|involve,1,1,0,1,0.206543,1
semantic_pattern,iepa,structural|lead,1,0,1,0,0,0.793457
semantic_pattern,iepa,structural|link,1,1,0,1,0.206543,1
semantic_pattern,iepa,structural|lower,1,1,0,1,0.206543,1
semantic_pattern,iepa,structural|maintain,4,4,0,1,0.5101,1
semantic_pattern,iepa,structural|measure,1,0,1,0,0,0.793457
semantic_pattern,iepa,structural|mediate,2,2,0,1,0.342372,1
semantic_pattern,iepa,structural|mimic,1,0,1,0,0,0.793457
semantic_pattern,iepa,structural|modulate,4,3,1,0.75,0.300636,0.954414
semantic_pattern,iepa,structural|occur,1,1,0,1,0.206543,1
semantic_pattern,iepa,structural|overlap,1,1,0,1,0.206543,1
semantic_pattern,iepa,structural|potentiate,1,1,0,1,0.206543,1
semantic_pattern,iepa,structural|prevent,5,2,3,0.4,0.117618,0.76928
semantic_pattern,iepa,structural|produce,1,1,0,1,0.206543,1
semantic_pattern,iepa,structural|provoke,2,1,1,0.5,0.0945287,0.905471
semantic_pattern,iepa,structural|raise,1,1,0,1,0.206543,1
semantic_pattern,iepa,structural|reduce,3,3,0,1,0.438494,1
semantic_pattern,iepa,structural|regulate,5,5,0,1,0.565509,1
semantic_pattern,iepa,structural|relate,1,1,0,1,0.206543,1
semantic_pattern,iepa,structural|release,1,1,0,1,0.206543,1
semantic_pattern,iepa,structural|require,1,1,0,1,0.206543,1
semantic_pattern,iepa,structural|stimulate,13,13,0,1,0.771898,1
semantic_pattern,iepa,structural|study,2,0,2,0,0,0.657628
semantic_pattern,iepa,structural|suggest,2,0,2,0,0,0.657628
semantic_pattern,iepa,structural|take,1,0,1,0,0,0.793457
semantic_pattern,iepa,structural|treat,1,1,0,1,0.206543,1
semantic_pattern,iepa,structural|trigger,1,1,0,1,0.206543,1
semantic_pattern,iepa,structural|understand,1,1,0,1,0.206543,1
semantic_pattern,iepa,structural|up-regulate,2,1,1,0.5,0.0945287,0.905471
semantic_pattern,iepa,structural|upregulate,3,3,0,1,0.438494,1
semantic_pattern,iepa,structural|use,1,0,1,0,0,0.793457
semantic_pattern,iepa,structural|yield,1,1,0,1,0.206543,1
semantic_pattern,lll,relational|RELATIONAL|activator|_,1,1,0,1,0.206543,1
semantic_pattern,lll,relational|RELATIONAL|control|_,3,3,0,1,0.438494,1
semantic_pattern,lll,relational|RELATIONAL|gene|_,1,1,0,1,0.206543,1
semantic_pattern,lll,relational|RELATIONAL|is-a|_,3,0,3,0,0,0.561506
semantic_pattern,lll,relational|RELATIONAL|member|_,1,1,0,1,0.206543,1
semantic_pattern,lll,structural|NESTED|dependent|_,2,2,0,1,0.342372,1
semantic_pattern,lll,structural|activate,11,10,1,0.909091,0.622635,0.983768
semantic_pattern,lll,structural|affect,1,1,0,1,0.206543,1
semantic_pattern,lll,structural|belong,1,1,0,1,0.206543,1
semantic_pattern,lll,structural|bind,3,3,0,1,0.438494,1
semantic_pattern,lll,structural|contribute,1,1,0,1,0.206543,1
semantic_pattern,lll,structural|control,4,3,1,0.75,0.300636,0.954414
semantic_pattern,lll,structural|depend,4,3,1,0.75,0.300636,0.954414
semantic_pattern,lll,structural|dephosphorylate,1,1,0,1,0.206543,1
semantic_pattern,lll,structural|drive,2,2,0,1,0.342372,1
semantic_pattern,lll,structural|include,5,5,0,1,0.565509,1
semantic_pattern,lll,structural|increase,1,1,0,1,0.206543,1
semantic_pattern,lll,structural|inhibit,7,7,0,1,0.645661,1
semantic_pattern,lll,structural|limit,1,1,0,1,0.206543,1
semantic_pattern,lll,structural|precede,2,2,0,1,0.342372,1
semantic_pattern,lll,structural|prevent,3,2,1,0.666667,0.207655,0.93851
semantic_pattern,lll,structural|recognize,6,6,0,1,0.609657,1
semantic_pattern,lll,structural|regulate,3,3,0,1,0.438494,1
semantic_pattern,lll,structural|repress,4,4,0,1,0.5101,1
semantic_pattern,lll,structural|require,3,3,0,1,0.438494,1
semantic_pattern,lll,structural|result,2,2,0,1,0.342372,1
semantic_pattern,lll,structural|stimulate,2,2,0,1,0.342372,1
semantic_pattern,lll,structural|transcribe,4,4,0,1,0.5101,1
trigger,aimed,abolish,2,1,1,0.5,0.0945287,0.905471
trigger,aimed,accelerate,1,0,1,0,0,0.793457
trigger,aimed,activate,31,21,10,0.677419,0.501407,0.814308
trigger,aimed,agonist,8,6,2,0.75,0.40927,0.928522
trigger,aimed,allow,1,0,1,0,0,0.793457
trigger,aimed,antagonist,1,0,1,0,0,0.793457
trigger,aimed,antagonize,2,0,2,0,0,0.657628
trigger,aimed,associate,99,64,35,0.646465,0.548434,0.733553
trigger,aimed,augment,1,0,1,0,0,0.793457
trigger,aimed,bifurcate,2,0,2,0,0,0.657628
trigger,aimed,bind,165,100,65,0.606061,0.529904,0.677391
trigger,aimed,block,6,2,4,0.333333,0.0967693,0.700012
trigger,aimed,cleave,5,3,2,0.6,0.23072,0.882382
trigger,aimed,clone,2,2,0,1,0.342372,1
trigger,aimed,co-immunoprecipitate,1,1,0,1,0.206543,1
trigger,aimed,co-precipitate,1,1,0,1,0.206543,1
trigger,aimed,coactivator,1,1,0,1,0.206543,1
trigger,aimed,code,1,0,1,0,0,0.793457
trigger,aimed,coexpress,9,0,9,0,0,0.299153
trigger,aimed,coimmunoprecipitate,2,2,0,1,0.342372,1
trigger,aimed,colocalize,1,0,1,0,0,0.793457
trigger,aimed,communicate,2,0,2,0,0,0.657628
trigger,aimed,comodulate,1,0,1,0,0,0.793457
trigger,aimed,compare,6,2,4,0.333333,0.0967693,0.700012
trigger,aimed,compete,4,1,3,0.25,0.0455861,0.699364
trigger,aimed,complex,166,56,110,0.337349,0.269826,0.412231
trigger,aimed,component,4,0,4,0,0,0.4899
trigger,aimed,comprise,9,0,9,0,0,0.299153
trigger,aimed,confer,4,1,3,0.25,0.0455861,0.699364
trigger,aimed,consist,8,0,8,0,0,0.324416
trigger,aimed,contain,27,5,22,0.185185,0.0818059,0.366991
trigger,aimed,contribute,7,1,6,0.142857,0.025679,0.513135
trigger,aimed,coprecipitate,1,1,0,1,0.206543,1
trigger,aimed,correspond,1,0,1,0,0,0.793457
trigger,aimed,couple,3,1,2,0.333333,0.0614903,0.792345
trigger,aimed,create,3,0,3,0,0,0.561506
trigger,aimed,decrease,7,2,5,0.285714,0.0822172,0.641071
trigger,aimed,define,4,0,4,0,0,0.4899
trigger,aimed,designate,1,0,1,0,0,0.793457
trigger,aimed,differ,2,0,2,0,0,0.657628
trigger,aimed,dimerization,9,2,7,0.222222,0.0632238,0.547417
trigger,aimed,displace,2,0,2,0,0,0.657628
trigger,aimed,display,1,0,1,0,0,0.793457
trigger,aimed,disrupt,2,1,1,0.5,0.0945287,0.905471
trigger,aimed,dissociate,2,2,0,1,0.342372,1
trigger,aimed,do,1,0,1,0,0,0.793457
trigger,aimed,domain,7,2,5,0.285714,0.0822172,0.641071
trigger,aimed,effector,1,0,1,0,0,0.793457
trigger,aimed,elicit,2,0,2,0,0,0.657628
trigger,aimed,emerge,1,0,1,0,0,0.793457
trigger,aimed,employ,1,0,1,0,0,0.793457
trigger,aimed,encode,11,2,9,0.181818,0.0513666,0.476986
trigger,aimed,enhance,2,0,2,0,0,0.657628
trigger,aimed,exert,1,1,0,1,0.206543,1
trigger,aimed,exhibit,5,1,4,0.2,0.0362232,0.624472
trigger,aimed,exist,9,2,7,0.222222,0.0632238,0.547417
trigger,aimed,explore,5,0,5,0,0,0.434491
trigger,aimed,expose,1,0,1,0,0,0.793457
trigger,aimed,express,4,0,4,0,0,0.4899
trigger,aimed,facilitate,1,0,1,0,0,0.793457
trigger,aimed,factor,1,0,1,0,0,0.793457
trigger,aimed,form,16,6,10,0.375,0.18481,0.613594
trigger,aimed,fuse,5,0,5,0,0,0.434491
trigger,aimed,gel-purify,4,0,4,0,0,0.4899
trigger,aimed,grasp,1,1,0,1,0.206543,1
trigger,aimed,have,6,2,4,0.333333,0.0967693,0.700012
trigger,aimed,heterodimer,12,7,5,0.583333,0.319507,0.806743
trigger,aimed,heterodimerize,2,2,0,1,0.342372,1
trigger,aimed,homodimer,1,0,1,0,0,0.793457
trigger,aimed,homolog,1,0,1,0,0,0.793457
trigger,aimed,homologue,6,0,6,0,0,0.390343
trigger,aimed,identify,3,0,3,0,0,0.561506
trigger,aimed,immunoprecipitate,1,1,0,1,0.206543,1
trigger,aimed,impair,2,2,0,1,0.342372,1
trigger,aimed,implicate,1,0,1,0,0,0.793457
trigger,aimed,imply,6,0,6,0,0,0.390343
trigger,aimed,inactivate,1,1,0,1,0.206543,1
trigger,aimed,increase,10,2,8,0.2,0.0566809,0.509843
trigger,aimed,induce,28,10,18,0.357143,0.207056,0.5417
trigger,aimed,inhibit,45,3,42,0.0666667,0.0229316,0.178569
trigger,aimed,inhibitor,2,1,1,0.5,0.0945287,0.905471
trigger,aimed,insert,1,1,0,1,0.206543,1
trigger,aimed,interact,244,157,87,0.643443,0.581545,0.700894
trigger,aimed,involve,1,0,1,0,0,0.793457
trigger,aimed,lack,5,0,5,0,0,0.434491
trigger,aimed,lead,4,0,4,0,0,0.4899
trigger,aimed,ligand,14,13,1,0.928571,0.685307,0.987278
trigger,aimed,link,5,0,5,0,0,0.434491
trigger,aimed,localize,1,0,1,0,0,0.793457
trigger,aimed,make,1,1,0,1,0.206543,1
trigger,aimed,map,2,0,2,0,0,0.657628
trigger,aimed,mediate,33,7,26,0.212121,0.106759,0.37752
trigger,aimed,mediator,1,0,1,0,0,0.793457
trigger,aimed,member,2,0,2,0,0,0.657628
trigger,aimed,mirror,1,0,1,0,0,0.793457
trigger,aimed,name,3,0,3,0,0,0.561506
trigger,aimed,oligomer,6,6,0,1,0.609657,1
trigger,aimed,oligomerization,1,0,1,0,0,0.793457
trigger,aimed,overexpress,1,0,1,0,0,0.793457
trigger,aimed,overlap,1,1,0,1,0.206543,1
trigger,aimed,phosphorylate,8,4,4,0.5,0.215213,0.784787
trigger,aimed,possess,12,0,12,0,0,0.242501
trigger,aimed,precipitate,1,0,1,0,0,0.793457
trigger,aimed,prevent,4,0,4,0,0,0.4899
trigger,aimed,process,2,0,2,0,0,0.657628
trigger,aimed,promote,2,0,2,0,0,0.657628
trigger,aimed,property,1,0,1,0,0,0.793457
trigger,aimed,protein,1,0,1,0,0,0.793457
trigger,aimed,provide,1,0,1,0,0,0.793457
trigger,aimed,raise,1,0,1,0,0,0.793457
trigger,aimed,reassociate,2,1,1,0.5,0.0945287,0.905471
trigger,aimed,recognize,3,3,0,1,0.438494,1
trigger,aimed,recruit,12,1,11,0.0833333,0.0148647,0.353886
trigger,aimed,reduce,7,0,7,0,0,0.354339
trigger,aimed,regulate,6,3,3,0.5,0.187613,0.812387
trigger,aimed,regulator,2,1,1,0.5,0.0945287,0.905471
trigger,aimed,relate,9,0,9,0,0,0.299153
trigger,aimed,release,2,2,0,1,0.342372,1
trigger,aimed,repress,1,1,0,1,0.206543,1
trigger,aimed,require,30,6,24,0.2,0.0950498,0.37306
trigger,aimed,respond,1,0,1,0,0,0.793457
trigger,aimed,restore,2,0,2,0,0,0.657628
trigger,aimed,result,3,0,3,0,0,0.561506
trigger,aimed,sequester,2,0,2,0,0,0.657628
trigger,aimed,serve,1,1,0,1,0.206543,1
trigger,aimed,share,15,2,13,0.133333,0.0373605,0.378825
trigger,aimed,shed,2,0,2,0,0,0.657628
trigger,aimed,sorting,1,0,1,0,0,0.793457
trigger,aimed,span,1,1,0,1,0.206543,1
trigger,aimed,stabilize,1,1,0,1,0.206543,1
trigger,aimed,step,8,0,8,0,0,0.324416
trigger,aimed,stimulate,15,3,12,0.2,0.0704742,0.451859
trigger,aimed,substitute,1,0,1,0,0,0.793457
trigger,aimed,substitution,1,0,1,0,0,0.793457
trigger,aimed,substrate,5,1,4,0.2,0.0362232,0.624472
trigger,aimed,suggest,2,0,2,0,0,0.657628
trigger,aimed,suppress,6,4,2,0.666667,0.299988,0.903231
trigger,aimed,target,4,2,2,0.5,0.150036,0.849964
trigger,aimed,transduce,2,2,0,1,0.342372,1
trigger,aimed,transmit,2,2,0,1,0.342372,1
trigger,aimed,transport,1,0,1,0,0,0.793457
trigger,aimed,trigger,1,1,0,1,0.206543,1
trigger,aimed,underline,1,0,1,0,0,0.793457
trigger,aimed,use,9,1,8,0.111111,0.0198904,0.435006
trigger,aimed,utilize,1,0,1,0,0,0.793457
trigger,aimed,variant,2,0,2,0,0,0.657628
trigger,aimed,yield,6,0,6,0,0,0.390343
trigger,bioinfer,2tetramer,1,1,0,1,0.206543,1
trigger,bioinfer,abolish,3,2,1,0.666667,0.207655,0.93851
trigger,bioinfer,accompany,6,3,3,0.5,0.187613,0.812387
trigger,bioinfer,account,3,3,0,1,0.438494,1
trigger,bioinfer,acetylate,5,1,4,0.2,0.0362232,0.624472
trigger,bioinfer,achieve,1,1,0,1,0.206543,1
trigger,bioinfer,activate,9,7,2,0.777778,0.452583,0.936776
trigger,bioinfer,affect,17,13,4,0.764706,0.527378,0.904451
trigger,bioinfer,agent,1,1,0,1,0.206543,1
trigger,bioinfer,allow,2,2,0,1,0.342372,1
trigger,bioinfer,alter,6,6,0,1,0.609657,1
trigger,bioinfer,analyze,2,2,0,1,0.342372,1
trigger,bioinfer,arise,4,2,2,0.5,0.150036,0.849964
trigger,bioinfer,assemble,4,0,4,0,0,0.4899
trigger,bioinfer,associate,55,40,15,0.727273,0.597676,0.827194
trigger,bioinfer,belong,4,4,0,1,0.5101,1
trigger,bioinfer,bind,114,91,23,0.798246,0.715415,0.86163
trigger,bioinfer,block,3,2,1,0.666667,0.207655,0.93851
trigger,bioinfer,bridge,2,2,0,1,0.342372,1
trigger,bioinfer,bring,2,2,0,1,0.342372,1
trigger,bioinfer,bundle,1,0,1,0,0,0.793457
trigger,bioinfer,carry,1,1,0,1,0.206543,1
trigger,bioinfer,catalyze,2,1,1,0.5,0.0945287,0.905471
trigger,bioinfer,cause,17,15,2,0.882353,0.656632,0.967121
trigger,bioinfer,co-localize,9,9,0,1,0.700847,1
trigger,bioinfer,co-precipitate,3,3,0,1,0.438494,1
trigger,bioinfer,coexpress,1,1,0,1,0.206543,1
trigger,bioinfer,colocalize,3,3,0,1,0.438494,1
trigger,bioinfer,compare,1,1,0,1,0.206543,1
trigger,bioinfer,compensate,1,1,0,1,0.206543,1
trigger,bioinfer,compete,2,1,1,0.5,0.0945287,0.905471
trigger,bioinfer,complex,161,126,35,0.782609,0.712712,0.839334
trigger,bioinfer,compose,6,6,0,1,0.609657,1
trigger,bioinfer,comprise,2,0,2,0,0,0.657628
trigger,bioinfer,concentrate,1,1,0,1,0.206543,1
trigger,bioinfer,consist,4,4,0,1,0.5101,1
trigger,bioinfer,constitute,2,2,0,1,0.342372,1
trigger,bioinfer,contact,1,0,1,0,0,0.793457
trigger,bioinfer,contain,9,4,5,0.444444,0.188775,0.733353
trigger,bioinfer,contrast,6,0,6,0,0,0.390343
trigger,bioinfer,contribute,3,3,0,1,0.438494,1
trigger,bioinfer,control,7,7,0,1,0.645661,1
trigger,bioinfer,copurify,7,3,4,0.428571,0.158217,0.749546
trigger,bioinfer,correlate,8,5,3,0.625,0.305738,0.863158
trigger,bioinfer,cosediment,3,3,0,1,0.438494,1
trigger,bioinfer,counteract,2,2,0,1,0.342372,1
trigger,bioinfer,couple,1,1,0,1,0.206543,1
trigger,bioinfer,cross-link,11,7,4,0.636364,0.353797,0.848338
trigger,bioinfer,decrease,3,0,3,0,0,0.561506
trigger,bioinfer,define,2,2,0,1,0.342372,1
trigger,bioinfer,depend,2,2,0,1,0.342372,1
trigger,bioinfer,dependent,1,1,0,1,0.206543,1
trigger,bioinfer,depolymerize,1,0,1,0,0,0.793457
trigger,bioinfer,determinant,1,1,0,1,0.206543,1
trigger,bioinfer,differ,2,2,0,1,0.342372,1
trigger,bioinfer,direct,4,4,0,1,0.5101,1
trigger,bioinfer,disassemble,1,1,0,1,0.206543,1
trigger,bioinfer,display,3,0,3,0,0,0.561506
trigger,bioinfer,disrupt,5,5,0,1,0.565509,1
trigger,bioinfer,dissociate,3,2,1,0.666667,0.207655,0.93851
trigger,bioinfer,domain,12,8,4,0.666667,0.390618,0.861882
trigger,bioinfer,domain-associate,3,2,1,0.666667,0.207655,0.93851
trigger,bioinfer,drive,1,0,1,0,0,0.793457
trigger,bioinfer,dynamics,1,1,0,1,0.206543,1
trigger,bioinfer,effect,4,4,0,1,0.5101,1
trigger,bioinfer,elucidate,2,2,0,1,0.342372,1
trigger,bioinfer,encode,30,18,12,0.6,0.423201,0.754096
trigger,bioinfer,enhance,4,3,1,0.75,0.300636,0.954414
trigger,bioinfer,examine,1,1,0,1,0.206543,1
trigger,bioinfer,exhibit,7,2,5,0.285714,0.0822172,0.641071
trigger,bioinfer,explain,1,1,0,1,0.206543,1
trigger,bioinfer,express,3,1,2,0.333333,0.0614903,0.792345
trigger,bioinfer,form,26,21,5,0.807692,0.621234,0.914931
trigger,bioinfer,function,4,4,0,1,0.5101,1
trigger,bioinfer,fuse,3,0,3,0,0,0.561506
trigger,bioinfer,gene,4,0,4,0,0,0.4899
trigger,bioinfer,give,2,0,2,0,0,0.657628
trigger,bioinfer,have,22,12,10,0.545455,0.346595,0.7308
trigger,bioinfer,heterotrimer,6,3,3,0.5,0.187613,0.812387
trigger,bioinfer,hold,1,0,1,0,0,0.793457
trigger,bioinfer,homolog,1,1,0,1,0.206543,1
trigger,bioinfer,homologue,1,1,0,1,0.206543,1
trigger,bioinfer,impair,1,1,0,1,0.206543,1
trigger,bioinfer,implicate,2,1,1,0.5,0.0945287,0.905471
trigger,bioinfer,inactivate,1,1,0,1,0.206543,1
trigger,bioinfer,increase,2,2,0,1,0.342372,1
trigger,bioinfer,incubate,2,2,0,1,0.342372,1
trigger,bioinfer,indicator,4,0,4,0,0,0.4899
trigger,bioinfer,induce,22,14,8,0.636364,0.429513,0.80267
trigger,bioinfer,influence,9,5,4,0.555556,0.266647,0.811225
trigger,bioinfer,inhibit,17,11,6,0.647059,0.413,0.826905
trigger,bioinfer,interact,166,114,52,0.686747,0.612639,0.752407
trigger,bioinfer,investigate,2,0,2,0,0,0.657628
trigger,bioinfer,involve,24,12,12,0.5,0.314271,0.685729
trigger,bioinfer,isoform,1,1,0,1,0.206543,1
trigger,bioinfer,isolate,3,1,2,0.333333,0.0614903,0.792345
trigger,bioinfer,label,1,0,1,0,0,0.793457
trigger,bioinfer,lead,11,8,3,0.727273,0.43435,0.902541
trigger,bioinfer,link,26,25,1,0.961538,0.811068,0.993178
trigger,bioinfer,localize,2,1,1,0.5,0.0945287,0.905471
trigger,bioinfer,maintain,1,1,0,1,0.206543,1
trigger,bioinfer,make,1,0,1,0,0,0.793457
trigger,bioinfer,measure,1,0,1,0,0,0.793457
trigger,bioinfer,mechanism,12,6,6,0.5,0.253778,0.746222
trigger,bioinfer,mediate,18,10,8,0.555556,0.337161,0.754408
trigger,bioinfer,member,7,2,5,0.285714,0.0822172,0.641071
trigger,bioinfer,mimic,11,0,11,0,2.77556e-17,0.25884
trigger,bioinfer,modulate,1,1,0,1,0.206543,1
trigger,bioinfer,monomer-bind,1,1,0,1,0.206543,1
trigger,bioinfer,obtain,1,1,0,1,0.206543,1
trigger,bioinfer,occur,7,3,4,0.428571,0.158217,0.749546
trigger,bioinfer,other,3,0,3,0,0,0.561506
trigger,bioinfer,overcome,1,1,0,1,0.206543,1
trigger,bioinfer,part,1,1,0,1,0.206543,1
trigger,bioinfer,partner,2,1,1,0.5,0.0945287,0.905471
trigger,bioinfer,perform,1,0,1,0,0,0.793457
trigger,bioinfer,perturb,2,0,2,0,0,0.657628
trigger,bioinfer,phosphorylate,10,9,1,0.9,0.595844,0.982124
trigger,bioinfer,play,1,1,0,1,0.206543,1
trigger,bioinfer,precede,2,2,0,1,0.342372,1
trigger,bioinfer,prefer,6,0,6,0,0,0.390343
trigger,bioinfer,prevent,3,3,0,1,0.438494,1
trigger,bioinfer,promote,14,11,3,0.785714,0.524103,0.924288
trigger,bioinfer,propose,1,1,0,1,0.206543,1
trigger,bioinfer,protect,1,1,0,1,0.206543,1
trigger,bioinfer,protein,5,5,0,1,0.565509,1
trigger,bioinfer,provide,2,1,1,0.5,0.0945287,0.905471
trigger,bioinfer,react,1,1,0,1,0.206543,1
trigger,bioinfer,receptor,6,5,1,0.833333,0.436491,0.969947
trigger,bioinfer,recognize,1,1,0,1,0.206543,1
trigger,bioinfer,recover,4,0,4,0,0,0.4899
trigger,bioinfer,recruit,1,1,0,1,0.206543,1
trigger,bioinfer,reduce,4,2,2,0.5,0.150036,0.849964
trigger,bioinfer,refer,1,0,1,0,0,0.793457
trigger,bioinfer,regulate,24,21,3,0.875,0.689957,0.956557
trigger,bioinfer,regulator,4,3,1,0.75,0.300636,0.954414
trigger,bioinfer,relate,23,12,11,0.521739,0.329624,0.707631
trigger,bioinfer,release,3,1,2,0.333333,0.0614903,0.792345
trigger,bioinfer,reorganize,2,2,0,1,0.342372,1
trigger,bioinfer,replace,1,1,0,1,0.206543,1
trigger,bioinfer,require,13,12,1,0.923077,0.666855,0.98629
trigger,bioinfer,resemble,2,1,1,0.5,0.0945287,0.905471
trigger,bioinfer,reverse,1,0,1,0,0,0.793457
trigger,bioinfer,sequester,4,4,0,1,0.5101,1
trigger,bioinfer,share,5,2,3,0.4,0.117618,0.76928
trigger,bioinfer,shorten,1,1,0,1,0.206543,1
trigger,bioinfer,stabilize,1,1,0,1,0.206543,1
trigger,bioinfer,stimulate,19,8,11,0.421053,0.231416,0.637244
trigger,bioinfer,study,11,0,11,0,2.77556e-17,0.25884
trigger,bioinfer,suggest,1,0,1,0,0,0.793457
trigger,bioinfer,supply,1,1,0,1,0.206543,1
trigger,bioinfer,support,1,1,0,1,0.206543,1
trigger,bioinfer,suppress,9,8,1,0.888889,0.564994,0.98011
trigger,bioinfer,tag,1,1,0,1,0.206543,1
trigger,bioinfer,target,15,12,3,0.8,0.548141,0.929526
trigger,bioinfer,translocate,2,2,0,1,0.342372,1
trigger,bioinfer,transport,3,3,0,1,0.438494,1
trigger,bioinfer,use,13,6,7,0.461538,0.232058,0.708566
trigger,bioinfer,weaken,6,6,0,1,0.609657,1
trigger,bioinfer,wedge,1,0,1,0,0,0.793457
trigger,bioinfer,weight,1,1,0,1,0.206543,1
trigger,hprd50,activate,4,4,0,1,0.5101,1
trigger,hprd50,adapter,1,1,0,1,0.206543,1
trigger,hprd50,affect,1,0,1,0,0,0.793457
trigger,hprd50,assess,1,0,1,0,0,0.793457
trigger,hprd50,associate,10,10,0,1,0.72246,1
trigger,hprd50,bind,20,7,13,0.35,0.18119,0.567149
trigger,hprd50,cause,1,1,0,1,0.206543,1
trigger,hprd50,coimmunoprecipitate,1,1,0,1,0.206543,1
trigger,hprd50,complex,2,1,1,0.5,0.0945287,0.905471
trigger,hprd50,contact,1,1,0,1,0.206543,1
trigger,hprd50,contain,1,0,1,0,0,0.793457
trigger,hprd50,coprecipitate,2,0,2,0,0,0.657628
trigger,hprd50,cross-link,12,4,8,0.333333,0.138118,0.609382
trigger,hprd50,degrade,1,1,0,1,0.206543,1
trigger,hprd50,depend,1,1,0,1,0.206543,1
trigger,hprd50,determinant,1,1,0,1,0.206543,1
trigger,hprd50,disrupt,2,1,1,0.5,0.0945287,0.905471
trigger,hprd50,form,1,0,1,0,0,0.793457
trigger,hprd50,have,1,0,1,0,0,0.793457
trigger,hprd50,immunoprecipitate,3,2,1,0.666667,0.207655,0.93851
trigger,hprd50,induce,1,1,0,1,0.206543,1
trigger,hprd50,inhibitor,2,2,0,1,0.342372,1
trigger,hprd50,interact,33,31,2,0.939394,0.803934,0.983219
trigger,hprd50,lead,3,3,0,1,0.438494,1
trigger,hprd50,mediate,2,0,2,0,0,0.657628
trigger,hprd50,modify,1,1,0,1,0.206543,1
trigger,hprd50,phosphorylate,1,1,0,1,0.206543,1
trigger,hprd50,produce,2,0,2,0,0,0.657628
trigger,hprd50,promote,3,2,1,0.666667,0.207655,0.93851
trigger,hprd50,provide,1,1,0,1,0.206543,1
trigger,hprd50,regulate,8,8,0,1,0.675584,1
trigger,hprd50,relate,4,0,4,0,0,0.4899
trigger,hprd50,require,1,1,0,1,0.206543,1
trigger,hprd50,substrate,1,1,0,1,0.206543,1
trigger,hprd50,suggest,1,0,1,0,0,0.793457
trigger,hprd50,support,1,1,0,1,0.206543,1
trigger,iepa,accompany,3,3,0,1,0.438494,1
trigger,iepa,account,1,1,0,1,0.206543,1
trigger,iepa,act,1,1,0,1,0.206543,1
trigger,iepa,activate,5,5,0,1,0.565509,1
trigger,iepa,adjust,1,0,1,0,0,0.793457
trigger,iepa,affect,2,0,2,0,0,0.657628
trigger,iepa,aggregate,2,0,2,0,0,0.657628
trigger,iepa,alter,5,1,4,0.2,0.0362232,0.624472
trigger,iepa,assess,2,0,2,0,0,0.657628
trigger,iepa,associate,3,2,1,0.666667,0.207655,0.93851
trigger,iepa,be,2,2,0,1,0.342372,1
trigger,iepa,bind,1,0,1,0,0,0.793457
trigger,iepa,cause,5,4,1,0.8,0.375528,0.963777
trigger,iepa,code,1,0,1,0,0,0.793457
trigger,iepa,compare,1,0,1,0,0,0.793457
trigger,iepa,component,1,1,0,1,0.206543,1
trigger,iepa,conjugate,1,0,1,0,0,0.793457
trigger,iepa,correlate,4,4,0,1,0.5101,1
trigger,iepa,couple,1,1,0,1,0.206543,1
trigger,iepa,decrease,4,4,0,1,0.5101,1
trigger,iepa,dependent,2,2,0,1,0.342372,1
trigger,iepa,determine,2,0,2,0,0,0.657628
trigger,iepa,diminish,1,1,0,1,0.206543,1
trigger,iepa,dissociate,1,0,1,0,0,0.793457
trigger,iepa,double,1,0,1,0,0,0.793457
trigger,iepa,encode,1,0,1,0,0,0.793457
trigger,iepa,enhance,1,1,0,1,0.206543,1
trigger,iepa,evaluate,1,0,1,0,0,0.793457
trigger,iepa,evoke,1,1,0,1,0.206543,1
trigger,iepa,exert,1,1,0,1,0.206543,1
trigger,iepa,explain,1,1,0,1,0.206543,1
trigger,iepa,explore,2,0,2,0,0,0.657628
trigger,iepa,favor,3,3,0,1,0.438494,1
trigger,iepa,generate,1,1,0,1,0.206543,1
trigger,iepa,have,4,2,2,0.5,0.150036,0.849964
trigger,iepa,increase,22,17,5,0.772727,0.565596,0.898771
trigger,iepa,induce,17,16,1,0.941176,0.730175,0.98954
trigger,iepa,influence,4,3,1,0.75,0.300636,0.954414
trigger,iepa,inhibit,2,2,0,1,0.342372,1
trigger,iepa,interact,3,3,0,1,0.438494,1
trigger,iepa,involve,1,1,0,1,0.206543,1
trigger,iepa,lead,1,0,1,0,0,0.793457
trigger,iepa,level,2,2,0,1,0.342372,1
trigger,iepa,link,1,1,0,1,0.206543,1
trigger,iepa,lower,1,1,0,1,0.206543,1
trigger,iepa,maintain,4,4,0,1,0.5101,1
trigger,iepa,measure,1,0,1,0,0,0.793457
trigger,iepa,mediate,5,5,0,1,0.565509,1
trigger,iepa,mimic,1,0,1,0,0,0.793457
trigger,iepa,modulate,4,3,1,0.75,0.300636,0.954414
trigger,iepa,occur,1,1,0,1,0.206543,1
trigger,iepa,overlap,1,1,0,1,0.206543,1
trigger,iepa,potentiate,1,1,0,1,0.206543,1
trigger,iepa,prevent,5,2,3,0.4,0.117618,0.76928
trigger,iepa,produce,1,1,0,1,0.206543,1
trigger,iepa,provoke,2,1,1,0.5,0.0945287,0.905471
trigger,iepa,raise,1,1,0,1,0.206543,1
trigger,iepa,reduce,3,3,0,1,0.438494,1
trigger,iepa,regulate,5,5,0,1,0.565509,1
trigger,iepa,relate,1,1,0,1,0.206543,1
trigger,iepa,release,1,1,0,1,0.206543,1
trigger,iepa,require,1,1,0,1,0.206543,1
trigger,iepa,stimulate,14,14,0,1,0.784683,1
trigger,iepa,study,2,0,2,0,0,0.657628
trigger,iepa,suggest,2,0,2,0,0,0.657628
trigger,iepa,take,1,0,1,0,0,0.793457
trigger,iepa,treat,1,1,0,1,0.206543,1
trigger,iepa,trigger,1,1,0,1,0.206543,1
trigger,iepa,understand,1,1,0,1,0.206543,1
trigger,iepa,up-regulate,2,1,1,0.5,0.0945287,0.905471
trigger,iepa,upregulate,3,3,0,1,0.438494,1
trigger,iepa,use,1,0,1,0,0,0.793457
trigger,iepa,yield,1,1,0,1,0.206543,1
trigger,lll,activate,11,10,1,0.909091,0.622635,0.983768
trigger,lll,activator,1,1,0,1,0.206543,1
trigger,lll,affect,1,1,0,1,0.206543,1
trigger,lll,belong,1,1,0,1,0.206543,1
trigger,lll,bind,3,3,0,1,0.438494,1
trigger,lll,contribute,1,1,0,1,0.206543,1
trigger,lll,control,7,6,1,0.857143,0.486865,0.974321
trigger,lll,depend,4,3,1,0.75,0.300636,0.954414
trigger,lll,dependent,2,2,0,1,0.342372,1
trigger,lll,dephosphorylate,1,1,0,1,0.206543,1
trigger,lll,drive,2,2,0,1,0.342372,1
trigger,lll,gene,1,1,0,1,0.206543,1
trigger,lll,include,5,5,0,1,0.565509,1
trigger,lll,increase,1,1,0,1,0.206543,1
trigger,lll,inhibit,7,7,0,1,0.645661,1
trigger,lll,limit,1,1,0,1,0.206543,1
trigger,lll,member,1,1,0,1,0.206543,1
trigger,lll,precede,2,2,0,1,0.342372,1
trigger,lll,prevent,3,2,1,0.666667,0.207655,0.93851
trigger,lll,recognize,6,6,0,1,0.609657,1
trigger,lll,regulate,3,3,0,1,0.438494,1
trigger,lll,repress,4,4,0,1,0.5101,1
trigger,lll,require,3,3,0,1,0.438494,1
trigger,lll,result,2,2,0,1,0.342372,1
trigger,lll,stimulate,2,2,0,1,0.342372,1
trigger,lll,transcribe,4,4,0,1,0.5101,1
carrier,aimed,",5",1,0,1,0,0,0.793457
carrier,aimed,-,1,0,1,0,0,0.793457
carrier,aimed,aav,1,0,1,0,0,0.793457
carrier,aimed,ability,5,3,2,0.6,0.23072,0.882382
carrier,aimed,abolition,1,0,1,0,0,0.793457
carrier,aimed,acid,2,2,0,1,0.342372,1
carrier,aimed,activation,18,8,10,0.444444,0.245592,0.662839
carrier,aimed,activator,2,1,1,0.5,0.0945287,0.905471
carrier,aimed,activity,13,5,8,0.384615,0.177094,0.644775
carrier,aimed,adapter,3,2,1,0.666667,0.207655,0.93851
carrier,aimed,adaptor,1,1,0,1,0.206543,1
carrier,aimed,adenosine,1,0,1,0,0,0.793457
carrier,aimed,adenovirus,1,1,0,1,0.206543,1
carrier,aimed,affinity,7,3,4,0.428571,0.158217,0.749546
carrier,aimed,agonist,5,4,1,0.8,0.375528,0.963777
carrier,aimed,alpha,1,0,1,0,0,0.793457
carrier,aimed,alteration,1,0,1,0,0,0.793457
carrier,aimed,amino,2,2,0,1,0.342372,1
carrier,aimed,amount,4,2,2,0.5,0.150036,0.849964
carrier,aimed,analysis,1,0,1,0,0,0.793457
carrier,aimed,antagonist,3,0,3,0,0,0.561506
carrier,aimed,antibody,4,0,4,0,0,0.4899
carrier,aimed,antigen,1,1,0,1,0.206543,1
carrier,aimed,association,4,1,3,0.25,0.0455861,0.699364
carrier,aimed,attachment,1,0,1,0,0,0.793457
carrier,aimed,autophosphorylation,2,2,0,1,0.342372,1
carrier,aimed,binding,19,5,14,0.263158,0.118062,0.48792
carrier,aimed,bzip,1,1,0,1,0.206543,1
carrier,aimed,carboxy,2,2,0,1,0.342372,1
carrier,aimed,cascade,1,0,1,0,0,0.793457
carrier,aimed,cc,1,1,0,1,0.206543,1
carrier,aimed,cdk,1,1,0,1,0.206543,1
carrier,aimed,cell,6,1,5,0.166667,0.0300526,0.563509
carrier,aimed,chain,2,0,2,0,0,0.657628
carrier,aimed,chaperon,1,1,0,1,0.206543,1
carrier,aimed,characterization,1,0,1,0,0,0.793457
carrier,aimed,chemotaxis,1,1,0,1,0.206543,1
carrier,aimed,cleft,1,1,0,1,0.206543,1
carrier,aimed,clone,1,0,1,0,0,0.793457
carrier,aimed,cloning,1,0,1,0,0,0.793457
carrier,aimed,cluster,1,1,0,1,0.206543,1
carrier,aimed,co-expression,1,0,1,0,0,0.793457
carrier,aimed,co-receptor,1,1,0,1,0.206543,1
carrier,aimed,coactivator,1,1,0,1,0.206543,1
carrier,aimed,coat,1,0,1,0,0,0.793457
carrier,aimed,coexpression,1,0,1,0,0,0.793457
carrier,aimed,combination,1,0,1,0,0,0.793457
carrier,aimed,complementarity,1,0,1,0,0,0.793457
carrier,aimed,complex,76,35,41,0.460526,0.353075,0.571776
carrier,aimed,component,4,2,2,0.5,0.150036,0.849964
carrier,aimed,comprise,1,0,1,0,0,0.793457
carrier,aimed,construct,1,1,0,1,0.206543,1
carrier,aimed,contact,1,1,0,1,0.206543,1
carrier,aimed,cotransfection,1,0,1,0,0,0.793457
carrier,aimed,cross-linking,2,0,2,0,0,0.657628
carrier,aimed,crystal,1,1,0,1,0.206543,1
carrier,aimed,cyclin,1,1,0,1,0.206543,1
carrier,aimed,cyclin-dependent,1,0,1,0,0,0.793457
carrier,aimed,cytokine,1,0,1,0,0,0.793457
carrier,aimed,cytosol,1,0,1,0,0,0.793457
carrier,aimed,decrease,1,0,1,0,0,0.793457
carrier,aimed,delta,1,0,1,0,0,0.793457
carrier,aimed,depletion,1,0,1,0,0,0.793457
carrier,aimed,determinant,2,1,1,0.5,0.0945287,0.905471
carrier,aimed,dimer,1,0,1,0,0,0.793457
carrier,aimed,dimerization,1,1,0,1,0.206543,1
carrier,aimed,dna,2,1,1,0.5,0.0945287,0.905471
carrier,aimed,domain,15,9,6,0.6,0.357464,0.801758
carrier,aimed,driven,1,0,1,0,0,0.793457
carrier,aimed,drosophila,1,0,1,0,0,0.793457
carrier,aimed,effect,4,2,2,0.5,0.150036,0.849964
carrier,aimed,enzyme,1,0,1,0,0,0.793457
carrier,aimed,epitope,2,1,1,0.5,0.0945287,0.905471
carrier,aimed,exon,1,0,1,0,0,0.793457
carrier,aimed,expression,8,1,7,0.125,0.0224169,0.470895
carrier,aimed,f93a,1,1,0,1,0.206543,1
carrier,aimed,factor,7,3,4,0.428571,0.158217,0.749546
carrier,aimed,family,3,1,2,0.333333,0.0614903,0.792345
carrier,aimed,fold,1,0,1,0,0,0.793457
carrier,aimed,form,1,1,0,1,0.206543,1
carrier,aimed,formation,6,2,4,0.333333,0.0967693,0.700012
carrier,aimed,fraction,2,2,0,1,0.342372,1
carrier,aimed,fragment,4,2,2,0.5,0.150036,0.849964
carrier,aimed,function,6,1,5,0.166667,0.0300526,0.563509
carrier,aimed,fusion,1,0,1,0,0,0.793457
carrier,aimed,gene,7,2,5,0.285714,0.0822172,0.641071
carrier,aimed,gfd,1,1,0,1,0.206543,1
carrier,aimed,glucose,1,1,0,1,0.206543,1
carrier,aimed,glutamine,1,0,1,0,0,0.793457
carrier,aimed,haemochromatosis,1,1,0,1,0.206543,1
carrier,aimed,head,1,1,0,1,0.206543,1
carrier,aimed,helix,1,1,0,1,0.206543,1
carrier,aimed,heterodimer,5,3,2,0.6,0.23072,0.882382
carrier,aimed,high-affinity,2,2,0,1,0.342372,1
carrier,aimed,homo-oligomer,1,1,0,1,0.206543,1
carrier,aimed,homodimer,2,1,1,0.5,0.0945287,0.905471
carrier,aimed,homodimerization,1,0,1,0,0,0.793457
carrier,aimed,homolog,1,1,0,1,0.206543,1
carrier,aimed,homologue,1,0,1,0,0,0.793457
carrier,aimed,homotrimer,1,1,0,1,0.206543,1
carrier,aimed,importance,1,0,1,0,0,0.793457
carrier,aimed,induction,1,0,1,0,0,0.793457
carrier,aimed,influence,1,1,0,1,0.206543,1
carrier,aimed,inhibitor,4,3,1,0.75,0.300636,0.954414
carrier,aimed,integrity,1,1,0,1,0.206543,1
carrier,aimed,interaction,10,5,5,0.5,0.23659,0.76341
carrier,aimed,interface,1,1,0,1,0.206543,1
carrier,aimed,introduction,1,0,1,0,0,0.793457
carrier,aimed,isoform,1,0,1,0,0,0.793457
carrier,aimed,kda,1,0,1,0,0,0.793457
carrier,aimed,kinase,6,6,0,1,0.609657,1
carrier,aimed,level,4,0,4,0,0,0.4899
carrier,aimed,ligand,9,9,0,1,0.700847,1
carrier,aimed,link,1,0,1,0,0,0.793457
carrier,aimed,loop,1,1,0,1,0.206543,1
carrier,aimed,majority,1,1,0,1,0.206543,1
carrier,aimed,mechanism,1,0,1,0,0,0.793457
carrier,aimed,member,4,0,4,0,0,0.4899
carrier,aimed,migration,1,0,1,0,0,0.793457
carrier,aimed,modulation,1,0,1,0,0,0.793457
carrier,aimed,molecule,4,4,0,1,0.5101,1
carrier,aimed,monomer,2,1,1,0.5,0.0945287,0.905471
carrier,aimed,mutant,4,1,3,0.25,0.0455861,0.699364
carrier,aimed,mutation,2,1,1,0.5,0.0945287,0.905471
carrier,aimed,oncoprotein,2,2,0,1,0.342372,1
carrier,aimed,overexpression,4,0,4,0,0,0.4899
carrier,aimed,pathway,3,0,3,0,0,0.561506
carrier,aimed,pattern,1,0,1,0,0,0.793457
carrier,aimed,phe93,1,1,0,1,0.206543,1
carrier,aimed,phosphatase,1,1,0,1,0.206543,1
carrier,aimed,phosphorylation,12,5,7,0.416667,0.193257,0.680493
carrier,aimed,polypeptide,1,0,1,0,0,0.793457
carrier,aimed,pool,1,0,1,0,0,0.793457
carrier,aimed,portion,1,0,1,0,0,0.793457
carrier,aimed,potency,3,0,3,0,0,0.561506
carrier,aimed,precursor,2,1,1,0.5,0.0945287,0.905471
carrier,aimed,preincubation,1,0,1,0,0,0.793457
carrier,aimed,presence,1,0,1,0,0,0.793457
carrier,aimed,process,1,0,1,0,0,0.793457
carrier,aimed,product,1,1,0,1,0.206543,1
carrier,aimed,production,1,0,1,0,0,0.793457
carrier,aimed,promoter,2,0,2,0,0,0.657628
carrier,aimed,property,1,0,1,0,0,0.793457
carrier,aimed,protein,27,19,8,0.703704,0.51519,0.841471
carrier,aimed,proteins,5,5,0,1,0.565509,1
carrier,aimed,rate,2,0,2,0,0,0.657628
carrier,aimed,reassociation,1,0,1,0,0,0.793457
carrier,aimed,receptor,7,3,4,0.428571,0.158217,0.749546
carrier,aimed,recruitment,1,0,1,0,0,0.793457
carrier,aimed,region,7,5,2,0.714286,0.358929,0.917783
carrier,aimed,regulation,1,1,0,1,0.206543,1
carrier,aimed,regulator,1,1,0,1,0.206543,1
carrier,aimed,relative,1,1,0,1,0.206543,1
carrier,aimed,replacement,1,0,1,0,0,0.793457
carrier,aimed,residue,3,2,1,0.666667,0.207655,0.93851
carrier,aimed,sequence,1,1,0,1,0.206543,1
carrier,aimed,set,1,0,1,0,0,0.793457
carrier,aimed,side,1,1,0,1,0.206543,1
carrier,aimed,signal,1,0,1,0,0,0.793457
carrier,aimed,signaling,1,1,0,1,0.206543,1
carrier,aimed,signalling,1,0,1,0,0,0.793457
carrier,aimed,site,5,3,2,0.6,0.23072,0.882382
carrier,aimed,species,1,0,1,0,0,0.793457
carrier,aimed,specificity,1,0,1,0,0,0.793457
carrier,aimed,splicing,1,0,1,0,0,0.793457
carrier,aimed,stimulation,6,1,5,0.166667,0.0300526,0.563509
carrier,aimed,structure,3,3,0,1,0.438494,1
carrier,aimed,study,1,0,1,0,0,0.793457
carrier,aimed,substitution,1,0,1,0,0,0.793457
carrier,aimed,substrate,3,2,1,0.666667,0.207655,0.93851
carrier,aimed,subunit,16,8,8,0.5,0.279992,0.720008
carrier,aimed,tail,1,1,0,1,0.206543,1
carrier,aimed,target,1,0,1,0,0,0.793457
carrier,aimed,third,2,1,1,0.5,0.0945287,0.905471
carrier,aimed,those,2,1,1,0.5,0.0945287,0.905471
carrier,aimed,three,1,0,1,0,0,0.793457
carrier,aimed,transcription,1,0,1,0,0,0.793457
carrier,aimed,transfection,1,0,1,0,0,0.793457
carrier,aimed,translocation,1,0,1,0,0,0.793457
carrier,aimed,treatment,1,0,1,0,0,0.793457
carrier,aimed,tyr-218,1,1,0,1,0.206543,1
carrier,aimed,ubiquitination,1,0,1,0,0,0.793457
carrier,bioinfer,%,3,3,0,1,0.438494,1
carrier,bioinfer,10,1,1,0,1,0.206543,1
carrier,bioinfer,aa,1,0,1,0,0,0.793457
carrier,bioinfer,ability,6,5,1,0.833333,0.436491,0.969947
carrier,bioinfer,acanthamoeba,1,0,1,0,0,0.793457
carrier,bioinfer,accumulation,6,6,0,1,0.609657,1
carrier,bioinfer,acid,1,0,1,0,0,0.793457
carrier,bioinfer,action,1,1,0,1,0.206543,1
carrier,bioinfer,activation,7,7,0,1,0.645661,1
carrier,bioinfer,activity,8,7,1,0.875,0.529105,0.977583
carrier,bioinfer,addition,2,2,0,1,0.342372,1
carrier,bioinfer,adenoma,1,0,1,0,0,0.793457
carrier,bioinfer,adhesion,1,1,0,1,0.206543,1
carrier,bioinfer,adp-ribosylation,1,1,0,1,0.206543,1
carrier,bioinfer,affinity,4,2,2,0.5,0.150036,0.849964
carrier,bioinfer,allele,1,1,0,1,0.206543,1
carrier,bioinfer,amino,1,1,0,1,0.206543,1
carrier,bioinfer,amount,3,2,1,0.666667,0.207655,0.93851
carrier,bioinfer,analysis,1,1,0,1,0.206543,1
carrier,bioinfer,anisotropy,1,0,1,0,0,0.793457
carrier,bioinfer,antagonist,1,0,1,0,0,0.793457
carrier,bioinfer,antibody,1,1,0,1,0.206543,1
carrier,bioinfer,antigen,2,2,0,1,0.342372,1
carrier,bioinfer,apoptosis,1,0,1,0,0,0.793457
carrier,bioinfer,assembly,9,8,1,0.888889,0.564994,0.98011
carrier,bioinfer,association,1,1,0,1,0.206543,1
carrier,bioinfer,basis,1,1,0,1,0.206543,1
carrier,bioinfer,binding,17,12,5,0.705882,0.468665,0.867202
carrier,bioinfer,birch,1,1,0,1,0.206543,1
carrier,bioinfer,bromodomain,1,0,1,0,0,0.793457
carrier,bioinfer,bundle,1,1,0,1,0.206543,1
carrier,bioinfer,capacity,1,1,0,1,0.206543,1
carrier,bioinfer,carboxyl-,1,1,0,1,0.206543,1
carrier,bioinfer,cascade,1,0,1,0,0,0.793457
carrier,bioinfer,cell,2,0,2,0,0,0.657628
carrier,bioinfer,cerevisiae,3,2,1,0.666667,0.207655,0.93851
carrier,bioinfer,cluster,1,1,0,1,0.206543,1
carrier,bioinfer,co-activator,4,4,0,1,0.5101,1
carrier,bioinfer,coexpression,2,2,0,1,0.342372,1
carrier,bioinfer,coil,1,1,0,1,0.206543,1
carrier,bioinfer,column,2,0,2,0,0,0.657628
carrier,bioinfer,combination,1,1,0,1,0.206543,1
carrier,bioinfer,competition,1,1,0,1,0.206543,1
carrier,bioinfer,complex,54,46,8,0.851852,0.733996,0.92297
carrier,bioinfer,component,1,1,0,1,0.206543,1
carrier,bioinfer,compose,1,1,0,1,0.206543,1
carrier,bioinfer,concentration,6,6,0,1,0.609657,1
carrier,bioinfer,condition,1,1,0,1,0.206543,1
carrier,bioinfer,consequence,1,1,0,1,0.206543,1
carrier,bioinfer,construct,1,1,0,1,0.206543,1
carrier,bioinfer,content,1,1,0,1,0.206543,1
carrier,bioinfer,conversion,1,1,0,1,0.206543,1
carrier,bioinfer,coordination,1,1,0,1,0.206543,1
carrier,bioinfer,crosslinking,1,0,1,0,0,0.793457
carrier,bioinfer,crystal,1,0,1,0,0,0.793457
carrier,bioinfer,cytoskeleton,12,12,0,1,0.757499,1
carrier,bioinfer,damage,1,1,0,1,0.206543,1
carrier,bioinfer,death,1,1,0,1,0.206543,1
carrier,bioinfer,decrease,2,1,1,0.5,0.0945287,0.905471
carrier,bioinfer,defect,2,2,0,1,0.342372,1
carrier,bioinfer,deletion,1,0,1,0,0,0.793457
carrier,bioinfer,dephosphorylation,1,1,0,1,0.206543,1
carrier,bioinfer,depolymerization,1,1,0,1,0.206543,1
carrier,bioinfer,dimer,1,1,0,1,0.206543,1
carrier,bioinfer,disassembly,1,1,0,1,0.206543,1
carrier,bioinfer,distribution,2,1,1,0.5,0.0945287,0.905471
carrier,bioinfer,domain,8,4,4,0.5,0.215213,0.784787
carrier,bioinfer,dosage,1,1,0,1,0.206543,1
carrier,bioinfer,down-regulation,1,0,1,0,0,0.793457
carrier,bioinfer,drosophila,1,1,0,1,0.206543,1
carrier,bioinfer,dynamics,1,1,0,1,0.206543,1
carrier,bioinfer,effect,7,6,1,0.857143,0.486865,0.974321
carrier,bioinfer,elongation,2,2,0,1,0.342372,1
carrier,bioinfer,elution,1,0,1,0,0,0.793457
carrier,bioinfer,encode,1,0,1,0,0,0.793457
carrier,bioinfer,end,4,4,0,1,0.5101,1
carrier,bioinfer,epistasis,1,1,0,1,0.206543,1
carrier,bioinfer,epitope,1,1,0,1,0.206543,1
carrier,bioinfer,exchange,2,2,0,1,0.342372,1
carrier,bioinfer,exon,1,0,1,0,0,0.793457
carrier,bioinfer,explanation,1,0,1,0,0,0.793457
carrier,bioinfer,expression,10,5,5,0.5,0.23659,0.76341
carrier,bioinfer,extent,2,1,1,0.5,0.0945287,0.905471
carrier,bioinfer,factor,2,2,0,1,0.342372,1
carrier,bioinfer,family,3,2,1,0.666667,0.207655,0.93851
carrier,bioinfer,feature,1,1,0,1,0.206543,1
carrier,bioinfer,fiber,1,1,0,1,0.206543,1
carrier,bioinfer,fibre,1,1,0,1,0.206543,1
carrier,bioinfer,filament,16,15,1,0.9375,0.716707,0.988881
carrier,bioinfer,fluorescence,1,0,1,0,0,0.793457
carrier,bioinfer,flux,1,1,0,1,0.206543,1
carrier,bioinfer,focus,1,0,1,0,0,0.793457
carrier,bioinfer,fold,1,1,0,1,0.206543,1
carrier,bioinfer,form,3,3,0,1,0.438494,1
carrier,bioinfer,formation,3,3,0,1,0.438494,1
carrier,bioinfer,fraction,1,1,0,1,0.206543,1
carrier,bioinfer,fragment,1,1,0,1,0.206543,1
carrier,bioinfer,function,3,2,1,0.666667,0.207655,0.93851
carrier,bioinfer,gene,10,9,1,0.9,0.595844,0.982124
carrier,bioinfer,generation,2,1,1,0.5,0.0945287,0.905471
carrier,bioinfer,growth,1,1,0,1,0.206543,1
carrier,bioinfer,heterotrimer,1,1,0,1,0.206543,1
carrier,bioinfer,homologue,2,2,0,1,0.342372,1
carrier,bioinfer,homology,2,2,0,1,0.342372,1
carrier,bioinfer,hsv,1,1,0,1,0.206543,1
carrier,bioinfer,inactivation,2,2,0,1,0.342372,1
carrier,bioinfer,increase,6,6,0,1,0.609657,1
carrier,bioinfer,independent,1,1,0,1,0.206543,1
carrier,bioinfer,influence,3,2,1,0.666667,0.207655,0.93851
carrier,bioinfer,inhibition,3,3,0,1,0.438494,1
carrier,bioinfer,injection,1,0,1,0,0,0.793457
carrier,bioinfer,interaction,7,5,2,0.714286,0.358929,0.917783
carrier,bioinfer,introduction,1,1,0,1,0.206543,1
carrier,bioinfer,involvement,1,1,0,1,0.206543,1
carrier,bioinfer,isoform,1,1,0,1,0.206543,1
carrier,bioinfer,kd,1,1,0,1,0.206543,1
carrier,bioinfer,kda,1,1,0,1,0.206543,1
carrier,bioinfer,kinase,1,0,1,0,0,0.793457
carrier,bioinfer,labeling,1,1,0,1,0.206543,1
carrier,bioinfer,level,1,0,1,0,0,0.793457
carrier,bioinfer,link,1,1,0,1,0.206543,1
carrier,bioinfer,localization,3,3,0,1,0.438494,1
carrier,bioinfer,locus,1,1,0,1,0.206543,1
carrier,bioinfer,loss,2,2,0,1,0.342372,1
carrier,bioinfer,lysine,1,0,1,0,0,0.793457
carrier,bioinfer,maintenance,1,1,0,1,0.206543,1
carrier,bioinfer,member,2,2,0,1,0.342372,1
carrier,bioinfer,microfilament,3,2,1,0.666667,0.207655,0.93851
carrier,bioinfer,microinjection,1,1,0,1,0.206543,1
carrier,bioinfer,minigenome,1,0,1,0,0,0.793457
carrier,bioinfer,mode,1,1,0,1,0.206543,1
carrier,bioinfer,modification,1,1,0,1,0.206543,1
carrier,bioinfer,molecule,3,3,0,1,0.438494,1
carrier,bioinfer,monomer,9,8,1,0.888889,0.564994,0.98011
carrier,bioinfer,monomer-binding,2,2,0,1,0.342372,1
carrier,bioinfer,most,2,2,0,1,0.342372,1
carrier,bioinfer,multidomain,1,1,0,1,0.206543,1
carrier,bioinfer,mutant,1,1,0,1,0.206543,1
carrier,bioinfer,mutation,2,2,0,1,0.342372,1
carrier,bioinfer,notion,1,1,0,1,0.206543,1
carrier,bioinfer,nucleation,3,3,0,1,0.438494,1
carrier,bioinfer,observation,1,0,1,0,0,0.793457
carrier,bioinfer,one,1,1,0,1,0.206543,1
carrier,bioinfer,organization,2,2,0,1,0.342372,1
carrier,bioinfer,overexpression,4,4,0,1,0.5101,1
carrier,bioinfer,overproduction,1,1,0,1,0.206543,1
carrier,bioinfer,patch,1,1,0,1,0.206543,1
carrier,bioinfer,pathway,1,1,0,1,0.206543,1
carrier,bioinfer,phosphorylation,6,5,1,0.833333,0.436491,0.969947
carrier,bioinfer,polymerization,9,9,0,1,0.700847,1
carrier,bioinfer,polypeptide,1,1,0,1,0.206543,1
carrier,bioinfer,pool,3,2,1,0.666667,0.207655,0.93851
carrier,bioinfer,portion,1,1,0,1,0.206543,1
carrier,bioinfer,possibility,1,0,1,0,0,0.793457
carrier,bioinfer,presence,1,0,1,0,0,0.793457
carrier,bioinfer,processing,1,0,1,0,0,0.793457
carrier,bioinfer,product,3,3,0,1,0.438494,1
carrier,bioinfer,promoter,2,1,1,0.5,0.0945287,0.905471
carrier,bioinfer,property,2,2,0,1,0.342372,1
carrier,bioinfer,protein,18,17,1,0.944444,0.742422,0.990125
carrier,bioinfer,proteins,24,20,4,0.833333,0.641465,0.933214
carrier,bioinfer,proteolysis,1,0,1,0,0,0.793457
carrier,bioinfer,proximity,1,0,1,0,0,0.793457
carrier,bioinfer,pull-down,2,0,2,0,0,0.657628
carrier,bioinfer,quantity,2,2,0,1,0.342372,1
carrier,bioinfer,receptor,2,1,1,0.5,0.0945287,0.905471
carrier,bioinfer,reduction,1,0,1,0,0,0.793457
carrier,bioinfer,region,7,5,2,0.714286,0.358929,0.917783
carrier,bioinfer,regulation,1,1,0,1,0.206543,1
carrier,bioinfer,regulator,3,2,1,0.666667,0.207655,0.93851
carrier,bioinfer,relative,1,1,0,1,0.206543,1
carrier,bioinfer,relocalization,1,1,0,1,0.206543,1
carrier,bioinfer,reorganization,6,6,0,1,0.609657,1
carrier,bioinfer,repeat,2,2,0,1,0.342372,1
carrier,bioinfer,repression,1,1,0,1,0.206543,1
carrier,bioinfer,ribbon,3,0,3,0,0,0.561506
carrier,bioinfer,rickettsii,1,0,1,0,0,0.793457
carrier,bioinfer,role,3,2,1,0.666667,0.207655,0.93851
carrier,bioinfer,segment,1,1,0,1,0.206543,1
carrier,bioinfer,sensitivity,1,1,0,1,0.206543,1
carrier,bioinfer,sequence,3,2,1,0.666667,0.207655,0.93851
carrier,bioinfer,shift,1,1,0,1,0.206543,1
carrier,bioinfer,signal,1,0,1,0,0,0.793457
carrier,bioinfer,signaling,1,1,0,1,0.206543,1
carrier,bioinfer,site,4,2,2,0.5,0.150036,0.849964
carrier,bioinfer,slow,1,1,0,1,0.206543,1
carrier,bioinfer,status,1,1,0,1,0.206543,1
carrier,bioinfer,stimulation,5,4,1,0.8,0.375528,0.963777
carrier,bioinfer,structure,3,3,0,1,0.438494,1
carrier,bioinfer,substrate,2,0,2,0,0,0.657628
carrier,bioinfer,subunit,2,1,1,0.5,0.0945287,0.905471
carrier,bioinfer,suppression,1,1,0,1,0.206543,1
carrier,bioinfer,synergy,1,1,0,1,0.206543,1
carrier,bioinfer,synthesis,1,1,0,1,0.206543,1
carrier,bioinfer,target,3,3,0,1,0.438494,1
carrier,bioinfer,that,1,1,0,1,0.206543,1
carrier,bioinfer,transactivation,1,0,1,0,0,0.793457
carrier,bioinfer,translocation,1,0,1,0,0,0.793457
carrier,bioinfer,treatment,1,0,1,0,0,0.793457
carrier,bioinfer,truncate,1,1,0,1,0.206543,1
carrier,hprd50,ability,2,1,1,0.5,0.0945287,0.905471
carrier,hprd50,activation,1,1,0,1,0.206543,1
carrier,hprd50,activity,2,1,1,0.5,0.0945287,0.905471
carrier,hprd50,adapter,1,1,0,1,0.206543,1
carrier,hprd50,antibody,2,1,1,0.5,0.0945287,0.905471
carrier,hprd50,arf-gef,1,1,0,1,0.206543,1
carrier,hprd50,assay,1,0,1,0,0,0.793457
carrier,hprd50,beta-domain,1,1,0,1,0.206543,1
carrier,hprd50,binding,2,1,1,0.5,0.0945287,0.905471
carrier,hprd50,blockade,1,1,0,1,0.206543,1
carrier,hprd50,chain,1,0,1,0,0,0.793457
carrier,hprd50,checkpoint,1,1,0,1,0.206543,1
carrier,hprd50,complex,4,3,1,0.75,0.300636,0.954414
carrier,hprd50,component,1,1,0,1,0.206543,1
carrier,hprd50,degradation,2,2,0,1,0.342372,1
carrier,hprd50,dimer,2,1,1,0.5,0.0945287,0.905471
carrier,hprd50,docking,1,1,0,1,0.206543,1
carrier,hprd50,domain,1,0,1,0,0,0.793457
carrier,hprd50,expression,2,2,0,1,0.342372,1
carrier,hprd50,factor,1,1,0,1,0.206543,1
carrier,hprd50,family,1,0,1,0,0,0.793457
carrier,hprd50,function,1,1,0,1,0.206543,1
carrier,hprd50,gene,1,0,1,0,0,0.793457
carrier,hprd50,glutamine,1,0,1,0,0,0.793457
carrier,hprd50,glycoform,1,1,0,1,0.206543,1
carrier,hprd50,implication,1,0,1,0,0,0.793457
carrier,hprd50,interaction,4,3,1,0.75,0.300636,0.954414
carrier,hprd50,isolate,1,1,0,1,0.206543,1
carrier,hprd50,kinase,2,2,0,1,0.342372,1
carrier,hprd50,localization,1,1,0,1,0.206543,1
carrier,hprd50,mab,2,1,1,0.5,0.0945287,0.905471
carrier,hprd50,mcp,1,1,0,1,0.206543,1
carrier,hprd50,mechanism,1,0,1,0,0,0.793457
carrier,hprd50,mema,1,1,0,1,0.206543,1
carrier,hprd50,member,1,1,0,1,0.206543,1
carrier,hprd50,mutant,1,1,0,1,0.206543,1
carrier,hprd50,n-terminus,1,1,0,1,0.206543,1
carrier,hprd50,overexpression,1,1,0,1,0.206543,1
carrier,hprd50,phosphatase,1,1,0,1,0.206543,1
carrier,hprd50,phosphorylation,3,3,0,1,0.438494,1
carrier,hprd50,protein,1,1,0,1,0.206543,1
carrier,hprd50,proteins,4,2,2,0.5,0.150036,0.849964
carrier,hprd50,reduction,1,1,0,1,0.206543,1
carrier,hprd50,self-association,1,0,1,0,0,0.793457
carrier,hprd50,sire,1,0,1,0,0,0.793457
carrier,hprd50,stimulation,1,1,0,1,0.206543,1
carrier,hprd50,substrate,1,1,0,1,0.206543,1
carrier,hprd50,transcription,1,0,1,0,0,0.793457
carrier,hprd50,variety,2,2,0,1,0.342372,1
carrier,iepa,3-,1,1,0,1,0.206543,1
carrier,iepa,accumulation,4,4,0,1,0.5101,1
carrier,iepa,acetylcholine,1,1,0,1,0.206543,1
carrier,iepa,acid,1,1,0,1,0.206543,1
carrier,iepa,action,3,3,0,1,0.438494,1
carrier,iepa,activation,6,4,2,0.666667,0.299988,0.903231
carrier,iepa,activity,4,4,0,1,0.5101,1
carrier,iepa,addition,1,1,0,1,0.206543,1
carrier,iepa,administration,2,2,0,1,0.342372,1
carrier,iepa,aggregate,1,0,1,0,0,0.793457
carrier,iepa,agonist,1,0,1,0,0,0.793457
carrier,iepa,alpha,1,1,0,1,0.206543,1
carrier,iepa,amount,1,1,0,1,0.206543,1
carrier,iepa,antagonist,1,0,1,0,0,0.793457
carrier,iepa,application,1,1,0,1,0.206543,1
carrier,iepa,association,1,0,1,0,0,0.793457
carrier,iepa,bat,1,0,1,0,0,0.793457
carrier,iepa,beta,1,1,0,1,0.206543,1
carrier,iepa,blood,1,0,1,0,0,0.793457
carrier,iepa,change,2,2,0,1,0.342372,1
carrier,iepa,combination,1,1,0,1,0.206543,1
carrier,iepa,component,1,0,1,0,0,0.793457
carrier,iepa,concentration,3,2,1,0.666667,0.207655,0.93851
carrier,iepa,constituent,1,0,1,0,0,0.793457
carrier,iepa,decrease,2,2,0,1,0.342372,1
carrier,iepa,difference,2,0,2,0,0,0.657628
carrier,iepa,distribution,1,1,0,1,0.206543,1
carrier,iepa,dose,1,1,0,1,0.206543,1
carrier,iepa,effect,12,5,7,0.416667,0.193257,0.680493
carrier,iepa,elevation,1,1,0,1,0.206543,1
carrier,iepa,expression,13,12,1,0.923077,0.666855,0.98629
carrier,iepa,factor,1,0,1,0,0,0.793457
carrier,iepa,formation,3,3,0,1,0.438494,1
carrier,iepa,fragment,1,1,0,1,0.206543,1
carrier,iepa,gene,3,3,0,1,0.438494,1
carrier,iepa,generation,1,1,0,1,0.206543,1
carrier,iepa,heat,1,0,1,0,0,0.793457
carrier,iepa,hesperidin,1,1,0,1,0.206543,1
carrier,iepa,hydrolysis,1,1,0,1,0.206543,1
carrier,iepa,hypersecretion,1,0,1,0,0,0.793457
carrier,iepa,i.c.v.,1,1,0,1,0.206543,1
carrier,iepa,i.v.,1,1,0,1,0.206543,1
carrier,iepa,icv,1,1,0,1,0.206543,1
carrier,iepa,immunoassay,1,0,1,0,0,0.793457
carrier,iepa,infusion,2,2,0,1,0.342372,1
carrier,iepa,inhibitor,3,0,3,0,0,0.561506
carrier,iepa,injection,4,3,1,0.75,0.300636,0.954414
carrier,iepa,intake,2,1,1,0.5,0.0945287,0.905471
carrier,iepa,interaction,1,1,0,1,0.206543,1
carrier,iepa,involvement,1,0,1,0,0,0.793457
carrier,iepa,ip,1,1,0,1,0.206543,1
carrier,iepa,isoform,2,0,2,0,0,0.657628
carrier,iepa,kinase,1,1,0,1,0.206543,1
carrier,iepa,level,10,9,1,0.9,0.595844,0.982124
carrier,iepa,luteinization,1,1,0,1,0.206543,1
carrier,iepa,maintenance,1,1,0,1,0.206543,1
carrier,iepa,mechanism,2,2,0,1,0.342372,1
carrier,iepa,mrna,4,4,0,1,0.5101,1
carrier,iepa,neuromediator,1,1,0,1,0.206543,1
carrier,iepa,overexpression,1,1,0,1,0.206543,1
carrier,iepa,pathway,2,2,0,1,0.342372,1
carrier,iepa,phosphorylation,1,1,0,1,0.206543,1
carrier,iepa,potency,1,1,0,1,0.206543,1
carrier,iepa,potential,1,1,0,1,0.206543,1
carrier,iepa,processing,1,1,0,1,0.206543,1
carrier,iepa,production,5,5,0,1,0.565509,1
carrier,iepa,promoter,1,1,0,1,0.206543,1
carrier,iepa,receptor,1,1,0,1,0.206543,1
carrier,iepa,recovery,1,0,1,0,0,0.793457
carrier,iepa,redistribution,1,1,0,1,0.206543,1
carrier,iepa,release,4,4,0,1,0.5101,1
carrier,iepa,response,3,1,2,0.333333,0.0614903,0.792345
carrier,iepa,restriction,1,1,0,1,0.206543,1
carrier,iepa,rise,2,2,0,1,0.342372,1
carrier,iepa,role,2,0,2,0,0,0.657628
carrier,iepa,second-messenger,1,1,0,1,0.206543,1
carrier,iepa,secretion,10,8,2,0.8,0.490157,0.943319
carrier,iepa,sensitivity,1,0,1,0,0,0.793457
carrier,iepa,shift,1,0,1,0,0,0.793457
carrier,iepa,significance,1,0,1,0,0,0.793457
carrier,iepa,stimulation,3,2,1,0.666667,0.207655,0.93851
carrier,iepa,suppression,1,1,0,1,0.206543,1
carrier,iepa,synthesis,2,2,0,1,0.342372,1
carrier,iepa,test,1,0,1,0,0,0.793457
carrier,iepa,that,2,2,0,1,0.342372,1
carrier,iepa,translocation,1,1,0,1,0.206543,1
carrier,iepa,treatment,3,3,0,1,0.438494,1
carrier,iepa,underexpression,1,1,0,1,0.206543,1
carrier,lll,abc,1,1,0,1,0.206543,1
carrier,lll,acid,1,1,0,1,0.206543,1
carrier,lll,action,2,2,0,1,0.342372,1
carrier,lll,activation,1,1,0,1,0.206543,1
carrier,lll,activator,1,1,0,1,0.206543,1
carrier,lll,activity,4,4,0,1,0.5101,1
carrier,lll,antisigma,1,1,0,1,0.206543,1
carrier,lll,binding,2,2,0,1,0.342372,1
carrier,lll,bromoperoxidase,1,1,0,1,0.206543,1
carrier,lll,concentration,1,1,0,1,0.206543,1
carrier,lll,epoxide,1,1,0,1,0.206543,1
carrier,lll,expression,8,8,0,1,0.675584,1
carrier,lll,extent,1,0,1,0,0,0.793457
carrier,lll,factor,9,9,0,1,0.700847,1
carrier,lll,gene,6,6,0,1,0.609657,1
carrier,lll,level,4,4,0,1,0.5101,1
carrier,lll,number,1,1,0,1,0.206543,1
carrier,lll,operon,1,1,0,1,0.206543,1
carrier,lll,pattern,1,1,0,1,0.206543,1
carrier,lll,phosphatase,2,2,0,1,0.342372,1
carrier,lll,polymerase,2,2,0,1,0.342372,1
carrier,lll,presence,1,1,0,1,0.206543,1
carrier,lll,production,3,3,0,1,0.438494,1
carrier,lll,promoter,4,3,1,0.75,0.300636,0.954414
carrier,lll,protein,4,3,1,0.75,0.300636,0.954414
carrier,lll,regulon,1,1,0,1,0.206543,1
carrier,lll,site,2,2,0,1,0.342372,1
carrier,lll,transcription,14,14,0,1,0.784683,1
carrier_pattern,aimed,",5 | structural|AB|complex|_|passive",1,0,1,0,0,0.793457
carrier_pattern,aimed,- | structural|AB|relate|to|passive,1,0,1,0,0,0.793457
carrier_pattern,aimed,aav | structural|AB|coexpress|with|passive,1,0,1,0,0,0.793457
carrier_pattern,aimed,ability | structural|AB|activate|_|verbal,1,1,0,1,0.206543,1
carrier_pattern,aimed,ability | structural|AB|augment|of|passive,1,0,1,0,0,0.793457
carrier_pattern,aimed,ability | structural|AB|bind|to|verbal,1,0,1,0,0,0.793457
carrier_pattern,aimed,ability | structural|AB|block|of|verbal,1,1,0,1,0.206543,1
carrier_pattern,aimed,ability | structural|AB|interact|with|verbal,1,1,0,1,0.206543,1
carrier_pattern,aimed,abolition | structural|AB|create|of|verbal,1,0,1,0,0,0.793457
carrier_pattern,aimed,acid | structural|AB|bind|_|verbal,1,1,0,1,0.206543,1
carrier_pattern,aimed,acid | structural|AB|bind|to|verbal,1,1,0,1,0.206543,1
carrier_pattern,aimed,activation | structural|AB|bind|_|verbal,1,1,0,1,0.206543,1
carrier_pattern,aimed,activation | structural|AB|compare|to|verbal,2,2,0,1,0.342372,1
carrier_pattern,aimed,activation | structural|AB|contribute|of|verbal,1,0,1,0,0,0.793457
carrier_pattern,aimed,activation | structural|AB|decrease|of|verbal,1,1,0,1,0.206543,1
carrier_pattern,aimed,activation | structural|AB|increase|for|passive,1,1,0,1,0.206543,1
carrier_pattern,aimed,activation | structural|AB|induce|_|verbal,1,0,1,0,0,0.793457
carrier_pattern,aimed,activation | structural|AB|inhibit|_|verbal,1,0,1,0,0,0.793457
carrier_pattern,aimed,activation | structural|AB|inhibit|of|verbal,2,0,2,0,0,0.657628
carrier_pattern,aimed,activation | structural|AB|link|_|verbal,1,0,1,0,0,0.793457
carrier_pattern,aimed,activation | structural|AB|mediate|_|passive,1,1,0,1,0.206543,1
carrier_pattern,aimed,activation | structural|AB|mediate|of|passive,1,0,1,0,0,0.793457
carrier_pattern,aimed,activation | structural|AB|prevent|of|verbal,1,0,1,0,0,0.793457
carrier_pattern,aimed,activation | structural|AB|promote|_|verbal,1,0,1,0,0,0.793457
carrier_pattern,aimed,activation | structural|AB|repress|of|verbal,1,1,0,1,0.206543,1
carrier_pattern,aimed,activation | structural|AB|require|of|verbal,1,0,1,0,0,0.793457
carrier_pattern,aimed,activation | structural|AB|transmit|between|verbal,1,1,0,1,0.206543,1
carrier_pattern,aimed,activator | structural|AB|bind|to|verbal,1,0,1,0,0,0.793457
carrier_pattern,aimed,activator | structural|AB|interact|of|verbal,1,1,0,1,0.206543,1
carrier_pattern,aimed,activity | structural|AB|activate|of|verbal,1,0,1,0,0,0.793457
carrier_pattern,aimed,activity | structural|AB|decrease|of|verbal,1,1,0,1,0.206543,1
carrier_pattern,aimed,activity | structural|AB|exhibit|than|verbal,1,0,1,0,0,0.793457
carrier_pattern,aimed,activity | structural|AB|inhibit|of|verbal,3,1,2,0.333333,0.0614903,0.792345
carrier_pattern,aimed,activity | structural|AB|mediate|_|verbal,1,0,1,0,0,0.793457
carrier_pattern,aimed,activity | structural|AB|mediate|of|passive,1,1,0,1,0.206543,1
carrier_pattern,aimed,activity | structural|AB|regulate|_|passive,1,1,0,1,0.206543,1
carrier_pattern,aimed,activity | structural|AB|regulate|_|verbal,1,1,0,1,0.206543,1
carrier_pattern,aimed,activity | structural|AB|restore|_|verbal,1,0,1,0,0,0.793457
carrier_pattern,aimed,activity | structural|AB|sequester|of|verbal,1,0,1,0,0,0.793457
carrier_pattern,aimed,activity | structural|AB|stimulate|toward|verbal,1,0,1,0,0,0.793457
carrier_pattern,aimed,adapter | structural|AB|associate|such|verbal,2,2,0,1,0.342372,1
carrier_pattern,aimed,adapter | structural|AB|phosphorylate|through|passive,1,0,1,0,0,0.793457
carrier_pattern,aimed,adaptor | structural|AB|bind|of|verbal,1,1,0,1,0.206543,1
carrier_pattern,aimed,adenosine | structural|AB|inhibit|_|verbal,1,0,1,0,0,0.793457
carrier_pattern,aimed,adenovirus | structural|AB|bind|to|verbal,1,1,0,1,0.206543,1
carrier_pattern,aimed,affinity | structural|AB|couple|with|verbal,1,0,1,0,0,0.793457
carrier_pattern,aimed,affinity | structural|AB|encode|for|verbal,1,1,0,1,0.206543,1
carrier_pattern,aimed,affinity | structural|AB|exhibit|with|verbal,1,1,0,1,0.206543,1
carrier_pattern,aimed,affinity | structural|AB|have|for|verbal,1,1,0,1,0.206543,1
carrier_pattern,aimed,affinity | structural|AB|inhibit|of|verbal,1,0,1,0,0,0.793457
carrier_pattern,aimed,affinity | structural|AB|reduce|of|verbal,1,0,1,0,0,0.793457
carrier_pattern,aimed,affinity | structural|AB|reduce|to|verbal,1,0,1,0,0,0.793457
carrier_pattern,aimed,agonist | relational|RELATIONAL|agonist|_|nominalized,3,3,0,1,0.438494,1
carrier_pattern,aimed,agonist | structural|AB|consist|of|verbal,1,0,1,0,0,0.793457
carrier_pattern,aimed,agonist | structural|AB|exist|_|verbal,1,1,0,1,0.206543,1
carrier_pattern,aimed,alpha | structural|AB|relate|to|passive,1,0,1,0,0,0.793457
carrier_pattern,aimed,alteration | structural|AB|emerge|in|verbal,1,0,1,0,0,0.793457
carrier_pattern,aimed,amino | structural|AB|contain|for|verbal,1,1,0,1,0.206543,1
carrier_pattern,aimed,amino | structural|AB|insert|into|verbal,1,1,0,1,0.206543,1
carrier_pattern,aimed,amount | structural|AB|associate|with|passive,2,2,0,1,0.342372,1
carrier_pattern,aimed,amount | structural|AB|decrease|of|verbal,1,0,1,0,0,0.793457
carrier_pattern,aimed,amount | structural|AB|disrupt|of|passive,1,0,1,0,0,0.793457
carrier_pattern,aimed,analysis | structural|AB|identify|in|passive,1,0,1,0,0,0.793457
carrier_pattern,aimed,antagonist | structural|AB|consist|of|verbal,1,0,1,0,0,0.793457
carrier_pattern,aimed,antagonist | structural|AB|create|of|verbal,1,0,1,0,0,0.793457
carrier_pattern,aimed,antagonist | structural|AB|emerge|in|verbal,1,0,1,0,0,0.793457
carrier_pattern,aimed,antibody | structural|AB|abolish|_|verbal,1,0,1,0,0,0.793457
carrier_pattern,aimed,antibody | structural|AB|inhibit|of|verbal,2,0,2,0,0,0.657628
carrier_pattern,aimed,antibody | structural|AB|use|_|verbal,1,0,1,0,0,0.793457
carrier_pattern,aimed,antigen | structural|AB|bind|to|verbal,1,1,0,1,0.206543,1
carrier_pattern,aimed,association | structural|AB|contribute|of|verbal,1,0,1,0,0,0.793457
carrier_pattern,aimed,association | structural|AB|imply|between|verbal,1,0,1,0,0,0.793457
carrier_pattern,aimed,association | structural|AB|require|of|verbal,1,0,1,0,0,0.793457
carrier_pattern,aimed,association | structural|AB|share|of|verbal,1,1,0,1,0.206543,1
carrier_pattern,aimed,attachment | structural|AB|create|for|verbal,1,0,1,0,0,0.793457
carrier_pattern,aimed,autophosphorylation | structural|AB|bind|of|verbal,1,1,0,1,0.206543,1
carrier_pattern,aimed,autophosphorylation | structural|AB|induce|of|verbal,1,1,0,1,0.206543,1
carrier_pattern,aimed,binding | structural|AB|abolish|_|verbal,1,1,0,1,0.206543,1
carrier_pattern,aimed,binding | structural|AB|compete|for|verbal,1,1,0,1,0.206543,1
carrier_pattern,aimed,binding | structural|AB|compete|of|verbal,2,0,2,0,0,0.657628
carrier_pattern,aimed,binding | structural|AB|compete|with|verbal,1,0,1,0,0,0.793457
carrier_pattern,aimed,binding | structural|AB|create|for|verbal,1,0,1,0,0,0.793457
carrier_pattern,aimed,binding | structural|AB|displace|of|verbal,1,0,1,0,0,0.793457
carrier_pattern,aimed,binding | structural|AB|disrupt|_|verbal,1,1,0,1,0.206543,1
carrier_pattern,aimed,binding | structural|AB|exert|of|verbal,1,1,0,1,0.206543,1
carrier_pattern,aimed,binding | structural|AB|induce|in|verbal,1,0,1,0,0,0.793457
carrier_pattern,aimed,binding | structural|AB|inhibit|of|passive,1,0,1,0,0,0.793457
carrier_pattern,aimed,binding | structural|AB|localize|of|passive,1,0,1,0,0,0.793457
carrier_pattern,aimed,binding | structural|AB|mediate|between|passive,1,0,1,0,0,0.793457
carrier_pattern,aimed,binding | structural|AB|overlap|on|verbal,1,1,0,1,0.206543,1
carrier_pattern,aimed,binding | structural|AB|promote|of|verbal,1,0,1,0,0,0.793457
carrier_pattern,aimed,binding | structural|AB|relate|to|passive,1,0,1,0,0,0.793457
carrier_pattern,aimed,binding | structural|AB|suggest|for|verbal,1,0,1,0,0,0.793457
carrier_pattern,aimed,binding | structural|AB|suppress|of|verbal,1,0,1,0,0,0.793457
carrier_pattern,aimed,binding | structural|AB|use|_|verbal,1,0,1,0,0,0.793457
carrier_pattern,aimed,bzip | structural|AB|interact|with|verbal,1,1,0,1,0.206543,1
carrier_pattern,aimed,carboxy | structural|AB|associate|of|verbal,1,1,0,1,0.206543,1
carrier_pattern,aimed,carboxy | structural|AB|interact|with|verbal,1,1,0,1,0.206543,1
carrier_pattern,aimed,cascade | structural|AB|bifurcate|at|verbal,1,0,1,0,0,0.793457
carrier_pattern,aimed,cc | relational|RELATIONAL|ligand|_|nominalized,1,1,0,1,0.206543,1
carrier_pattern,aimed,cdk | structural|AB|associate|with|verbal,1,1,0,1,0.206543,1
carrier_pattern,aimed,cell | structural|AA|complex|_|compound_state,1,0,1,0,0,0.793457
carrier_pattern,aimed,cell | structural|AB|activate|_|verbal,1,1,0,1,0.206543,1
carrier_pattern,aimed,cell | structural|AB|encode|from|verbal,1,0,1,0,0,0.793457
carrier_pattern,aimed,cell | structural|AB|mediate|via|verbal,1,0,1,0,0,0.793457
carrier_pattern,aimed,cell | structural|AB|overexpress|_|verbal,1,0,1,0,0,0.793457
carrier_pattern,aimed,cell | structural|AB|respond|to|verbal,1,0,1,0,0,0.793457
carrier_pattern,aimed,chain | structural|AB|link|of|verbal,1,0,1,0,0,0.793457
carrier_pattern,aimed,chain | structural|AB|share|with|passive,1,0,1,0,0,0.793457
carrier_pattern,aimed,chaperon | structural|AB|associate|_|nominalized,1,1,0,1,0.206543,1
carrier_pattern,aimed,characterization | structural|AB|use|_|verbal,1,0,1,0,0,0.793457
carrier_pattern,aimed,chemotaxis | structural|AB|induce|via|verbal,1,1,0,1,0.206543,1
carrier_pattern,aimed,cleft | structural|AB|insert|into|verbal,1,1,0,1,0.206543,1
carrier_pattern,aimed,clone | structural|AB|express|_|verbal,1,0,1,0,0,0.793457
carrier_pattern,aimed,cloning | structural|AB|use|of|verbal,1,0,1,0,0,0.793457
carrier_pattern,aimed,cluster | structural|AB|interact|of|verbal,1,1,0,1,0.206543,1
carrier_pattern,aimed,co-expression | structural|AB|restore|_|verbal,1,0,1,0,0,0.793457
carrier_pattern,aimed,co-receptor | structural|AB|bind|_|verbal,1,1,0,1,0.206543,1
carrier_pattern,aimed,coactivator | relational|RELATIONAL|coactivator|_|nominalized,1,1,0,1,0.206543,1
carrier_pattern,aimed,coat | structural|AB|fuse|of|passive,1,0,1,0,0,0.793457
carrier_pattern,aimed,coexpression | structural|AB|require|of|passive,1,0,1,0,0,0.793457
carrier_pattern,aimed,combination | structural|AA|complex|_|compound_state,1,0,1,0,0,0.793457
carrier_pattern,aimed,complementarity | structural|AB|enhance|of|verbal,1,0,1,0,0,0.793457
carrier_pattern,aimed,complex | structural|AA|complex|_|compound_state,47,23,24,0.489362,0.352753,0.627578
carrier_pattern,aimed,complex | structural|AA|dissociate|_|passive,1,1,0,1,0.206543,1
carrier_pattern,aimed,complex | structural|AB|associate|with|verbal,2,2,0,1,0.342372,1
carrier_pattern,aimed,complex | structural|AB|bind|to|passive,1,1,0,1,0.206543,1
carrier_pattern,aimed,complex | structural|AB|bind|to|verbal,1,1,0,1,0.206543,1
carrier_pattern,aimed,complex | structural|AB|consist|of|verbal,1,0,1,0,0,0.793457
carrier_pattern,aimed,complex | structural|AB|contain|_|verbal,9,3,6,0.333333,0.120582,0.645803
carrier_pattern,aimed,complex | structural|AB|contain|of|verbal,1,0,1,0,0,0.793457
carrier_pattern,aimed,complex | structural|AB|form|with|verbal,1,1,0,1,0.206543,1
carrier_pattern,aimed,complex | structural|AB|interact|_|nominalized,1,0,1,0,0,0.793457
carrier_pattern,aimed,complex | structural|AB|interact|through|verbal,1,0,1,0,0,0.793457
carrier_pattern,aimed,complex | structural|AB|interact|with|nominalized,2,2,0,1,0.342372,1
carrier_pattern,aimed,complex | structural|AB|interact|with|verbal,1,1,0,1,0.206543,1
carrier_pattern,aimed,complex | structural|AB|lack|_|verbal,1,0,1,0,0,0.793457
carrier_pattern,aimed,complex | structural|AB|recruit|upon|verbal,1,0,1,0,0,0.793457
carrier_pattern,aimed,complex | structural|AB|sequester|of|verbal,1,0,1,0,0,0.793457
carrier_pattern,aimed,complex | structural|AB|shed|of|verbal,1,0,1,0,0,0.793457
carrier_pattern,aimed,complex | structural|AB|suggest|for|verbal,1,0,1,0,0,0.793457
carrier_pattern,aimed,complex | structural|AB|utilize|_|verbal,1,0,1,0,0,0.793457
carrier_pattern,aimed,complex | structural|AB|yield|with|verbal,1,0,1,0,0,0.793457
carrier_pattern,aimed,component | structural|AA|interact|_|nominalized,2,0,2,0,0,0.657628
carrier_pattern,aimed,component | structural|AB|bind|to|verbal,1,1,0,1,0.206543,1
carrier_pattern,aimed,component | structural|AB|use|of|verbal,1,1,0,1,0.206543,1
carrier_pattern,aimed,comprise | structural|AA|complex|_|compound_state,1,0,1,0,0,0.793457
carrier_pattern,aimed,construct | structural|AB|bind|to|verbal,1,1,0,1,0.206543,1
carrier_pattern,aimed,contact | structural|AB|make|with|verbal,1,1,0,1,0.206543,1
carrier_pattern,aimed,cotransfection | structural|AB|activate|_|verbal,1,0,1,0,0,0.793457
carrier_pattern,aimed,cross-linking | structural|AB|implicate|_|verbal,1,0,1,0,0,0.793457
carrier_pattern,aimed,cross-linking | structural|AB|yield|with|verbal,1,0,1,0,0,0.793457
carrier_pattern,aimed,crystal | structural|AB|bind|to|verbal,1,1,0,1,0.206543,1
carrier_pattern,aimed,cyclin | structural|AB|share|of|verbal,1,1,0,1,0.206543,1
carrier_pattern,aimed,cyclin-dependent | structural|AB|associate|with|verbal,1,0,1,0,0,0.793457
carrier_pattern,aimed,cytokine | structural|AB|share|with|verbal,1,0,1,0,0,0.793457
carrier_pattern,aimed,cytosol | structural|AB|comprise|of|passive,1,0,1,0,0,0.793457
carrier_pattern,aimed,decrease | structural|AB|lead|in|verbal,1,0,1,0,0,0.793457
carrier_pattern,aimed,delta | structural|AB|interact|with|nominalized,1,0,1,0,0,0.793457
carrier_pattern,aimed,depletion | structural|AB|mirror|follow|verbal,1,0,1,0,0,0.793457
carrier_pattern,aimed,determinant | structural|AB|bind|_|verbal,1,1,0,1,0.206543,1
carrier_pattern,aimed,determinant | structural|AB|employ|_|verbal,1,0,1,0,0,0.793457
carrier_pattern,aimed,dimer | structural|AB|form|on|passive,1,0,1,0,0,0.793457
carrier_pattern,aimed,dimerization | structural|AB|require|with|passive,1,1,0,1,0.206543,1
carrier_pattern,aimed,dna | structural|AB|bind|to|verbal,1,0,1,0,0,0.793457
carrier_pattern,aimed,dna | structural|AB|inhibit|_|verbal,1,1,0,1,0.206543,1
carrier_pattern,aimed,domain | structural|AB|bind|of|verbal,1,1,0,1,0.206543,1
carrier_pattern,aimed,domain | structural|AB|bind|to|passive,2,2,0,1,0.342372,1
carrier_pattern,aimed,domain | structural|AB|bind|to|verbal,2,2,0,1,0.342372,1
carrier_pattern,aimed,domain | structural|AB|contain|for|verbal,1,1,0,1,0.206543,1
carrier_pattern,aimed,domain | structural|AB|exert|of|verbal,1,1,0,1,0.206543,1
carrier_pattern,aimed,domain | structural|AB|fuse|of|passive,1,0,1,0,0,0.793457
carrier_pattern,aimed,domain | structural|AB|fuse|with|passive,1,0,1,0,0,0.793457
carrier_pattern,aimed,domain | structural|AB|interact|through|verbal,1,0,1,0,0,0.793457
carrier_pattern,aimed,domain | structural|AB|interact|with|verbal,1,1,0,1,0.206543,1
carrier_pattern,aimed,domain | structural|AB|lack|_|verbal,1,0,1,0,0,0.793457
carrier_pattern,aimed,domain | structural|AB|mediate|with|verbal,1,1,0,1,0.206543,1
carrier_pattern,aimed,domain | structural|AB|name|for|verbal,1,0,1,0,0,0.793457
carrier_pattern,aimed,domain | structural|AB|provide|for|verbal,1,0,1,0,0,0.793457
carrier_pattern,aimed,driven | structural|AB|mediate|via|passive,1,0,1,0,0,0.793457
carrier_pattern,aimed,drosophila | structural|AB|fuse|to|passive,1,0,1,0,0,0.793457
carrier_pattern,aimed,effect | structural|AB|have|on|verbal,1,0,1,0,0,0.793457
carrier_pattern,aimed,effect | structural|AB|mediate|through|passive,1,1,0,1,0.206543,1
carrier_pattern,aimed,effect | structural|AB|regulate|on|verbal,1,1,0,1,0.206543,1
carrier_pattern,aimed,effect | structural|AB|result|of|verbal,1,0,1,0,0,0.793457
carrier_pattern,aimed,enzyme | structural|AB|bind|_|verbal,1,0,1,0,0,0.793457
carrier_pattern,aimed,epitope | structural|AB|share|with|verbal,1,0,1,0,0,0.793457
carrier_pattern,aimed,epitope | structural|AB|span|of|verbal,1,1,0,1,0.206543,1
carrier_pattern,aimed,exon | structural|AB|bind|of|verbal,1,0,1,0,0,0.793457
carrier_pattern,aimed,expression | structural|AB|abolish|_|verbal,1,0,1,0,0,0.793457
carrier_pattern,aimed,expression | structural|AB|activate|_|verbal,1,1,0,1,0.206543,1
carrier_pattern,aimed,expression | structural|AB|confer|of|verbal,1,0,1,0,0,0.793457
carrier_pattern,aimed,expression | structural|AB|elicit|_|passive,1,0,1,0,0,0.793457
carrier_pattern,aimed,expression | structural|AB|increase|_|verbal,1,0,1,0,0,0.793457
carrier_pattern,aimed,expression | structural|AB|inhibit|_|verbal,1,0,1,0,0,0.793457
carrier_pattern,aimed,expression | structural|AB|lead|in|verbal,1,0,1,0,0,0.793457
carrier_pattern,aimed,expression | structural|AB|use|of|verbal,1,0,1,0,0,0.793457
carrier_pattern,aimed,f93a | structural|AB|abolish|_|verbal,1,1,0,1,0.206543,1
carrier_pattern,aimed,factor | relational|RELATIONAL|target|_|nominalized,1,0,1,0,0,0.793457
carrier_pattern,aimed,factor | structural|AB|activate|_|verbal,1,0,1,0,0,0.793457
carrier_pattern,aimed,factor | structural|AB|associate|with|passive,1,1,0,1,0.206543,1
carrier_pattern,aimed,factor | structural|AB|identify|_|verbal,1,0,1,0,0,0.793457
carrier_pattern,aimed,factor | structural|AB|interact|with|verbal,3,2,1,0.666667,0.207655,0.93851
carrier_pattern,aimed,family | structural|AB|bind|to|verbal,1,0,1,0,0,0.793457
carrier_pattern,aimed,family | structural|AB|consist|of|verbal,1,0,1,0,0,0.793457
carrier_pattern,aimed,family | structural|AB|form|_|verbal,1,1,0,1,0.206543,1
carrier_pattern,aimed,fold | structural|AB|induce|in|verbal,1,0,1,0,0,0.793457
carrier_pattern,aimed,form | structural|AB|associate|with|passive,1,1,0,1,0.206543,1
carrier_pattern,aimed,formation | structural|AB|contain|_|verbal,1,0,1,0,0,0.793457
carrier_pattern,aimed,formation | structural|AB|disrupt|of|passive,1,0,1,0,0,0.793457
carrier_pattern,aimed,formation | structural|AB|facilitate|of|verbal,1,0,1,0,0,0.793457
carrier_pattern,aimed,formation | structural|AB|lead|of|verbal,1,0,1,0,0,0.793457
carrier_pattern,aimed,formation | structural|AB|require|with|passive,1,1,0,1,0.206543,1
carrier_pattern,aimed,formation | structural|AB|trigger|_|verbal,1,1,0,1,0.206543,1
carrier_pattern,aimed,fraction | structural|AB|bind|of|verbal,1,1,0,1,0.206543,1
carrier_pattern,aimed,fraction | structural|AB|coimmunoprecipitate|with|verbal,1,1,0,1,0.206543,1
carrier_pattern,aimed,fragment | structural|AA|interact|_|nominalized,1,1,0,1,0.206543,1
carrier_pattern,aimed,fragment | structural|AB|fuse|to|passive,1,0,1,0,0,0.793457
carrier_pattern,aimed,fragment | structural|AB|fuse|with|passive,1,0,1,0,0,0.793457
carrier_pattern,aimed,fragment | structural|AB|interact|with|verbal,1,1,0,1,0.206543,1
carrier_pattern,aimed,function | structural|AB|mediate|of|verbal,1,0,1,0,0,0.793457
carrier_pattern,aimed,function | structural|AB|phosphorylate|_|verbal,1,1,0,1,0.206543,1
carrier_pattern,aimed,function | structural|AB|regulate|_|verbal,1,0,1,0,0,0.793457
carrier_pattern,aimed,function | structural|AB|regulate|of|verbal,1,0,1,0,0,0.793457
carrier_pattern,aimed,function | structural|AB|shed|of|verbal,1,0,1,0,0,0.793457
carrier_pattern,aimed,function | structural|AB|suppress|of|verbal,1,0,1,0,0,0.793457
carrier_pattern,aimed,fusion | structural|AB|activate|_|verbal,1,0,1,0,0,0.793457
carrier_pattern,aimed,gene | structural|AB|bind|to|verbal,1,1,0,1,0.206543,1
carrier_pattern,aimed,gene | structural|AB|block|_|passive,1,1,0,1,0.206543,1
carrier_pattern,aimed,gene | structural|AB|code|for|verbal,1,0,1,0,0,0.793457
carrier_pattern,aimed,gene | structural|AB|designate|for|passive,1,0,1,0,0,0.793457
carrier_pattern,aimed,gene | structural|AB|encode|of|verbal,1,0,1,0,0,0.793457
carrier_pattern,aimed,gene | structural|AB|map|for|passive,2,0,2,0,0,0.657628
carrier_pattern,aimed,gfd | structural|AB|bind|_|nominalized,1,1,0,1,0.206543,1
carrier_pattern,aimed,glucose | structural|AB|interact|with|verbal,1,1,0,1,0.206543,1
carrier_pattern,aimed,glutamine | structural|AB|allow|of|verbal,1,0,1,0,0,0.793457
carrier_pattern,aimed,haemochromatosis | structural|AB|complex|with|passive,1,1,0,1,0.206543,1
carrier_pattern,aimed,head | structural|AB|associate|of|verbal,1,1,0,1,0.206543,1
carrier_pattern,aimed,helix | structural|AB|make|with|verbal,1,1,0,1,0.206543,1
carrier_pattern,aimed,heterodimer | structural|AA|heterodimer|_|compound_state,5,3,2,0.6,0.23072,0.882382
carrier_pattern,aimed,high-affinity | structural|AB|complex|_|nominalized,2,2,0,1,0.342372,1
carrier_pattern,aimed,homo-oligomer | structural|AB|increase|except|verbal,1,1,0,1,0.206543,1
carrier_pattern,aimed,homodimer | structural|AA|homodimer|_|compound_state,1,0,1,0,0,0.793457
carrier_pattern,aimed,homodimer | structural|AB|bind|_|nominalized,1,1,0,1,0.206543,1
carrier_pattern,aimed,homodimerization | structural|AB|involve|between|verbal,1,0,1,0,0,0.793457
carrier_pattern,aimed,homolog | structural|AB|interact|with|verbal,1,1,0,1,0.206543,1
carrier_pattern,aimed,homologue | structural|AB|encode|from|verbal,1,0,1,0,0,0.793457
carrier_pattern,aimed,homotrimer | structural|AB|bind|to|passive,1,1,0,1,0.206543,1
carrier_pattern,aimed,importance | structural|AB|underline|of|verbal,1,0,1,0,0,0.793457
carrier_pattern,aimed,induction | structural|AB|require|of|passive,1,0,1,0,0,0.793457
carrier_pattern,aimed,influence | structural|AB|have|on|verbal,1,1,0,1,0.206543,1
carrier_pattern,aimed,inhibitor | relational|RELATIONAL|inhibitor|_|nominalized,2,1,1,0.5,0.0945287,0.905471
carrier_pattern,aimed,inhibitor | structural|AB|interact|with|verbal,2,2,0,1,0.342372,1
carrier_pattern,aimed,integrity | structural|AB|require|with|passive,1,1,0,1,0.206543,1
carrier_pattern,aimed,interaction | structural|AB|clone|_|passive,1,1,0,1,0.206543,1
carrier_pattern,aimed,interaction | structural|AB|define|_|verbal,1,0,1,0,0,0.793457
carrier_pattern,aimed,interaction | structural|AB|involve|between|verbal,1,0,1,0,0,0.793457
carrier_pattern,aimed,interaction | structural|AB|mediate|between|passive,1,0,1,0,0,0.793457
carrier_pattern,aimed,interaction | structural|AB|mediate|between|verbal,1,0,1,0,0,0.793457
carrier_pattern,aimed,interaction | structural|AB|mediate|with|verbal,1,1,0,1,0.206543,1
carrier_pattern,aimed,interaction | structural|AB|regulate|_|passive,1,1,0,1,0.206543,1
carrier_pattern,aimed,interaction | structural|AB|require|of|verbal,1,0,1,0,0,0.793457
carrier_pattern,aimed,interaction | structural|AB|require|with|passive,2,2,0,1,0.342372,1
carrier_pattern,aimed,interface | structural|AB|span|of|verbal,1,1,0,1,0.206543,1
carrier_pattern,aimed,introduction | structural|AB|restore|of|passive,1,0,1,0,0,0.793457
carrier_pattern,aimed,isoform | structural|AB|result|of|verbal,1,0,1,0,0,0.793457
carrier_pattern,aimed,kda | structural|AB|name|for|verbal,1,0,1,0,0,0.793457
carrier_pattern,aimed,kinase | structural|AA|complex|_|nominalized,1,1,0,1,0.206543,1
carrier_pattern,aimed,kinase | structural|AB|activate|_|verbal,1,1,0,1,0.206543,1
carrier_pattern,aimed,kinase | structural|AB|associate|with|verbal,2,2,0,1,0.342372,1
carrier_pattern,aimed,kinase | structural|AB|couple|to|passive,1,1,0,1,0.206543,1
carrier_pattern,aimed,kinase | structural|AB|interact|include|verbal,1,1,0,1,0.206543,1
carrier_pattern,aimed,level | structural|AA|complex|_|compound_state,1,0,1,0,0,0.793457
carrier_pattern,aimed,level | structural|AB|contain|of|verbal,1,0,1,0,0,0.793457
carrier_pattern,aimed,level | structural|AB|decrease|of|verbal,1,0,1,0,0,0.793457
carrier_pattern,aimed,level | structural|AB|increase|follow|passive,1,0,1,0,0,0.793457
carrier_pattern,aimed,ligand | relational|RELATIONAL|ligand|_|nominalized,6,6,0,1,0.609657,1
carrier_pattern,aimed,ligand | structural|AB|bind|_|verbal,1,1,0,1,0.206543,1
carrier_pattern,aimed,ligand | structural|AB|exist|_|verbal,1,1,0,1,0.206543,1
carrier_pattern,aimed,ligand | structural|AB|induce|_|verbal,1,1,0,1,0.206543,1
carrier_pattern,aimed,link | structural|AB|imply|between|verbal,1,0,1,0,0,0.793457
carrier_pattern,aimed,loop | structural|AB|interact|_|nominalized,1,1,0,1,0.206543,1
carrier_pattern,aimed,majority | structural|AB|contribute|of|verbal,1,1,0,1,0.206543,1
carrier_pattern,aimed,mechanism | structural|AB|provide|for|verbal,1,0,1,0,0,0.793457
carrier_pattern,aimed,member | structural|AB|confer|of|verbal,1,0,1,0,0,0.793457
carrier_pattern,aimed,member | structural|AB|form|_|verbal,1,0,1,0,0,0.793457
carrier_pattern,aimed,member | structural|AB|interact|include|nominalized,1,0,1,0,0,0.793457
carrier_pattern,aimed,member | structural|AB|interact|of|verbal,1,0,1,0,0,0.793457
carrier_pattern,aimed,migration | structural|AB|induce|of|verbal,1,0,1,0,0,0.793457
carrier_pattern,aimed,modulation | structural|AB|lead|of|verbal,1,0,1,0,0,0.793457
carrier_pattern,aimed,molecule | structural|AB|bind|_|verbal,1,1,0,1,0.206543,1
carrier_pattern,aimed,molecule | structural|AB|bind|on|verbal,1,1,0,1,0.206543,1
carrier_pattern,aimed,molecule | structural|AB|bind|to|passive,1,1,0,1,0.206543,1
carrier_pattern,aimed,molecule | structural|AB|grasp|of|verbal,1,1,0,1,0.206543,1
carrier_pattern,aimed,monomer | structural|AB|inhibit|of|verbal,1,0,1,0,0,0.793457
carrier_pattern,aimed,monomer | structural|AB|interact|with|verbal,1,1,0,1,0.206543,1
carrier_pattern,aimed,mutant | relational|RELATIONAL|inhibitor|_|nominalized,1,0,1,0,0,0.793457
carrier_pattern,aimed,mutant | structural|AB|exhibit|with|verbal,1,1,0,1,0.206543,1
carrier_pattern,aimed,mutant | structural|AB|lack|_|verbal,1,0,1,0,0,0.793457
carrier_pattern,aimed,mutant | structural|AB|use|_|verbal,1,0,1,0,0,0.793457
carrier_pattern,aimed,mutation | structural|AB|disrupt|_|verbal,1,1,0,1,0.206543,1
carrier_pattern,aimed,mutation | structural|AB|have|on|verbal,1,0,1,0,0,0.793457
carrier_pattern,aimed,oncoprotein | relational|RELATIONAL|inhibitor|_|nominalized,1,1,0,1,0.206543,1
carrier_pattern,aimed,oncoprotein | structural|AB|form|_|verbal,1,1,0,1,0.206543,1
carrier_pattern,aimed,overexpression | structural|AB|decrease|of|verbal,1,0,1,0,0,0.793457
carrier_pattern,aimed,overexpression | structural|AB|induce|_|verbal,1,0,1,0,0,0.793457
carrier_pattern,aimed,overexpression | structural|AB|inhibit|_|verbal,1,0,1,0,0,0.793457
carrier_pattern,aimed,overexpression | structural|AB|inhibit|of|verbal,1,0,1,0,0,0.793457
carrier_pattern,aimed,pathway | structural|AB|activate|_|verbal,1,0,1,0,0,0.793457
carrier_pattern,aimed,pathway | structural|AB|define|_|verbal,1,0,1,0,0,0.793457
carrier_pattern,aimed,pathway | structural|AB|utilize|_|verbal,1,0,1,0,0,0.793457
carrier_pattern,aimed,pattern | structural|AB|display|of|verbal,1,0,1,0,0,0.793457
carrier_pattern,aimed,phe93 | structural|AB|bind|_|verbal,1,1,0,1,0.206543,1
carrier_pattern,aimed,phosphatase | structural|AB|interact|with|verbal,1,1,0,1,0.206543,1
carrier_pattern,aimed,phosphorylation | structural|AB|contribute|of|verbal,1,0,1,0,0,0.793457
carrier_pattern,aimed,phosphorylation | structural|AB|decrease|of|verbal,1,1,0,1,0.206543,1
carrier_pattern,aimed,phosphorylation | structural|AB|induce|_|verbal,1,1,0,1,0.206543,1
carrier_pattern,aimed,phosphorylation | structural|AB|induce|of|verbal,2,1,1,0.5,0.0945287,0.905471
carrier_pattern,aimed,phosphorylation | structural|AB|lead|of|verbal,2,0,2,0,0,0.657628
carrier_pattern,aimed,phosphorylation | structural|AB|promote|of|verbal,1,0,1,0,0,0.793457
carrier_pattern,aimed,phosphorylation | structural|AB|result|of|verbal,1,0,1,0,0,0.793457
carrier_pattern,aimed,phosphorylation | structural|AB|stimulate|of|verbal,3,2,1,0.666667,0.207655,0.93851
carrier_pattern,aimed,polypeptide | structural|AB|encode|of|verbal,1,0,1,0,0,0.793457
carrier_pattern,aimed,pool | structural|AB|link|to|verbal,1,0,1,0,0,0.793457
carrier_pattern,aimed,portion | structural|AB|couple|of|verbal,1,0,1,0,0,0.793457
carrier_pattern,aimed,potency | structural|AB|couple|of|verbal,1,0,1,0,0,0.793457
carrier_pattern,aimed,potency | structural|AB|decrease|of|verbal,1,0,1,0,0,0.793457
carrier_pattern,aimed,potency | structural|AB|exhibit|than|verbal,1,0,1,0,0,0.793457
carrier_pattern,aimed,precursor | structural|AB|cleave|of|verbal,1,1,0,1,0.206543,1
carrier_pattern,aimed,precursor | structural|AB|process|_|verbal,1,0,1,0,0,0.793457
carrier_pattern,aimed,preincubation | structural|AB|decrease|of|verbal,1,0,1,0,0,0.793457
carrier_pattern,aimed,presence | structural|AB|augment|of|passive,1,0,1,0,0,0.793457
carrier_pattern,aimed,process | structural|AB|interact|through|verbal,1,0,1,0,0,0.793457
carrier_pattern,aimed,product | structural|AB|interact|include|verbal,1,1,0,1,0.206543,1
carrier_pattern,aimed,production | structural|AB|inhibit|_|verbal,1,0,1,0,0,0.793457
carrier_pattern,aimed,promoter | structural|AB|bind|to|verbal,1,0,1,0,0,0.793457
carrier_pattern,aimed,promoter | structural|AB|inhibit|_|verbal,1,0,1,0,0,0.793457
carrier_pattern,aimed,property | structural|AB|share|with|verbal,1,0,1,0,0,0.793457
carrier_pattern,aimed,protein | relational|RELATIONAL|coactivator|_|nominalized,1,1,0,1,0.206543,1
carrier_pattern,aimed,protein | structural|AA|interact|_|nominalized,1,0,1,0,0,0.793457
carrier_pattern,aimed,protein | structural|AB|associate|with|passive,1,0,1,0,0,0.793457
carrier_pattern,aimed,protein | structural|AB|associate|with|verbal,1,1,0,1,0.206543,1
carrier_pattern,aimed,protein | structural|AB|bind|_|verbal,3,3,0,1,0.438494,1
carrier_pattern,aimed,protein | structural|AB|bind|to|verbal,3,3,0,1,0.438494,1
carrier_pattern,aimed,protein | structural|AB|consist|of|verbal,1,0,1,0,0,0.793457
carrier_pattern,aimed,protein | structural|AB|contain|_|verbal,1,0,1,0,0,0.793457
carrier_pattern,aimed,protein | structural|AB|form|with|verbal,1,1,0,1,0.206543,1
carrier_pattern,aimed,protein | structural|AB|fuse|to|passive,1,0,1,0,0,0.793457
carrier_pattern,aimed,protein | structural|AB|interact|_|nominalized,2,2,0,1,0.342372,1
carrier_pattern,aimed,protein | structural|AB|interact|include|nominalized,1,1,0,1,0.206543,1
carrier_pattern,aimed,protein | structural|AB|interact|of|verbal,1,1,0,1,0.206543,1
carrier_pattern,aimed,protein | structural|AB|interact|with|verbal,6,6,0,1,0.609657,1
carrier_pattern,aimed,protein | structural|AB|mediate|_|verbal,1,0,1,0,0,0.793457
carrier_pattern,aimed,protein | structural|AB|relate|to|passive,1,0,1,0,0,0.793457
carrier_pattern,aimed,protein | structural|AB|stimulate|of|verbal,1,0,1,0,0,0.793457
carrier_pattern,aimed,proteins | structural|AA|interact|_|verbal,1,1,0,1,0.206543,1
carrier_pattern,aimed,proteins | structural|AB|activate|_|verbal,1,1,0,1,0.206543,1
carrier_pattern,aimed,proteins | structural|AB|clone|_|passive,1,1,0,1,0.206543,1
carrier_pattern,aimed,proteins | structural|AB|interact|include|verbal,1,1,0,1,0.206543,1
carrier_pattern,aimed,proteins | structural|AB|interact|with|verbal,1,1,0,1,0.206543,1
carrier_pattern,aimed,rate | structural|AB|decrease|of|verbal,1,0,1,0,0,0.793457
carrier_pattern,aimed,rate | structural|AB|mirror|follow|verbal,1,0,1,0,0,0.793457
carrier_pattern,aimed,reassociation | structural|AB|prevent|of|verbal,1,0,1,0,0,0.793457
carrier_pattern,aimed,receptor | structural|AA|interact|_|verbal,1,0,1,0,0,0.793457
carrier_pattern,aimed,receptor | structural|AB|activate|_|verbal,1,1,0,1,0.206543,1
carrier_pattern,aimed,receptor | structural|AB|bind|to|verbal,1,1,0,1,0.206543,1
carrier_pattern,aimed,receptor | structural|AB|interact|with|verbal,1,0,1,0,0,0.793457
carrier_pattern,aimed,receptor | structural|AB|mediate|by|passive,1,0,1,0,0,0.793457
carrier_pattern,aimed,receptor | structural|AB|mediate|of|passive,1,1,0,1,0.206543,1
carrier_pattern,aimed,receptor | structural|AB|relate|to|passive,1,0,1,0,0,0.793457
carrier_pattern,aimed,recruitment | structural|AB|lead|of|verbal,1,0,1,0,0,0.793457
carrier_pattern,aimed,region | structural|AB|activate|_|verbal,1,0,1,0,0,0.793457
carrier_pattern,aimed,region | structural|AB|allow|of|verbal,1,0,1,0,0,0.793457
carrier_pattern,aimed,region | structural|AB|have|on|verbal,1,1,0,1,0.206543,1
carrier_pattern,aimed,region | structural|AB|interact|with|verbal,2,2,0,1,0.342372,1
carrier_pattern,aimed,region | structural|AB|require|with|passive,1,1,0,1,0.206543,1
carrier_pattern,aimed,region | structural|AB|stabilize|of|passive,1,1,0,1,0.206543,1
carrier_pattern,aimed,regulation | structural|AB|bind|to|verbal,1,1,0,1,0.206543,1
carrier_pattern,aimed,regulator | relational|RELATIONAL|regulator|_|nominalized,1,1,0,1,0.206543,1
carrier_pattern,aimed,relative | structural|AB|bind|to|verbal,1,1,0,1,0.206543,1
carrier_pattern,aimed,replacement | structural|AB|reduce|of|verbal,1,0,1,0,0,0.793457
carrier_pattern,aimed,residue | structural|AB|bind|_|verbal,1,1,0,1,0.206543,1
carrier_pattern,aimed,residue | structural|AB|contribute|of|verbal,1,1,0,1,0.206543,1
carrier_pattern,aimed,residue | structural|AB|identify|in|passive,1,0,1,0,0,0.793457
carrier_pattern,aimed,sequence | structural|AB|bind|_|verbal,1,1,0,1,0.206543,1
carrier_pattern,aimed,set | structural|AB|substitute|from|passive,1,0,1,0,0,0.793457
carrier_pattern,aimed,side | structural|AB|grasp|of|verbal,1,1,0,1,0.206543,1
carrier_pattern,aimed,signal | structural|AB|share|_|verbal,1,0,1,0,0,0.793457
carrier_pattern,aimed,signaling | structural|AB|serve|for|verbal,1,1,0,1,0.206543,1
carrier_pattern,aimed,signalling | structural|AB|mediate|by|passive,1,0,1,0,0,0.793457
carrier_pattern,aimed,site | structural|AB|bind|_|verbal,1,1,0,1,0.206543,1
carrier_pattern,aimed,site | structural|AB|complex|with|passive,1,1,0,1,0.206543,1
carrier_pattern,aimed,site | structural|AB|expose|on|verbal,1,0,1,0,0,0.793457
carrier_pattern,aimed,site | structural|AB|form|on|passive,1,0,1,0,0,0.793457
carrier_pattern,aimed,site | structural|AB|trigger|_|verbal,1,1,0,1,0.206543,1
carrier_pattern,aimed,species | structural|AB|lack|_|verbal,1,0,1,0,0,0.793457
carrier_pattern,aimed,specificity | structural|AB|mediate|of|passive,1,0,1,0,0,0.793457
carrier_pattern,aimed,splicing | structural|AB|result|of|verbal,1,0,1,0,0,0.793457
carrier_pattern,aimed,stimulation | structural|AB|have|in|verbal,1,0,1,0,0,0.793457
carrier_pattern,aimed,stimulation | structural|AB|lead|of|verbal,1,0,1,0,0,0.793457
carrier_pattern,aimed,stimulation | structural|AB|phosphorylate|through|passive,1,0,1,0,0,0.793457
carrier_pattern,aimed,stimulation | structural|AB|recruit|upon|verbal,1,0,1,0,0,0.793457
carrier_pattern,aimed,stimulation | structural|AB|restore|of|passive,1,0,1,0,0,0.793457
carrier_pattern,aimed,stimulation | structural|AB|transduce|by|passive,1,1,0,1,0.206543,1
carrier_pattern,aimed,structure | structural|AB|bind|of|verbal,1,1,0,1,0.206543,1
carrier_pattern,aimed,structure | structural|AB|bind|to|verbal,2,2,0,1,0.342372,1
carrier_pattern,aimed,study | structural|AB|identify|_|verbal,1,0,1,0,0,0.793457
carrier_pattern,aimed,substitution | structural|AB|reduce|to|verbal,1,0,1,0,0,0.793457
carrier_pattern,aimed,substrate | relational|RELATIONAL|substrate|_|nominalized,2,1,1,0.5,0.0945287,0.905471
carrier_pattern,aimed,substrate | structural|AB|interact|with|nominalized,1,1,0,1,0.206543,1
carrier_pattern,aimed,subunit | structural|AA|interact|_|verbal,1,0,1,0,0,0.793457
carrier_pattern,aimed,subunit | structural|AB|associate|with|passive,1,1,0,1,0.206543,1
carrier_pattern,aimed,subunit | structural|AB|associate|with|verbal,1,1,0,1,0.206543,1
carrier_pattern,aimed,subunit | structural|AB|bind|of|verbal,1,1,0,1,0.206543,1
carrier_pattern,aimed,subunit | structural|AB|cleave|_|verbal,1,1,0,1,0.206543,1
carrier_pattern,aimed,subunit | structural|AB|correspond|of|verbal,1,0,1,0,0,0.793457
carrier_pattern,aimed,subunit | structural|AB|differ|from|verbal,1,0,1,0,0,0.793457
carrier_pattern,aimed,subunit | structural|AB|inhibit|of|verbal,1,0,1,0,0,0.793457
carrier_pattern,aimed,subunit | structural|AB|interact|of|nominalized,2,0,2,0,0,0.657628
carrier_pattern,aimed,subunit | structural|AB|interact|of|verbal,2,2,0,1,0.342372,1
carrier_pattern,aimed,subunit | structural|AB|interact|with|nominalized,2,2,0,1,0.342372,1
carrier_pattern,aimed,subunit | structural|AB|mediate|of|passive,1,0,1,0,0,0.793457
carrier_pattern,aimed,subunit | structural|AB|relate|to|passive,1,0,1,0,0,0.793457
carrier_pattern,aimed,tail | structural|AB|bind|of|verbal,1,1,0,1,0.206543,1
carrier_pattern,aimed,target | relational|RELATIONAL|target|_|nominalized,1,0,1,0,0,0.793457
carrier_pattern,aimed,third | structural|AB|bind|_|verbal,1,1,0,1,0.206543,1
carrier_pattern,aimed,third | structural|AB|do|_|verbal,1,0,1,0,0,0.793457
carrier_pattern,aimed,those | structural|AB|activate|with|verbal,1,1,0,1,0.206543,1
carrier_pattern,aimed,those | structural|AB|substitute|from|passive,1,0,1,0,0,0.793457
carrier_pattern,aimed,three | structural|AB|correspond|of|verbal,1,0,1,0,0,0.793457
carrier_pattern,aimed,transcription | structural|AB|inhibit|_|verbal,1,0,1,0,0,0.793457
carrier_pattern,aimed,transfection | structural|AB|increase|_|verbal,1,0,1,0,0,0.793457
carrier_pattern,aimed,translocation | structural|AB|accelerate|of|verbal,1,0,1,0,0,0.793457
carrier_pattern,aimed,treatment | structural|AB|increase|follow|passive,1,0,1,0,0,0.793457
carrier_pattern,aimed,tyr-218 | structural|AB|interact|of|verbal,1,1,0,1,0.206543,1
carrier_pattern,aimed,ubiquitination | structural|AB|interact|through|verbal,1,0,1,0,0,0.793457
carrier_pattern,bioinfer,% | structural|AB|encode|of|verbal,2,2,0,1,0.342372,1
carrier_pattern,bioinfer,% | structural|AB|share|with|verbal,1,1,0,1,0.206543,1
carrier_pattern,bioinfer,10 | structural|AB|compare|for|verbal,1,1,0,1,0.206543,1
carrier_pattern,bioinfer,aa | structural|AB|contain|_|verbal,1,0,1,0,0,0.793457
carrier_pattern,bioinfer,ability | structural|AB|associate|with|verbal,1,1,0,1,0.206543,1
carrier_pattern,bioinfer,ability | structural|AB|bind|to|verbal,1,1,0,1,0.206543,1
carrier_pattern,bioinfer,ability | structural|AB|examine|for|verbal,1,1,0,1,0.206543,1
carrier_pattern,bioinfer,ability | structural|AB|interact|of|nominalized,1,1,0,1,0.206543,1
carrier_pattern,bioinfer,ability | structural|AB|replace|_|verbal,1,1,0,1,0.206543,1
carrier_pattern,bioinfer,ability | structural|AB|suppress|_|verbal,1,0,1,0,0,0.793457
carrier_pattern,bioinfer,acanthamoeba | structural|AB|give|with|verbal,1,0,1,0,0,0.793457
carrier_pattern,bioinfer,accumulation | structural|AB|cause|of|verbal,1,1,0,1,0.206543,1
carrier_pattern,bioinfer,accumulation | structural|AB|lead|of|verbal,3,3,0,1,0.438494,1
carrier_pattern,bioinfer,accumulation | structural|AB|prevent|of|verbal,1,1,0,1,0.206543,1
carrier_pattern,bioinfer,accumulation | structural|AB|supply|_|verbal,1,1,0,1,0.206543,1
carrier_pattern,bioinfer,acid | structural|AB|cross-link|of|passive,1,0,1,0,0,0.793457
carrier_pattern,bioinfer,action | structural|AB|mediate|on|verbal,1,1,0,1,0.206543,1
carrier_pattern,bioinfer,activation | structural|AB|domain-associate|of|verbal,1,1,0,1,0.206543,1
carrier_pattern,bioinfer,activation | structural|AB|lead|of|verbal,1,1,0,1,0.206543,1
carrier_pattern,bioinfer,activation | structural|AB|mediate|of|verbal,1,1,0,1,0.206543,1
carrier_pattern,bioinfer,activation | structural|AB|precede|of|verbal,2,2,0,1,0.342372,1
carrier_pattern,bioinfer,activation | structural|AB|require|for|passive,1,1,0,1,0.206543,1
carrier_pattern,bioinfer,activation | structural|AB|stimulate|of|passive,1,1,0,1,0.206543,1
carrier_pattern,bioinfer,activity | structural|AB|abolish|for|verbal,1,1,0,1,0.206543,1
carrier_pattern,bioinfer,activity | structural|AB|associate|to|passive,1,1,0,1,0.206543,1
carrier_pattern,bioinfer,activity | structural|AB|contain|_|verbal,1,1,0,1,0.206543,1
carrier_pattern,bioinfer,activity | structural|AB|copurify|with|verbal,1,0,1,0,0,0.793457
carrier_pattern,bioinfer,activity | structural|AB|enhance|of|verbal,1,1,0,1,0.206543,1
carrier_pattern,bioinfer,activity | structural|AB|inhibit|of|verbal,1,1,0,1,0.206543,1
carrier_pattern,bioinfer,activity | structural|AB|modulate|of|verbal,1,1,0,1,0.206543,1
carrier_pattern,bioinfer,activity | structural|AB|regulate|_|verbal,1,1,0,1,0.206543,1
carrier_pattern,bioinfer,addition | structural|AB|increase|for|passive,1,1,0,1,0.206543,1
carrier_pattern,bioinfer,addition | structural|AB|reduce|of|verbal,1,1,0,1,0.206543,1
carrier_pattern,bioinfer,adenoma | structural|AB|display|of|verbal,1,0,1,0,0,0.793457
carrier_pattern,bioinfer,adhesion | structural|AB|co-localize|with|verbal,1,1,0,1,0.206543,1
carrier_pattern,bioinfer,adp-ribosylation | structural|AB|induce|of|passive,1,1,0,1,0.206543,1
carrier_pattern,bioinfer,affinity | structural|AB|bind|to|verbal,1,0,1,0,0,0.793457
carrier_pattern,bioinfer,affinity | structural|AB|isolate|_|passive,1,0,1,0,0,0.793457
carrier_pattern,bioinfer,affinity | structural|AB|reduce|for|verbal,1,1,0,1,0.206543,1
carrier_pattern,bioinfer,affinity | structural|AB|weaken|of|verbal,1,1,0,1,0.206543,1
carrier_pattern,bioinfer,allele | structural|AB|suppress|_|verbal,1,1,0,1,0.206543,1
carrier_pattern,bioinfer,amino | structural|AB|link|of|passive,1,1,0,1,0.206543,1
carrier_pattern,bioinfer,amount | structural|AB|account|of|passive,1,1,0,1,0.206543,1
carrier_pattern,bioinfer,amount | structural|AB|promote|of|verbal,1,1,0,1,0.206543,1
carrier_pattern,bioinfer,amount | structural|AB|reduce|of|verbal,1,0,1,0,0,0.793457
carrier_pattern,bioinfer,analysis | structural|AB|elucidate|of|verbal,1,1,0,1,0.206543,1
carrier_pattern,bioinfer,anisotropy | structural|AB|give|with|verbal,1,0,1,0,0,0.793457
carrier_pattern,bioinfer,antagonist | structural|AB|reverse|of|passive,1,0,1,0,0,0.793457
carrier_pattern,bioinfer,antibody | structural|AB|react|of|verbal,1,1,0,1,0.206543,1
carrier_pattern,bioinfer,antigen | structural|AB|bind|to|passive,1,1,0,1,0.206543,1
carrier_pattern,bioinfer,antigen | structural|AB|relate|to|passive,1,1,0,1,0.206543,1
carrier_pattern,bioinfer,apoptosis | structural|AB|inhibit|_|verbal,1,0,1,0,0,0.793457
carrier_pattern,bioinfer,assembly | structural|AB|alter|of|verbal,1,1,0,1,0.206543,1
carrier_pattern,bioinfer,assembly | structural|AB|direct|_|verbal,1,1,0,1,0.206543,1
carrier_pattern,bioinfer,assembly | structural|AB|promote|_|verbal,1,1,0,1,0.206543,1
carrier_pattern,bioinfer,assembly | structural|AB|promote|of|verbal,1,1,0,1,0.206543,1
carrier_pattern,bioinfer,assembly | structural|AB|regulate|_|verbal,2,2,0,1,0.342372,1
carrier_pattern,bioinfer,assembly | structural|AB|regulate|of|passive,1,1,0,1,0.206543,1
carrier_pattern,bioinfer,assembly | structural|AB|stimulate|_|verbal,2,1,1,0.5,0.0945287,0.905471
carrier_pattern,bioinfer,association | structural|AB|control|of|verbal,1,1,0,1,0.206543,1
carrier_pattern,bioinfer,basis | structural|AB|isolate|of|passive,1,1,0,1,0.206543,1
carrier_pattern,bioinfer,binding | relational|RELATIONAL|partner|_|nominalized,1,1,0,1,0.206543,1
carrier_pattern,bioinfer,binding | structural|AB|bind|to|verbal,2,0,2,0,0,0.657628
carrier_pattern,bioinfer,binding | structural|AB|carry|for|verbal,1,1,0,1,0.206543,1
carrier_pattern,bioinfer,binding | structural|AB|contact|to|verbal,1,0,1,0,0,0.793457
carrier_pattern,bioinfer,binding | structural|AB|contain|for|verbal,1,1,0,1,0.206543,1
carrier_pattern,bioinfer,binding | structural|AB|disrupt|_|verbal,1,1,0,1,0.206543,1
carrier_pattern,bioinfer,binding | structural|AB|fuse|to|passive,1,0,1,0,0,0.793457
carrier_pattern,bioinfer,binding | structural|AB|have|for|verbal,1,1,0,1,0.206543,1
carrier_pattern,bioinfer,binding | structural|AB|induce|_|passive,1,1,0,1,0.206543,1
carrier_pattern,bioinfer,binding | structural|AB|measure|in|verbal,1,0,1,0,0,0.793457
carrier_pattern,bioinfer,binding | structural|AB|promote|_|verbal,1,1,0,1,0.206543,1
carrier_pattern,bioinfer,binding | structural|AB|propose|for|passive,1,1,0,1,0.206543,1
carrier_pattern,bioinfer,binding | structural|AB|require|to|verbal,1,1,0,1,0.206543,1
carrier_pattern,bioinfer,binding | structural|AB|weaken|of|verbal,1,1,0,1,0.206543,1
carrier_pattern,bioinfer,binding | structural|AB|weaken|to|verbal,2,2,0,1,0.342372,1
carrier_pattern,bioinfer,birch | structural|AB|bind|to|nominalized,1,1,0,1,0.206543,1
carrier_pattern,bioinfer,bromodomain | structural|AB|fuse|to|passive,1,0,1,0,0,0.793457
carrier_pattern,bioinfer,bundle | structural|AB|stimulate|of|verbal,1,1,0,1,0.206543,1
carrier_pattern,bioinfer,capacity | structural|AB|inhibit|_|verbal,1,1,0,1,0.206543,1
carrier_pattern,bioinfer,carboxyl- | structural|AB|associate|with|verbal,1,1,0,1,0.206543,1
carrier_pattern,bioinfer,cascade | structural|AB|stimulate|_|verbal,1,0,1,0,0,0.793457
carrier_pattern,bioinfer,cell | structural|AB|exhibit|of|verbal,1,0,1,0,0,0.793457
carrier_pattern,bioinfer,cell | structural|AB|suppress|_|verbal,1,0,1,0,0,0.793457
carrier_pattern,bioinfer,cerevisiae | structural|AB|belong|to|verbal,1,1,0,1,0.206543,1
carrier_pattern,bioinfer,cerevisiae | structural|AB|encode|of|verbal,1,1,0,1,0.206543,1
carrier_pattern,bioinfer,cerevisiae | structural|AB|study|_|verbal,1,0,1,0,0,0.793457
carrier_pattern,bioinfer,cluster | structural|AB|co-localize|with|passive,1,1,0,1,0.206543,1
carrier_pattern,bioinfer,co-activator | relational|RELATIONAL|target|_|nominalized,1,1,0,1,0.206543,1
carrier_pattern,bioinfer,co-activator | structural|AB|bridge|_|verbal,1,1,0,1,0.206543,1
carrier_pattern,bioinfer,co-activator | structural|AB|interact|_|nominalized,2,2,0,1,0.342372,1
carrier_pattern,bioinfer,coexpression | structural|AB|allow|of|verbal,1,1,0,1,0.206543,1
carrier_pattern,bioinfer,coexpression | structural|AB|bind|of|verbal,1,1,0,1,0.206543,1
carrier_pattern,bioinfer,coil | structural|AB|bind|of|verbal,1,1,0,1,0.206543,1
carrier_pattern,bioinfer,column | structural|AB|hold|_|passive,1,0,1,0,0,0.793457
carrier_pattern,bioinfer,column | structural|AB|recover|of|passive,1,0,1,0,0,0.793457
carrier_pattern,bioinfer,combination | structural|AA|complex|_|compound_state,1,1,0,1,0.206543,1
carrier_pattern,bioinfer,competition | structural|AB|bind|_|verbal,1,1,0,1,0.206543,1
carrier_pattern,bioinfer,complex | structural|AA|complex|_|compound_state,31,28,3,0.903226,0.750997,0.966536
carrier_pattern,bioinfer,complex | structural|AB|associate|_|nominalized,2,2,0,1,0.342372,1
carrier_pattern,bioinfer,complex | structural|AB|bind|_|nominalized,2,2,0,1,0.342372,1
carrier_pattern,bioinfer,complex | structural|AB|bind|_|verbal,2,2,0,1,0.342372,1
carrier_pattern,bioinfer,complex | structural|AB|bind|to|verbal,2,2,0,1,0.342372,1
carrier_pattern,bioinfer,complex | structural|AB|bridge|_|verbal,1,1,0,1,0.206543,1
carrier_pattern,bioinfer,complex | structural|AB|cause|of|verbal,1,1,0,1,0.206543,1
carrier_pattern,bioinfer,complex | structural|AB|compose|of|passive,1,1,0,1,0.206543,1
carrier_pattern,bioinfer,complex | structural|AB|copurify|with|verbal,1,1,0,1,0.206543,1
carrier_pattern,bioinfer,complex | structural|AB|cross-link|_|verbal,1,1,0,1,0.206543,1
carrier_pattern,bioinfer,complex | structural|AB|direct|_|verbal,1,1,0,1,0.206543,1
carrier_pattern,bioinfer,complex | structural|AB|form|with|verbal,2,1,1,0.5,0.0945287,0.905471
carrier_pattern,bioinfer,complex | structural|AB|interact|of|verbal,1,0,1,0,0,0.793457
carrier_pattern,bioinfer,complex | structural|AB|isolate|_|passive,1,0,1,0,0,0.793457
carrier_pattern,bioinfer,complex | structural|AB|link|_|verbal,1,1,0,1,0.206543,1
carrier_pattern,bioinfer,complex | structural|AB|link|to|verbal,2,2,0,1,0.342372,1
carrier_pattern,bioinfer,complex | structural|AB|mediate|_|passive,1,0,1,0,0,0.793457
carrier_pattern,bioinfer,complex | structural|AB|stimulate|with|verbal,1,0,1,0,0,0.793457
carrier_pattern,bioinfer,component | structural|AB|stimulate|_|verbal,1,1,0,1,0.206543,1
carrier_pattern,bioinfer,compose | structural|AA|complex|_|compound_state,1,1,0,1,0.206543,1
carrier_pattern,bioinfer,concentration | structural|AB|alter|of|verbal,1,1,0,1,0.206543,1
carrier_pattern,bioinfer,concentration | structural|AB|explain|in|verbal,1,1,0,1,0.206543,1
carrier_pattern,bioinfer,concentration | structural|AB|increase|for|passive,1,1,0,1,0.206543,1
carrier_pattern,bioinfer,concentration | structural|AB|inhibit|of|verbal,1,1,0,1,0.206543,1
carrier_pattern,bioinfer,concentration | structural|AB|overcome|of|verbal,1,1,0,1,0.206543,1
carrier_pattern,bioinfer,concentration | structural|AB|regulate|of|verbal,1,1,0,1,0.206543,1
carrier_pattern,bioinfer,condition | structural|AB|form|as|verbal,1,1,0,1,0.206543,1
carrier_pattern,bioinfer,consequence | structural|AB|have|for|verbal,1,1,0,1,0.206543,1
carrier_pattern,bioinfer,construct | structural|AB|express|of|verbal,1,1,0,1,0.206543,1
carrier_pattern,bioinfer,content | structural|AB|explain|in|verbal,1,1,0,1,0.206543,1
carrier_pattern,bioinfer,conversion | structural|AB|cause|of|verbal,1,1,0,1,0.206543,1
carrier_pattern,bioinfer,coordination | structural|AB|weaken|to|verbal,1,1,0,1,0.206543,1
carrier_pattern,bioinfer,crosslinking | structural|AB|implicate|in|verbal,1,0,1,0,0,0.793457
carrier_pattern,bioinfer,crystal | structural|AB|comprise|_|verbal,1,0,1,0,0,0.793457
carrier_pattern,bioinfer,cytoskeleton | structural|AB|associate|with|passive,1,1,0,1,0.206543,1
carrier_pattern,bioinfer,cytoskeleton | structural|AB|cause|in|verbal,1,1,0,1,0.206543,1
carrier_pattern,bioinfer,cytoskeleton | structural|AB|interact|_|nominalized,1,1,0,1,0.206543,1
carrier_pattern,bioinfer,cytoskeleton | structural|AB|link|_|verbal,1,1,0,1,0.206543,1
carrier_pattern,bioinfer,cytoskeleton | structural|AB|link|to|passive,1,1,0,1,0.206543,1
carrier_pattern,bioinfer,cytoskeleton | structural|AB|link|to|verbal,4,4,0,1,0.5101,1
carrier_pattern,bioinfer,cytoskeleton | structural|AB|reorganize|_|verbal,2,2,0,1,0.342372,1
carrier_pattern,bioinfer,cytoskeleton | structural|AB|require|for|passive,1,1,0,1,0.206543,1
carrier_pattern,bioinfer,damage | structural|AB|require|of|passive,1,1,0,1,0.206543,1
carrier_pattern,bioinfer,death | structural|AB|domain-associate|of|verbal,1,1,0,1,0.206543,1
carrier_pattern,bioinfer,decrease | structural|AB|accompany|_|passive,1,1,0,1,0.206543,1
carrier_pattern,bioinfer,decrease | structural|AB|bind|to|passive,1,0,1,0,0,0.793457
carrier_pattern,bioinfer,defect | structural|AB|suppress|in|verbal,1,1,0,1,0.206543,1
carrier_pattern,bioinfer,defect | structural|AB|suppress|of|verbal,1,1,0,1,0.206543,1
carrier_pattern,bioinfer,deletion | structural|AB|perform|with|passive,1,0,1,0,0,0.793457
carrier_pattern,bioinfer,dephosphorylation | structural|AB|correlate|of|verbal,1,1,0,1,0.206543,1
carrier_pattern,bioinfer,depolymerization | structural|AB|inhibit|_|verbal,1,1,0,1,0.206543,1
carrier_pattern,bioinfer,dimer | structural|AB|disrupt|_|verbal,1,1,0,1,0.206543,1
carrier_pattern,bioinfer,disassembly | structural|AB|cause|of|verbal,1,1,0,1,0.206543,1
carrier_pattern,bioinfer,distribution | structural|AB|alter|of|passive,1,1,0,1,0.206543,1
carrier_pattern,bioinfer,distribution | structural|AB|investigate|of|verbal,1,0,1,0,0,0.793457
carrier_pattern,bioinfer,domain | structural|AB|associate|with|verbal,1,1,0,1,0.206543,1
carrier_pattern,bioinfer,domain | structural|AB|bind|to|verbal,1,0,1,0,0,0.793457
carrier_pattern,bioinfer,domain | structural|AB|contain|_|verbal,1,0,1,0,0,0.793457
carrier_pattern,bioinfer,domain | structural|AB|contain|for|verbal,1,1,0,1,0.206543,1
carrier_pattern,bioinfer,domain | structural|AB|control|of|verbal,1,1,0,1,0.206543,1
carrier_pattern,bioinfer,domain | structural|AB|interact|include|verbal,1,0,1,0,0,0.793457
carrier_pattern,bioinfer,domain | structural|AB|relate|to|passive,1,1,0,1,0.206543,1
carrier_pattern,bioinfer,domain | structural|AB|target|of|verbal,1,0,1,0,0,0.793457
carrier_pattern,bioinfer,dosage | structural|AB|suppress|of|verbal,1,1,0,1,0.206543,1
carrier_pattern,bioinfer,down-regulation | structural|AB|correlate|with|verbal,1,0,1,0,0,0.793457
carrier_pattern,bioinfer,drosophila | structural|AB|encode|of|verbal,1,1,0,1,0.206543,1
carrier_pattern,bioinfer,dynamics | structural|AB|influence|of|verbal,1,1,0,1,0.206543,1
carrier_pattern,bioinfer,effect | structural|AB|block|of|verbal,1,0,1,0,0,0.793457
carrier_pattern,bioinfer,effect | structural|AB|compensate|of|verbal,1,1,0,1,0.206543,1
carrier_pattern,bioinfer,effect | structural|AB|counteract|of|verbal,1,1,0,1,0.206543,1
carrier_pattern,bioinfer,effect | structural|AB|have|on|verbal,2,2,0,1,0.342372,1
carrier_pattern,bioinfer,effect | structural|AB|involve|in|verbal,1,1,0,1,0.206543,1
carrier_pattern,bioinfer,effect | structural|AB|overcome|of|verbal,1,1,0,1,0.206543,1
carrier_pattern,bioinfer,elongation | structural|AB|inhibit|of|verbal,2,2,0,1,0.342372,1
carrier_pattern,bioinfer,elution | structural|AB|recover|of|passive,1,0,1,0,0,0.793457
carrier_pattern,bioinfer,encode | structural|AA|heterotrimer|_|compound_state,1,0,1,0,0,0.793457
carrier_pattern,bioinfer,end | structural|AB|bind|to|verbal,1,1,0,1,0.206543,1
carrier_pattern,bioinfer,end | structural|AB|colocalize|with|verbal,1,1,0,1,0.206543,1
carrier_pattern,bioinfer,end | structural|AB|concentrate|of|passive,1,1,0,1,0.206543,1
carrier_pattern,bioinfer,end | structural|AB|have|on|verbal,1,1,0,1,0.206543,1
carrier_pattern,bioinfer,epistasis | structural|AB|belong|to|verbal,1,1,0,1,0.206543,1
carrier_pattern,bioinfer,epitope | structural|AB|react|of|verbal,1,1,0,1,0.206543,1
carrier_pattern,bioinfer,exchange | structural|AB|catalyze|_|passive,1,1,0,1,0.206543,1
carrier_pattern,bioinfer,exchange | structural|AB|enhance|of|verbal,1,1,0,1,0.206543,1
carrier_pattern,bioinfer,exon | structural|AB|fuse|of|passive,1,0,1,0,0,0.793457
carrier_pattern,bioinfer,explanation | structural|AB|provide|for|verbal,1,0,1,0,0,0.793457
carrier_pattern,bioinfer,expression | structural|AB|activate|_|verbal,1,1,0,1,0.206543,1
carrier_pattern,bioinfer,expression | structural|AB|alter|of|verbal,1,1,0,1,0.206543,1
carrier_pattern,bioinfer,expression | structural|AB|decrease|of|passive,1,0,1,0,0,0.793457
carrier_pattern,bioinfer,expression | structural|AB|display|of|verbal,1,0,1,0,0,0.793457
carrier_pattern,bioinfer,expression | structural|AB|express|of|verbal,1,0,1,0,0,0.793457
carrier_pattern,bioinfer,expression | structural|AB|occur|of|verbal,1,0,1,0,0,0.793457
carrier_pattern,bioinfer,expression | structural|AB|prevent|of|verbal,1,1,0,1,0.206543,1
carrier_pattern,bioinfer,expression | structural|AB|regulate|through|verbal,1,1,0,1,0.206543,1
carrier_pattern,bioinfer,expression | structural|AB|release|of|passive,1,0,1,0,0,0.793457
carrier_pattern,bioinfer,expression | structural|AB|stimulate|_|verbal,1,1,0,1,0.206543,1
carrier_pattern,bioinfer,extent | structural|AB|acetylate|with|passive,1,0,1,0,0,0.793457
carrier_pattern,bioinfer,extent | structural|AB|inhibit|of|verbal,1,1,0,1,0.206543,1
carrier_pattern,bioinfer,factor | structural|AB|cause|through|verbal,1,1,0,1,0.206543,1
carrier_pattern,bioinfer,factor | structural|AB|regulate|through|verbal,1,1,0,1,0.206543,1
carrier_pattern,bioinfer,family | structural|AB|belong|to|verbal,1,1,0,1,0.206543,1
carrier_pattern,bioinfer,family | structural|AB|contain|of|verbal,1,0,1,0,0,0.793457
carrier_pattern,bioinfer,family | structural|AB|define|of|verbal,1,1,0,1,0.206543,1
carrier_pattern,bioinfer,feature | structural|AB|share|with|verbal,1,1,0,1,0.206543,1
carrier_pattern,bioinfer,fiber | structural|AB|disrupt|_|verbal,1,1,0,1,0.206543,1
carrier_pattern,bioinfer,fibre | structural|AB|disrupt|_|verbal,1,1,0,1,0.206543,1
carrier_pattern,bioinfer,filament | structural|AB|bind|to|verbal,2,2,0,1,0.342372,1
carrier_pattern,bioinfer,filament | structural|AB|bundle|_|verbal,1,1,0,1,0.206543,1
carrier_pattern,bioinfer,filament | structural|AB|co-localize|with|passive,1,1,0,1,0.206543,1
carrier_pattern,bioinfer,filament | structural|AB|co-localize|with|verbal,1,1,0,1,0.206543,1
carrier_pattern,bioinfer,filament | structural|AB|cross-link|_|passive,1,1,0,1,0.206543,1
carrier_pattern,bioinfer,filament | structural|AB|cross-link|_|verbal,2,2,0,1,0.342372,1
carrier_pattern,bioinfer,filament | structural|AB|depolymerize|_|verbal,1,0,1,0,0,0.793457
carrier_pattern,bioinfer,filament | structural|AB|disassemble|_|verbal,1,1,0,1,0.206543,1
carrier_pattern,bioinfer,filament | structural|AB|incubate|with|passive,1,1,0,1,0.206543,1
carrier_pattern,bioinfer,filament | structural|AB|induce|_|passive,1,1,0,1,0.206543,1
carrier_pattern,bioinfer,filament | structural|AB|induce|on|verbal,1,1,0,1,0.206543,1
carrier_pattern,bioinfer,filament | structural|AB|protect|_|verbal,1,1,0,1,0.206543,1
carrier_pattern,bioinfer,filament | structural|AB|regulate|_|verbal,1,1,0,1,0.206543,1
carrier_pattern,bioinfer,filament | structural|AB|shorten|_|verbal,1,1,0,1,0.206543,1
carrier_pattern,bioinfer,fluorescence | structural|AB|make|_|verbal,1,0,1,0,0,0.793457
carrier_pattern,bioinfer,flux | structural|AB|control|of|passive,1,1,0,1,0.206543,1
carrier_pattern,bioinfer,focus | structural|AB|occur|within|verbal,1,0,1,0,0,0.793457
carrier_pattern,bioinfer,fold | structural|AB|resemble|of|verbal,1,1,0,1,0.206543,1
carrier_pattern,bioinfer,form | structural|AA|complex|_|compound_state,2,2,0,1,0.342372,1
carrier_pattern,bioinfer,form | structural|AB|relate|to|passive,1,1,0,1,0.206543,1
carrier_pattern,bioinfer,formation | structural|AB|induce|_|passive,1,1,0,1,0.206543,1
carrier_pattern,bioinfer,formation | structural|AB|phosphorylate|of|verbal,1,1,0,1,0.206543,1
carrier_pattern,bioinfer,formation | structural|AB|prevent|of|verbal,1,1,0,1,0.206543,1
carrier_pattern,bioinfer,fraction | structural|AB|reduce|of|verbal,1,1,0,1,0.206543,1
carrier_pattern,bioinfer,fragment | structural|AB|complex|with|nominalized,1,1,0,1,0.206543,1
carrier_pattern,bioinfer,function | structural|AB|account|of|passive,1,1,0,1,0.206543,1
carrier_pattern,bioinfer,function | structural|AB|regulate|of|verbal,1,1,0,1,0.206543,1
carrier_pattern,bioinfer,function | structural|AB|study|_|verbal,1,0,1,0,0,0.793457
carrier_pattern,bioinfer,gene | structural|AB|encode|_|passive,1,1,0,1,0.206543,1
carrier_pattern,bioinfer,gene | structural|AB|encode|_|verbal,3,2,1,0.666667,0.207655,0.93851
carrier_pattern,bioinfer,gene | structural|AB|encode|of|verbal,2,2,0,1,0.342372,1
carrier_pattern,bioinfer,gene | structural|AB|link|to|verbal,1,1,0,1,0.206543,1
carrier_pattern,bioinfer,gene | structural|AB|mediate|of|verbal,1,1,0,1,0.206543,1
carrier_pattern,bioinfer,gene | structural|AB|relate|to|verbal,2,2,0,1,0.342372,1
carrier_pattern,bioinfer,generation | structural|AB|allow|of|verbal,1,1,0,1,0.206543,1
carrier_pattern,bioinfer,generation | structural|AB|lead|of|verbal,1,0,1,0,0,0.793457
carrier_pattern,bioinfer,growth | structural|AB|maintain|of|verbal,1,1,0,1,0.206543,1
carrier_pattern,bioinfer,heterotrimer | structural|AA|heterotrimer|_|compound_state,1,1,0,1,0.206543,1
carrier_pattern,bioinfer,homologue | structural|AB|relate|to|verbal,2,2,0,1,0.342372,1
carrier_pattern,bioinfer,homology | structural|AB|function|to|verbal,1,1,0,1,0.206543,1
carrier_pattern,bioinfer,homology | structural|AB|stimulate|with|verbal,1,1,0,1,0.206543,1
carrier_pattern,bioinfer,hsv | structural|AB|form|_|verbal,1,1,0,1,0.206543,1
carrier_pattern,bioinfer,inactivation | structural|AB|occur|of|verbal,2,2,0,1,0.342372,1
carrier_pattern,bioinfer,increase | structural|AB|accompany|_|passive,1,1,0,1,0.206543,1
carrier_pattern,bioinfer,increase | structural|AB|bind|to|passive,1,1,0,1,0.206543,1
carrier_pattern,bioinfer,increase | structural|AB|contribute|of|verbal,1,1,0,1,0.206543,1
carrier_pattern,bioinfer,increase | structural|AB|involve|in|verbal,1,1,0,1,0.206543,1
carrier_pattern,bioinfer,increase | structural|AB|lead|in|verbal,2,2,0,1,0.342372,1
carrier_pattern,bioinfer,independent | structural|AA|complex|_|compound_state,1,1,0,1,0.206543,1
carrier_pattern,bioinfer,influence | structural|AB|contrast|with|verbal,1,0,1,0,0,0.793457
carrier_pattern,bioinfer,influence | structural|AB|have|on|verbal,2,2,0,1,0.342372,1
carrier_pattern,bioinfer,inhibition | structural|AB|express|of|verbal,1,1,0,1,0.206543,1
carrier_pattern,bioinfer,inhibition | structural|AB|induce|of|verbal,1,1,0,1,0.206543,1
carrier_pattern,bioinfer,inhibition | structural|AB|mediate|of|verbal,1,1,0,1,0.206543,1
carrier_pattern,bioinfer,injection | structural|AB|perturb|_|verbal,1,0,1,0,0,0.793457
carrier_pattern,bioinfer,interaction | structural|AB|control|of|verbal,1,1,0,1,0.206543,1
carrier_pattern,bioinfer,interaction | structural|AB|depend|of|verbal,1,1,0,1,0.206543,1
carrier_pattern,bioinfer,interaction | structural|AB|form|_|passive,1,1,0,1,0.206543,1
carrier_pattern,bioinfer,interaction | structural|AB|impair|with|verbal,1,1,0,1,0.206543,1
carrier_pattern,bioinfer,interaction | structural|AB|implicate|_|verbal,1,1,0,1,0.206543,1
carrier_pattern,bioinfer,interaction | structural|AB|mediate|with|verbal,1,0,1,0,0,0.793457
carrier_pattern,bioinfer,interaction | structural|AB|use|_|verbal,1,0,1,0,0,0.793457
carrier_pattern,bioinfer,introduction | structural|AB|cause|of|verbal,1,1,0,1,0.206543,1
carrier_pattern,bioinfer,involvement | structural|AB|require|of|verbal,1,1,0,1,0.206543,1
carrier_pattern,bioinfer,isoform | structural|AB|have|on|verbal,1,1,0,1,0.206543,1
carrier_pattern,bioinfer,kd | structural|AB|compare|for|verbal,1,1,0,1,0.206543,1
carrier_pattern,bioinfer,kda | relational|RELATIONAL|receptor|_|nominalized,1,1,0,1,0.206543,1
carrier_pattern,bioinfer,kinase | structural|AB|stimulate|of|passive,1,0,1,0,0,0.793457
carrier_pattern,bioinfer,labeling | structural|AB|reduce|for|verbal,1,1,0,1,0.206543,1
carrier_pattern,bioinfer,level | structural|AB|express|of|verbal,1,0,1,0,0,0.793457
carrier_pattern,bioinfer,link | structural|AB|provide|between|verbal,1,1,0,1,0.206543,1
carrier_pattern,bioinfer,localization | structural|AB|control|of|verbal,1,1,0,1,0.206543,1
carrier_pattern,bioinfer,localization | structural|AB|influence|of|verbal,1,1,0,1,0.206543,1
carrier_pattern,bioinfer,localization | structural|AB|lead|of|verbal,1,1,0,1,0.206543,1
carrier_pattern,bioinfer,locus | structural|AB|encode|of|verbal,1,1,0,1,0.206543,1
carrier_pattern,bioinfer,loss | structural|AB|induce|of|verbal,1,1,0,1,0.206543,1
carrier_pattern,bioinfer,loss | structural|AB|promote|of|verbal,1,1,0,1,0.206543,1
carrier_pattern,bioinfer,lysine | structural|AB|cross-link|of|passive,1,0,1,0,0,0.793457
carrier_pattern,bioinfer,maintenance | structural|AB|control|of|passive,1,1,0,1,0.206543,1
carrier_pattern,bioinfer,member | structural|AB|interact|of|nominalized,2,2,0,1,0.342372,1
carrier_pattern,bioinfer,microfilament | structural|AB|co-localize|with|verbal,1,1,0,1,0.206543,1
carrier_pattern,bioinfer,microfilament | structural|AB|link|_|verbal,1,1,0,1,0.206543,1
carrier_pattern,bioinfer,microfilament | structural|AB|perturb|_|verbal,1,0,1,0,0,0.793457
carrier_pattern,bioinfer,microinjection | structural|AB|promote|of|verbal,1,1,0,1,0.206543,1
carrier_pattern,bioinfer,minigenome | structural|AB|use|_|verbal,1,0,1,0,0,0.793457
carrier_pattern,bioinfer,mode | structural|AB|exhibit|of|verbal,1,1,0,1,0.206543,1
carrier_pattern,bioinfer,modification | structural|AB|counteract|of|verbal,1,1,0,1,0.206543,1
carrier_pattern,bioinfer,molecule | structural|AB|complex|with|passive,1,1,0,1,0.206543,1
carrier_pattern,bioinfer,molecule | structural|AB|examine|for|verbal,1,1,0,1,0.206543,1
carrier_pattern,bioinfer,molecule | structural|AB|link|to|verbal,1,1,0,1,0.206543,1
carrier_pattern,bioinfer,monomer | structural|AB|bind|_|verbal,1,0,1,0,0,0.793457
carrier_pattern,bioinfer,monomer | structural|AB|bind|to|passive,1,1,0,1,0.206543,1
carrier_pattern,bioinfer,monomer | structural|AB|bind|to|verbal,3,3,0,1,0.438494,1
carrier_pattern,bioinfer,monomer | structural|AB|interact|with|verbal,1,1,0,1,0.206543,1
carrier_pattern,bioinfer,monomer | structural|AB|sequester|_|verbal,2,2,0,1,0.342372,1
carrier_pattern,bioinfer,monomer | structural|AB|supply|_|verbal,1,1,0,1,0.206543,1
carrier_pattern,bioinfer,monomer-binding | structural|AB|enhance|on|verbal,1,1,0,1,0.206543,1
carrier_pattern,bioinfer,monomer-binding | structural|AB|influence|of|verbal,1,1,0,1,0.206543,1
carrier_pattern,bioinfer,most | structural|AB|bind|to|passive,1,1,0,1,0.206543,1
carrier_pattern,bioinfer,most | structural|AB|link|such|verbal,1,1,0,1,0.206543,1
carrier_pattern,bioinfer,multidomain | relational|RELATIONAL|partner|_|nominalized,1,1,0,1,0.206543,1
carrier_pattern,bioinfer,mutant | structural|AB|abolish|for|verbal,1,1,0,1,0.206543,1
carrier_pattern,bioinfer,mutation | structural|AB|cause|in|verbal,1,1,0,1,0.206543,1
carrier_pattern,bioinfer,mutation | structural|AB|impair|with|verbal,1,1,0,1,0.206543,1
carrier_pattern,bioinfer,notion | structural|AB|support|of|verbal,1,1,0,1,0.206543,1
carrier_pattern,bioinfer,nucleation | structural|AB|induce|_|verbal,1,1,0,1,0.206543,1
carrier_pattern,bioinfer,nucleation | structural|AB|inhibit|_|verbal,1,1,0,1,0.206543,1
carrier_pattern,bioinfer,nucleation | structural|AB|stimulate|with|verbal,1,1,0,1,0.206543,1
carrier_pattern,bioinfer,observation | structural|AB|contrast|with|verbal,1,0,1,0,0,0.793457
carrier_pattern,bioinfer,one | structural|AB|bind|to|verbal,1,1,0,1,0.206543,1
carrier_pattern,bioinfer,organization | structural|AB|have|in|verbal,1,1,0,1,0.206543,1
carrier_pattern,bioinfer,organization | structural|AB|require|of|passive,1,1,0,1,0.206543,1
carrier_pattern,bioinfer,overexpression | structural|AB|alter|of|passive,1,1,0,1,0.206543,1
carrier_pattern,bioinfer,overexpression | structural|AB|induce|_|passive,2,2,0,1,0.342372,1
carrier_pattern,bioinfer,overexpression | structural|AB|stimulate|of|verbal,1,1,0,1,0.206543,1
carrier_pattern,bioinfer,overproduction | structural|AB|compensate|of|verbal,1,1,0,1,0.206543,1
carrier_pattern,bioinfer,patch | structural|AB|localize|to|verbal,1,1,0,1,0.206543,1
carrier_pattern,bioinfer,pathway | structural|AB|constitute|of|verbal,1,1,0,1,0.206543,1
carrier_pattern,bioinfer,phosphorylation | structural|AB|achieve|of|passive,1,1,0,1,0.206543,1
carrier_pattern,bioinfer,phosphorylation | structural|AB|contribute|of|verbal,1,1,0,1,0.206543,1
carrier_pattern,bioinfer,phosphorylation | structural|AB|dynamics|of|verbal,1,1,0,1,0.206543,1
carrier_pattern,bioinfer,phosphorylation | structural|AB|inactivate|_|verbal,1,1,0,1,0.206543,1
carrier_pattern,bioinfer,phosphorylation | structural|AB|lead|of|verbal,1,1,0,1,0.206543,1
carrier_pattern,bioinfer,phosphorylation | structural|AB|occur|within|verbal,1,0,1,0,0,0.793457
carrier_pattern,bioinfer,polymerization | structural|AB|control|_|verbal,1,1,0,1,0.206543,1
carrier_pattern,bioinfer,polymerization | structural|AB|counteract|of|verbal,1,1,0,1,0.206543,1
carrier_pattern,bioinfer,polymerization | structural|AB|inhibit|_|verbal,1,1,0,1,0.206543,1
carrier_pattern,bioinfer,polymerization | structural|AB|link|in|verbal,1,1,0,1,0.206543,1
carrier_pattern,bioinfer,polymerization | structural|AB|promote|_|verbal,1,1,0,1,0.206543,1
carrier_pattern,bioinfer,polymerization | structural|AB|promote|of|verbal,1,1,0,1,0.206543,1
carrier_pattern,bioinfer,polymerization | structural|AB|regulate|_|passive,1,1,0,1,0.206543,1
carrier_pattern,bioinfer,polymerization | structural|AB|regulate|_|verbal,1,1,0,1,0.206543,1
carrier_pattern,bioinfer,polymerization | structural|AB|suppress|_|verbal,1,1,0,1,0.206543,1
carrier_pattern,bioinfer,polypeptide | structural|AB|disrupt|_|verbal,1,1,0,1,0.206543,1
carrier_pattern,bioinfer,pool | structural|AB|complex|with|passive,1,1,0,1,0.206543,1
carrier_pattern,bioinfer,pool | structural|AB|form|of|verbal,1,1,0,1,0.206543,1
carrier_pattern,bioinfer,pool | structural|AB|promote|of|verbal,1,0,1,0,0,0.793457
carrier_pattern,bioinfer,portion | structural|AB|co-localize|with|verbal,1,1,0,1,0.206543,1
carrier_pattern,bioinfer,possibility | structural|AB|suggest|of|verbal,1,0,1,0,0,0.793457
carrier_pattern,bioinfer,presence | structural|AB|suggest|of|verbal,1,0,1,0,0,0.793457
carrier_pattern,bioinfer,processing | structural|AB|occur|of|verbal,1,0,1,0,0,0.793457
carrier_pattern,bioinfer,product | structural|AB|compose|of|passive,2,2,0,1,0.342372,1
carrier_pattern,bioinfer,product | structural|AB|consist|of|verbal,1,1,0,1,0.206543,1
carrier_pattern,bioinfer,promoter | structural|AB|acetylate|from|passive,1,0,1,0,0,0.793457
carrier_pattern,bioinfer,promoter | structural|AB|stimulate|_|verbal,1,1,0,1,0.206543,1
carrier_pattern,bioinfer,property | structural|AB|affect|of|verbal,1,1,0,1,0.206543,1
carrier_pattern,bioinfer,property | structural|AB|regulate|of|verbal,1,1,0,1,0.206543,1
carrier_pattern,bioinfer,protein | structural|AA|interact|_|nominalized,5,5,0,1,0.565509,1
carrier_pattern,bioinfer,protein | structural|AB|bind|to|passive,1,1,0,1,0.206543,1
carrier_pattern,bioinfer,protein | structural|AB|bind|to|verbal,2,2,0,1,0.342372,1
carrier_pattern,bioinfer,protein | structural|AB|complex|with|nominalized,1,1,0,1,0.206543,1
carrier_pattern,bioinfer,protein | structural|AB|encode|_|verbal,1,1,0,1,0.206543,1
carrier_pattern,bioinfer,protein | structural|AB|influence|of|verbal,1,1,0,1,0.206543,1
carrier_pattern,bioinfer,protein | structural|AB|interact|_|nominalized,1,1,0,1,0.206543,1
carrier_pattern,bioinfer,protein | structural|AB|link|to|passive,1,1,0,1,0.206543,1
carrier_pattern,bioinfer,protein | structural|AB|recognize|_|verbal,1,1,0,1,0.206543,1
carrier_pattern,bioinfer,protein | structural|AB|regulate|_|verbal,1,1,0,1,0.206543,1
carrier_pattern,bioinfer,protein | structural|AB|relate|to|passive,1,1,0,1,0.206543,1
carrier_pattern,bioinfer,protein | structural|AB|require|for|passive,1,1,0,1,0.206543,1
carrier_pattern,bioinfer,protein | structural|AB|stimulate|_|verbal,1,0,1,0,0,0.793457
carrier_pattern,bioinfer,proteins | structural|AA|interact|_|nominalized,2,2,0,1,0.342372,1
carrier_pattern,bioinfer,proteins | structural|AA|interact|_|verbal,3,3,0,1,0.438494,1
carrier_pattern,bioinfer,proteins | structural|AB|associate|with|passive,1,1,0,1,0.206543,1
carrier_pattern,bioinfer,proteins | structural|AB|bind|to|verbal,2,2,0,1,0.342372,1
carrier_pattern,bioinfer,proteins | structural|AB|contain|_|verbal,1,0,1,0,0,0.793457
carrier_pattern,bioinfer,proteins | structural|AB|copurify|with|verbal,1,0,1,0,0,0.793457
carrier_pattern,bioinfer,proteins | structural|AB|influence|of|verbal,1,1,0,1,0.206543,1
carrier_pattern,bioinfer,proteins | structural|AB|interact|_|nominalized,5,5,0,1,0.565509,1
carrier_pattern,bioinfer,proteins | structural|AB|interact|with|verbal,1,1,0,1,0.206543,1
carrier_pattern,bioinfer,proteins | structural|AB|link|such|verbal,1,1,0,1,0.206543,1
carrier_pattern,bioinfer,proteins | structural|AB|make|_|verbal,1,0,1,0,0,0.793457
carrier_pattern,bioinfer,proteins | structural|AB|mediate|with|verbal,1,0,1,0,0,0.793457
carrier_pattern,bioinfer,proteins | structural|AB|phosphorylate|_|verbal,1,1,0,1,0.206543,1
carrier_pattern,bioinfer,proteins | structural|AB|promote|_|verbal,1,1,0,1,0.206543,1
carrier_pattern,bioinfer,proteins | structural|AB|relate|to|passive,1,1,0,1,0.206543,1
carrier_pattern,bioinfer,proteins | structural|AB|transport|with|passive,1,1,0,1,0.206543,1
carrier_pattern,bioinfer,proteolysis | structural|AB|exhibit|of|verbal,1,0,1,0,0,0.793457
carrier_pattern,bioinfer,proximity | structural|AB|provide|for|verbal,1,0,1,0,0,0.793457
carrier_pattern,bioinfer,pull-down | structural|AB|localize|in|verbal,1,0,1,0,0,0.793457
carrier_pattern,bioinfer,pull-down | structural|AB|perform|with|passive,1,0,1,0,0,0.793457
carrier_pattern,bioinfer,quantity | structural|AB|account|from|verbal,1,1,0,1,0.206543,1
carrier_pattern,bioinfer,quantity | structural|AB|release|from|passive,1,1,0,1,0.206543,1
carrier_pattern,bioinfer,receptor | relational|RELATIONAL|receptor|_|nominalized,1,1,0,1,0.206543,1
carrier_pattern,bioinfer,receptor | structural|AB|recruit|_|verbal,1,0,1,0,0,0.793457
carrier_pattern,bioinfer,reduction | structural|AB|measure|in|verbal,1,0,1,0,0,0.793457
carrier_pattern,bioinfer,region | structural|AB|bind|of|verbal,1,1,0,1,0.206543,1
carrier_pattern,bioinfer,region | structural|AB|bring|_|verbal,1,1,0,1,0.206543,1
carrier_pattern,bioinfer,region | structural|AB|form|with|verbal,1,1,0,1,0.206543,1
carrier_pattern,bioinfer,region | structural|AB|implicate|in|verbal,1,0,1,0,0,0.793457
carrier_pattern,bioinfer,region | structural|AB|induce|_|verbal,1,1,0,1,0.206543,1
carrier_pattern,bioinfer,region | structural|AB|interact|of|verbal,1,0,1,0,0,0.793457
carrier_pattern,bioinfer,region | structural|AB|link|of|passive,1,1,0,1,0.206543,1
carrier_pattern,bioinfer,regulation | structural|AB|dynamics|of|verbal,1,1,0,1,0.206543,1
carrier_pattern,bioinfer,regulator | relational|RELATIONAL|regulator|_|nominalized,2,2,0,1,0.342372,1
carrier_pattern,bioinfer,regulator | structural|AB|associate|of|verbal,1,0,1,0,0,0.793457
carrier_pattern,bioinfer,relative | structural|AB|bind|to|verbal,1,1,0,1,0.206543,1
carrier_pattern,bioinfer,relocalization | structural|AB|promote|of|verbal,1,1,0,1,0.206543,1
carrier_pattern,bioinfer,reorganization | structural|AB|contribute|of|verbal,1,1,0,1,0.206543,1
carrier_pattern,bioinfer,reorganization | structural|AB|correlate|of|verbal,1,1,0,1,0.206543,1
carrier_pattern,bioinfer,reorganization | structural|AB|induce|_|verbal,1,1,0,1,0.206543,1
carrier_pattern,bioinfer,reorganization | structural|AB|regulate|_|verbal,1,1,0,1,0.206543,1
carrier_pattern,bioinfer,reorganization | structural|AB|regulate|of|verbal,1,1,0,1,0.206543,1
carrier_pattern,bioinfer,reorganization | structural|AB|require|for|passive,1,1,0,1,0.206543,1
carrier_pattern,bioinfer,repeat | structural|AB|bind|of|verbal,1,1,0,1,0.206543,1
carrier_pattern,bioinfer,repeat | structural|AB|bind|to|verbal,1,1,0,1,0.206543,1
carrier_pattern,bioinfer,repression | structural|AB|lead|of|verbal,1,1,0,1,0.206543,1
carrier_pattern,bioinfer,ribbon | structural|AB|comprise|_|verbal,1,0,1,0,0,0.793457
carrier_pattern,bioinfer,ribbon | structural|AB|hold|_|passive,1,0,1,0,0,0.793457
carrier_pattern,bioinfer,ribbon | structural|AB|wedge|in|passive,1,0,1,0,0,0.793457
carrier_pattern,bioinfer,rickettsii | structural|AB|contain|_|verbal,1,0,1,0,0,0.793457
carrier_pattern,bioinfer,role | structural|AB|elucidate|of|verbal,1,1,0,1,0.206543,1
carrier_pattern,bioinfer,role | structural|AB|investigate|of|verbal,1,0,1,0,0,0.793457
carrier_pattern,bioinfer,role | structural|AB|play|in|verbal,1,1,0,1,0.206543,1
carrier_pattern,bioinfer,segment | structural|AB|cross-link|of|passive,1,1,0,1,0.206543,1
carrier_pattern,bioinfer,sensitivity | structural|AB|suppress|of|verbal,1,1,0,1,0.206543,1
carrier_pattern,bioinfer,sequence | structural|AB|contain|of|verbal,1,0,1,0,0,0.793457
carrier_pattern,bioinfer,sequence | structural|AB|relate|to|passive,1,1,0,1,0.206543,1
carrier_pattern,bioinfer,sequence | structural|AB|share|with|verbal,1,1,0,1,0.206543,1
carrier_pattern,bioinfer,shift | structural|AB|account|from|verbal,1,1,0,1,0.206543,1
carrier_pattern,bioinfer,signal | structural|AB|mediate|_|passive,1,0,1,0,0,0.793457
carrier_pattern,bioinfer,signaling | structural|AB|inhibit|_|verbal,1,1,0,1,0.206543,1
carrier_pattern,bioinfer,site | structural|AB|cross-link|of|passive,1,1,0,1,0.206543,1
carrier_pattern,bioinfer,site | structural|AB|localize|in|verbal,1,0,1,0,0,0.793457
carrier_pattern,bioinfer,site | structural|AB|regulate|through|verbal,1,1,0,1,0.206543,1
carrier_pattern,bioinfer,site | structural|AB|target|of|verbal,1,0,1,0,0,0.793457
carrier_pattern,bioinfer,slow | structural|AB|cause|of|verbal,1,1,0,1,0.206543,1
carrier_pattern,bioinfer,status | structural|AB|depend|of|verbal,1,1,0,1,0.206543,1
carrier_pattern,bioinfer,stimulation | structural|AB|interact|with|nominalized,1,1,0,1,0.206543,1
carrier_pattern,bioinfer,stimulation | structural|AB|lead|in|verbal,1,1,0,1,0.206543,1
carrier_pattern,bioinfer,stimulation | structural|AB|lead|of|verbal,1,0,1,0,0,0.793457
carrier_pattern,bioinfer,stimulation | structural|AB|mediate|of|verbal,1,1,0,1,0.206543,1
carrier_pattern,bioinfer,stimulation | structural|AB|recruit|_|verbal,1,1,0,1,0.206543,1
carrier_pattern,bioinfer,structure | structural|AB|differ|of|verbal,1,1,0,1,0.206543,1
carrier_pattern,bioinfer,structure | structural|AB|resemble|of|verbal,1,1,0,1,0.206543,1
carrier_pattern,bioinfer,structure | structural|AB|stabilize|_|passive,1,1,0,1,0.206543,1
carrier_pattern,bioinfer,substrate | structural|AB|encode|_|verbal,1,0,1,0,0,0.793457
carrier_pattern,bioinfer,substrate | structural|AB|prefer|over|passive,1,0,1,0,0,0.793457
carrier_pattern,bioinfer,subunit | structural|AB|cross-link|of|passive,1,1,0,1,0.206543,1
carrier_pattern,bioinfer,subunit | structural|AB|wedge|in|passive,1,0,1,0,0,0.793457
carrier_pattern,bioinfer,suppression | structural|AB|require|to|verbal,1,1,0,1,0.206543,1
carrier_pattern,bioinfer,synergy | structural|AB|control|_|verbal,1,1,0,1,0.206543,1
carrier_pattern,bioinfer,synthesis | structural|AB|stimulate|_|verbal,1,1,0,1,0.206543,1
carrier_pattern,bioinfer,target | relational|RELATIONAL|target|_|nominalized,3,3,0,1,0.438494,1
carrier_pattern,bioinfer,that | structural|AB|differ|of|verbal,1,1,0,1,0.206543,1
carrier_pattern,bioinfer,transactivation | structural|AB|drive|_|passive,1,0,1,0,0,0.793457
carrier_pattern,bioinfer,translocation | structural|AB|decrease|of|passive,1,0,1,0,0,0.793457
carrier_pattern,bioinfer,treatment | structural|AB|reduce|of|verbal,1,0,1,0,0,0.793457
carrier_pattern,bioinfer,truncate | structural|AB|inhibit|_|verbal,1,1,0,1,0.206543,1
carrier_pattern,hprd50,ability | structural|AB|degrade|_|verbal,1,1,0,1,0.206543,1
carrier_pattern,hprd50,ability | structural|AB|suggest|for|verbal,1,0,1,0,0,0.793457
carrier_pattern,hprd50,activation | structural|AB|lead|of|verbal,1,1,0,1,0.206543,1
carrier_pattern,hprd50,activity | structural|AB|interact|with|verbal,1,0,1,0,0,0.793457
carrier_pattern,hprd50,activity | structural|AB|regulate|_|verbal,1,1,0,1,0.206543,1
carrier_pattern,hprd50,adapter | structural|AB|interact|with|verbal,1,1,0,1,0.206543,1
carrier_pattern,hprd50,antibody | structural|AB|immunoprecipitate|to|passive,1,1,0,1,0.206543,1
carrier_pattern,hprd50,antibody | structural|AB|inhibit|_|passive,1,0,1,0,0,0.793457
carrier_pattern,hprd50,arf-gef | structural|AB|regulate|with|verbal,1,1,0,1,0.206543,1
carrier_pattern,hprd50,assay | structural|AB|assess|between|passive,1,0,1,0,0,0.793457
carrier_pattern,hprd50,beta-domain | structural|AB|associate|of|verbal,1,1,0,1,0.206543,1
carrier_pattern,hprd50,binding | structural|AB|bind|by|nominalized,1,0,1,0,0,0.793457
carrier_pattern,hprd50,binding | structural|AB|support|to|verbal,1,1,0,1,0.206543,1
carrier_pattern,hprd50,blockade | structural|AB|cause|of|verbal,1,1,0,1,0.206543,1
carrier_pattern,hprd50,chain | structural|AB|produce|_|verbal,1,0,1,0,0,0.793457
carrier_pattern,hprd50,checkpoint | structural|AB|require|_|verbal,1,1,0,1,0.206543,1
carrier_pattern,hprd50,complex | structural|AA|complex|_|compound_state,2,1,1,0.5,0.0945287,0.905471
carrier_pattern,hprd50,complex | structural|AB|associate|with|passive,1,1,0,1,0.206543,1
carrier_pattern,hprd50,complex | structural|AB|interact|with|verbal,1,1,0,1,0.206543,1
carrier_pattern,hprd50,component | structural|AB|interact|of|verbal,1,1,0,1,0.206543,1
carrier_pattern,hprd50,degradation | structural|AB|cause|of|verbal,1,1,0,1,0.206543,1
carrier_pattern,hprd50,degradation | structural|AB|promote|of|verbal,1,1,0,1,0.206543,1
carrier_pattern,hprd50,dimer | structural|AB|form|of|verbal,1,0,1,0,0,0.793457
carrier_pattern,hprd50,dimer | structural|AB|immunoprecipitate|to|passive,1,1,0,1,0.206543,1
carrier_pattern,hprd50,docking | structural|AB|provide|for|verbal,1,1,0,1,0.206543,1
carrier_pattern,hprd50,domain | structural|AB|contain|at|verbal,1,0,1,0,0,0.793457
carrier_pattern,hprd50,expression | structural|AB|induce|of|verbal,1,1,0,1,0.206543,1
carrier_pattern,hprd50,expression | structural|AB|lead|in|verbal,1,1,0,1,0.206543,1
carrier_pattern,hprd50,factor | structural|AB|interact|with|verbal,1,1,0,1,0.206543,1
carrier_pattern,hprd50,family | structural|AB|relate|to|passive,1,0,1,0,0,0.793457
carrier_pattern,hprd50,function | structural|AB|depend|with|verbal,1,1,0,1,0.206543,1
carrier_pattern,hprd50,gene | structural|AB|produce|_|verbal,1,0,1,0,0,0.793457
carrier_pattern,hprd50,glutamine | structural|AB|cross-link|such|verbal,1,0,1,0,0,0.793457
carrier_pattern,hprd50,glycoform | structural|AB|bind|of|verbal,1,1,0,1,0.206543,1
carrier_pattern,hprd50,implication | structural|AB|have|for|verbal,1,0,1,0,0,0.793457
carrier_pattern,hprd50,interaction | structural|AB|activate|_|verbal,1,1,0,1,0.206543,1
carrier_pattern,hprd50,interaction | structural|AB|assess|between|passive,1,0,1,0,0,0.793457
carrier_pattern,hprd50,interaction | structural|AB|depend|with|verbal,1,1,0,1,0.206543,1
carrier_pattern,hprd50,interaction | structural|AB|lead|of|verbal,1,1,0,1,0.206543,1
carrier_pattern,hprd50,isolate | structural|AB|interact|with|verbal,1,1,0,1,0.206543,1
carrier_pattern,hprd50,kinase | structural|AB|activate|during|passive,1,1,0,1,0.206543,1
carrier_pattern,hprd50,kinase | structural|AB|associate|with|passive,1,1,0,1,0.206543,1
carrier_pattern,hprd50,localization | structural|AB|regulate|of|verbal,1,1,0,1,0.206543,1
carrier_pattern,hprd50,mab | structural|AB|coprecipitate|with|passive,1,0,1,0,0,0.793457
carrier_pattern,hprd50,mab | structural|AB|immunoprecipitate|_|passive,1,1,0,1,0.206543,1
carrier_pattern,hprd50,mcp | structural|AB|contact|_|verbal,1,1,0,1,0.206543,1
carrier_pattern,hprd50,mechanism | structural|AB|suggest|for|verbal,1,0,1,0,0,0.793457
carrier_pattern,hprd50,mema | structural|AB|interact|with|verbal,1,1,0,1,0.206543,1
carrier_pattern,hprd50,member | structural|AB|interact|of|verbal,1,1,0,1,0.206543,1
carrier_pattern,hprd50,mutant | structural|AB|coimmunoprecipitate|with|verbal,1,1,0,1,0.206543,1
carrier_pattern,hprd50,n-terminus | structural|AB|bind|_|verbal,1,1,0,1,0.206543,1
carrier_pattern,hprd50,overexpression | structural|AB|promote|of|verbal,1,1,0,1,0.206543,1
carrier_pattern,hprd50,phosphatase | structural|AB|associate|with|verbal,1,1,0,1,0.206543,1
carrier_pattern,hprd50,phosphorylation | structural|AB|regulate|of|verbal,2,2,0,1,0.342372,1
carrier_pattern,hprd50,phosphorylation | structural|AB|require|_|verbal,1,1,0,1,0.206543,1
carrier_pattern,hprd50,protein | structural|AB|regulate|of|verbal,1,1,0,1,0.206543,1
carrier_pattern,hprd50,proteins | structural|AB|cross-link|such|verbal,1,0,1,0,0,0.793457
carrier_pattern,hprd50,proteins | structural|AB|form|with|verbal,1,1,0,1,0.206543,1
carrier_pattern,hprd50,proteins | structural|AB|interact|with|verbal,2,1,1,0.5,0.0945287,0.905471
carrier_pattern,hprd50,reduction | structural|AB|lead|in|verbal,1,1,0,1,0.206543,1
carrier_pattern,hprd50,self-association | structural|AB|form|of|verbal,1,0,1,0,0,0.793457
carrier_pattern,hprd50,sire | structural|AB|mediate|of|verbal,1,0,1,0,0,0.793457
carrier_pattern,hprd50,stimulation | structural|AB|activate|during|passive,1,1,0,1,0.206543,1
carrier_pattern,hprd50,substrate | relational|RELATIONAL|substrate|_|nominalized,1,1,0,1,0.206543,1
carrier_pattern,hprd50,transcription | structural|AB|mediate|of|verbal,1,0,1,0,0,0.793457
carrier_pattern,hprd50,variety | structural|AA|cross-link|_|passive,1,1,0,1,0.206543,1
carrier_pattern,hprd50,variety | structural|AB|interact|of|verbal,1,1,0,1,0.206543,1
carrier_pattern,iepa,3- | structural|AB|relate|in|passive,1,1,0,1,0.206543,1
carrier_pattern,iepa,accumulation | structural|AB|increase|of|verbal,1,1,0,1,0.206543,1
carrier_pattern,iepa,accumulation | structural|AB|provoke|of|verbal,1,1,0,1,0.206543,1
carrier_pattern,iepa,accumulation | structural|AB|stimulate|_|verbal,1,1,0,1,0.206543,1
carrier_pattern,iepa,accumulation | structural|AB|stimulate|of|verbal,1,1,0,1,0.206543,1
carrier_pattern,iepa,acetylcholine | structural|AB|potentiate|_|verbal,1,1,0,1,0.206543,1
carrier_pattern,iepa,acid | structural|AB|link|to|verbal,1,1,0,1,0.206543,1
carrier_pattern,iepa,action | structural|AB|involve|of|verbal,1,1,0,1,0.206543,1
carrier_pattern,iepa,action | structural|AB|modulate|of|verbal,1,1,0,1,0.206543,1
carrier_pattern,iepa,action | structural|AB|stimulate|of|verbal,1,1,0,1,0.206543,1
carrier_pattern,iepa,activation | structural|AB|dissociate|from|passive,1,0,1,0,0,0.793457
carrier_pattern,iepa,activation | structural|AB|involve|of|verbal,1,1,0,1,0.206543,1
carrier_pattern,iepa,activation | structural|AB|mediate|from|passive,1,1,0,1,0.206543,1
carrier_pattern,iepa,activation | structural|AB|prevent|of|verbal,1,0,1,0,0,0.793457
carrier_pattern,iepa,activation | structural|AB|require|of|verbal,1,1,0,1,0.206543,1
carrier_pattern,iepa,activation | structural|AB|stimulate|through|verbal,1,1,0,1,0.206543,1
carrier_pattern,iepa,activity | structural|AB|decrease|of|verbal,1,1,0,1,0.206543,1
carrier_pattern,iepa,activity | structural|AB|increase|_|verbal,1,1,0,1,0.206543,1
carrier_pattern,iepa,activity | structural|AB|modulate|of|verbal,1,1,0,1,0.206543,1
carrier_pattern,iepa,activity | structural|AB|stimulate|of|passive,1,1,0,1,0.206543,1
carrier_pattern,iepa,addition | structural|AB|increase|_|verbal,1,1,0,1,0.206543,1
carrier_pattern,iepa,administration | structural|AB|accompany|_|passive,1,1,0,1,0.206543,1
carrier_pattern,iepa,administration | structural|AB|stimulate|_|verbal,1,1,0,1,0.206543,1
carrier_pattern,iepa,aggregate | structural|AA|aggregate|_|compound_state,1,0,1,0,0,0.793457
carrier_pattern,iepa,agonist | structural|AB|increase|of|passive,1,0,1,0,0,0.793457
carrier_pattern,iepa,alpha | structural|AB|interact|of|verbal,1,1,0,1,0.206543,1
carrier_pattern,iepa,amount | structural|AB|reduce|of|verbal,1,1,0,1,0.206543,1
carrier_pattern,iepa,antagonist | structural|AB|increase|_|verbal,1,0,1,0,0,0.793457
carrier_pattern,iepa,application | structural|AB|increase|of|passive,1,1,0,1,0.206543,1
carrier_pattern,iepa,association | structural|AB|suggest|for|verbal,1,0,1,0,0,0.793457
carrier_pattern,iepa,bat | structural|AB|determine|of|verbal,1,0,1,0,0,0.793457
carrier_pattern,iepa,beta | structural|AB|activate|of|verbal,1,1,0,1,0.206543,1
carrier_pattern,iepa,blood | structural|AB|take|of|passive,1,0,1,0,0,0.793457
carrier_pattern,iepa,change | structural|AB|induce|in|verbal,1,1,0,1,0.206543,1
carrier_pattern,iepa,change | structural|AB|produce|in|verbal,1,1,0,1,0.206543,1
carrier_pattern,iepa,combination | structural|AB|increase|_|verbal,1,1,0,1,0.206543,1
carrier_pattern,iepa,component | structural|AB|prevent|of|verbal,1,0,1,0,0,0.793457
carrier_pattern,iepa,concentration | structural|AB|adjust|for|passive,1,0,1,0,0,0.793457
carrier_pattern,iepa,concentration | structural|AB|correlate|with|passive,2,2,0,1,0.342372,1
carrier_pattern,iepa,constituent | structural|AB|cause|such|verbal,1,0,1,0,0,0.793457
carrier_pattern,iepa,decrease | structural|AB|associate|in|passive,1,1,0,1,0.206543,1
carrier_pattern,iepa,decrease | structural|AB|prevent|in|verbal,1,1,0,1,0.206543,1
carrier_pattern,iepa,difference | structural|AB|suggest|in|verbal,2,0,2,0,0,0.657628
carrier_pattern,iepa,distribution | structural|AB|overlap|of|verbal,1,1,0,1,0.206543,1
carrier_pattern,iepa,dose | structural|AB|provoke|of|verbal,1,1,0,1,0.206543,1
carrier_pattern,iepa,effect | structural|AB|compare|of|verbal,2,0,2,0,0,0.657628
carrier_pattern,iepa,effect | structural|AB|determine|of|verbal,1,0,1,0,0,0.793457
carrier_pattern,iepa,effect | structural|AB|exert|on|verbal,1,1,0,1,0.206543,1
carrier_pattern,iepa,effect | structural|AB|explore|of|verbal,1,0,1,0,0,0.793457
carrier_pattern,iepa,effect | structural|AB|have|on|verbal,1,1,0,1,0.206543,1
carrier_pattern,iepa,effect | structural|AB|mediate|of|passive,1,1,0,1,0.206543,1
carrier_pattern,iepa,effect | structural|AB|mimic|of|verbal,2,0,2,0,0,0.657628
carrier_pattern,iepa,effect | structural|AB|release|from|verbal,1,1,0,1,0.206543,1
carrier_pattern,iepa,effect | structural|AB|study|of|verbal,1,0,1,0,0,0.793457
carrier_pattern,iepa,effect | structural|AB|understand|of|verbal,1,1,0,1,0.206543,1
carrier_pattern,iepa,elevation | structural|AB|relate|in|passive,1,1,0,1,0.206543,1
carrier_pattern,iepa,expression | structural|AB|code|for|verbal,1,0,1,0,0,0.793457
carrier_pattern,iepa,expression | structural|AB|correlate|with|verbal,1,1,0,1,0.206543,1
carrier_pattern,iepa,expression | structural|AB|decrease|_|verbal,2,2,0,1,0.342372,1
carrier_pattern,iepa,expression | structural|AB|favor|of|verbal,3,3,0,1,0.438494,1
carrier_pattern,iepa,expression | structural|AB|increase|_|verbal,2,2,0,1,0.342372,1
carrier_pattern,iepa,expression | structural|AB|increase|of|verbal,2,2,0,1,0.342372,1
carrier_pattern,iepa,expression | structural|AB|regulate|of|verbal,1,1,0,1,0.206543,1
carrier_pattern,iepa,expression | structural|AB|upregulate|of|verbal,1,1,0,1,0.206543,1
carrier_pattern,iepa,factor | structural|AB|encode|_|verbal,1,0,1,0,0,0.793457
carrier_pattern,iepa,formation | structural|AB|increase|of|verbal,1,1,0,1,0.206543,1
carrier_pattern,iepa,formation | structural|AB|induce|of|verbal,1,1,0,1,0.206543,1
carrier_pattern,iepa,formation | structural|AB|stimulate|_|verbal,1,1,0,1,0.206543,1
carrier_pattern,iepa,fragment | structural|AB|have|on|verbal,1,1,0,1,0.206543,1
carrier_pattern,iepa,gene | structural|AB|be|of|verbal,1,1,0,1,0.206543,1
carrier_pattern,iepa,gene | structural|AB|induce|_|passive,1,1,0,1,0.206543,1
carrier_pattern,iepa,gene | structural|AB|upregulate|by|passive,1,1,0,1,0.206543,1
carrier_pattern,iepa,generation | structural|AB|stimulate|of|verbal,1,1,0,1,0.206543,1
carrier_pattern,iepa,heat | structural|AB|double|_|passive,1,0,1,0,0,0.793457
carrier_pattern,iepa,hesperidin | structural|AB|lower|_|verbal,1,1,0,1,0.206543,1
carrier_pattern,iepa,hydrolysis | structural|AB|inhibit|_|verbal,1,1,0,1,0.206543,1
carrier_pattern,iepa,hypersecretion | structural|AB|prevent|of|verbal,1,0,1,0,0,0.793457
carrier_pattern,iepa,i.c.v. | structural|AB|decrease|_|verbal,1,1,0,1,0.206543,1
carrier_pattern,iepa,i.v. | structural|AB|favor|of|verbal,1,1,0,1,0.206543,1
carrier_pattern,iepa,icv | structural|AB|prevent|in|verbal,1,1,0,1,0.206543,1
carrier_pattern,iepa,immunoassay | structural|AB|use|from|verbal,1,0,1,0,0,0.793457
carrier_pattern,iepa,infusion | structural|AB|diminish|_|verbal,1,1,0,1,0.206543,1
carrier_pattern,iepa,infusion | structural|AB|favor|of|verbal,1,1,0,1,0.206543,1
carrier_pattern,iepa,inhibitor | structural|AB|assess|of|verbal,1,0,1,0,0,0.793457
carrier_pattern,iepa,inhibitor | structural|AB|determine|of|verbal,1,0,1,0,0,0.793457
carrier_pattern,iepa,inhibitor | structural|AB|prevent|of|verbal,1,0,1,0,0,0.793457
carrier_pattern,iepa,injection | structural|AB|cause|of|verbal,1,1,0,1,0.206543,1
carrier_pattern,iepa,injection | structural|AB|influence|of|verbal,1,1,0,1,0.206543,1
carrier_pattern,iepa,injection | structural|AB|stimulate|_|verbal,1,1,0,1,0.206543,1
carrier_pattern,iepa,injection | structural|AB|take|of|passive,1,0,1,0,0,0.793457
carrier_pattern,iepa,intake | structural|AB|adjust|for|passive,1,0,1,0,0,0.793457
carrier_pattern,iepa,intake | structural|AB|correlate|with|passive,1,1,0,1,0.206543,1
carrier_pattern,iepa,interaction | structural|AB|release|from|verbal,1,1,0,1,0.206543,1
carrier_pattern,iepa,involvement | structural|AB|assess|of|verbal,1,0,1,0,0,0.793457
carrier_pattern,iepa,ip | structural|AB|account|from|verbal,1,1,0,1,0.206543,1
carrier_pattern,iepa,isoform | structural|AB|aggregate|to|verbal,2,0,2,0,0,0.657628
carrier_pattern,iepa,kinase | structural|AB|stimulate|of|verbal,1,1,0,1,0.206543,1
carrier_pattern,iepa,level | structural|AB|decrease|_|verbal,1,1,0,1,0.206543,1
carrier_pattern,iepa,level | structural|AB|diminish|_|verbal,1,1,0,1,0.206543,1
carrier_pattern,iepa,level | structural|AB|increase|_|verbal,2,1,1,0.5,0.0945287,0.905471
carrier_pattern,iepa,level | structural|AB|increase|of|passive,1,1,0,1,0.206543,1
carrier_pattern,iepa,level | structural|AB|increase|with|passive,1,1,0,1,0.206543,1
carrier_pattern,iepa,level | structural|AB|influence|of|verbal,1,1,0,1,0.206543,1
carrier_pattern,iepa,level | structural|AB|link|to|verbal,1,1,0,1,0.206543,1
carrier_pattern,iepa,level | structural|AB|lower|_|verbal,1,1,0,1,0.206543,1
carrier_pattern,iepa,level | structural|AB|regulate|_|passive,1,1,0,1,0.206543,1
carrier_pattern,iepa,luteinization | structural|AB|be|of|verbal,1,1,0,1,0.206543,1
carrier_pattern,iepa,maintenance | structural|AB|accompany|_|passive,1,1,0,1,0.206543,1
carrier_pattern,iepa,mechanism | structural|AB|maintain|_|verbal,1,1,0,1,0.206543,1
carrier_pattern,iepa,mechanism | structural|AB|understand|of|verbal,1,1,0,1,0.206543,1
carrier_pattern,iepa,mrna | structural|AB|associate|in|passive,1,1,0,1,0.206543,1
carrier_pattern,iepa,mrna | structural|AB|correlate|with|verbal,1,1,0,1,0.206543,1
carrier_pattern,iepa,mrna | structural|AB|increase|_|verbal,1,1,0,1,0.206543,1
carrier_pattern,iepa,mrna | structural|AB|regulate|_|passive,1,1,0,1,0.206543,1
carrier_pattern,iepa,neuromediator | structural|AB|stimulate|of|passive,1,1,0,1,0.206543,1
carrier_pattern,iepa,overexpression | structural|AB|increase|_|verbal,1,1,0,1,0.206543,1
carrier_pattern,iepa,pathway | structural|AB|activate|_|verbal,1,1,0,1,0.206543,1
carrier_pattern,iepa,pathway | structural|AB|regulate|in|passive,1,1,0,1,0.206543,1
carrier_pattern,iepa,phosphorylation | structural|AB|increase|of|passive,1,1,0,1,0.206543,1
carrier_pattern,iepa,potency | structural|AB|raise|_|verbal,1,1,0,1,0.206543,1
carrier_pattern,iepa,potential | structural|AB|modulate|of|verbal,1,1,0,1,0.206543,1
carrier_pattern,iepa,processing | structural|AB|up-regulate|of|passive,1,1,0,1,0.206543,1
carrier_pattern,iepa,production | structural|AB|induce|_|verbal,1,1,0,1,0.206543,1
carrier_pattern,iepa,production | structural|AB|reduce|_|verbal,1,1,0,1,0.206543,1
carrier_pattern,iepa,production | structural|AB|regulate|in|passive,1,1,0,1,0.206543,1
carrier_pattern,iepa,production | structural|AB|stimulate|_|verbal,1,1,0,1,0.206543,1
carrier_pattern,iepa,production | structural|AB|treat|with|verbal,1,1,0,1,0.206543,1
carrier_pattern,iepa,promoter | structural|AB|induce|of|passive,1,1,0,1,0.206543,1
carrier_pattern,iepa,receptor | structural|AB|generate|_|verbal,1,1,0,1,0.206543,1
carrier_pattern,iepa,recovery | structural|AB|increase|of|passive,1,0,1,0,0,0.793457
carrier_pattern,iepa,redistribution | structural|AB|occur|to|verbal,1,1,0,1,0.206543,1
carrier_pattern,iepa,release | structural|AB|enhance|of|verbal,1,1,0,1,0.206543,1
carrier_pattern,iepa,release | structural|AB|increase|_|verbal,1,1,0,1,0.206543,1
carrier_pattern,iepa,release | structural|AB|inhibit|_|verbal,1,1,0,1,0.206543,1
carrier_pattern,iepa,release | structural|AB|stimulate|_|verbal,1,1,0,1,0.206543,1
carrier_pattern,iepa,response | structural|AB|evaluate|during|passive,1,0,1,0,0,0.793457
carrier_pattern,iepa,response | structural|AB|induce|_|passive,1,1,0,1,0.206543,1
carrier_pattern,iepa,response | structural|AB|measure|with|passive,1,0,1,0,0,0.793457
carrier_pattern,iepa,restriction | structural|AB|regulate|_|passive,1,1,0,1,0.206543,1
carrier_pattern,iepa,rise | structural|AB|cause|in|verbal,1,1,0,1,0.206543,1
carrier_pattern,iepa,rise | structural|AB|cause|of|verbal,1,1,0,1,0.206543,1
carrier_pattern,iepa,role | structural|AB|explore|of|verbal,1,0,1,0,0,0.793457
carrier_pattern,iepa,role | structural|AB|suggest|for|verbal,1,0,1,0,0,0.793457
carrier_pattern,iepa,second-messenger | structural|AB|yield|_|verbal,1,1,0,1,0.206543,1
carrier_pattern,iepa,secretion | structural|AB|alter|of|verbal,1,1,0,1,0.206543,1
carrier_pattern,iepa,secretion | structural|AB|dissociate|from|passive,1,0,1,0,0,0.793457
carrier_pattern,iepa,secretion | structural|AB|evoke|_|verbal,1,1,0,1,0.206543,1
carrier_pattern,iepa,secretion | structural|AB|influence|of|verbal,2,2,0,1,0.342372,1
carrier_pattern,iepa,secretion | structural|AB|inhibit|_|verbal,1,1,0,1,0.206543,1
carrier_pattern,iepa,secretion | structural|AB|measure|with|passive,1,0,1,0,0,0.793457
carrier_pattern,iepa,secretion | structural|AB|mediate|from|passive,1,1,0,1,0.206543,1
carrier_pattern,iepa,secretion | structural|AB|potentiate|_|verbal,1,1,0,1,0.206543,1
carrier_pattern,iepa,secretion | structural|AB|regulate|in|passive,1,1,0,1,0.206543,1
carrier_pattern,iepa,sensitivity | structural|AB|increase|of|passive,1,0,1,0,0,0.793457
carrier_pattern,iepa,shift | structural|AB|lead|of|verbal,1,0,1,0,0,0.793457
carrier_pattern,iepa,significance | structural|AB|determine|of|verbal,1,0,1,0,0,0.793457
carrier_pattern,iepa,stimulation | structural|AB|increase|of|passive,1,0,1,0,0,0.793457
carrier_pattern,iepa,stimulation | structural|AB|require|of|verbal,1,1,0,1,0.206543,1
carrier_pattern,iepa,stimulation | structural|AB|upregulate|by|passive,1,1,0,1,0.206543,1
carrier_pattern,iepa,suppression | structural|AB|act|of|verbal,1,1,0,1,0.206543,1
carrier_pattern,iepa,synthesis | structural|AB|stimulate|_|verbal,2,2,0,1,0.342372,1
carrier_pattern,iepa,test | structural|AB|evaluate|during|passive,1,0,1,0,0,0.793457
carrier_pattern,iepa,that | structural|AB|increase|of|verbal,1,1,0,1,0.206543,1
carrier_pattern,iepa,that | structural|AB|overlap|of|verbal,1,1,0,1,0.206543,1
carrier_pattern,iepa,translocation | structural|AB|cause|of|verbal,1,1,0,1,0.206543,1
carrier_pattern,iepa,treatment | structural|AB|increase|after|passive,1,1,0,1,0.206543,1
carrier_pattern,iepa,treatment | structural|AB|increase|with|passive,1,1,0,1,0.206543,1
carrier_pattern,iepa,treatment | structural|AB|reduce|of|verbal,1,1,0,1,0.206543,1
carrier_pattern,iepa,underexpression | structural|AB|account|from|verbal,1,1,0,1,0.206543,1
carrier_pattern,lll,abc | structural|AB|include|with|verbal,1,1,0,1,0.206543,1
carrier_pattern,lll,acid | structural|AB|include|with|verbal,1,1,0,1,0.206543,1
carrier_pattern,lll,action | structural|AB|activate|of|passive,1,1,0,1,0.206543,1
carrier_pattern,lll,action | structural|AB|result|of|verbal,1,1,0,1,0.206543,1
carrier_pattern,lll,activation | structural|AB|require|of|verbal,1,1,0,1,0.206543,1
carrier_pattern,lll,activator | relational|RELATIONAL|activator|_|nominalized,1,1,0,1,0.206543,1
carrier_pattern,lll,activity | structural|AB|inhibit|_|verbal,2,2,0,1,0.342372,1
carrier_pattern,lll,activity | structural|AB|regulate|of|verbal,1,1,0,1,0.206543,1
carrier_pattern,lll,activity | structural|AB|require|of|verbal,1,1,0,1,0.206543,1
carrier_pattern,lll,antisigma | structural|AB|inhibit|_|verbal,1,1,0,1,0.206543,1
carrier_pattern,lll,binding | structural|AB|include|with|verbal,1,1,0,1,0.206543,1
carrier_pattern,lll,binding | structural|AB|require|_|verbal,1,1,0,1,0.206543,1
carrier_pattern,lll,bromoperoxidase | structural|AB|include|with|verbal,1,1,0,1,0.206543,1
carrier_pattern,lll,concentration | structural|AB|activate|_|verbal,1,1,0,1,0.206543,1
carrier_pattern,lll,epoxide | structural|AB|include|with|verbal,1,1,0,1,0.206543,1
carrier_pattern,lll,expression | structural|AB|contribute|of|verbal,1,1,0,1,0.206543,1
carrier_pattern,lll,expression | structural|AB|control|by|passive,1,1,0,1,0.206543,1
carrier_pattern,lll,expression | structural|AB|depend|of|verbal,1,1,0,1,0.206543,1
carrier_pattern,lll,expression | structural|AB|depend|on|verbal,1,1,0,1,0.206543,1
carrier_pattern,lll,expression | structural|AB|drive|of|verbal,1,1,0,1,0.206543,1
carrier_pattern,lll,expression | structural|AB|regulate|_|verbal,1,1,0,1,0.206543,1
carrier_pattern,lll,expression | structural|AB|regulate|of|passive,1,1,0,1,0.206543,1
carrier_pattern,lll,expression | structural|AB|require|for|verbal,1,1,0,1,0.206543,1
carrier_pattern,lll,extent | structural|AB|control|by|passive,1,0,1,0,0,0.793457
carrier_pattern,lll,factor | structural|AB|activate|of|passive,1,1,0,1,0.206543,1
carrier_pattern,lll,factor | structural|AB|control|_|passive,1,1,0,1,0.206543,1
carrier_pattern,lll,factor | structural|AB|control|by|passive,1,1,0,1,0.206543,1
carrier_pattern,lll,factor | structural|AB|drive|of|passive,1,1,0,1,0.206543,1
carrier_pattern,lll,factor | structural|AB|inhibit|_|verbal,1,1,0,1,0.206543,1
carrier_pattern,lll,factor | structural|AB|inhibit|of|verbal,1,1,0,1,0.206543,1
carrier_pattern,lll,factor | structural|AB|recognize|_|passive,2,2,0,1,0.342372,1
carrier_pattern,lll,factor | structural|AB|regulate|of|passive,1,1,0,1,0.206543,1
carrier_pattern,lll,gene | structural|AB|belong|of|verbal,1,1,0,1,0.206543,1
carrier_pattern,lll,gene | structural|AB|recognize|_|passive,1,1,0,1,0.206543,1
carrier_pattern,lll,gene | structural|AB|regulate|of|verbal,1,1,0,1,0.206543,1
carrier_pattern,lll,gene | structural|AB|require|for|verbal,1,1,0,1,0.206543,1
carrier_pattern,lll,gene | structural|AB|transcribe|_|passive,2,2,0,1,0.342372,1
carrier_pattern,lll,level | structural|AB|activate|_|verbal,1,1,0,1,0.206543,1
carrier_pattern,lll,level | structural|AB|activate|of|verbal,1,1,0,1,0.206543,1
carrier_pattern,lll,level | structural|AB|depend|on|verbal,1,1,0,1,0.206543,1
carrier_pattern,lll,level | structural|AB|repress|_|verbal,1,1,0,1,0.206543,1
carrier_pattern,lll,number | structural|AB|belong|of|verbal,1,1,0,1,0.206543,1
carrier_pattern,lll,operon | structural|AB|recognize|_|passive,1,1,0,1,0.206543,1
carrier_pattern,lll,pattern | structural|AB|result|of|verbal,1,1,0,1,0.206543,1
carrier_pattern,lll,phosphatase | structural|AB|activate|_|verbal,1,1,0,1,0.206543,1
carrier_pattern,lll,phosphatase | structural|AB|dephosphorylate|_|verbal,1,1,0,1,0.206543,1
carrier_pattern,lll,polymerase | structural|AB|transcribe|_|passive,2,2,0,1,0.342372,1
carrier_pattern,lll,presence | structural|AB|depend|of|verbal,1,1,0,1,0.206543,1
carrier_pattern,lll,production | structural|AB|affect|_|verbal,1,1,0,1,0.206543,1
carrier_pattern,lll,production | structural|AB|increase|of|verbal,1,1,0,1,0.206543,1
carrier_pattern,lll,production | structural|AB|limit|of|verbal,1,1,0,1,0.206543,1
carrier_pattern,lll,promoter | structural|AB|drive|of|verbal,1,1,0,1,0.206543,1
carrier_pattern,lll,promoter | structural|AB|precede|_|verbal,2,2,0,1,0.342372,1
carrier_pattern,lll,promoter | structural|AB|prevent|from|verbal,1,0,1,0,0,0.793457
carrier_pattern,lll,protein | structural|AB|activate|of|passive,1,1,0,1,0.206543,1
carrier_pattern,lll,protein | structural|AB|dephosphorylate|_|verbal,1,1,0,1,0.206543,1
carrier_pattern,lll,protein | structural|AB|inhibit|of|verbal,1,1,0,1,0.206543,1
carrier_pattern,lll,protein | structural|AB|prevent|from|verbal,1,0,1,0,0,0.793457
carrier_pattern,lll,regulon | structural|AB|include|with|verbal,1,1,0,1,0.206543,1
carrier_pattern,lll,site | structural|AB|bind|in|verbal,1,1,0,1,0.206543,1
carrier_pattern,lll,site | structural|AB|bind|on|verbal,1,1,0,1,0.206543,1
carrier_pattern,lll,transcription | structural|AB|activate|_|verbal,2,2,0,1,0.342372,1
carrier_pattern,lll,transcription | structural|AB|activate|of|passive,1,1,0,1,0.206543,1
carrier_pattern,lll,transcription | structural|AB|activate|of|verbal,2,2,0,1,0.342372,1
carrier_pattern,lll,transcription | structural|AB|control|of|verbal,1,1,0,1,0.206543,1
carrier_pattern,lll,transcription | structural|AB|drive|of|passive,1,1,0,1,0.206543,1
carrier_pattern,lll,transcription | structural|AB|inhibit|of|verbal,1,1,0,1,0.206543,1
carrier_pattern,lll,transcription | structural|AB|prevent|of|verbal,1,1,0,1,0.206543,1
carrier_pattern,lll,transcription | structural|AB|repress|_|verbal,2,2,0,1,0.342372,1
carrier_pattern,lll,transcription | structural|AB|repress|of|verbal,1,1,0,1,0.206543,1
carrier_pattern,lll,transcription | structural|AB|require|_|verbal,1,1,0,1,0.206543,1
carrier_pattern,lll,transcription | structural|AB|stimulate|of|verbal,1,1,0,1,0.206543,1
pair_stage,aimed,argument_not_bound,269,269,0,1,0.98592,1
pair_stage,aimed,assertion_suppressed,53,2,51,0.0377358,0.0104101,0.127545
pair_stage,aimed,emitted,560,560,0,1,0.993187,1
pair_stage,aimed,emitted_gold_disagreement,645,0,645,0,0,0.00592071
pair_stage,aimed,event_not_found,34,34,0,1,0.898482,1
pair_stage,aimed,pair_not_proposed,960,95,865,0.0989583,0.0816374,0.119476
pair_stage,aimed,proposal_not_applied,81,7,74,0.0864198,0.042492,0.167801
pair_stage,aimed,relational_review_only,380,24,356,0.0631579,0.0428056,0.0922543
pair_stage,bioinfer,argument_not_bound,827,827,0,1,0.995376,1
pair_stage,bioinfer,assertion_suppressed,84,41,43,0.488095,0.384082,0.59315
pair_stage,bioinfer,emitted,760,760,0,1,0.994971,1
pair_stage,bioinfer,emitted_gold_disagreement,319,0,319,0,0,0.0118993
pair_stage,bioinfer,event_not_found,215,215,0,1,0.982446,1
pair_stage,bioinfer,pair_not_proposed,2980,534,2446,0.179195,0.16584,0.193375
pair_stage,bioinfer,proposal_not_applied,67,40,27,0.597015,0.477411,0.706097
pair_stage,bioinfer,relational_review_only,345,117,228,0.33913,0.29119,0.390614
pair_stage,hprd50,argument_not_bound,47,47,0,1,0.92444,1
pair_stage,hprd50,assertion_suppressed,3,0,3,0,0,0.561506
pair_stage,hprd50,emitted,88,88,0,1,0.958171,1
pair_stage,hprd50,emitted_gold_disagreement,35,0,35,0,0,0.0989043
pair_stage,hprd50,event_not_found,6,6,0,1,0.609657,1
pair_stage,hprd50,pair_not_proposed,87,16,71,0.183908,0.116494,0.278057
pair_stage,hprd50,proposal_not_applied,7,1,6,0.142857,0.025679,0.513135
pair_stage,hprd50,relational_review_only,25,5,20,0.2,0.0886045,0.391313
pair_stage,iepa,argument_not_bound,111,111,0,1,0.966549,1
pair_stage,iepa,assertion_suppressed,19,6,13,0.315789,0.153642,0.5399
pair_stage,iepa,emitted,117,117,0,1,0.96821,1
pair_stage,iepa,emitted_gold_disagreement,34,0,34,0,0,0.101518
pair_stage,iepa,event_not_found,42,42,0,1,0.916198,1
pair_stage,iepa,pair_not_proposed,131,40,91,0.305344,0.232955,0.388823
pair_stage,iepa,proposal_not_applied,16,15,1,0.9375,0.716707,0.988881
pair_stage,iepa,relational_review_only,6,4,2,0.666667,0.299988,0.903231
pair_stage,lll,argument_not_bound,57,57,0,1,0.936859,1
pair_stage,lll,assertion_suppressed,2,2,0,1,0.342372,1
pair_stage,lll,emitted,66,66,0,1,0.944996,1
pair_stage,lll,emitted_gold_disagreement,4,0,4,0,0,0.4899
pair_stage,lll,event_not_found,13,13,0,1,0.771898,1
pair_stage,lll,pair_not_proposed,54,19,35,0.351852,0.238228,0.485154
pair_stage,lll,proposal_not_applied,2,2,0,1,0.342372,1
pair_stage,lll,relational_review_only,8,5,3,0.625,0.305738,0.863158
